-- phpMyAdmin SQL Dump
-- version 5.0.2
-- https://www.phpmyadmin.net/
--
-- Host: 127.0.0.1
-- Generation Time: Jan 26, 2022 at 04:27 AM
-- Server version: 10.4.14-MariaDB
-- PHP Version: 7.4.10

SET SQL_MODE = "NO_AUTO_VALUE_ON_ZERO";
START TRANSACTION;
SET time_zone = "+00:00";


/*!40101 SET @OLD_CHARACTER_SET_CLIENT=@@CHARACTER_SET_CLIENT */;
/*!40101 SET @OLD_CHARACTER_SET_RESULTS=@@CHARACTER_SET_RESULTS */;
/*!40101 SET @OLD_COLLATION_CONNECTION=@@COLLATION_CONNECTION */;
/*!40101 SET NAMES utf8mb4 */;

--
-- Database: `erpdb`
--

DELIMITER $$
--
-- Procedures
--
CREATE DEFINER=`root`@`%` PROCEDURE `proc_get_equipment_borrowing_approve` (IN `id` BIGINT(255))  BEGIN
DECLARE returnItemID INT DEFAULT NULL;

INSERT INTO  ims_return_item_tbl(employeeID, equipmentBorrowingID,	equipmentBorrowingCode, inventoryValidationID, inventoryValidationCode, materialRequestID, materialRequestCode, projectCode, projectName, projectCategory,clientCode, clientName, clientAddress, returnItemStatus, recordID, dateNeeded) 
SELECT 
		employeeID, 				equipmentBorrowingID, 		equipmentBorrowingCode, inventoryValidationID,
        inventoryValidationCode,	materialRequestID, 			materialRequestCode, 	projectCode, 			
        projectName,				projectCategory, 			clientCode, 			clientName, 			
        clientAddress,				returnItemStatus,		'1' AS recordID,			dateNeeded
FROM	
(
SELECT 
		employeeID, 				equipmentBorrowingID, 	equipmentBorrowingCode,		inventoryValidationID, 
		inventoryValidationCode,	materialRequestID, 	 	materialRequestCode,		projectCode,
		projectName, 				projectCategory,		clientCode,					clientName,
        clientAddress,	 			'0' AS returnItemStatus, dateNeeded		
FROM ims_equipment_borrowing_tbl 
WHERE materialWithdrawalID =id AND equipmentBorrowingStatus = 9 
)w;

SET returnItemID  = LAST_INSERT_ID();

INSERT INTO ims_inventory_request_details_tbl(returnItemID, recordID, itemID, itemCode, Brand, itemName, classificationName, categoryName, quantity, borrowedDate, uom)	
SELECT returnItemID, recordID, itemID, itemCode, Brand, itemName, classificationName, categoryName, quantity, borrowedDate, uom
FROM 
(
	SELECT 		'1' AS recordID, 				assetID AS itemID,
				assetCode AS itemCode, 			brand AS Brand, 
				assetName AS itemName, 			classificationName AS classificationName,
				categoryName AS categoryName, 	uom AS uom,
				quantity AS quantity,			stockOutDate as borrowedDate
				
	FROM ims_stock_in_assets_tbl AS ri
	LEFT JOIN ims_equipment_borrowing_tbl AS po ON ri.equipmentBorrowingID = po.equipmentBorrowingID
	WHERE po.materialWithdrawalID = id AND equipmentBorrowingStatus = 9 
)i;

END$$

CREATE DEFINER=`root`@`%` PROCEDURE `proc_get_material_withdrawal_approve` (IN `id` BIGINT(255))  BEGIN
DECLARE materialUsageID  INT DEFAULT NULL;

INSERT INTO  ims_material_usage_tbl(employeeID, materialWithdrawalID,	materialWithdrawalCode, inventoryValidationID, inventoryValidationCode, materialRequestID, materialRequestCode, projectCode, projectName, projectCategory,clientCode, clientName, clientAddress, materialUsageDate, materialUsageStatus, recordID) 
SELECT 
		employeeID, 				materialWithdrawalID, 		materialWithdrawalCode, inventoryValidationID,
        inventoryValidationCode,	materialRequestID, 			materialRequestCode, 	projectCode, 			
        projectName,				projectCategory, 			clientCode, 			clientName, 			
        clientAddress,				materialUsageDate,			materialUsageStatus,		'0' AS recordID
FROM	
(
SELECT 
		employeeID, 				mw.materialWithdrawalID, 	materialWithdrawalCode,		mw.inventoryValidationID, 
		mw.inventoryValidationCode,	mw.materialRequestID, 	 	materialRequestCode,		projectCode,
		projectName, 				projectCategory,			clientCode,					clientName,
        clientAddress,	 			dateNeeded AS materialUsageDate,					'O' AS materialUsageStatus		
FROM ims_material_withdrawal_tbl AS mw
LEFT JOIN ims_material_withdrawal_item_tbl AS mwi ON mw.materialWithdrawalID = mwi.materialWithdrawalID
WHERE mwi.materialWithdrawalID = id AND inventoryItemStatus = 9 
GROUP BY mw.materialWithdrawalID
)w GROUP BY materialWithdrawalID;

 SET materialUsageID  = LAST_INSERT_ID();
 


INSERT INTO ims_inventory_request_details_tbl(materialUsageID, recordID, itemID, itemCode, Brand, itemName, classificationName, categoryName, quantity, uom)	
SELECT materialUsageID , recordID, itemID, itemCode, Brand, itemName, classificationName, categoryName, quantity, uom
FROM 
(
	SELECT '0' AS recordID, 				itemID,
			itemCode, 						itemBrandName AS Brand, 
			itemName, 						itemClassification AS classificationName,
			itemCategory AS categoryName, 	itemUom AS uom, 
			SUM(stockOut) AS quantity
	FROM ims_material_withdrawal_item_tbl AS ri
	LEFT JOIN ims_material_withdrawal_tbl AS po ON ri.materialWithdrawalID = po.materialWithdrawalID
	WHERE po.materialWithdrawalID = id AND ri.withdrawalItemStatus = 1 GROUP BY ri.itemID
)i;
END$$

CREATE DEFINER=`root`@`%` PROCEDURE `proc_get_purchase_order_approve` (IN `id` BIGINT(255))  BEGIN
DECLARE inventoryReceivingID INT DEFAULT NULL;

INSERT INTO  ims_inventory_receiving_tbl(employeeID, purchaseOrderID,purchaseOrderCode, timelineBuilderID, projectCode, projectName, projectCategory, clientCode,clientName, clientAddress,inventoryReceivingStatus, recordID) 
SELECT 
		employeeID, 		purchaseOrderID, 			purchaseOrderCode,
		timelineBuilderID, 	projectCode,	 			projectName,
		projectCategory, 	clientCode, 				clientName, 
		clientAddress,		inventoryReceivingStatus,   recordID
FROM
(
SELECT 
		employeeID, 		po.purchaseOrderID, purchaseOrderCode,	timelineBuilderID, 
		projectCode,		projectName, 	 projectCategory,	clientCode,
		clientName, 		clientAddress,	 'O' AS inventoryReceivingStatus,
		CASE  WHEN iri.purchaseOrderID  IS NOT NULL THEN 0
        ELSE 1 END  recordID
FROM ims_purchase_order_tbl AS po
LEFT JOIN ims_request_items_tbl AS  iri ON po.purchaseOrderID = iri.purchaseOrderID
LEFT JOIN ims_request_assets_tbl AS ira ON po.purchaseOrderID = ira.purchaseOrderID
WHERE po.purchaseOrderID =id AND purchaseOrderStatus = 2
)w GROUP BY purchaseOrderID;

 SET inventoryReceivingID = LAST_INSERT_ID();
 


INSERT INTO ims_inventory_request_details_tbl(inventoryReceivingID, recordID, itemID, itemCode, Brand, itemName, classificationName, categoryName, quantity, uom)	
SELECT inventoryReceivingID, recordID, itemID, itemCode, Brand, itemName, classificationName, categoryName, quantity, uom
FROM 
(
	SELECT '0' AS recordID, 				itemID,
			itemCode, 						itemBrandName AS Brand, 
			itemName, 						itemClassification AS classificationName,
			itemCategory AS categoryName, 	itemUom AS uom, 
            forPurchase AS quantity
	FROM ims_request_items_tbl AS ri
	LEFT JOIN ims_purchase_order_tbl AS po ON ri.purchaseOrderID = po.purchaseOrderID
	WHERE po.purchaseOrderID = id AND purchaseOrderStatus = 2
	UNION ALL
	SELECT '1' AS recordID, 				assetID AS itemID, 
			assetCode AS itemCode, 			assetBrandName AS Brand, 
			assetName AS itemName,			assetClassification AS classificationName,
			assetCategory AS categoryName,	assetUom AS uom,
            forPurchase AS quantity
	FROM ims_request_assets_tbl AS ra
	LEFT JOIN ims_purchase_order_tbl AS po ON ra.purchaseOrderID = po.purchaseOrderID
	WHERE ra.purchaseOrderID = id AND purchaseOrderStatus = 2
)a; 

END$$

CREATE DEFINER=`root`@`%` PROCEDURE `proc_get_receiving_report_remaining` (IN `id` BIGINT(255))  BEGIN
DECLARE inventoryReceivingID INT DEFAULT NULL;

 INSERT INTO  ims_inventory_receiving_tbl(employeeID, purchaseOrderID,purchaseOrderCode, timelineBuilderID, projectCode, projectName, projectCategory, clientCode,clientName, clientAddress,inventoryReceivingStatus, recordID) 
 SELECT employeeID, 		purchaseOrderID, 			purchaseOrderCode,
		timelineBuilderID, 	projectCode,	 			projectName,
		projectCategory, 	clientCode, 				clientName, 
		clientAddress,		inventoryReceivingStatus,   recordID
FROM 
(
 SELECT
		employeeID, 		purchaseOrderID, 			purchaseOrderCode,
		timelineBuilderID, 	projectCode,	 			projectName,
		projectCategory, 	clientCode, 				clientName, 
		clientAddress,		0 AS inventoryReceivingStatus,   iir.recordID
FROM ims_inventory_receiving_tbl AS iir 
LEFT JOIN ims_inventory_request_details_tbl AS iird ON iir.inventoryReceivingID = iird.inventoryReceivingID
WHERE iir.inventoryReceivingID=id AND inventoryReceivingStatus = 2 AND iird.remainingQuantity <>0.00
)w GROUP BY purchaseOrderID;
 
SET inventoryReceivingID = LAST_INSERT_ID();
 
INSERT INTO ims_inventory_request_details_tbl(inventoryReceivingID, recordID, itemID, itemCode, Brand, itemName, classificationName, quantity, uom)	
SELECT inventoryReceivingID, recordID, itemID, itemCode, Brand, itemName, classificationName,  quantity, uom
FROM 
(
	SELECT iir.recordID, itemID, itemCode, Brand, itemName, classificationName, remainingQuantity AS quantity, uom
	FROM ims_inventory_request_details_tbl AS iird
	LEFT JOIN ims_inventory_receiving_tbl AS iir ON iird.inventoryReceivingID = iir.inventoryReceivingID
	WHERE iird.inventoryReceivingID=id AND inventoryReceivingStatus = 2 AND remainingQuantity <>0.00
	GROUP BY iird.itemID
)i;
END$$

CREATE DEFINER=`root`@`%` PROCEDURE `proc_update_bid_po_items` (IN `iBidRecapID` BIGINT(21), IN `iInventoryVendorID` BIGINT(21), IN `documentStatus` INT(11))  BEGIN
	DECLARE itemStatus INT(11) DEFAULT 0;
    DECLARE primaryKey BIGINT(21);
    
    IF (documentStatus <> 3 AND documentStatus <> 4) THEN
		SET itemStatus = 1;
    ELSE 
		SET itemStatus = 0;
    END IF;

	IF (iBidRecapID <> 0 AND iInventoryVendorID <> 0) THEN
		SELECT bidPoID INTO primaryKey FROM ims_bid_po_tbl WHERE bidRecapID = iBidRecapID AND inventoryVendorID = iInventoryVendorID;
		UPDATE ims_bid_po_tbl SET bidPoStatus = itemStatus WHERE bidPoID = primaryKey;
    END IF;
END$$

DELIMITER ;

-- --------------------------------------------------------

--
-- Table structure for table `fms_bank_tbl`
--

CREATE TABLE `fms_bank_tbl` (
  `bankID` bigint(20) NOT NULL,
  `bankCode` varchar(255) NOT NULL,
  `bankName` varchar(255) NOT NULL,
  `bankNumber` varchar(255) NOT NULL,
  `bankStatus` int(50) NOT NULL,
  `datecreated` date NOT NULL DEFAULT current_timestamp(),
  `createdBy` bigint(20) NOT NULL,
  `updatedBy` bigint(20) NOT NULL,
  `createdAt` timestamp NOT NULL DEFAULT current_timestamp(),
  `updatedAt` timestamp NOT NULL DEFAULT current_timestamp() ON UPDATE current_timestamp()
) ENGINE=InnoDB DEFAULT CHARSET=utf8mb4;

--
-- Dumping data for table `fms_bank_tbl`
--

INSERT INTO `fms_bank_tbl` (`bankID`, `bankCode`, `bankName`, `bankNumber`, `bankStatus`, `datecreated`, `createdBy`, `updatedBy`, `createdAt`, `updatedAt`) VALUES
(1, 'BNK-21-00001', 'BDO', '0000-0000-000', 1, '2021-04-14', 1, 1, '2021-04-14 06:05:32', '2021-04-22 00:24:24'),
(2, 'BNK-21-00002', 'UCPB', '00-0000-000-0', 1, '2021-04-14', 1, 1, '2021-04-14 06:06:35', '2021-04-22 00:25:11'),
(3, 'BNK-21-00003', 'BPI', '000-00-000-0', 1, '2021-04-14', 1, 1, '2021-04-14 06:07:03', '2021-04-22 00:25:24'),
(4, 'BNK-21-00004', 'RCBC', '0000-000-00', 1, '2021-04-14', 1, 1, '2021-04-14 06:07:30', '2021-04-22 00:25:37'),
(5, 'BNK-21-00005', 'SECURITY BANK	', '0000-000-000', 1, '2021-04-14', 1, 1, '2021-04-14 06:31:53', '2021-04-22 00:25:48'),
(6, 'BNK-21-00006', 'LBP', '0000-0000-0000', 1, '2021-04-21', 1, 1, '2021-04-21 02:27:57', '0000-00-00 00:00:00'),
(7, 'BNK-21-00007', 'PNB', '0000 0000 0000', 0, '2021-04-28', 1, 1, '2021-04-28 07:05:38', '2021-05-26 08:09:59');

-- --------------------------------------------------------

--
-- Table structure for table `fms_billing_items_tbl`
--

CREATE TABLE `fms_billing_items_tbl` (
  `billingItemID` bigint(21) NOT NULL,
  `billingID` bigint(21) NOT NULL,
  `activity` text COLLATE utf8mb4_unicode_ci DEFAULT NULL,
  `quantity` decimal(15,2) DEFAULT NULL,
  `amount` decimal(15,2) DEFAULT NULL,
  `vatType` varchar(100) COLLATE utf8mb4_unicode_ci DEFAULT NULL,
  `vatAmount` decimal(15,2) DEFAULT NULL,
  `totalAmount` decimal(15,2) DEFAULT NULL,
  `grandTotalAmount` decimal(15,2) DEFAULT NULL,
  `pendingAmount` decimal(15,2) DEFAULT NULL,
  `createdBy` bigint(21) DEFAULT NULL,
  `updatedBy` bigint(21) DEFAULT NULL,
  `createdAt` timestamp NULL DEFAULT current_timestamp(),
  `updatedAt` timestamp NULL DEFAULT current_timestamp() ON UPDATE current_timestamp()
) ENGINE=InnoDB DEFAULT CHARSET=utf8mb4 COLLATE=utf8mb4_unicode_ci;

--
-- Dumping data for table `fms_billing_items_tbl`
--

INSERT INTO `fms_billing_items_tbl` (`billingItemID`, `billingID`, `activity`, `quantity`, `amount`, `vatType`, `vatAmount`, `totalAmount`, `grandTotalAmount`, `pendingAmount`, `createdBy`, `updatedBy`, `createdAt`, `updatedAt`) VALUES
(1, 1, 'Develop system', '2.00', '100000.00', 'Non-Vatable', '0.00', '200000.00', '200000.00', '200000.00', 20, 20, '2021-12-14 02:42:49', '2021-12-14 02:42:49');

-- --------------------------------------------------------

--
-- Table structure for table `fms_billing_tbl`
--

CREATE TABLE `fms_billing_tbl` (
  `billingID` bigint(21) NOT NULL,
  `employeeID` bigint(21) NOT NULL,
  `clientID` bigint(21) DEFAULT NULL,
  `billingReason` text COLLATE utf8mb4_unicode_ci DEFAULT NULL,
  `clientName` varchar(200) COLLATE utf8mb4_unicode_ci DEFAULT NULL,
  `clientAddress` text COLLATE utf8mb4_unicode_ci DEFAULT NULL,
  `billingComment` text COLLATE utf8mb4_unicode_ci DEFAULT NULL,
  `billingSubtotal` decimal(15,2) DEFAULT NULL,
  `billingVatAmount` decimal(15,2) DEFAULT NULL,
  `billingGrandTotal` decimal(15,2) DEFAULT NULL,
  `isBillingDone` int(11) DEFAULT 0,
  `billingStatus` int(11) DEFAULT NULL,
  `createdBy` bigint(21) DEFAULT NULL,
  `updatedBy` bigint(21) DEFAULT NULL,
  `submittedAt` timestamp NULL DEFAULT NULL,
  `createdAt` timestamp NULL DEFAULT current_timestamp(),
  `updatedAt` timestamp NULL DEFAULT current_timestamp() ON UPDATE current_timestamp()
) ENGINE=InnoDB DEFAULT CHARSET=utf8mb4 COLLATE=utf8mb4_unicode_ci;

--
-- Dumping data for table `fms_billing_tbl`
--

INSERT INTO `fms_billing_tbl` (`billingID`, `employeeID`, `clientID`, `billingReason`, `clientName`, `clientAddress`, `billingComment`, `billingSubtotal`, `billingVatAmount`, `billingGrandTotal`, `isBillingDone`, `billingStatus`, `createdBy`, `updatedBy`, `submittedAt`, `createdAt`, `updatedAt`) VALUES
(1, 20, 1, 'test', 'DeltaMike Security Inc.', '547 96 Guirayan Street, Dona Imelda, Doña Imelda, Quezon City, National Capital Region - Second District, Philippines, 1113', '', '200000.00', '0.00', '200000.00', 0, 1, 20, 20, '2021-12-14 10:42:49', '2021-12-14 02:42:49', '2021-12-14 02:42:49');

-- --------------------------------------------------------

--
-- Table structure for table `fms_chart_of_accounts_tbl`
--

CREATE TABLE `fms_chart_of_accounts_tbl` (
  `chartOfAccountID` bigint(20) NOT NULL,
  `bankID` bigint(20) NOT NULL,
  `accountCode` varchar(255) COLLATE utf8mb4_unicode_ci NOT NULL,
  `accountName` varchar(255) COLLATE utf8mb4_unicode_ci NOT NULL,
  `accountDescription` varchar(255) COLLATE utf8mb4_unicode_ci NOT NULL,
  `accountLevel` varchar(255) COLLATE utf8mb4_unicode_ci NOT NULL,
  `ledgerClassificationID` bigint(20) NOT NULL,
  `accountGrouping` varchar(255) COLLATE utf8mb4_unicode_ci NOT NULL,
  `financialStatement` varchar(255) COLLATE utf8mb4_unicode_ci NOT NULL,
  `accountStatus` int(50) NOT NULL,
  `accountBudgetSource` int(50) NOT NULL,
  `accountDatecreated` date NOT NULL DEFAULT current_timestamp(),
  `createdBy` bigint(20) NOT NULL,
  `updatedBy` bigint(20) NOT NULL,
  `createdAt` timestamp NOT NULL DEFAULT current_timestamp(),
  `updatedAt` timestamp NOT NULL DEFAULT current_timestamp() ON UPDATE current_timestamp()
) ENGINE=InnoDB DEFAULT CHARSET=utf8mb4 COLLATE=utf8mb4_unicode_ci;

--
-- Dumping data for table `fms_chart_of_accounts_tbl`
--

INSERT INTO `fms_chart_of_accounts_tbl` (`chartOfAccountID`, `bankID`, `accountCode`, `accountName`, `accountDescription`, `accountLevel`, `ledgerClassificationID`, `accountGrouping`, `financialStatement`, `accountStatus`, `accountBudgetSource`, `accountDatecreated`, `createdBy`, `updatedBy`, `createdAt`, `updatedAt`) VALUES
(1, 0, '1-1001', 'Cash on hand', 'The total amount of any accessible cash. \n', 'Cash', 1, 'Current Asset', 'Asset', 1, 1, '2021-04-14', 1, 1, '2021-04-13 14:18:28', '2021-06-15 19:13:43'),
(2, 0, '1-1002', 'Petty Cash Fund', 'Small amount of cash kept on hand to pay for minor expenses, such as office supplies or reimbursements.\n', 'Petty Cash Fund', 1, 'Current Asset', 'Asset', 1, 0, '2021-04-14', 1, 1, '2021-04-13 14:20:26', '0000-00-00 00:00:00'),
(3, 1, '1-1003', 'Cash in Bank - BDO', 'The sum of all coins, currency and other unrestricted liquid funds that have been placed on deposit with a financial institution. \n', 'Cash in Bank', 1, 'Current Asset', 'Asset', 1, 1, '2021-04-14', 1, 1, '2021-04-13 14:21:17', '2021-06-15 16:04:56'),
(4, 2, '1-1004', 'Cash in Bank - UCPB', 'The sum of all coins, currency and other unrestricted liquid funds that have been placed on deposit with a financial institution. \n', 'Cash in Bank', 1, 'Current Asset', 'Asset', 1, 1, '2021-04-14', 1, 1, '2021-04-13 14:21:58', '2021-06-15 17:01:27'),
(5, 3, '1-1005', 'Cash in Bank - BPI', 'The sum of all coins, currency and other unrestricted liquid funds that have been placed on deposit with a financial institution. \n', 'Cash in Bank', 1, 'Current Asset', 'Asset', 1, 1, '2021-04-14', 1, 1, '2021-04-13 14:22:37', '2021-06-15 17:01:32'),
(6, 4, '1-1006', 'Cash in Bank - RCBC', 'The sum of all coins, currency and other unrestricted liquid funds that have been placed on deposit with a financial institution. \n', 'Cash in Bank', 1, 'Current Asset', 'Asset', 1, 1, '2021-04-14', 1, 1, '2021-04-13 14:33:07', '2021-06-15 17:01:38'),
(7, 5, '1-1007', 'Cash in Bank - SECURITY BANK', 'The sum of all coins, currency and other unrestricted liquid funds that have been placed on deposit with a financial institution. \n', 'Cash in Bank', 1, 'Current Asset', 'Asset', 1, 1, '2021-04-14', 1, 1, '2021-04-13 14:35:01', '2021-06-15 17:01:42'),
(8, 0, '1-2001', 'Accounts Receivable', 'The balance of money due to a firm for goods or services delivered or used but not yet paid for by customers. A\n', 'Accounts Receivable', 2, 'Current Asset', 'Asset', 1, 0, '2021-04-14', 1, 1, '2021-04-13 14:36:37', '0000-00-00 00:00:00'),
(9, 0, '1-3001', 'Raw Materials Inventory', 'The total cost of all component parts currently in stock that have not yet been used in work-in-process or finished goods production.\n', 'Raw Materials Inventory', 3, 'Current Asset', 'Asset', 1, 0, '2021-04-14', 1, 1, '2021-04-13 14:38:34', '2021-04-13 15:22:01'),
(10, 0, '1-3002', 'Work-in-Progress Inventory', 'Production and supply-chain management term describing partially finished goods awaiting completion. \n', 'Work-in-Progress Inventory', 3, 'Current Asset', 'Asset', 1, 0, '2021-04-14', 1, 1, '2021-04-13 14:40:32', '2021-04-13 15:22:42'),
(11, 0, '1-3003', 'Finished Goods Inventory', 'Goods that have been completed by the manufacturing process, or purchased in a completed form, but which have not yet been sold to customers.\n', 'Finished Goods Inventory', 3, 'Current Asset', 'Asset', 1, 0, '2021-04-14', 1, 1, '2021-04-13 14:41:36', '2021-04-13 15:24:12'),
(12, 0, '1-4001', 'Advances To Employee-Salary', ' Temporary loan by a company to an employee. \n', 'Advances To Employee', 4, 'Current Asset', 'Asset', 1, 0, '2021-04-14', 1, 1, '2021-04-13 14:43:45', '2021-04-13 15:16:37'),
(13, 0, '1-4002', 'Advances To Partners', 'Means loans or advances, if any, made by a Partner to the Partnership from time to time pursuant to Section 3.01(b) hereof. Sample 1 Sample 2 Based on 2 documents Save\n', 'Advances To Partners', 5, 'Non-current Asset', 'Asset', 1, 0, '2021-04-14', 1, 1, '2021-04-13 14:45:09', '0000-00-00 00:00:00'),
(14, 0, '1-4003', 'Advances To Others (company)', 'Means any advances or open accounts owing by the Borrower or any Subsidiary of the Borrower to any Grantor.\n', 'Advances To Others (company)', 4, 'Current Asset', 'Asset', 1, 0, '2021-04-14', 1, 1, '2021-04-13 14:46:42', '2021-04-13 15:25:55'),
(15, 0, '1-4004', 'Input VAT', 'The value added tax added to the price when you purchase goods or services that are liable to VAT. \n', 'Input VAT', 4, 'Current Asset', 'Asset', 1, 0, '2021-04-14', 1, 1, '2021-04-13 14:47:31', '0000-00-00 00:00:00'),
(16, 0, '1-4005', 'Creditable Withholding Tax', 'The tax which is withheld by the buyer/withholding agent from his payment to the seller for the sale of the seller\'s ordinary asset/services, and which tax is creditable against the income tax payable of the seller.\n', 'Creditable Withholding Tax', 4, 'Current Asset', 'Asset', 1, 0, '2021-04-14', 1, 1, '2021-04-13 14:49:12', '2021-04-13 15:26:33'),
(17, 0, '1-5001', 'Computer Equipment', 'Means all computers, software or other equipment that includes computing technology or embedded logic such as microchips and sensors whether owned or leased.\n', 'Computer Equipment', 6, 'Non-current Asset', 'Asset', 1, 0, '2021-04-14', 1, 1, '2021-04-13 15:01:20', '0000-00-00 00:00:00'),
(18, 0, '1-5002', 'Accumulated Depreciation - Computer Equipment', 'The total amount an asset has been depreciated up until a single point.\n', 'Accumulated Depreciation', 6, 'Non-current Asset', 'Asset', 1, 0, '2021-04-14', 1, 1, '2021-04-13 15:05:39', '2021-04-13 15:28:23'),
(19, 0, '1-5003', 'Office Equipment', 'A long-term asset account reported on the balance sheet under the heading of property, plant, and equipment. Included in this account would be copiers, computers, printers, fax machines, etc.\n', 'Office Equipment', 6, 'Non-current Asset', 'Asset', 1, 0, '2021-04-14', 1, 1, '2021-04-13 15:06:29', '0000-00-00 00:00:00'),
(20, 0, '1-5004', 'Accumulated Depreciation - Office Equipment', 'The total amount an asset has been depreciated up until a single point.\n', 'Accumulated Depreciation', 6, 'Non-current Asset', 'Asset', 1, 0, '2021-04-14', 1, 1, '2021-04-13 15:11:55', '2021-04-13 15:29:14'),
(21, 0, '1-5005', 'Leasehold Improvements', 'Any changes made to a rental property in order to customize it for the particular needs of a tenant.\n', 'Leasehold Improvements', 6, 'Non-current Asset', 'Asset', 1, 0, '2021-04-14', 1, 1, '2021-04-13 15:21:05', '0000-00-00 00:00:00'),
(22, 0, '1-5006', 'Accumulated Depreciation - Leasehold Improvements', 'The total amount an asset has been depreciated up until a single point.\n', 'Accumulated Depreciation', 6, 'Non-current Asset', 'Asset', 1, 0, '2021-04-14', 1, 1, '2021-04-13 15:39:58', '0000-00-00 00:00:00'),
(23, 0, '1-5007', 'Furnitures & Fixture', 'Refers to movable furniture, fixtures, or other equipment that have no permanent connection to the structure of a building.\n', 'Furnitures & Fixture', 6, 'Non-current Asset', 'Asset', 1, 0, '2021-04-14', 1, 1, '2021-04-13 15:41:19', '0000-00-00 00:00:00'),
(24, 0, '1-5008', 'Accumulated Depreciation - Furniture & Fixtures', 'The total amount an asset has been depreciated up until a single point.\n', 'Accumulated Depreciation', 6, 'Non-current Asset', 'Asset', 1, 0, '2021-04-14', 1, 1, '2021-04-13 15:42:27', '0000-00-00 00:00:00'),
(25, 0, '1-5009', 'Communication Equipment', 'Facility consisting of the physical plants and equipment for disseminating information. \n', 'Communication Equipment', 6, 'Non-current Asset', 'Asset', 1, 0, '2021-04-14', 1, 1, '2021-04-13 15:43:34', '0000-00-00 00:00:00'),
(26, 0, '1-5010', 'Accumulated Depreciation - Communication Equipment', 'The total amount an asset has been depreciated up until a single point.\n', 'Accumulated Depreciation', 6, 'Non-current Asset', 'Asset', 1, 0, '2021-04-14', 1, 1, '2021-04-13 15:45:20', '0000-00-00 00:00:00'),
(27, 0, '1-5013', 'Vehicles', 'A long-term asset account that reports a company\'s cost of automobiles, trucks, etc.\n', 'Vehicles', 6, 'Non-current Asset', 'Asset', 1, 0, '2021-04-14', 1, 1, '2021-04-13 15:48:27', '0000-00-00 00:00:00'),
(28, 0, '1-5014', 'Accumulated Depreciation - Vehicles', 'The total amount an asset has been depreciated up until a single point.\n', 'Accumulated Depreciation', 6, 'Non-current Asset', 'Asset', 1, 0, '2021-04-14', 1, 1, '2021-04-13 15:49:34', '0000-00-00 00:00:00'),
(29, 0, '1-6001', 'Accounts Payable', 'An account within the general ledger that represents a company\'s obligation to pay off a short-term debt to its creditors or suppliers.\n', 'Accounts Payable', 7, 'Current Liability', 'Liability', 1, 0, '2021-04-14', 1, 1, '2021-04-13 15:50:33', '0000-00-00 00:00:00'),
(30, 0, '1-6002', 'Salaries Payable', 'A liability account that contains the amounts of any salaries owed to employees, which have not yet been paid to them.\n', 'Salaries Payable', 8, 'Current Liability', 'Liability', 1, 0, '2021-04-14', 1, 1, '2021-04-13 15:51:44', '0000-00-00 00:00:00'),
(31, 0, '1-6003', '13th Month Payable', 'A monetary benefit based of an employee\'s basic salary. \n', '13th Month Payable', 8, 'Current Liability', 'Liability', 1, 0, '2021-04-14', 1, 1, '2021-04-13 15:52:39', '0000-00-00 00:00:00'),
(32, 0, '1-6004', 'Provident Fund Payable', 'Another name for pension fund. Its purpose is to provide employees with lump sum payments at the time of exit from their place of employment.\n', 'Provident Fund Payable', 8, 'Current Liability', 'Liability', 1, 0, '2021-04-14', 1, 1, '2021-04-13 15:53:44', '0000-00-00 00:00:00'),
(33, 0, '1-7001', 'Witholding Tax - Expanded', 'A kind of Withholding Tax imposed on income payments and is creditable against the income tax due of the payee for the taxable quarter/year in which the income was earned.\n', 'Witholding Tax', 9, 'Current Liability', 'Liability', 1, 0, '2021-04-14', 1, 1, '2021-04-13 15:55:29', '0000-00-00 00:00:00'),
(34, 0, '1-7002', 'Witholding Tax - Compensation', 'An amount that an employer withholds from employees\' wages and pays directly to the government. \n', 'Witholding Tax', 9, 'Current Liability', 'Liability', 1, 0, '2021-04-14', 1, 1, '2021-04-13 15:57:58', '0000-00-00 00:00:00'),
(35, 0, '1-7003', 'SSS Premium Payable', 'All actual remuneration for employment, including the mandated cost of living allowance. \n', 'SSS Premium Payable', 9, 'Current Liability', 'Liability', 1, 0, '2021-04-14', 1, 1, '2021-04-13 16:01:16', '0000-00-00 00:00:00'),
(36, 0, '1-7004', 'HDMF Premium Payable', 'Basic Monthly Salary plus mandated cost of living allowance (maximum of Php 5,000)\n', 'HDMF Premium Payable', 9, 'Current Liability', 'Liability', 1, 0, '2021-04-14', 1, 1, '2021-04-13 16:02:01', '0000-00-00 00:00:00'),
(37, 0, '1-7005', 'PHIC Premium Payable', 'Basic Monthly Compensation regularly paid for service rendered by the employee\n', 'PHIC Premium Payable', 9, 'Current Liability', 'Liability', 1, 0, '2021-04-14', 1, 1, '2021-04-13 16:02:50', '0000-00-00 00:00:00'),
(38, 0, '1-7006', 'Output VAT', 'The value added tax you charge on your own sales of goods and services both to other businesses and to ordinary consumers.\n', 'Output VAT', 9, 'Current Liability', 'Liability', 1, 0, '2021-04-14', 1, 1, '2021-04-13 16:03:56', '0000-00-00 00:00:00'),
(39, 0, '1-7007', 'SSS Loan Payable', 'A loan is an arrangement under which the owner of property allows another party the use of it (usually cash) in exchange for an interest payment and the return of the property at the end of the lending arrangement.\n', 'SSS Loan Payable', 9, 'Current Liability', 'Liability', 1, 0, '2021-04-14', 1, 1, '2021-04-13 16:04:57', '0000-00-00 00:00:00'),
(40, 0, '1-7008', 'HDMF Loan Payable', 'A loan is an arrangement under which the owner of property allows another party the use of it (usually cash) in exchange for an interest payment and the return of the property at the end of the lending arrangement.\n', 'HDMF Loan Payable', 9, 'Current Liability', 'Liability', 1, 0, '2021-04-14', 1, 1, '2021-04-13 16:06:01', '0000-00-00 00:00:00'),
(41, 0, '1-8001', 'Advances from Partners', 'Means loans or advances, if any, made by a Partner to the Partnership from time to time\n', 'Advances from Partners', 10, 'Non-current Liability', 'Liability', 1, 0, '2021-04-14', 1, 1, '2021-04-13 16:07:50', '0000-00-00 00:00:00'),
(42, 0, '1-9001', 'Capital', 'Such as funds held in deposit accounts and/or funds obtained from special financing sources. \n', 'Capital', 11, 'Equity', 'Equity', 1, 0, '2021-04-14', 1, 1, '2021-04-13 16:08:46', '0000-00-00 00:00:00'),
(43, 0, '1-9002', 'Investment Withdrawal', 'Involves removing funds from a bank account, savings plan, pension, or trust. \n', 'Investment Withdrawal', 12, 'Equity', 'Equity', 1, 0, '2021-04-14', 1, 1, '2021-04-13 16:11:44', '0000-00-00 00:00:00'),
(44, 0, '2-1001', 'Salaries and Wages-Basic', 'The remuneration paid or payable to employees for work performed on behalf of an employer or services provided.\n', 'Salaries and Wages-Basic', 13, 'Cost of Sales', 'Cost of Sales', 1, 0, '2021-04-14', 1, 1, '2021-04-13 16:13:02', '0000-00-00 00:00:00'),
(45, 0, '2-1002', 'Allowance', 'Amount of money given or allotted usually at regular intervals for a specific purpose.\n', 'Allowance', 13, 'Cost of Sales', 'Cost of Sales', 1, 0, '2021-04-14', 1, 1, '2021-04-13 16:13:53', '0000-00-00 00:00:00'),
(46, 0, '2-1003', 'SSS Expense', 'The money spent on SSS.\n', 'SSS Expense', 13, 'Cost of Sales', 'Cost of Sales', 1, 0, '2021-04-14', 1, 1, '2021-04-13 16:14:34', '0000-00-00 00:00:00'),
(47, 0, '2-1004', 'PHIC Expense', 'The money spent on PHIC.\n', 'PHIC Expense', 13, 'Cost of Sales', 'Cost of Sales', 1, 0, '2021-04-14', 1, 1, '2021-04-13 16:15:13', '0000-00-00 00:00:00'),
(48, 0, '2-1005', 'HDMF Expense', 'The money spent on HDMF.\n', 'HDMF Expense', 13, 'Cost of Sales', 'Cost of Sales', 1, 0, '2021-04-14', 1, 1, '2021-04-13 16:19:45', '0000-00-00 00:00:00'),
(49, 0, '2-1006', '13th Month Expense', 'The money spent on 13th Month.\n', '13th Month Expense', 13, 'Cost of Sales', 'Cost of Sales', 1, 0, '2021-04-14', 1, 1, '2021-04-13 16:20:42', '0000-00-00 00:00:00'),
(50, 0, '2-1007', 'Mid-Year Bonuses', 'The money spent on Mid-Year Bonuses.\n', 'Mid-Year Bonuses', 13, 'Cost of Sales', 'Cost of Sales', 1, 0, '2021-04-14', 1, 1, '2021-04-13 16:21:31', '0000-00-00 00:00:00'),
(51, 0, '2-1008', 'Christmas Expense', 'The money spent on Christmas.\n', 'Christmas Expense', 13, 'Cost of Sales', 'Cost of Sales', 1, 0, '2021-04-14', 1, 1, '2021-04-13 16:22:42', '0000-00-00 00:00:00'),
(52, 0, '2-2001', 'Communication for Support', 'The actual cost of postage, long distance telephone, cellular phone, and teletype expense incurred in the direct performance of the Services.\n', 'Communication', 14, 'G&A Expenses', 'G&A Expenses', 1, 0, '2021-04-14', 1, 1, '2021-04-13 16:24:00', '0000-00-00 00:00:00'),
(53, 0, '2-2002', 'Communication for Operations', 'The actual cost of postage, long distance telephone, cellular phone, and teletype expense incurred in the direct performance of the Services.\n', 'Communication', 13, 'Cost of Sales', 'Cost of Sales', 1, 0, '2021-04-14', 1, 1, '2021-04-13 16:24:52', '0000-00-00 00:00:00'),
(54, 0, '2-2003', 'Communication for Partners', 'The actual cost of postage, long distance telephone, cellular phone, and teletype expense incurred in the direct performance of the Services.\n', 'Communication', 13, 'Cost of Sales', 'Cost of Sales', 1, 0, '2021-04-14', 1, 1, '2021-04-13 16:25:48', '0000-00-00 00:00:00'),
(55, 0, '2-3001', 'Electricity-Meralco', 'The cost incurred by using utilities such as electricity, water, waste disposal, heating, and sewage. \n', 'Utilities', 14, 'G&A Expenses', 'G&A Expenses', 1, 0, '2021-04-14', 1, 1, '2021-04-13 16:26:45', '0000-00-00 00:00:00'),
(56, 0, '2-3002', 'Electricity-PLDT', 'The cost incurred by using utilities such as electricity, water, waste disposal, heating, and sewage. \n', 'Utilities', 14, 'G&A Expenses', 'G&A Expenses', 1, 0, '2021-04-14', 1, 1, '2021-04-13 16:27:37', '0000-00-00 00:00:00'),
(57, 0, '2-3003', 'Electricity-Fiber', 'The cost incurred by using utilities such as electricity, water, waste disposal, heating, and sewage. \n', 'Utilities', 14, 'G&A Expenses', 'G&A Expenses', 1, 0, '2021-04-14', 1, 1, '2021-04-13 16:28:17', '0000-00-00 00:00:00'),
(58, 0, '2-3004', 'Subscription Fee', 'Means the fee actually paid by a Subscriber for the applicable Mobile Content.\n', 'Subcription Fee', 14, 'G&A Expenses', 'G&A Expenses', 1, 0, '2021-04-14', 1, 1, '2021-04-13 16:28:56', '0000-00-00 00:00:00'),
(59, 0, '2-3005', 'Water (gal)', 'The cost incurred by using utilities such as electricity, water, waste disposal, heating, and sewage. \n', 'Pantry Supplies', 14, 'G&A Expenses', 'G&A Expenses', 1, 0, '2021-04-14', 1, 1, '2021-04-13 16:29:36', '0000-00-00 00:00:00'),
(60, 0, '2-3006', 'Rental-Association Dues', 'Amount of money that must be paid monthly by owners of certain types of residential properties, and HOAs collect these fees to assist with maintaining and improving properties in the association.\n', 'Association Dues', 14, 'G&A Expenses', 'G&A Expenses', 1, 0, '2021-04-14', 1, 1, '2021-04-13 16:30:26', '0000-00-00 00:00:00'),
(61, 0, '2-3007', 'Rental-Parking Dues', 'Amount of money that must be paid monthly by owners of certain types of residential properties, and HOAs collect these fees to assist with maintaining and improving properties in the association.\n', 'Parking Dues', 14, 'G&A Expenses', 'G&A Expenses', 1, 0, '2021-04-14', 1, 1, '2021-04-13 16:31:11', '0000-00-00 00:00:00'),
(62, 0, '2-4001', 'Fuel and Oil for Messenger', 'The money spent on Fuel and Oil of Messengers.\n', 'Fuel and Oil', 14, 'G&A Expenses', 'G&A Expenses', 1, 0, '2021-04-14', 1, 1, '2021-04-13 16:32:07', '0000-00-00 00:00:00'),
(63, 0, '2-4002', 'Fuel and Oil for Partners', 'The money spent on Fuel and Oil of Partners.\n', 'Fuel and Oil', 13, 'Cost of Sales', 'Cost of Sales', 1, 0, '2021-04-14', 1, 1, '2021-04-13 16:33:29', '0000-00-00 00:00:00'),
(64, 0, '2-5001', 'Transportation and Travel for Support', 'Refers to specific costs incurred by an employee or self-employed taxpayer who travels for business purposes. \n', 'Transportation', 14, 'G&A Expenses', 'G&A Expenses', 1, 0, '2021-04-14', 1, 1, '2021-04-13 16:34:16', '0000-00-00 00:00:00'),
(65, 0, '2-5002', 'Transportation and Travel for Operations', 'Refers to specific costs incurred by an employee or self-employed taxpayer who travels for business purposes. \n', 'Transportation', 13, 'Cost of Sales', 'Cost of Sales', 1, 0, '2021-04-14', 1, 1, '2021-04-13 16:34:59', '0000-00-00 00:00:00'),
(66, 0, '2-5003', 'Transportation and Travel for Partners', 'Refers to specific costs incurred by an employee or self-employed taxpayer who travels for business purposes. \n', 'Transportation', 13, 'Cost of Sales', 'Cost of Sales', 1, 0, '2021-04-14', 1, 1, '2021-04-13 16:36:05', '0000-00-00 00:00:00'),
(67, 0, '2-6001', 'Repairs and Maintenance for Messenger', 'Expenses a business incurs to restore an asset to a previous operating condition or to keep an asset in its current operating condition.\n', 'Repairs and Maintenance', 13, 'Cost of Sales', 'Cost of Sales', 1, 0, '2021-04-14', 1, 1, '2021-04-13 16:37:26', '0000-00-00 00:00:00'),
(68, 0, '2-6002', 'Repairs and Maintenance for Partners', 'Expenses a business incurs to restore an asset to a previous operating condition or to keep an asset in its current operating condition.\n', 'Repairs and Maintenance', 13, 'Cost of Sales', 'Cost of Sales', 1, 0, '2021-04-14', 1, 1, '2021-04-13 16:38:33', '0000-00-00 00:00:00'),
(69, 0, '2-7001', 'Representation Expense', 'These expenses are charges incurred in representing the company before customers or suppliers. \n', 'Representation Expense', 14, 'G&A Expenses', 'G&A Expenses', 1, 0, '2021-04-14', 1, 1, '2021-04-13 16:40:42', '0000-00-00 00:00:00'),
(70, 0, '2-7003', 'Taxes and Licenses', 'The tax expense is what an entity has determined is owed in taxes based on standard business accounting rules. \n', 'Taxes and Licenses', 14, 'G&A Expenses', 'G&A Expenses', 1, 0, '2021-04-14', 1, 1, '2021-04-13 16:41:21', '0000-00-00 00:00:00'),
(71, 0, '2-7004', 'Office Supplies', 'The amount of administrative supplies charged to expense in a reporting period.\n', 'Office Supplies', 14, 'G&A Expenses', 'G&A Expenses', 1, 0, '2021-04-14', 1, 1, '2021-04-13 16:42:05', '0000-00-00 00:00:00'),
(72, 0, '2-7005', 'Pantry Supplies', 'Refers to the cost of consumables used during a reporting period. \n', 'Pantry Supplies', 14, 'G&A Expenses', 'G&A Expenses', 1, 0, '2021-04-14', 1, 1, '2021-04-13 16:42:49', '0000-00-00 00:00:00'),
(73, 0, '2-7006', 'Housekeeping and Cleaning Supplies', 'The cost required for housekeeping and cleaning supplies.\n', 'Cleaning Supplies Expense', 14, 'G&A Expenses', 'G&A Expenses', 1, 0, '2021-04-14', 1, 1, '2021-04-13 16:43:43', '0000-00-00 00:00:00'),
(74, 0, '2-7007', 'Recruitment Expense', 'The total amount spent to recruit a hire starting from the job posting to joining the organization.\n', 'Recruitment Expense', 14, 'G&A Expenses', 'G&A Expenses', 1, 0, '2021-04-14', 1, 1, '2021-04-13 16:45:09', '0000-00-00 00:00:00'),
(75, 0, '2-7008', 'Trainings and Seminars', 'The cost incurred in trainings and seminars.\n', 'Training and Seminar', 13, 'Cost of Sales', 'Cost of Sales', 1, 0, '2021-04-14', 1, 1, '2021-04-13 16:46:14', '0000-00-00 00:00:00'),
(76, 0, '2-7009', 'Advertising and Marketing Expense', 'Refers to cost incurred in promoting a business, such as publications in periodicals (newspapers and magazines), television, radio, the internet, billboards, fliers, and others.\n', 'Advertising', 14, 'G&A Expenses', 'G&A Expenses', 1, 0, '2021-04-14', 1, 1, '2021-04-13 16:46:57', '0000-00-00 00:00:00'),
(77, 0, '2-7010', 'Professional Fees', 'Usually an income account used by a professional firm in recording its revenues.\n', 'Professional Fees', 14, 'G&A Expenses', 'G&A Expenses', 1, 0, '2021-04-14', 1, 1, '2021-04-13 16:47:56', '0000-00-00 00:00:00'),
(78, 0, '2-7011', 'Insurance', 'The cost of insurance that has been incurred, has expired, or has been used up during the current accounting period for the nonmanufacturing functions of a business.\n', 'Insurance', 14, 'G&A Expenses', 'G&A Expenses', 1, 0, '2021-04-14', 1, 1, '2021-04-13 16:48:35', '0000-00-00 00:00:00'),
(79, 0, '2-7012', 'Medicine', 'Any costs incurred in the prevention or treatment of injury or disease.\n', 'Medical Expense', 14, 'G&A Expenses', 'G&A Expenses', 1, 0, '2021-04-14', 1, 1, '2021-04-13 16:49:18', '0000-00-00 00:00:00'),
(80, 0, '2-7013', 'Miscellaneous', 'Refer to a general ledger account in which small, infrequent transaction amounts are recorded.\n', 'Miscellaneous', 14, 'G&A Expenses', 'G&A Expenses', 1, 0, '2021-04-14', 1, 1, '2021-04-13 16:50:08', '0000-00-00 00:00:00'),
(81, 0, '2-7014', 'Bank Charges', 'Covers all charges and fees made by a bank to their customers.\n', 'Bank Service Charge', 14, 'G&A Expenses', 'G&A Expenses', 1, 0, '2021-04-14', 1, 1, '2021-04-13 16:50:57', '0000-00-00 00:00:00'),
(82, 0, '2-7015', 'Notarial Fees', 'Includes all fees paid to attorneys, appraisers, notaries, and witnesses, in addition to court costs and legal document recording fees.\n', 'Legal', 14, 'G&A Expenses', 'G&A Expenses', 1, 0, '2021-04-14', 1, 1, '2021-04-13 16:51:45', '0000-00-00 00:00:00'),
(83, 0, '2-7016', 'Registered Mail', 'A mail service offered by postal services in many countries, which allows the sender proof of mailing via a mailing receipt and, upon request, electronic verification that an article was delivered or that a delivery attempt was made.\n', 'Postage', 14, 'G&A Expenses', 'G&A Expenses', 1, 0, '2021-04-14', 1, 1, '2021-04-13 16:53:02', '0000-00-00 00:00:00'),
(84, 0, '2-7017', 'Postage', 'Particular place on the floor of an exchange where transactions in stocks listed on the exchange occur.\n', 'Postage', 14, 'G&A Expenses', 'G&A Expenses', 1, 0, '2021-04-14', 1, 1, '2021-04-13 16:53:45', '0000-00-00 00:00:00'),
(85, 0, '2-7018', 'Donation', 'A gift for charity, humanitarian aid, or to benefit a cause. \n', 'Donation', 14, 'G&A Expenses', 'G&A Expenses', 1, 0, '2021-04-14', 1, 1, '2021-04-13 16:54:23', '0000-00-00 00:00:00'),
(86, 0, '2-7019', 'Printing & Photocopy', 'Purchases related to printing and copying.\n', 'Printing', 14, 'G&A Expenses', 'G&A Expenses', 1, 0, '2021-04-14', 1, 1, '2021-04-13 16:55:01', '0000-00-00 00:00:00'),
(87, 0, '2-7020', 'Other Expenses', 'Expenses that do not relate to a company\'s main business.\n', 'Other Expenses', 14, 'G&A Expenses', 'G&A Expenses', 1, 0, '2021-04-14', 1, 1, '2021-04-13 16:55:34', '0000-00-00 00:00:00'),
(88, 0, '2-8001', 'Employee Benefits', 'Payments employers make to employees that are beyond the scope of wages.\n', 'Employee Benefits', 14, 'G&A Expenses', 'G&A Expenses', 1, 0, '2021-04-14', 1, 1, '2021-04-13 16:56:09', '0000-00-00 00:00:00'),
(89, 0, '2-9001', 'Retained Earnings', 'The amount of net income left over for the business after it has paid out dividends to its shareholders.\n', 'Retained Earnings', 15, 'Equity', 'Equity', 1, 0, '2021-04-14', 1, 1, '2021-04-13 16:57:06', '0000-00-00 00:00:00'),
(90, 0, '2-9002', 'Service Revenue', 'Income a company receives for performing a requested activity.\n', 'Service Revenue', 16, 'Sales', 'Sales', 1, 0, '2021-04-14', 1, 1, '2021-04-13 16:57:52', '0000-00-00 00:00:00');

-- --------------------------------------------------------

--
-- Table structure for table `fms_check_voucher_details_tbl`
--

CREATE TABLE `fms_check_voucher_details_tbl` (
  `voucherDetailsID` bigint(20) NOT NULL,
  `voucherID` bigint(20) NOT NULL,
  `paymentRequestID` bigint(20) NOT NULL,
  `accountCode` varchar(255) COLLATE utf8mb4_unicode_ci NOT NULL,
  `accountName` varchar(255) COLLATE utf8mb4_unicode_ci NOT NULL,
  `chartOfAccountID` bigint(20) DEFAULT NULL,
  `debit` decimal(10,2) NOT NULL,
  `credit` decimal(10,2) NOT NULL,
  `balance` decimal(10,2) NOT NULL
) ENGINE=InnoDB DEFAULT CHARSET=utf8mb4 COLLATE=utf8mb4_unicode_ci;

-- --------------------------------------------------------

--
-- Table structure for table `fms_check_voucher_tbl`
--

CREATE TABLE `fms_check_voucher_tbl` (
  `voucherID` bigint(20) NOT NULL,
  `reviseVoucherID` bigint(20) DEFAULT NULL,
  `voucherStatus` int(50) NOT NULL,
  `voucherRemarks` longtext COLLATE utf8mb4_unicode_ci DEFAULT NULL,
  `employeeID` bigint(20) NOT NULL,
  `paymentRequestID` bigint(20) NOT NULL,
  `pettyRepID` bigint(20) DEFAULT NULL,
  `purchaseOrderID` bigint(20) DEFAULT NULL,
  `chartOfAccountID` bigint(20) DEFAULT NULL,
  `voucherTinPayee` varchar(255) COLLATE utf8mb4_unicode_ci DEFAULT NULL,
  `voucherDescription` longtext COLLATE utf8mb4_unicode_ci DEFAULT NULL,
  `voucherBudgetSource` int(50) DEFAULT NULL,
  `checkNo` varchar(255) COLLATE utf8mb4_unicode_ci DEFAULT NULL,
  `voucherAmount` decimal(10,2) DEFAULT NULL,
  `checkVoucherLiquidationStatus` int(50) NOT NULL,
  `approversID` text COLLATE utf8mb4_unicode_ci DEFAULT NULL,
  `approversStatus` text COLLATE utf8mb4_unicode_ci DEFAULT NULL,
  `approversDate` text COLLATE utf8mb4_unicode_ci DEFAULT NULL,
  `submittedAt` timestamp NULL DEFAULT NULL,
  `createdBy` bigint(20) NOT NULL,
  `updatedBy` bigint(20) NOT NULL,
  `createdAt` timestamp NOT NULL DEFAULT current_timestamp(),
  `updatedAt` timestamp NOT NULL DEFAULT current_timestamp() ON UPDATE current_timestamp()
) ENGINE=InnoDB DEFAULT CHARSET=utf8mb4 COLLATE=utf8mb4_unicode_ci;

-- --------------------------------------------------------

--
-- Table structure for table `fms_client_fund_replenishment_tbl`
--

CREATE TABLE `fms_client_fund_replenishment_tbl` (
  `clientRepID` bigint(20) NOT NULL,
  `reviseClientRepID` bigint(20) DEFAULT NULL,
  `clientRepStatus` int(50) NOT NULL,
  `clientRepRemarks` longtext COLLATE utf8mb4_unicode_ci DEFAULT NULL,
  `clientRepReason` text COLLATE utf8mb4_unicode_ci NOT NULL,
  `clientRepTotalBalance` decimal(19,2) NOT NULL,
  `employeeID` bigint(20) NOT NULL,
  `requestorID` bigint(20) DEFAULT NULL,
  `approversID` text COLLATE utf8mb4_unicode_ci DEFAULT NULL,
  `approversStatus` text COLLATE utf8mb4_unicode_ci DEFAULT NULL,
  `approversDate` text COLLATE utf8mb4_unicode_ci DEFAULT NULL,
  `submittedAt` timestamp NULL DEFAULT NULL,
  `createdBy` bigint(20) DEFAULT NULL,
  `updatedBy` bigint(20) DEFAULT NULL,
  `createdAt` timestamp NOT NULL DEFAULT current_timestamp(),
  `updatedAt` timestamp NOT NULL DEFAULT current_timestamp() ON UPDATE current_timestamp()
) ENGINE=InnoDB DEFAULT CHARSET=utf8mb4 COLLATE=utf8mb4_unicode_ci;

-- --------------------------------------------------------

--
-- Table structure for table `fms_client_fund_request_tbl`
--

CREATE TABLE `fms_client_fund_request_tbl` (
  `clientFundRequestID` bigint(20) NOT NULL,
  `reviseClientFundRequestID` bigint(20) DEFAULT NULL,
  `clientFundRequestAmount` decimal(15,2) DEFAULT NULL,
  `employeeID` bigint(20) NOT NULL,
  `projectID` bigint(20) NOT NULL,
  `chartOfAccountID` bigint(25) NOT NULL,
  `clientFundRequestDate` date NOT NULL,
  `approversID` text COLLATE utf8mb4_unicode_ci DEFAULT NULL,
  `approversStatus` text COLLATE utf8mb4_unicode_ci DEFAULT NULL,
  `approversDate` text COLLATE utf8mb4_unicode_ci DEFAULT NULL,
  `clientFundRequestStatus` int(11) NOT NULL,
  `clientFundRequestRemarks` longtext COLLATE utf8mb4_unicode_ci DEFAULT NULL,
  `submittedAt` timestamp NULL DEFAULT NULL,
  `createdBy` bigint(20) NOT NULL,
  `updatedBy` bigint(20) NOT NULL,
  `createdAt` timestamp NOT NULL DEFAULT current_timestamp(),
  `updatedAt` timestamp NOT NULL DEFAULT current_timestamp() ON UPDATE current_timestamp()
) ENGINE=InnoDB DEFAULT CHARSET=utf8mb4 COLLATE=utf8mb4_unicode_ci;

--
-- Dumping data for table `fms_client_fund_request_tbl`
--

INSERT INTO `fms_client_fund_request_tbl` (`clientFundRequestID`, `reviseClientFundRequestID`, `clientFundRequestAmount`, `employeeID`, `projectID`, `chartOfAccountID`, `clientFundRequestDate`, `approversID`, `approversStatus`, `approversDate`, `clientFundRequestStatus`, `clientFundRequestRemarks`, `submittedAt`, `createdBy`, `updatedBy`, `createdAt`, `updatedAt`) VALUES
(1, NULL, '200.00', 1, 1, 22, '2021-12-14', '2|4|5', NULL, NULL, 1, NULL, '2021-12-14 13:34:04', 1, 1, '2021-12-14 13:34:04', '2021-12-14 05:34:07');

-- --------------------------------------------------------

--
-- Table structure for table `fms_collection_items_tbl`
--

CREATE TABLE `fms_collection_items_tbl` (
  `collectionItemID` bigint(21) NOT NULL,
  `collectionID` bigint(21) NOT NULL,
  `billingItemID` bigint(21) DEFAULT NULL,
  `activity` text COLLATE utf8mb4_unicode_ci DEFAULT NULL,
  `type` varchar(150) COLLATE utf8mb4_unicode_ci DEFAULT NULL,
  `checkNumber` varchar(100) COLLATE utf8mb4_unicode_ci DEFAULT NULL,
  `checkDate` date DEFAULT NULL,
  `depositoryAccount` varchar(200) COLLATE utf8mb4_unicode_ci DEFAULT NULL,
  `termPayment` varchar(150) COLLATE utf8mb4_unicode_ci DEFAULT NULL,
  `vatType` varchar(100) COLLATE utf8mb4_unicode_ci DEFAULT NULL,
  `vatAmount` decimal(15,2) DEFAULT NULL,
  `amount` decimal(15,2) DEFAULT NULL,
  `remarks` text COLLATE utf8mb4_unicode_ci DEFAULT NULL,
  `createdBy` bigint(21) DEFAULT NULL,
  `updatedBy` bigint(21) DEFAULT NULL,
  `createdAt` timestamp NULL DEFAULT current_timestamp(),
  `updatedAt` timestamp NULL DEFAULT current_timestamp() ON UPDATE current_timestamp()
) ENGINE=InnoDB DEFAULT CHARSET=utf8mb4 COLLATE=utf8mb4_unicode_ci;

-- --------------------------------------------------------

--
-- Table structure for table `fms_collection_tbl`
--

CREATE TABLE `fms_collection_tbl` (
  `collectionID` bigint(21) NOT NULL,
  `employeeID` bigint(21) NOT NULL,
  `clientID` bigint(21) DEFAULT NULL,
  `clientCode` varchar(150) COLLATE utf8mb4_unicode_ci DEFAULT NULL,
  `clientName` varchar(150) COLLATE utf8mb4_unicode_ci DEFAULT NULL,
  `clientAddress` text COLLATE utf8mb4_unicode_ci DEFAULT NULL,
  `clientContactNumber` varchar(50) COLLATE utf8mb4_unicode_ci DEFAULT NULL,
  `collectionComment` text COLLATE utf8mb4_unicode_ci DEFAULT NULL,
  `collectionPaymentMethod` varchar(100) COLLATE utf8mb4_unicode_ci DEFAULT NULL,
  `dateFrom` date DEFAULT NULL,
  `dateTo` date DEFAULT NULL,
  `collectionSubtotal` decimal(15,2) DEFAULT NULL,
  `collectionVatAmount` decimal(15,2) DEFAULT NULL,
  `collectionGrandTotal` decimal(15,2) DEFAULT NULL,
  `collectionReason` text COLLATE utf8mb4_unicode_ci DEFAULT NULL,
  `collectionStatus` int(11) DEFAULT NULL,
  `submittedAt` timestamp NULL DEFAULT NULL,
  `createdBy` bigint(21) DEFAULT NULL,
  `updatedBy` bigint(21) DEFAULT NULL,
  `createdAt` timestamp NULL DEFAULT current_timestamp(),
  `updatedAt` timestamp NULL DEFAULT current_timestamp() ON UPDATE current_timestamp()
) ENGINE=InnoDB DEFAULT CHARSET=utf8mb4 COLLATE=utf8mb4_unicode_ci;

-- --------------------------------------------------------

--
-- Table structure for table `fms_finance_request_details_tbl`
--

CREATE TABLE `fms_finance_request_details_tbl` (
  `financeRequestID` bigint(20) NOT NULL,
  `clientFundRequestID` bigint(20) DEFAULT NULL,
  `pettyCashRequestID` bigint(20) DEFAULT NULL,
  `voucherID` bigint(20) DEFAULT NULL,
  `description` text COLLATE utf8mb4_unicode_ci NOT NULL,
  `quantity` decimal(15,2) NOT NULL,
  `amount` decimal(15,2) NOT NULL,
  `totalAmount` decimal(15,2) DEFAULT NULL,
  `files` text COLLATE utf8mb4_unicode_ci DEFAULT NULL,
  `liquidationID` bigint(20) DEFAULT NULL,
  `pettyRepID` bigint(20) DEFAULT NULL,
  `clientRepID` bigint(20) DEFAULT NULL,
  `clientID` bigint(20) DEFAULT NULL,
  `srfNumber` text COLLATE utf8mb4_unicode_ci DEFAULT NULL,
  `chartOfAccountID` bigint(20) DEFAULT NULL,
  `remark` text COLLATE utf8mb4_unicode_ci DEFAULT NULL,
  `receiptNumber` text COLLATE utf8mb4_unicode_ci DEFAULT NULL,
  `createdBy` bigint(20) NOT NULL,
  `updatedBy` bigint(20) NOT NULL
) ENGINE=InnoDB DEFAULT CHARSET=utf8mb4 COLLATE=utf8mb4_unicode_ci;

--
-- Dumping data for table `fms_finance_request_details_tbl`
--

INSERT INTO `fms_finance_request_details_tbl` (`financeRequestID`, `clientFundRequestID`, `pettyCashRequestID`, `voucherID`, `description`, `quantity`, `amount`, `totalAmount`, `files`, `liquidationID`, `pettyRepID`, `clientRepID`, `clientID`, `srfNumber`, `chartOfAccountID`, `remark`, `receiptNumber`, `createdBy`, `updatedBy`) VALUES
(1, NULL, 1, NULL, 'Test', '20.00', '100.00', '2000.00', '01634599391.docx', NULL, NULL, NULL, NULL, NULL, NULL, NULL, NULL, 2, 2),
(2, NULL, NULL, NULL, '\n							Test\n					', '20.00', '100.00', NULL, NULL, 1, NULL, NULL, NULL, '', NULL, '', '\n								01634599391.docx\n				', 2, 2),
(3, NULL, 2, NULL, 'Pen', '2.00', '100.00', '200.00', '01639459327.jpg', NULL, NULL, NULL, NULL, NULL, NULL, NULL, NULL, 2, 2),
(4, NULL, 3, NULL, 'test', '2.00', '100.00', '200.00', '01639459430.jpg', NULL, NULL, NULL, NULL, NULL, NULL, NULL, NULL, 2, 2),
(5, 1, NULL, NULL, 'Pen', '2.00', '100.00', '200.00', '01639460047.jpg', NULL, NULL, NULL, NULL, NULL, NULL, NULL, NULL, 1, 1);

-- --------------------------------------------------------

--
-- Table structure for table `fms_liquidation_tbl`
--

CREATE TABLE `fms_liquidation_tbl` (
  `liquidationID` bigint(20) NOT NULL,
  `reviseLiquidationID` bigint(20) DEFAULT NULL,
  `pettyCashRequestID` bigint(15) DEFAULT NULL,
  `voucherID` int(50) DEFAULT NULL,
  `chartOfAccountID` bigint(255) NOT NULL,
  `liquidationReferenceNumber` varchar(255) COLLATE utf8mb4_unicode_ci NOT NULL,
  `liquidationAmount` decimal(15,2) DEFAULT NULL,
  `liquidationVatAmount` decimal(15,2) NOT NULL,
  `liquidationExpenses` decimal(15,2) DEFAULT NULL,
  `liquidationBudget` decimal(15,2) DEFAULT NULL,
  `liquidationExcessOrShortage` decimal(15,2) DEFAULT NULL,
  `liquidationDispositionofExcessOrShortage` varchar(250) COLLATE utf8mb4_unicode_ci DEFAULT NULL,
  `employeeID` bigint(20) NOT NULL,
  `liquidationDate` varchar(255) COLLATE utf8mb4_unicode_ci NOT NULL,
  `approversID` text COLLATE utf8mb4_unicode_ci DEFAULT NULL,
  `approversStatus` text COLLATE utf8mb4_unicode_ci DEFAULT NULL,
  `approversDate` text COLLATE utf8mb4_unicode_ci DEFAULT NULL,
  `liquidationPurpose` varchar(250) COLLATE utf8mb4_unicode_ci DEFAULT NULL,
  `liquidationStatus` int(11) NOT NULL,
  `liquidationRemarks` longtext COLLATE utf8mb4_unicode_ci DEFAULT NULL,
  `submittedAt` timestamp NULL DEFAULT NULL,
  `createdBy` bigint(20) NOT NULL,
  `updatedBy` bigint(20) NOT NULL,
  `createdAt` timestamp NOT NULL DEFAULT current_timestamp(),
  `updatedAt` timestamp NOT NULL DEFAULT current_timestamp() ON UPDATE current_timestamp()
) ENGINE=InnoDB DEFAULT CHARSET=utf8mb4 COLLATE=utf8mb4_unicode_ci;

--
-- Dumping data for table `fms_liquidation_tbl`
--

INSERT INTO `fms_liquidation_tbl` (`liquidationID`, `reviseLiquidationID`, `pettyCashRequestID`, `voucherID`, `chartOfAccountID`, `liquidationReferenceNumber`, `liquidationAmount`, `liquidationVatAmount`, `liquidationExpenses`, `liquidationBudget`, `liquidationExcessOrShortage`, `liquidationDispositionofExcessOrShortage`, `employeeID`, `liquidationDate`, `approversID`, `approversStatus`, `approversDate`, `liquidationPurpose`, `liquidationStatus`, `liquidationRemarks`, `submittedAt`, `createdBy`, `updatedBy`, `createdAt`, `updatedAt`) VALUES
(1, NULL, 1, NULL, 2, 'PCR-20-00001', '0.00', '0.00', '2000.00', '0.00', '0.00', '', 2, 'October 13, 2021', '2', '2', '2021-10-19 10:57:28', 'test', 2, NULL, '2021-10-19 10:57:28', 2, 2, '2021-10-19 10:57:28', '2021-10-19 02:57:30');

-- --------------------------------------------------------

--
-- Table structure for table `fms_payment_request_tbl`
--

CREATE TABLE `fms_payment_request_tbl` (
  `paymentRequestID` bigint(20) NOT NULL,
  `revisePaymentRequestID` bigint(20) DEFAULT NULL,
  `paymentRequestStatus` int(50) NOT NULL,
  `paymentRequestRemarks` longtext COLLATE utf8mb4_unicode_ci DEFAULT NULL,
  `paymentRequestReason` longtext COLLATE utf8mb4_unicode_ci NOT NULL,
  `requestorID` bigint(20) DEFAULT NULL,
  `referenceCode` text COLLATE utf8mb4_unicode_ci DEFAULT NULL,
  `referencePurpose` longtext COLLATE utf8mb4_unicode_ci DEFAULT NULL,
  `amountWords` longtext COLLATE utf8mb4_unicode_ci DEFAULT NULL,
  `amount` decimal(10,2) DEFAULT NULL,
  `pettyRepID` bigint(20) DEFAULT NULL,
  `purchaseOrderID` bigint(20) DEFAULT NULL,
  `chartOfAccountID` bigint(20) DEFAULT NULL,
  `employeeID` bigint(20) NOT NULL,
  `approversID` text CHARACTER SET utf8mb4 DEFAULT NULL,
  `approversStatus` text COLLATE utf8mb4_unicode_ci DEFAULT NULL,
  `approversDate` text COLLATE utf8mb4_unicode_ci DEFAULT NULL,
  `submittedAt` timestamp NULL DEFAULT NULL,
  `createdBy` bigint(20) DEFAULT NULL,
  `updatedBy` bigint(20) DEFAULT NULL,
  `createdAt` timestamp NOT NULL DEFAULT current_timestamp(),
  `updatedAt` timestamp NOT NULL DEFAULT current_timestamp() ON UPDATE current_timestamp()
) ENGINE=InnoDB DEFAULT CHARSET=utf8mb4 COLLATE=utf8mb4_unicode_ci;

-- --------------------------------------------------------

--
-- Table structure for table `fms_petty_cash_replenishment_tbl`
--

CREATE TABLE `fms_petty_cash_replenishment_tbl` (
  `pettyRepID` bigint(20) NOT NULL,
  `revisePettyRepID` bigint(20) DEFAULT NULL,
  `pettyRepStatus` int(50) NOT NULL,
  `pettyRepRemarks` longtext COLLATE utf8mb4_unicode_ci DEFAULT NULL,
  `pettyRepReason` text COLLATE utf8mb4_unicode_ci NOT NULL,
  `pettyRepTotalBalance` decimal(19,2) NOT NULL,
  `employeeID` bigint(20) NOT NULL,
  `requestorID` bigint(20) DEFAULT NULL,
  `approversID` text COLLATE utf8mb4_unicode_ci DEFAULT NULL,
  `approversStatus` text COLLATE utf8mb4_unicode_ci DEFAULT NULL,
  `approversDate` text COLLATE utf8mb4_unicode_ci DEFAULT NULL,
  `submittedAt` timestamp NULL DEFAULT NULL,
  `createdBy` bigint(20) DEFAULT NULL,
  `updatedBy` bigint(20) DEFAULT NULL,
  `createdAt` timestamp NOT NULL DEFAULT current_timestamp(),
  `updatedAt` timestamp NOT NULL DEFAULT current_timestamp() ON UPDATE current_timestamp()
) ENGINE=InnoDB DEFAULT CHARSET=utf8mb4 COLLATE=utf8mb4_unicode_ci;

-- --------------------------------------------------------

--
-- Table structure for table `fms_petty_cash_request_details_tbl`
--

CREATE TABLE `fms_petty_cash_request_details_tbl` (
  `pettyCashRequestDetailsID` bigint(20) NOT NULL,
  `pettyCashRequestID` bigint(20) DEFAULT NULL,
  `pettyCashRequestDetailsDescription` varchar(100) COLLATE utf8mb4_unicode_ci DEFAULT NULL,
  `amount` decimal(15,2) NOT NULL,
  `files` text COLLATE utf8mb4_unicode_ci DEFAULT NULL,
  `createdBy` bigint(20) NOT NULL,
  `updatedBy` bigint(20) NOT NULL
) ENGINE=InnoDB DEFAULT CHARSET=utf8mb4 COLLATE=utf8mb4_unicode_ci;

-- --------------------------------------------------------

--
-- Table structure for table `fms_petty_cash_request_tbl`
--

CREATE TABLE `fms_petty_cash_request_tbl` (
  `pettyCashRequestID` bigint(20) NOT NULL,
  `revisePettyCashRequestID` bigint(20) DEFAULT NULL,
  `pettyCashRequestAmount` decimal(15,2) DEFAULT NULL,
  `employeeID` bigint(20) NOT NULL,
  `chartOfAccountID` bigint(25) NOT NULL,
  `pettyCashRequestDate` date NOT NULL,
  `approversID` text COLLATE utf8mb4_unicode_ci DEFAULT NULL,
  `approversStatus` text COLLATE utf8mb4_unicode_ci DEFAULT NULL,
  `approversDate` text COLLATE utf8mb4_unicode_ci DEFAULT NULL,
  `pettyCashRequestStatus` int(11) NOT NULL,
  `pettyCashRequestRemarks` longtext COLLATE utf8mb4_unicode_ci DEFAULT NULL,
  `pettyCashLiquidationStatus` int(11) NOT NULL,
  `submittedAt` timestamp NULL DEFAULT NULL,
  `createdBy` bigint(20) NOT NULL,
  `updatedBy` bigint(20) NOT NULL,
  `createdAt` timestamp NOT NULL DEFAULT current_timestamp(),
  `updatedAt` timestamp NOT NULL DEFAULT current_timestamp() ON UPDATE current_timestamp()
) ENGINE=InnoDB DEFAULT CHARSET=utf8mb4 COLLATE=utf8mb4_unicode_ci;

--
-- Dumping data for table `fms_petty_cash_request_tbl`
--

INSERT INTO `fms_petty_cash_request_tbl` (`pettyCashRequestID`, `revisePettyCashRequestID`, `pettyCashRequestAmount`, `employeeID`, `chartOfAccountID`, `pettyCashRequestDate`, `approversID`, `approversStatus`, `approversDate`, `pettyCashRequestStatus`, `pettyCashRequestRemarks`, `pettyCashLiquidationStatus`, `submittedAt`, `createdBy`, `updatedBy`, `createdAt`, `updatedAt`) VALUES
(1, NULL, '2000.00', 2, 2, '2021-10-13', '2', '2', '2021-10-19 07:23:08', 2, NULL, 1, '2021-10-19 07:23:08', 2, 2, '2021-10-19 07:23:08', '2021-10-19 02:57:30'),
(2, NULL, '200.00', 2, 1, '2021-12-14', '2', '2', '2021-12-14 13:22:04', 2, NULL, 0, '2021-12-14 13:22:04', 2, 2, '2021-12-14 13:22:04', '2021-12-14 05:22:07'),
(3, NULL, '200.00', 2, 17, '2021-12-14', '1', NULL, NULL, 1, NULL, 0, '2021-12-14 13:23:48', 2, 2, '2021-12-14 13:23:48', '2021-12-14 05:23:50');

-- --------------------------------------------------------

--
-- Table structure for table `gen_approval_setup_tbl`
--

CREATE TABLE `gen_approval_setup_tbl` (
  `approvalID` bigint(20) NOT NULL,
  `moduleID` bigint(20) NOT NULL,
  `moduleName` varchar(100) DEFAULT NULL,
  `designationID` bigint(20) NOT NULL,
  `roleID` bigint(20) NOT NULL,
  `userAccountID` text NOT NULL,
  `createdBy` bigint(20) NOT NULL,
  `updatedBy` bigint(20) NOT NULL,
  `createdAt` date NOT NULL DEFAULT current_timestamp(),
  `updatedAt` timestamp NOT NULL DEFAULT current_timestamp() ON UPDATE current_timestamp()
) ENGINE=InnoDB DEFAULT CHARSET=utf8mb4;

--
-- Dumping data for table `gen_approval_setup_tbl`
--

INSERT INTO `gen_approval_setup_tbl` (`approvalID`, `moduleID`, `moduleName`, `designationID`, `roleID`, `userAccountID`, `createdBy`, `updatedBy`, `createdAt`, `updatedAt`) VALUES
(128, 52, 'Sign-off', 0, 1, '0', 1, 1, '2021-04-07', '2021-04-07 05:57:06'),
(144, 58, 'Official Business', 1, 0, '2|3|5', 1, 1, '2021-04-12', '2021-04-12 02:42:56'),
(145, 58, 'Official Business', 6, 0, '1|3|0', 1, 1, '2021-04-12', '2021-04-12 02:43:30'),
(146, 58, 'Official Business', 9, 0, '1|3|0', 1, 1, '2021-04-12', '2021-04-12 02:44:28'),
(172, 37, 'Transfer Request', 1, 0, '2|3|4', 1, 1, '2021-04-30', '2021-04-30 00:55:25'),
(173, 37, 'Transfer Request', 2, 0, '0', 1, 1, '2021-04-30', '2021-04-30 00:55:05'),
(177, 44, 'Inventory Incident', 1, 0, '5|2|4', 1, 1, '2021-05-03', '2021-05-03 00:34:24'),
(180, 36, 'Disposal', 1, 0, '2|0|0', 1, 1, '2021-05-03', '2021-11-02 02:39:52'),
(181, 36, 'Disposal', 2, 0, '0', 1, 1, '2021-05-03', '2021-05-03 03:43:10'),
(182, 42, 'Material Withdrawal', 1, 0, '4|2|5', 1, 1, '2021-05-04', '2021-05-04 01:25:40'),
(184, 49, 'Service Requisition', 1, 0, '2|0|0', 1, 1, '2021-05-08', '2021-11-02 07:31:22'),
(185, 41, 'Service Order', 1, 0, '2|0|0', 1, 1, '2021-05-08', '2021-11-02 07:31:50'),
(187, 128, 'Service Completion', 1, 0, '2|0|0', 1, 1, '2021-05-11', '2021-11-02 07:32:15'),
(190, 43, 'Equipment Borrowing', 1, 0, '4|2|5', 1, 1, '2021-05-25', '2021-05-25 07:09:58'),
(193, 132, 'Liquidation', 1, 0, '4|0|0', 1, 1, '2021-06-23', '2021-09-01 23:18:58'),
(194, 54, 'Client Fund Request', 1, 0, '2|4|5', 1, 1, '2021-06-24', '2021-06-24 07:37:42'),
(212, 113, 'Personnel Requisition', 1, 0, '20|4|2', 1, 1, '2021-07-07', '2021-07-07 02:41:00'),
(213, 113, 'Personnel Requisition', 2, 0, '20|4|2', 1, 1, '2021-07-07', '2021-07-07 02:41:36'),
(214, 113, 'Personnel Requisition', 3, 0, '20|4|2', 1, 1, '2021-07-07', '2021-07-07 02:42:06'),
(215, 113, 'Personnel Requisition', 4, 0, '20|4|2', 1, 1, '2021-07-07', '2021-07-07 02:42:39'),
(216, 113, 'Personnel Requisition', 5, 0, '20|4|2', 1, 1, '2021-07-07', '2021-07-07 02:43:06'),
(217, 113, 'Personnel Requisition', 6, 0, '20|4|2', 1, 1, '2021-07-07', '2021-07-07 02:43:44'),
(218, 113, 'Personnel Requisition', 8, 0, '20|4|2', 1, 1, '2021-07-07', '2021-07-07 02:44:08'),
(219, 113, 'Personnel Requisition', 9, 0, '2|0|0', 1, 20, '2021-07-07', '2021-12-29 00:15:29'),
(220, 113, 'Personnel Requisition', 12, 0, '20|4|2', 1, 1, '2021-07-07', '2021-07-07 02:49:42'),
(221, 113, 'Personnel Requisition', 13, 0, '20|4|2', 1, 1, '2021-07-07', '2021-07-07 02:50:10'),
(222, 134, 'Client Fund Replenishment', 2, 0, '1|0|0', 1, 1, '2021-07-08', '2021-07-08 01:51:08'),
(224, 47, 'Purchase Order', 1, 0, '0', 1, 1, '2021-07-16', '2021-10-20 01:42:12'),
(225, 47, 'Purchase Order', 9, 0, '2|4|5', 1, 1, '2021-07-16', '2021-07-16 05:07:20'),
(226, 96, 'Check Voucher', 1, 0, '4|0|0', 1, 1, '2021-07-16', '2021-09-01 23:20:16'),
(227, 133, 'Petty Cash Replenishment', 1, 0, '4|0|0', 1, 1, '2021-07-19', '2021-09-01 23:17:17'),
(238, 123, 'Training and Development', 1, 0, '2|4|5', 1, 1, '2021-08-25', '2021-08-25 05:48:59'),
(263, 38, 'Cost Estimate', 1, 0, '2|0|0', 1, 1, '2021-10-13', '2021-10-13 01:10:00'),
(264, 38, 'Cost Estimate', 2, 0, '2|0|0', 1, 1, '2021-10-13', '2021-10-26 01:45:06'),
(265, 38, 'Cost Estimate', 3, 0, '6|3|0', 1, 1, '2021-10-13', '2021-10-13 01:10:00'),
(266, 38, 'Cost Estimate', 4, 0, '6|3|0', 1, 1, '2021-10-13', '2021-10-13 01:10:00'),
(267, 38, 'Cost Estimate', 5, 0, '6|3|0', 1, 1, '2021-10-13', '2021-10-13 01:10:00'),
(268, 38, 'Cost Estimate', 6, 0, '6|3|0', 1, 1, '2021-10-13', '2021-10-13 01:10:00'),
(269, 38, 'Cost Estimate', 7, 0, '6|3|0', 1, 1, '2021-10-13', '2021-10-13 01:10:00'),
(270, 38, 'Cost Estimate', 8, 0, '0', 1, 1, '2021-10-13', '2021-10-13 01:10:00'),
(271, 38, 'Cost Estimate', 9, 0, '0', 1, 1, '2021-10-13', '2021-10-13 01:10:00'),
(272, 38, 'Cost Estimate', 15, 0, '1|0|0', 1, 1, '2021-10-13', '2021-10-13 01:10:15'),
(320, 57, 'No Time In/Out', 1, 0, '2|4|5', 20, 20, '2021-10-19', '2021-10-19 02:15:26'),
(321, 57, 'No Time In/Out', 9, 0, '2|0|0', 20, 20, '2021-10-19', '2021-10-19 02:15:41'),
(322, 60, 'Change Schedule', 1, 0, '4|6|5', 20, 20, '2021-10-19', '2021-10-19 02:45:50'),
(323, 60, 'Change Schedule', 2, 0, '3|4|1', 20, 20, '2021-10-19', '2021-10-19 02:45:50'),
(324, 60, 'Change Schedule', 3, 0, '0', 20, 20, '2021-10-19', '2021-10-19 02:45:50'),
(325, 60, 'Change Schedule', 4, 0, '1|3|6', 20, 20, '2021-10-19', '2021-10-19 02:45:50'),
(326, 60, 'Change Schedule', 9, 0, '2|0|0', 20, 20, '2021-10-19', '2021-10-19 02:46:07'),
(340, 46, 'Purchase Request', 1, 0, '2|0|0', 1, 1, '2021-10-26', '2021-10-26 01:32:14'),
(341, 46, 'Purchase Request', 2, 0, '0', 1, 1, '2021-10-26', '2021-10-26 01:32:14'),
(342, 46, 'Purchase Request', 3, 0, '0', 1, 1, '2021-10-26', '2021-10-26 01:32:14'),
(343, 46, 'Purchase Request', 4, 0, '0', 1, 1, '2021-10-26', '2021-10-26 01:32:14'),
(344, 46, 'Purchase Request', 9, 0, '0', 1, 1, '2021-10-26', '2021-10-26 02:02:19'),
(345, 46, 'Purchase Request', 15, 0, '0', 1, 1, '2021-10-26', '2021-10-26 02:02:19'),
(346, 46, 'Purchase Request', 16, 0, '2|0|0', 1, 1, '2021-10-26', '2021-10-26 01:32:25'),
(357, 45, 'Material Usage', 1, 0, '2|0|0', 1, 1, '2021-10-26', '2021-10-26 01:44:18'),
(358, 45, 'Material Usage', 2, 0, '28|0|0', 1, 1, '2021-10-26', '2021-10-26 01:44:35'),
(359, 45, 'Material Usage', 9, 0, '0', 1, 1, '2021-10-26', '2021-10-26 02:02:19'),
(360, 45, 'Material Usage', 15, 0, '0', 1, 1, '2021-10-26', '2021-10-26 02:02:19'),
(361, 45, 'Material Usage', 17, 0, '0', 1, 1, '2021-10-26', '2021-10-26 02:02:19'),
(362, 39, 'Bill of Material', 1, 0, '2|0|0', 1, 1, '2021-10-26', '2021-10-26 01:45:21'),
(363, 39, 'Bill of Material', 2, 0, '2|0|0', 1, 1, '2021-10-26', '2021-10-26 01:47:51'),
(364, 39, 'Bill of Material', 15, 0, '0', 1, 1, '2021-10-26', '2021-10-26 02:02:19'),
(376, 91, 'Manage Project Budget', 2, 0, '0', 1, 1, '2021-10-26', '2021-10-26 01:48:35'),
(377, 92, 'Project Management Board', 1, 0, '2|0|0', 1, 1, '2021-10-26', '2021-11-07 08:59:54'),
(378, 92, 'Project Management Board', 2, 0, '2|0|0', 1, 1, '2021-10-26', '2021-10-26 01:49:01'),
(379, 92, 'Project Management Board', 3, 0, '20|0|0', 1, 1, '2021-10-26', '2021-10-26 01:48:50'),
(380, 92, 'Project Management Board', 4, 0, '20|0|0', 1, 1, '2021-10-26', '2021-10-26 01:48:50'),
(381, 92, 'Project Management Board', 5, 0, '20|0|0', 1, 1, '2021-10-26', '2021-10-26 01:48:50'),
(382, 92, 'Project Management Board', 7, 0, '2|0|0', 1, 1, '2021-10-26', '2021-10-26 01:48:50'),
(383, 92, 'Project Management Board', 8, 0, '20|0|0', 1, 1, '2021-10-26', '2021-10-26 01:48:50'),
(384, 92, 'Project Management Board', 9, 0, '0', 1, 1, '2021-10-26', '2021-10-26 02:02:19'),
(385, 92, 'Project Management Board', 14, 0, '0', 1, 1, '2021-10-26', '2021-10-26 02:03:14'),
(402, 40, 'Bid Recap', 1, 0, '2|0|0', 1, 1, '2021-10-26', '2021-10-26 01:54:56'),
(403, 40, 'Bid Recap', 9, 0, '0', 1, 1, '2021-10-26', '2021-10-26 02:03:14'),
(404, 40, 'Bid Recap', 15, 0, '0', 1, 1, '2021-10-26', '2021-10-26 02:03:14'),
(405, 40, 'Bid Recap', 16, 0, '2|0|0', 1, 1, '2021-10-26', '2021-10-26 01:55:40'),
(406, 40, 'Bid Recap', 17, 0, '0', 1, 1, '2021-10-26', '2021-10-26 02:03:14'),
(407, 35, 'Return Item', 1, 0, '2|0|0', 1, 1, '2021-10-26', '2021-10-26 01:56:57'),
(408, 35, 'Return Item', 2, 0, '28|0|0', 1, 1, '2021-10-26', '2021-10-26 01:56:57'),
(409, 35, 'Return Item', 9, 0, '0', 1, 1, '2021-10-26', '2021-10-26 02:03:14'),
(410, 35, 'Return Item', 15, 0, '0', 1, 1, '2021-10-26', '2021-10-26 02:03:14'),
(438, 125, 'Canvassing Form', 1, 0, '2', 1, 1, '2021-10-29', '2021-10-29 03:08:11'),
(458, 33, 'Inventory Receiving', 1, 0, '2|0|0', 1, 1, '2021-11-05', '2021-11-05 06:15:03'),
(459, 33, 'Inventory Receiving', 2, 0, '2|4|0', 1, 1, '2021-11-05', '2021-11-05 06:15:03'),
(460, 33, 'Inventory Receiving', 3, 0, '0', 1, 1, '2021-11-05', '2021-11-05 06:15:03'),
(461, 33, 'Inventory Receiving', 4, 0, '22|0|0', 1, 1, '2021-11-05', '2021-11-05 06:15:03'),
(462, 33, 'Inventory Receiving', 16, 0, '2|0|0', 1, 1, '2021-11-05', '2021-11-05 06:16:04'),
(463, 137, 'Inventory Requisition', 1, 0, '7|0|0', 1, 1, '2021-11-25', '2021-12-13 05:50:36'),
(464, 137, 'Inventory Requisition', 2, 0, '2|0|0', 1, 1, '2021-11-25', '2021-11-25 03:19:44'),
(465, 137, 'Inventory Requisition', 9, 0, '0', 1, 1, '2021-11-25', '2021-12-14 02:53:48'),
(466, 137, 'Inventory Requisition', 15, 0, '1|0|0', 1, 2, '2021-11-25', '2021-12-16 02:22:40'),
(467, 137, 'Inventory Requisition', 16, 0, '2|0|0', 1, 7, '2021-11-25', '2021-11-25 07:28:24'),
(468, 126, 'Inventory Validation', 1, 0, '2|0|0', 1, 1, '2021-11-25', '2021-11-25 03:20:23'),
(469, 126, 'Inventory Validation', 2, 0, '0', 1, 1, '2021-11-25', '2021-11-25 03:20:23'),
(470, 126, 'Inventory Validation', 3, 0, '0', 1, 1, '2021-11-25', '2021-11-25 03:20:23'),
(471, 126, 'Inventory Validation', 9, 0, '0', 1, 1, '2021-11-25', '2021-12-16 08:19:49'),
(472, 126, 'Inventory Validation', 15, 0, '0', 1, 1, '2021-11-25', '2021-12-16 08:19:49'),
(473, 126, 'Inventory Validation', 16, 0, '2|0|0', 1, 1, '2021-11-25', '2021-11-25 03:20:40'),
(474, 126, 'Inventory Validation', 17, 0, '0', 1, 1, '2021-11-25', '2021-12-16 08:19:49'),
(484, 111, 'Payroll Adjustment', 9, 0, '2|0|0', 20, 20, '2021-12-06', '2021-12-27 06:29:37'),
(485, 110, 'Payroll Module', 9, 0, '2|0|0', 20, 20, '2021-12-07', '2021-12-16 21:28:13'),
(498, 59, 'Loan', 1, 0, '2|3|4', 20, 20, '2021-12-09', '2021-12-09 06:24:32'),
(499, 59, 'Loan', 3, 0, '0', 20, 20, '2021-12-09', '2021-12-09 06:24:32'),
(500, 59, 'Loan', 8, 0, '0', 20, 20, '2021-12-09', '2021-12-16 08:19:49'),
(501, 59, 'Loan', 9, 0, '2|0|0', 20, 20, '2021-12-09', '2021-12-27 07:52:54'),
(507, 138, 'Change Request', 1, 0, '7|0|0', 2, 2, '2021-12-14', '2021-12-14 02:29:12'),
(508, 138, 'Change Request', 2, 0, '0', 2, 2, '2021-12-14', '2021-12-14 02:29:12'),
(509, 138, 'Change Request', 17, 0, '0', 2, 2, '2021-12-14', '2021-12-16 08:19:49'),
(514, 90, 'Project Timeline Builder', 1, 0, '2|0|0', 2, 2, '2021-12-14', '2021-12-14 02:29:46'),
(515, 90, 'Project Timeline Builder', 2, 0, '2|0|0', 2, 2, '2021-12-14', '2021-12-14 02:29:46'),
(516, 90, 'Project Timeline Builder', 3, 0, '20|4|2', 2, 2, '2021-12-14', '2021-12-14 02:29:46'),
(517, 90, 'Project Timeline Builder', 4, 0, '20|4|2', 2, 2, '2021-12-14', '2021-12-14 02:29:46'),
(518, 90, 'Project Timeline Builder', 5, 0, '20|4|2', 2, 2, '2021-12-14', '2021-12-14 02:29:46'),
(519, 90, 'Project Timeline Builder', 8, 0, '0', 2, 2, '2021-12-14', '2021-12-14 02:29:46'),
(520, 90, 'Project Timeline Builder', 9, 0, '0', 2, 2, '2021-12-14', '2021-12-14 02:29:46'),
(521, 90, 'Project Timeline Builder', 10, 0, '0', 2, 2, '2021-12-14', '2021-12-14 02:29:46'),
(522, 90, 'Project Timeline Builder', 11, 0, '0', 2, 2, '2021-12-14', '2021-12-14 02:29:46'),
(523, 90, 'Project Timeline Builder', 12, 0, '0', 2, 2, '2021-12-14', '2021-12-16 08:19:49'),
(524, 90, 'Project Timeline Builder', 13, 0, '0', 2, 2, '2021-12-14', '2021-12-16 08:19:49'),
(525, 90, 'Project Timeline Builder', 15, 0, '0', 2, 2, '2021-12-14', '2021-12-16 08:19:49'),
(531, 53, 'Petty Cash Request', 1, 0, '4|0|0', 2, 2, '2021-12-14', '2021-12-14 05:22:56'),
(532, 53, 'Petty Cash Request', 10, 0, '0', 2, 2, '2021-12-14', '2021-12-16 08:19:49'),
(533, 53, 'Petty Cash Request', 15, 0, '1|0|0', 2, 2, '2021-12-14', '2021-12-14 05:23:08'),
(552, 56, 'Overtime Request', 1, 0, '2|0|0', 2, 2, '2021-12-15', '2021-12-15 06:59:21'),
(553, 56, 'Overtime Request', 4, 0, '0', 2, 2, '2021-12-15', '2021-12-16 08:19:49'),
(554, 56, 'Overtime Request', 9, 0, '2|0|0', 2, 20, '2021-12-15', '2021-12-27 05:25:41'),
(555, 56, 'Overtime Request', 12, 0, '0', 2, 2, '2021-12-15', '2021-12-16 08:19:49'),
(556, 56, 'Overtime Request', 15, 0, '4|0|0', 2, 2, '2021-12-15', '2021-12-15 06:59:40'),
(561, 143, 'Production', 1, 0, '2|0|0', 20, 20, '2021-12-16', '2021-12-16 08:19:57'),
(562, 143, 'Production', 9, 0, '0|2|0', 20, 20, '2021-12-16', '2021-12-16 08:20:19'),
(563, 143, 'Production', 15, 0, '0', 20, 20, '2021-12-16', '2021-12-16 08:19:57'),
(564, 143, 'Production', 16, 0, '0', 20, 20, '2021-12-16', '2021-12-16 08:19:57'),
(565, 143, 'Production', 17, 0, '0', 20, 20, '2021-12-16', '2021-12-16 08:19:57'),
(568, 109, 'Timekeeping Module', 1, 0, '2|0|0', 1, 1, '2021-12-16', '2021-12-16 10:33:44'),
(569, 109, 'Timekeeping Module', 9, 0, '2|0|0', 1, 20, '2021-12-16', '2021-12-16 21:27:48'),
(570, 74, 'Salary Release', 9, 0, '2|0|0', 20, 20, '2021-12-16', '2021-12-16 21:29:50'),
(571, 95, 'Back Pay', 1, 0, '4|0|0', 20, 20, '2021-12-17', '2021-12-17 03:57:10'),
(572, 95, 'Back Pay', 9, 0, '2|0|0', 20, 20, '2021-12-17', '2021-12-17 03:59:03'),
(573, 112, '13th Month', 9, 0, '2|0|0', 20, 20, '2021-12-17', '2021-12-17 06:32:48'),
(574, 55, 'Leave Request', 1, 0, '4|2|6', 2, 2, '2021-12-24', '2021-12-24 00:51:55'),
(575, 55, 'Leave Request', 2, 0, '4|3|7', 2, 2, '2021-12-24', '2021-12-24 00:51:55'),
(576, 55, 'Leave Request', 9, 0, '2|0|0', 2, 20, '2021-12-24', '2021-12-28 23:47:21'),
(577, 55, 'Leave Request', 15, 0, '4|0|0', 2, 2, '2021-12-24', '2021-12-28 01:48:05'),
(578, 55, 'Leave Request', 16, 0, '2|0|0', 2, 2, '2021-12-24', '2021-12-24 00:52:23'),
(579, 55, 'Leave Request', 17, 0, '0', 2, 2, '2021-12-24', '2021-12-24 00:51:55'),
(580, 50, 'Personnel Requisition', 1, 0, '2|0|0', 2, 2, '2021-12-28', '2021-12-28 01:48:23'),
(581, 50, 'Personnel Requisition', 2, 0, '20|4|2', 2, 2, '2021-12-28', '2021-12-28 01:48:23'),
(582, 50, 'Personnel Requisition', 3, 0, '20|4|2', 2, 2, '2021-12-28', '2021-12-28 01:48:23'),
(583, 50, 'Personnel Requisition', 4, 0, '20|4|2', 2, 2, '2021-12-28', '2021-12-28 01:48:23'),
(584, 50, 'Personnel Requisition', 5, 0, '20|4|2', 2, 2, '2021-12-28', '2021-12-28 01:48:23'),
(585, 50, 'Personnel Requisition', 6, 0, '20|4|2', 2, 2, '2021-12-28', '2021-12-28 01:48:23'),
(586, 50, 'Personnel Requisition', 9, 0, '0', 2, 2, '2021-12-28', '2021-12-28 01:48:23'),
(587, 50, 'Personnel Requisition', 13, 0, '0', 2, 2, '2021-12-28', '2021-12-28 01:48:23'),
(588, 50, 'Personnel Requisition', 15, 0, '4|0|0', 2, 2, '2021-12-28', '2021-12-28 01:48:36');

-- --------------------------------------------------------

--
-- Table structure for table `gen_audit_tbl`
--

CREATE TABLE `gen_audit_tbl` (
  `auditID` bigint(20) NOT NULL,
  `moduleID` bigint(20) NOT NULL,
  `moduleName` text COLLATE utf8mb4_unicode_ci NOT NULL,
  `auditType` text COLLATE utf8mb4_unicode_ci NOT NULL,
  `tableName` text COLLATE utf8mb4_unicode_ci NOT NULL,
  `auditDescription` text COLLATE utf8mb4_unicode_ci DEFAULT NULL,
  `auditColumn` text COLLATE utf8mb4_unicode_ci DEFAULT NULL,
  `auditOldData` text COLLATE utf8mb4_unicode_ci DEFAULT NULL,
  `auditNewData` text COLLATE utf8mb4_unicode_ci DEFAULT NULL,
  `accountablePerson` text COLLATE utf8mb4_unicode_ci NOT NULL,
  `createdAt` timestamp NOT NULL DEFAULT current_timestamp()
) ENGINE=InnoDB DEFAULT CHARSET=utf8mb4 COLLATE=utf8mb4_unicode_ci;

--
-- Dumping data for table `gen_audit_tbl`
--

INSERT INTO `gen_audit_tbl` (`auditID`, `moduleID`, `moduleName`, `auditType`, `tableName`, `auditDescription`, `auditColumn`, `auditOldData`, `auditNewData`, `accountablePerson`, `createdAt`) VALUES
(1, 0, '', 'update', 'gen_roles_permission_tbl', 'Administrator, Information Tech  updated the System Notification in ', 'permissionStatus', '1', '0', 'Administrator, Information Tech ', '2021-12-14 00:37:28'),
(2, 0, '', 'update', 'gen_roles_permission_tbl', 'Administrator, Information Tech  updated the System Notification in ', 'permissionStatus', '0', '1', 'Administrator, Information Tech ', '2021-12-14 00:37:31'),
(3, 0, '', 'update', 'gen_roles_permission_tbl', 'Administrator, Information Tech  updated the Company Profile in ', 'permissionStatus', '1', '0', 'Administrator, Information Tech ', '2021-12-14 00:37:40'),
(4, 0, '', 'update', 'gen_roles_permission_tbl', 'Administrator, Information Tech  updated the Company Profile in ', 'permissionStatus', '0', '1', 'Administrator, Information Tech ', '2021-12-14 00:37:42'),
(5, 0, '', 'update', 'gen_company_profile_tbl', 'Administrator, Information Tech  updated the Blackcoders Group Incorporated  in ', 'companyName|companyIncorpation|companyBusinessType|companyTelephone|companyWebsite|companyLogo|updatedBy|updatedAt', 'Blackcoders Group Incorporated|2021-12-13|2||theblackcoders.com|company-logo01639380937.png|1|2021-12-13 07:35:37', 'Blackcoders Group Incorporated |2017-07-13|0|(34)-4444-8765|www.theblackcoders.com|company-logo01639443263.png|2|2021-12-14 00:54:23', 'Administrator, Information Tech ', '2021-12-14 00:54:23'),
(6, 0, '', 'update', 'gen_company_profile_tbl', 'Administrator, Information Tech  updated the Blackcoders Group Incorporated  in ', 'companyIncorpation|companyLogo|updatedAt', '2017-07-13|company-logo01639443263.png|2021-12-14 00:54:23', '2017-05-17|company-logo01639448172.png|2021-12-14 02:16:12', 'Administrator, Information Tech ', '2021-12-14 02:16:12'),
(7, 0, '', 'update', 'gen_company_profile_tbl', 'Administrator, Information Tech  updated the Blackcoders Group Incorporated  in ', 'companyIncorpation|companyBarangay|companyCity|companyProvince|companyLogo|updatedAt', '2017-05-17|BARANGAY 288|BINONDO|NATIONAL CAPITAL REGION - MANILA|company-logo01639448172.png|2021-12-14 02:16:12', '2021-12-14|BALONG-BATO|SAN JUAN CITY|NATIONAL CAPITAL REGION - SECOND DISTRICT|company-logo01639448440.png|2021-12-14 02:20:40', 'Administrator, Information Tech ', '2021-12-14 02:20:40'),
(8, 0, '', 'update', 'gen_company_profile_tbl', 'Administrator, Information Tech  updated the Blackcoders Group Incorporated  in ', 'companyBarangay|companyLogo|updatedAt', 'BALONG-BATO|company-logo01639448440.png|2021-12-14 02:20:40', 'ADDITION HILLS|company-logo01639448456.png|2021-12-14 02:20:56', 'Administrator, Information Tech ', '2021-12-14 02:20:56'),
(9, 0, '', 'update', 'hris_production_tbl', 'Administrator, Information Tech  updated the PDN-21-00005 in ', 'productionStatus', '1', '4', 'Administrator, Information Tech ', '2021-12-14 02:28:42'),
(10, 0, '', 'update', 'hris_production_tbl', 'Administrator, Information Tech  updated the PRD-21-00006 in ', 'productionStatus|approversID|submittedAt|updatedBy', '0|||', '1|undefined|2021-12-14 10:42:24|20', 'Administrator, Information Tech ', '2021-12-14 02:42:25'),
(11, 0, '', 'update', 'hris_production_tbl', 'Administrator, Information Tech  updated the PDN-21-00006 in ', 'productionStatus', '1', '4', 'Administrator, Information Tech ', '2021-12-14 02:45:02'),
(12, 0, '', 'insert', 'hris_production_tbl', 'Administrator, Information Tech  added the PDN-21-00000 in ', NULL, NULL, NULL, 'Administrator, Information Tech ', '2021-12-14 03:16:50'),
(13, 0, '', 'update', 'hris_production_tbl', 'Administrator, Information Tech  updated the PDN-21-00006 in ', 'productionStatus|approversID|submittedAt', '4|2|2021-12-14 10:42:24', '1|undefined|2021-12-14 13:10:20', 'Administrator, Information Tech ', '2021-12-14 05:10:23'),
(14, 0, '', 'update', 'gen_company_profile_tbl', 'Administrator, Information Tech  updated the BlackCoders Group Incorporated in ', 'companyName|companyTIN|companyBuildingNo|companyBarangay|companyCity|companyZipcode|companyEmail|companyTelephone|companyLogo|updatedAt', 'Blackcoders Group Incorporated |234-256-786-543|One Corporate Antel Building|ADDITION HILLS|SAN JUAN CITY|2342|blackcoders@gmail.com|(34)-4444-8765|company-logo01639448456.png|2021-12-14 02:20:56', 'BlackCoders Group Incorporated|987-986-756-465|Antel Building|SAN ANTONIO|CITY OF PASIG|1908|theblackcoders@gmail.com|(45)-6789-0087|company-logo01639458755.png|2021-12-14 05:12:35', 'Administrator, Information Tech ', '2021-12-14 05:12:35'),
(15, 0, '', 'update', 'hris_production_tbl', 'Administrator, Information Tech  updated the PDN-21-00006 in ', 'productionStatus|approversDate|approversStatus|updatedBy', '1|||20', '2|2021-12-14 13:20:36|2|2', 'Administrator, Information Tech ', '2021-12-14 05:20:39'),
(16, 0, '', 'update', 'gen_approval_setup_tbl', 'Administrator, Information Tech  updated the Petty Cash Request Approvers in ', 'userAccountID|updatedAt', '0|2021-12-14 05:22:56', '1|0|0|2021-12-14 05:23:08', 'Administrator, Information Tech ', '2021-12-14 05:23:08'),
(17, 0, '', 'update', 'hris_production_tbl', 'Administrator, Information Tech  updated the PDN-21-00006 in ', 'productionStatus|productionReason|approversDate|approversStatus', '1|||', '3|addqdqd|2021-12-14 13:47:18|3', 'Administrator, Information Tech ', '2021-12-14 05:47:22'),
(18, 0, '', 'insert', 'hris_production_tbl', 'Administrator, Information Tech  added the PDN-21-00000 in ', NULL, NULL, NULL, 'Administrator, Information Tech ', '2021-12-14 05:55:36'),
(19, 0, '', 'update', 'gen_module_list_tbl', 'Administrator, Information Tech  updated the HR Dashboard in ', 'projectName|moduleName|updatedAt', 'Human Resource Information System|HRIS Dashboard|2021-03-23 23:58:14', 'Human Resources Information System|HR Dashboard|2021-12-14 06:09:40', 'Administrator, Information Tech ', '2021-12-14 06:09:40'),
(20, 4, 'Inventory Item Masterfile', 'insert', 'ims_inventory_item_tbl', 'Administrator, Information Tech  added the A4 White Bond Paper in Inventory Item Masterfile', NULL, NULL, NULL, 'Administrator, Information Tech ', '2021-12-14 06:24:05'),
(21, 4, 'Inventory Item Masterfile', 'update', 'ims_inventory_item_tbl', 'Administrator, Information Tech  updated the Tek Screw in Inventory Item Masterfile', 'updatedBy|updatedAt', '7|2021-12-07 02:58:42', '1|2021-12-14 06:24:59', 'Administrator, Information Tech ', '2021-12-14 06:24:59'),
(22, 0, '', 'update', 'gen_roles_permission_tbl', 'Administrator, Information Tech  updated the Back Pay in ', 'permissionStatus', '1', '0', 'Administrator, Information Tech ', '2021-12-14 06:25:36'),
(23, 0, '', 'update', 'gen_roles_permission_tbl', 'Administrator, Information Tech  updated the Back Pay in ', 'permissionStatus', '0', '1', 'Administrator, Information Tech ', '2021-12-14 06:25:38'),
(24, 6, 'Inventory Classification Masterfile', 'update', 'ims_inventory_classification_tbl', 'Administrator, Information Tech  updated the goods in Inventory Classification Masterfile', 'classificationStatus|updatedAt', '0|2021-07-29 02:51:42', '1|2021-12-14 06:27:57', 'Administrator, Information Tech ', '2021-12-14 06:27:57'),
(25, 4, 'Inventory Item Masterfile', 'update', 'ims_inventory_item_tbl', 'Administrator, Information Tech  updated the Tek Screw in Inventory Item Masterfile', 'reOrderLevel|updatedAt', '5|2021-12-14 06:24:59', '0|2021-12-14 06:30:40', 'Administrator, Information Tech ', '2021-12-14 06:30:40'),
(26, 4, 'Inventory Item Masterfile', 'update', 'ims_inventory_item_tbl', 'Administrator, Information Tech  updated the Common Nails in Inventory Item Masterfile', 'itemDescription|updatedAt', 'Common Nails|2021-10-21 00:26:31', 'Common Nails test|2021-12-14 06:32:29', 'Administrator, Information Tech ', '2021-12-14 06:32:29'),
(27, 4, 'Inventory Item Masterfile', 'update', 'ims_inventory_item_tbl', 'Administrator, Information Tech  updated the Electrical Tape in Inventory Item Masterfile', 'reOrderLevel|updatedBy|updatedAt', '5|1|2021-10-05 08:02:26', '0|2|2021-12-14 06:41:58', 'Administrator, Information Tech ', '2021-12-14 06:41:58'),
(28, 4, 'Inventory Item Masterfile', 'update', 'ims_inventory_item_tbl', 'Administrator, Information Tech  updated the Male Plug in Inventory Item Masterfile', 'itemDescription|updatedBy|updatedAt', 'Male Plug- Omni|1|2021-10-05 23:19:43', 'Male Plug- Omni test|2|2021-12-14 06:42:16', 'Administrator, Information Tech ', '2021-12-14 06:42:16'),
(29, 4, 'Inventory Item Masterfile', 'insert', 'ims_inventory_item_tbl', 'Administrator, Information Tech  added the Test in Inventory Item Masterfile', NULL, NULL, NULL, 'Administrator, Information Tech ', '2021-12-14 06:44:36'),
(30, 0, '', 'update', 'hris_production_tbl', 'Administrator, Information Tech  updated the PDN-21-00006 in ', 'productionStatus|approversID|submittedAt|updatedBy', '3|2|2021-12-14 13:10:20|2', '1|undefined|2021-12-14 14:50:12|20', 'Administrator, Information Tech ', '2021-12-14 06:50:14'),
(31, 4, 'Inventory Item Masterfile', 'update', 'ims_inventory_item_tbl', 'Administrator, Information Tech  updated the Tek Screw in Inventory Item Masterfile', 'unitOfMeasurementID|itemStatus|updatedAt', 'kilo|1|2021-12-14 06:30:40', 'pieces|0|2021-12-14 07:08:00', 'Administrator, Information Tech ', '2021-12-14 07:08:00'),
(32, 4, 'Inventory Item Masterfile', 'update', 'ims_inventory_item_tbl', 'Administrator, Information Tech  updated the Tek Screw in Inventory Item Masterfile', 'unitOfMeasurementID|reOrderLevel|itemDescription|itemStatus|updatedAt', 'pieces|0|Dewalt|0|2021-12-14 07:08:00', 'kilo|2|Dewalt gre|1|2021-12-14 07:09:19', 'Administrator, Information Tech ', '2021-12-14 07:09:19'),
(33, 0, '', 'update', 'gen_roles_permission_tbl', 'Administrator, Information Tech  updated the Personnel Module in ', 'permissionStatus', '0', '1', 'Administrator, Information Tech ', '2021-12-14 07:36:31'),
(34, 0, '', 'update', 'gen_roles_permission_tbl', 'Administrator, Information Tech  updated the Leave Monitoring in ', 'permissionStatus', '0', '1', 'Administrator, Information Tech ', '2021-12-14 07:37:44'),
(35, 0, '', 'insert', 'hris_leave_request_tbl', 'Administrator, Information Tech  added the LRF-21-00000 in ', NULL, NULL, NULL, 'Administrator, Information Tech ', '2021-12-14 07:39:03'),
(36, 0, '', 'insert', 'hris_leave_request_tbl', 'Administrator, Information Tech  added the LRF-21-00000 in ', NULL, NULL, NULL, 'Administrator, Information Tech ', '2021-12-14 07:39:21'),
(37, 0, '', 'insert', 'hris_leave_request_tbl', 'Administrator, Information Tech  added the LRF-21-00000 in ', NULL, NULL, NULL, 'Administrator, Information Tech ', '2021-12-14 07:40:53'),
(38, 0, '', 'insert', 'hris_leave_request_tbl', 'Administrator, Information Tech  added the LRF-21-00000 in ', NULL, NULL, NULL, 'Administrator, Information Tech ', '2021-12-14 07:42:14'),
(39, 0, '', 'insert', 'hris_leave_request_tbl', 'Administrator, Information Tech  added the LRF-21-00000 in ', NULL, NULL, NULL, 'Administrator, Information Tech ', '2021-12-14 07:43:31'),
(40, 0, '', 'update', 'gen_roles_permission_tbl', 'Administrator, Information Tech  updated the Leave Request in ', 'permissionStatus', '0', '1', 'Administrator, Information Tech ', '2021-12-14 07:45:14'),
(41, 0, '', 'update', 'gen_roles_permission_tbl', 'Administrator, Information Tech  updated the Leave Monitoring in ', 'permissionStatus', '0', '1', 'Administrator, Information Tech ', '2021-12-14 07:45:15'),
(42, 0, '', 'update', 'hris_leave_request_tbl', 'Administrator, Information Tech  updated the LRF-21-00022 in ', 'leaveStatus|approversStatus|approversDate|updatedBy|updatedAt', '0|||1|2021-12-14 07:43:31', '1|2|2021-12-14 15:46:10|4|2021-12-14 07:46:15', 'Administrator, Information Tech ', '2021-12-14 07:46:15'),
(43, 0, '', 'update', 'hris_leave_request_tbl', 'Administrator, Information Tech  updated the LRF-21-00022 in ', 'leaveStatus|approversStatus|approversDate|updatedBy|updatedAt', '1|2|2021-12-14 15:46:10|4|2021-12-14 07:46:15', '0|2|2|2021-12-14 15:46:10|2021-12-14 15:47:26|2|2021-12-14 07:47:28', 'Administrator, Information Tech ', '2021-12-14 07:47:28'),
(44, 0, '', 'update', 'gen_approval_setup_tbl', 'Administrator, Information Tech  updated the Leave Request Approvers in ', 'userAccountID|updatedBy|updatedAt', '0|20|2021-12-09 06:22:15', '2|0|0|1|2021-12-14 07:48:57', 'Administrator, Information Tech ', '2021-12-14 07:48:57'),
(45, 0, '', 'insert', 'hris_leave_request_tbl', 'Administrator, Information Tech  added the LRF-21-00000 in ', NULL, NULL, NULL, 'Administrator, Information Tech ', '2021-12-14 07:50:07'),
(46, 0, '', 'insert', 'hris_leave_request_tbl', 'Administrator, Information Tech  added the LRF-21-00000 in ', NULL, NULL, NULL, 'Administrator, Information Tech ', '2021-12-14 07:50:34'),
(47, 0, '', 'update', 'hris_leave_request_tbl', 'Administrator, Information Tech  updated the LRF-21-00023 in ', 'leaveStatus|approversStatus|approversDate|leaveRequestStatus|updatedBy|updatedAt', '0|||1|20|2021-12-14 07:50:07', '1|2|2021-12-14 15:51:25|2|2|2021-12-14 07:51:27', 'Administrator, Information Tech ', '2021-12-14 07:51:27'),
(48, 0, '', 'update', 'gen_roles_permission_tbl', 'Administrator, Information Tech  updated the Leave Request in ', 'permissionStatus', '0', '1', 'Administrator, Information Tech ', '2021-12-14 08:03:12'),
(49, 0, '', 'update', 'gen_roles_permission_tbl', 'Administrator, Information Tech  updated the Leave Type in ', 'permissionStatus', '0', '1', 'Administrator, Information Tech ', '2021-12-14 08:03:20'),
(50, 0, '', 'update', 'gen_approval_setup_tbl', 'Administrator, Information Tech  updated the Leave Request Approvers in ', 'userAccountID|updatedAt', '0|2021-12-14 08:04:08', '2|0|0|2021-12-14 08:04:19', 'Administrator, Information Tech ', '2021-12-14 08:04:19'),
(51, 0, '', 'insert', 'hris_leave_request_tbl', 'Administrator, Information Tech  added the LRF-21-00000 in ', NULL, NULL, NULL, 'Administrator, Information Tech ', '2021-12-14 08:04:47'),
(52, 0, '', 'insert', 'hris_leave_request_tbl', 'Administrator, Information Tech  added the LRF-21-00000 in ', NULL, NULL, NULL, 'Administrator, Information Tech ', '2021-12-14 08:05:04'),
(53, 0, '', 'insert', 'hris_leave_request_tbl', 'Administrator, Information Tech  added the LRF-21-00000 in ', NULL, NULL, NULL, 'Administrator, Information Tech ', '2021-12-14 08:05:19'),
(54, 0, '', 'insert', 'hris_leave_request_tbl', 'Administrator, Information Tech  added the LRF-21-00000 in ', NULL, NULL, NULL, 'Administrator, Information Tech ', '2021-12-14 08:05:36'),
(55, 0, '', 'insert', 'hris_leave_request_tbl', 'Administrator, Information Tech  added the LRF-21-00000 in ', NULL, NULL, NULL, 'Administrator, Information Tech ', '2021-12-14 08:05:49'),
(56, 0, '', 'insert', 'hris_leave_request_tbl', 'Administrator, Information Tech  added the LRF-21-00000 in ', NULL, NULL, NULL, 'Administrator, Information Tech ', '2021-12-14 08:06:05'),
(57, 0, '', 'insert', 'hris_leave_request_tbl', 'Administrator, Information Tech  added the LRF-21-00000 in ', NULL, NULL, NULL, 'Administrator, Information Tech ', '2021-12-14 08:06:17'),
(58, 0, '', 'update', 'hris_leave_request_tbl', 'Administrator, Information Tech  updated the LRF-21-00025 in ', 'leaveStatus|approversStatus|approversDate|leaveRequestStatus|updatedBy|updatedAt', '0|||1|28|2021-12-14 08:04:47', '1|2|2021-12-14 16:08:12|2|2|2021-12-14 08:08:14', 'Administrator, Information Tech ', '2021-12-14 08:08:14'),
(59, 0, '', 'update', 'hris_leave_request_tbl', 'Administrator, Information Tech  updated the LRF-21-00026 in ', 'leaveStatus|approversStatus|approversDate|leaveRequestStatus|updatedBy|updatedAt', '0|||1|28|2021-12-14 08:05:04', '1|2|2021-12-14 16:08:28|2|2|2021-12-14 08:08:30', 'Administrator, Information Tech ', '2021-12-14 08:08:30'),
(60, 0, '', 'update', 'hris_leave_request_tbl', 'Administrator, Information Tech  updated the LRF-21-00027 in ', 'leaveStatus|approversStatus|approversDate|leaveRequestStatus|updatedBy|updatedAt', '0|||1|28|2021-12-14 08:05:19', '1|2|2021-12-14 16:08:46|2|2|2021-12-14 08:08:48', 'Administrator, Information Tech ', '2021-12-14 08:08:48'),
(61, 0, '', 'update', 'hris_leave_request_tbl', 'Administrator, Information Tech  updated the LRF-21-00028 in ', 'leaveStatus|approversStatus|approversDate|leaveRequestStatus|updatedBy|updatedAt', '0|||1|28|2021-12-14 08:05:36', '1|2|2021-12-14 16:08:59|2|2|2021-12-14 08:09:01', 'Administrator, Information Tech ', '2021-12-14 08:09:01'),
(62, 0, '', 'update', 'hris_leave_request_tbl', 'Administrator, Information Tech  updated the LRF-21-00029 in ', 'leaveStatus|approversStatus|approversDate|leaveRequestStatus|updatedBy|updatedAt', '0|||1|28|2021-12-14 08:05:49', '1|2|2021-12-14 16:09:12|2|2|2021-12-14 08:09:14', 'Administrator, Information Tech ', '2021-12-14 08:09:14'),
(63, 0, '', 'update', 'hris_leave_request_tbl', 'Administrator, Information Tech  updated the LRF-21-00030 in ', 'leaveStatus|approversStatus|approversDate|leaveRequestStatus|updatedBy|updatedAt', '0|||1|28|2021-12-14 08:06:05', '1|2|2021-12-14 16:09:24|2|2|2021-12-14 08:09:26', 'Administrator, Information Tech ', '2021-12-14 08:09:26'),
(64, 5, 'Inventory Category Masterfile', 'update', 'ims_inventory_category_tbl', 'Administrator, Information Tech  updated the PPE in Inventory Category Masterfile', 'categoryStatus|updatedBy|updatedAt', '1|1|2021-06-01 00:26:31', '0|2|2021-12-14 23:47:22', 'Administrator, Information Tech ', '2021-12-14 23:47:22'),
(65, 6, 'Inventory Classification Masterfile', 'update', 'ims_inventory_classification_tbl', 'Administrator, Information Tech  updated the Goods in Inventory Classification Masterfile', 'classificationName|updatedBy|updatedAt', 'goods|1|2021-12-14 06:27:57', 'Goods|2|2021-12-14 23:49:53', 'Administrator, Information Tech ', '2021-12-14 23:49:53'),
(66, 6, 'Inventory Classification Masterfile', 'update', 'ims_inventory_classification_tbl', 'Administrator, Information Tech  updated the goods in Inventory Classification Masterfile', 'classificationName|updatedAt', 'Goods|2021-12-14 23:49:53', 'goods|2021-12-14 23:50:41', 'Administrator, Information Tech ', '2021-12-14 23:50:41'),
(67, 6, 'Inventory Classification Masterfile', 'insert', 'ims_inventory_classification_tbl', 'Administrator, Information Tech  added the Testing in Inventory Classification Masterfile', NULL, NULL, NULL, 'Administrator, Information Tech ', '2021-12-14 23:52:12'),
(68, 135, 'Vehicle Masterfile', 'update', 'ims_inventory_vehicle_tbl', 'Administrator, Information Tech  updated the Volkswaggen Beatle in Vehicle Masterfile', 'acquisitionDate|updatedBy', '2021-09-21|20', '2021-09-22|2', 'Administrator, Information Tech ', '2021-12-14 23:53:07'),
(69, 0, '', 'update', 'gen_module_list_tbl', 'Administrator, Information Tech  updated the Vehicle in ', 'moduleApprover|updatedAt', '1|2021-07-13 01:00:09', '0|2021-12-14 23:54:59', 'Administrator, Information Tech ', '2021-12-14 23:54:59'),
(70, 7, 'Inventory Storage Masterfile', 'insert', 'ims_inventory_storage_tbl', 'Administrator, Information Tech  added the Test Storage in Inventory Storage Masterfile', NULL, NULL, NULL, 'Administrator, Information Tech ', '2021-12-15 00:47:31'),
(71, 7, 'Inventory Storage Masterfile', 'update', 'ims_inventory_storage_tbl', 'Administrator, Information Tech  updated the Testing Storage in Inventory Storage Masterfile', 'inventoryStorageOfficeName|updatedAt', 'Test Storage|2021-12-15 00:47:31.033203', 'Testing Storage|2021-12-15 00:48:06.142787', 'Administrator, Information Tech ', '2021-12-15 00:48:06'),
(72, 130, 'Unit of Measurement Masterfile', 'insert', 'ims_uom_tbl', 'Administrator, Information Tech  added the piece in Unit of Measurement Masterfile', NULL, NULL, NULL, 'Administrator, Information Tech ', '2021-12-15 00:51:37'),
(73, 8, 'Inventory Vendor Masterfile', 'insert', 'ims_inventory_vendor_tbl', 'Administrator, Information Tech  added the Test in Inventory Vendor Masterfile', NULL, NULL, NULL, 'Administrator, Information Tech ', '2021-12-15 00:53:20'),
(74, 7, 'Inventory Storage Masterfile', 'update', 'ims_inventory_storage_tbl', 'Administrator, Information Tech  updated the Testing Storages in Inventory Storage Masterfile', 'inventoryStorageOfficeName|updatedAt', 'Testing Storage|2021-12-15 00:48:06.142787', 'Testing Storages|2021-12-15 00:53:55.810312', 'Administrator, Information Tech ', '2021-12-15 00:53:55'),
(75, 8, 'Inventory Vendor Masterfile', 'update', 'ims_inventory_vendor_tbl', 'Administrator, Information Tech  updated the Testing in Inventory Vendor Masterfile', 'inventoryVendorName|updatedAt', 'Test|2021-12-15 00:53:20', 'Testing|2021-12-15 00:54:28', 'Administrator, Information Tech ', '2021-12-15 00:54:28'),
(76, 8, 'Inventory Vendor Masterfile', 'update', 'ims_inventory_vendor_tbl', 'Administrator, Information Tech  updated the Testing in Inventory Vendor Masterfile', 'bankID|updatedAt', '2|2021-12-15 00:54:28', '3|2021-12-15 01:05:27', 'Administrator, Information Tech ', '2021-12-15 01:05:27'),
(77, 8, 'Inventory Vendor Masterfile', 'update', 'ims_inventory_vendor_tbl', 'Administrator, Information Tech  updated the Testing in Inventory Vendor Masterfile', 'inventoryVendorIndustry|updatedAt', 'Electronics|2021-12-15 01:05:27', 'Car Dealer|2021-12-15 01:08:49', 'Administrator, Information Tech ', '2021-12-15 01:08:49'),
(78, 12, 'Client Masterfile', 'update', 'pms_client_tbl', 'Administrator, Information Tech  updated the Lingsat Warehouse in Client Masterfile', 'client_MobileNo|updatedBy|updatedAt', '0965-874-5464|1|2021-10-07 00:33:47', '0965-874-3456|2|2021-12-15 01:11:03', 'Administrator, Information Tech ', '2021-12-15 01:11:03'),
(79, 0, '', 'update', 'gen_approval_setup_tbl', 'Administrator, Information Tech  updated the Leave Request Approvers in ', 'userAccountID|updatedAt', '2|0|0|2021-12-14 08:04:19', '2|1|0|2021-12-15 01:21:41', 'Administrator, Information Tech ', '2021-12-15 01:21:41'),
(80, 0, '', 'insert', 'hris_leave_request_tbl', 'Administrator, Information Tech  added the LRF-21-00000 in ', NULL, NULL, NULL, 'Administrator, Information Tech ', '2021-12-15 01:23:30'),
(81, 0, '', 'update', 'hris_leave_request_tbl', 'Administrator, Information Tech  updated the LRF-21-00032 in ', 'approversStatus|approversDate|updatedBy|updatedAt', '||28|2021-12-15 01:23:30', '2|2021-12-15 09:24:13|2|2021-12-15 01:24:15', 'Administrator, Information Tech ', '2021-12-15 01:24:15'),
(82, 0, '', 'update', 'hris_leave_request_tbl', 'Administrator, Information Tech  updated the LRF-21-00032 in ', 'leaveStatus|approversStatus|approversDate|leaveRequestStatus|updatedBy|updatedAt', '0|2|2021-12-15 09:24:13|1|2|2021-12-15 01:24:15', '1|2|2|2021-12-15 09:24:13|2021-12-15 09:24:43|2|1|2021-12-15 01:24:46', 'Administrator, Information Tech ', '2021-12-15 01:24:46'),
(83, 0, '', 'update', 'hris_leave_request_tbl', 'Administrator, Information Tech  updated the LRF-21-00031 in ', 'leaveStatus|approversStatus|approversDate|leaveRequestStatus|updatedBy|updatedAt', '0|||1|28|2021-12-14 08:06:17', '1|2|2021-12-15 09:25:46|2|2|2021-12-15 01:25:50', 'Administrator, Information Tech ', '2021-12-15 01:25:50'),
(84, 131, 'Service Masterfile', 'insert', 'ims_services_tbl', 'Administrator, Information Tech  added the Training in Service Masterfile', NULL, NULL, NULL, 'Administrator, Information Tech ', '2021-12-15 01:30:42'),
(85, 0, '', 'insert', 'hris_leave_request_tbl', 'Administrator, Information Tech  added the LRF-21-00000 in ', NULL, NULL, NULL, 'Administrator, Information Tech ', '2021-12-15 01:36:52'),
(86, 0, '', 'update', 'hris_leave_request_tbl', 'Administrator, Information Tech  updated the LRF-21-00012 in ', 'leaveRequestDate|leaveRequestNumberOfDate|approversStatus|approversDate|leaveRequestStatus|updatedBy|updatedAt', 'December 06, 2021 - December 06, 2021|-1|||1|2|2021-12-06 06:34:50', '2021-12-08|1|2|2021-12-15 09:37:35|2|1|2021-12-15 01:38:11', 'Administrator, Information Tech ', '2021-12-15 01:38:11'),
(87, 131, 'Service Masterfile', 'update', 'ims_services_tbl', 'Administrator, Information Tech  updated the CCTV Installation in Service Masterfile', 'serviceDescription|updatedBy|updatedAt', 'Install CCTVs for a specific client|1|2021-05-28 06:20:15', 'Install CCTVs for a specific clients|2|2021-12-15 01:39:24', 'Administrator, Information Tech ', '2021-12-15 01:39:24'),
(88, 131, 'Service Masterfile', 'update', 'ims_services_tbl', 'Administrator, Information Tech  updated the Training in Service Masterfile', 'serviceStatus|updatedAt', '1|2021-12-15 01:30:42', '0|2021-12-15 01:40:19', 'Administrator, Information Tech ', '2021-12-15 01:40:19'),
(89, 8, 'Inventory Vendor Masterfile', 'update', 'ims_inventory_vendor_tbl', 'Administrator, Information Tech  updated the Testing in Inventory Vendor Masterfile', 'inventoryVendorZipCode|updatedAt', '|2021-12-15 01:08:49', '1234|2021-12-15 01:59:18', 'Administrator, Information Tech ', '2021-12-15 01:59:18'),
(90, 27, 'Award Masterfile', 'insert', 'hris_award_tbl', 'Administrator, Information Tech  added the Test in Award Masterfile', NULL, NULL, NULL, 'Administrator, Information Tech ', '2021-12-15 02:12:52'),
(91, 27, 'Award Masterfile', 'update', 'hris_award_tbl', 'Administrator, Information Tech  updated the Testing in Award Masterfile', 'awardTitle|updatedAt', 'Test|2021-12-15 02:12:52', 'Testing|2021-12-15 02:13:20', 'Administrator, Information Tech ', '2021-12-15 02:13:20'),
(92, 18, 'Department Masterfile', 'insert', 'hris_department_tbl', 'Administrator, Information Tech  added the Test Department in Department Masterfile', NULL, NULL, NULL, 'Administrator, Information Tech ', '2021-12-15 02:21:59'),
(93, 19, 'Requirement Masterfile', 'insert', 'hris_requirement_tbl', 'Administrator, Information Tech  added the TEST in Requirement Masterfile', NULL, NULL, NULL, 'Administrator, Information Tech ', '2021-12-15 02:22:17'),
(94, 12, 'Client Masterfile', 'update', 'pms_client_tbl', 'Administrator, Information Tech  updated the DeltaMike Security Inc. in Client Masterfile', 'clientContract|updatedBy|updatedAt', 'IMG_182901634603324.JPG|20|2021-10-19 00:28:44', 'IMG_182901634603324.JPG|1way angle valve01639534960.png|2|2021-12-15 02:22:40', 'Administrator, Information Tech ', '2021-12-15 02:22:40'),
(95, 31, 'Training and Development Masterfile', 'update', 'hris_training_development_setup_tbl', 'Administrator, Information Tech  updated the Code Ethics in Training and Development Masterfile', 'employeeID|trainingDevelopmentSetupStatus|updatedBy|updatedAt', '3|0|1|2021-09-07 01:54:14', '4|1|2|2021-12-15 02:23:17', 'Administrator, Information Tech ', '2021-12-15 02:23:17'),
(96, 5, 'Inventory Category Masterfile', 'update', 'ims_inventory_category_tbl', 'Administrator, Information Tech  updated the PPE in Inventory Category Masterfile', 'categoryStatus|updatedAt', '0|2021-12-14 23:47:22', '1|2021-12-15 02:25:44', 'Administrator, Information Tech ', '2021-12-15 02:25:44'),
(97, 140, 'Inventory Asset Masterfile', 'update', 'ims_inventory_asset_tbl', 'Administrator, Information Tech  updated the Claw Hammer in Inventory Asset Masterfile', 'assetImage|updatedBy|updatedAt', '01633421183.png|1|2021-10-05 08:06:23', 'inventory-asset01639535172.png|2|2021-12-15 02:26:12', 'Administrator, Information Tech ', '2021-12-15 02:26:12'),
(98, 11, 'Project List Masterfile', 'update', 'pms_project_list_tbl', 'Administrator, Information Tech  updated the Biometrics Installation in Project List Masterfile', 'projectListStatus|updatedBy|updatedAt', '0|1|2021-08-03 05:07:30', '1|2|2021-12-15 02:27:18', 'Administrator, Information Tech ', '2021-12-15 02:27:18'),
(99, 31, 'Training and Development Masterfile', 'update', 'hris_training_development_setup_tbl', 'Administrator, Information Tech  updated the ISTQB in Training and Development Masterfile', 'trainingDevelopmentSetupModuleFile|updatedBy|updatedAt', '|0|2021-09-01 05:27:36', 'training-development-setup01639535304.pdf|2|2021-12-15 02:28:24', 'Administrator, Information Tech ', '2021-12-15 02:28:24'),
(100, 0, '', 'update', 'hris_overtime_request_tbl', 'Administrator, Information Tech  updated the OTR-21-00001 in ', 'overtimeRequestStatus|updatedAt', '1|2021-12-01 03:20:40', '4|2021-12-15 02:39:49', 'Administrator, Information Tech ', '2021-12-15 02:39:49'),
(101, 0, '', 'insert', 'hris_leave_request_tbl', 'Administrator, Information Tech  added the LRF-21-00000 in ', NULL, NULL, NULL, 'Administrator, Information Tech ', '2021-12-15 03:29:09'),
(102, 0, '', 'update', 'gen_system_setting_tbl', 'Administrator, Information Tech  updated the Client Fund in ', '', '', '', 'Administrator, Information Tech ', '2021-12-15 03:43:50'),
(103, 0, '', 'update', 'gen_system_setting_tbl', 'Administrator, Information Tech  updated the Petty Cash in ', '', '', '', 'Administrator, Information Tech ', '2021-12-15 03:43:58'),
(104, 0, '', 'update', 'gen_system_setting_tbl', 'Administrator, Information Tech  updated the Client Fund in ', '', '', '', 'Administrator, Information Tech ', '2021-12-15 03:44:10'),
(105, 13, 'Project Category Masterfile', 'update', 'pms_category_tbl', 'Administrator, Information Tech  updated the Infrastructures in Project Category Masterfile', 'categoryName|updatedBy|updatedAt', 'Infrastructure|1|2021-07-29 02:42:56', 'Infrastructures|2|2021-12-15 04:50:21', 'Administrator, Information Tech ', '2021-12-15 04:50:21'),
(106, 135, 'Vehicle Masterfile', 'update', 'ims_inventory_vehicle_tbl', 'Administrator, Information Tech  updated the Volkswaggen Beatle in Vehicle Masterfile', 'vehicleGasType|vehicleSalvageValue|vehicleDepreciation|vehicleHourRate', '1|100000.00|16666.67|23.15', '2|100.00|17156.37|23.83', 'Administrator, Information Tech ', '2021-12-15 04:51:48'),
(107, 135, 'Vehicle Masterfile', 'update', 'ims_inventory_vehicle_tbl', 'Administrator, Information Tech  updated the Volkswaggen Beatle in Vehicle Masterfile', 'vehicleCost|vehicleDepreciation|vehicleHourRate', '3500000.00|17156.37|23.83', '350000.00|1715.20|2.38', 'Administrator, Information Tech ', '2021-12-15 04:53:09'),
(108, 0, '', 'insert', 'hris_overtime_request_tbl', 'Administrator, Information Tech  added the OTR-21-00000 in ', NULL, NULL, NULL, 'Administrator, Information Tech ', '2021-12-15 05:01:03'),
(109, 0, '', 'insert', 'hris_overtime_request_tbl', 'Administrator, Information Tech  added the OTR-21-00000 in ', NULL, NULL, NULL, 'Administrator, Information Tech ', '2021-12-15 05:04:51'),
(110, 0, '', 'insert', 'hris_overtime_request_tbl', 'Administrator, Information Tech  added the OTR-21-00000 in ', NULL, NULL, NULL, 'Administrator, Information Tech ', '2021-12-15 05:05:21'),
(111, 0, '', 'update', 'gen_approval_setup_tbl', 'Administrator, Information Tech  updated the Production Approvers in ', 'userAccountID|updatedBy|updatedAt', '0|2|2021-12-14 02:30:19', '2|0|0|1|2021-12-15 05:17:56', 'Administrator, Information Tech ', '2021-12-15 05:17:56'),
(112, 0, '', 'update', 'hris_production_tbl', 'Administrator, Information Tech  updated the PRD-21-00012 in ', 'productionStatus|submittedAt|updatedBy', '0||', '1|2021-12-15 13:23:11|1', 'Administrator, Information Tech ', '2021-12-15 05:23:14'),
(113, 0, '', 'update', 'hris_production_tbl', 'Administrator, Information Tech  updated the PRD-21-00013 in ', 'productionStatus|submittedAt|updatedBy', '0||', '1|2021-12-15 13:23:23|1', 'Administrator, Information Tech ', '2021-12-15 05:23:26'),
(114, 0, '', 'insert', 'hris_overtime_request_tbl', 'Administrator, Information Tech  added the OTR-21-00000 in ', NULL, NULL, NULL, 'Administrator, Information Tech ', '2021-12-15 05:41:29'),
(115, 0, '', 'insert', 'hris_leave_request_tbl', 'Administrator, Information Tech  added the LRF-21-00000 in ', NULL, NULL, NULL, 'Administrator, Information Tech ', '2021-12-15 06:30:01'),
(116, 0, '', 'insert', 'hris_leave_request_tbl', 'Administrator, Information Tech  added the LRF-21-00000 in ', NULL, NULL, NULL, 'Administrator, Information Tech ', '2021-12-15 06:30:32'),
(117, 0, '', 'insert', 'hris_overtime_request_tbl', 'Administrator, Information Tech  added the OTR-21-00000 in ', NULL, NULL, NULL, 'Administrator, Information Tech ', '2021-12-15 06:38:06'),
(118, 0, '', 'insert', 'hris_overtime_request_tbl', 'Administrator, Information Tech  added the OTR-21-00000 in ', NULL, NULL, NULL, 'Administrator, Information Tech ', '2021-12-15 06:38:20'),
(119, 0, '', 'insert', 'hris_leave_request_tbl', 'Administrator, Information Tech  added the LRF-21-00000 in ', NULL, NULL, NULL, 'Administrator, Information Tech ', '2021-12-15 06:38:48'),
(120, 0, '', 'insert', 'hris_overtime_request_tbl', 'Administrator, Information Tech  added the OTR-21-00000 in ', NULL, NULL, NULL, 'Administrator, Information Tech ', '2021-12-15 06:43:55'),
(121, 0, '', 'update', 'gen_approval_setup_tbl', 'Administrator, Information Tech  updated the Overtime Request Approvers in ', 'userAccountID|updatedAt', '0|2021-12-15 06:44:19', '2|0|0|2021-12-15 06:44:30', 'Administrator, Information Tech ', '2021-12-15 06:44:30'),
(122, 0, '', 'insert', 'hris_overtime_request_tbl', 'Administrator, Information Tech  added the OTR-21-00000 in ', NULL, NULL, NULL, 'Administrator, Information Tech ', '2021-12-15 06:44:58'),
(123, 0, '', 'update', 'hris_overtime_request_tbl', 'Administrator, Information Tech  updated the OTR-21-00029 in ', 'overtimeRequestStatus|updatedAt', '1|2021-12-15 06:44:58', '4|2021-12-15 06:45:14', 'Administrator, Information Tech ', '2021-12-15 06:45:14'),
(124, 0, '', 'update', 'hris_overtime_request_tbl', 'Administrator, Information Tech  updated the OTR-21-00029 in ', 'overtimeRequestReason|overtimeRequestStatus|submittedAt|updatedAt', 'test|4|2021-12-15 14:44:56|2021-12-15 06:45:14', 'testing|1|2021-12-15 14:45:30|2021-12-15 06:45:32', 'Administrator, Information Tech ', '2021-12-15 06:45:32'),
(125, 0, '', 'insert', 'hris_overtime_request_tbl', 'Administrator, Information Tech  added the OTR-21-00000 in ', NULL, NULL, NULL, 'Administrator, Information Tech ', '2021-12-15 06:47:22'),
(126, 0, '', 'insert', 'hris_overtime_request_tbl', 'Administrator, Information Tech  added the OTR-21-00000 in ', NULL, NULL, NULL, 'Administrator, Information Tech ', '2021-12-15 06:48:09'),
(127, 0, '', 'insert', 'hris_overtime_request_tbl', 'Administrator, Information Tech  added the OTR-21-00000 in ', NULL, NULL, NULL, 'Administrator, Information Tech ', '2021-12-15 06:53:54'),
(128, 0, '', 'insert', 'hris_overtime_request_tbl', 'Administrator, Information Tech  added the OTR-21-00000 in ', NULL, NULL, NULL, 'Administrator, Information Tech ', '2021-12-15 06:54:53'),
(129, 0, '', 'update', 'gen_approval_setup_tbl', 'Administrator, Information Tech  updated the Overtime Request Approvers in ', 'userAccountID|updatedAt', '0|2021-12-15 06:59:21', '4|0|0|2021-12-15 06:59:40', 'Administrator, Information Tech ', '2021-12-15 06:59:40'),
(130, 0, '', 'insert', 'hris_overtime_request_tbl', 'Administrator, Information Tech  added the OTR-21-00000 in ', NULL, NULL, NULL, 'Administrator, Information Tech ', '2021-12-15 07:46:28'),
(131, 0, '', 'insert', 'hris_overtime_request_tbl', 'Administrator, Information Tech  added the OTR-21-00000 in ', NULL, NULL, NULL, 'Administrator, Information Tech ', '2021-12-15 07:46:54'),
(132, 0, '', 'update', 'hris_leave_request_tbl', 'Administrator, Information Tech  updated the LRF-21-00024 in ', 'leaveStatus|approversStatus|approversDate|leaveRequestStatus|updatedBy|updatedAt', '0|||1|20|2021-12-14 07:50:34', '1|2|2021-12-15 15:47:50|2|2|2021-12-15 07:47:53', 'Administrator, Information Tech ', '2021-12-15 07:47:53'),
(133, 0, '', 'insert', 'hris_leave_request_tbl', 'Administrator, Information Tech  added the LRF-21-00000 in ', NULL, NULL, NULL, 'Administrator, Information Tech ', '2021-12-15 07:49:00'),
(134, 0, '', 'update', 'hris_leave_request_tbl', 'Administrator, Information Tech  updated the LRF-21-00037 in ', 'approversStatus|approversDate|updatedBy|updatedAt', '||1|2021-12-15 06:38:48', '2|2021-12-15 15:49:42|4|2021-12-15 07:49:48', 'Administrator, Information Tech ', '2021-12-15 07:49:48'),
(135, 0, '', 'update', 'hris_leave_request_tbl', 'Administrator, Information Tech  updated the LRF-21-00033 in ', 'approversStatus|approversDate|updatedBy|updatedAt', '||1|2021-12-15 01:36:52', '2|2021-12-15 15:49:59|4|2021-12-15 07:50:02', 'Administrator, Information Tech ', '2021-12-15 07:50:02'),
(136, 0, '', 'update', 'gen_roles_permission_tbl', 'Administrator, Information Tech  updated the Audit Trail in ', 'permissionStatus', '0', '1', 'Administrator, Information Tech ', '2021-12-15 07:55:01'),
(137, 0, '', 'update', 'gen_module_list_tbl', 'Administrator, Information Tech  updated the Salary Release in ', '', '', '', 'Administrator, Information Tech ', '2021-12-15 07:58:01'),
(138, 0, '', 'update', 'gen_module_list_tbl', 'Administrator, Information Tech  updated the Salary Release in ', 'moduleCategoryID|updatedAt', '8|2021-12-01 08:26:27', '11|2021-12-15 08:00:46', 'Administrator, Information Tech ', '2021-12-15 08:00:46'),
(139, 0, '', 'update', 'gen_module_list_tbl', 'Administrator, Information Tech  updated the Back Pay in ', 'moduleCategoryID|updatedAt', '8|2021-11-29 02:40:03', '11|2021-12-15 08:01:03', 'Administrator, Information Tech ', '2021-12-15 08:01:03'),
(140, 18, 'Department Masterfile', 'update', 'hris_department_tbl', 'Administrator, Information Tech  updated the Test Department in Department Masterfile', 'departmentStatus|updatedBy|updatedAt', '1|2|2021-12-15 02:21:59', '0|20|2021-12-15 08:17:48', 'Administrator, Information Tech ', '2021-12-15 08:17:48'),
(141, 0, '', 'insert', 'hris_leave_request_tbl', 'Administrator, Information Tech  added the LRF-21-00000 in ', NULL, NULL, NULL, 'Administrator, Information Tech ', '2021-12-15 11:55:51'),
(142, 0, '', 'update', 'gen_company_profile_tbl', 'Diangzon, Arjay  updated the BlackCoders Group Incorporated in ', 'companyIncorpation|companyLogo|updatedAt', '2021-12-14|company-logo01639458755.png|2021-12-14 05:12:35', '2021-12-16|company-logo01639610962.png|2021-12-15 23:29:22', 'Diangzon, Arjay ', '2021-12-15 23:29:22'),
(143, 0, '', 'insert', 'hris_leave_request_tbl', 'Diangzon, Arjay  added the LRF-21-00000 in ', NULL, NULL, NULL, 'Diangzon, Arjay ', '2021-12-16 00:24:47'),
(144, 0, '', 'insert', 'hris_overtime_request_tbl', 'Diangzon, Arjay  added the OTR-21-00000 in ', NULL, NULL, NULL, 'Diangzon, Arjay ', '2021-12-16 00:40:04'),
(145, 0, '', 'update', 'hris_overtime_request_tbl', 'Verdadero, Charles  updated the OTR-21-00036 in ', 'approversStatus|approversDate|overtimeRequestStatus|updatedBy|updatedAt', '||1|2|2021-12-16 00:40:04', '2|2021-12-16 08:41:49|2|4|2021-12-16 00:41:50', 'Verdadero, Charles ', '2021-12-16 00:41:50'),
(146, 0, '', 'update', 'hris_overtime_request_tbl', 'Verdadero, Charles  updated the OTR-21-00034 in ', 'approversStatus|approversDate|overtimeRequestStatus|updatedBy|updatedAt', '||1|2|2021-12-15 07:46:28', '2|2021-12-16 08:42:00|2|4|2021-12-16 00:42:01', 'Verdadero, Charles ', '2021-12-16 00:42:01'),
(147, 0, '', 'insert', 'hris_overtime_request_tbl', 'Diangzon, Arjay  added the OTR-21-00000 in ', NULL, NULL, NULL, 'Diangzon, Arjay ', '2021-12-16 00:42:52'),
(148, 0, '', 'update', 'hris_overtime_request_tbl', 'Verdadero, Charles  updated the OTR-21-00037 in ', 'approversStatus|approversDate|overtimeRequestStatus|updatedBy|updatedAt', '||1|2|2021-12-16 00:42:52', '2|2021-12-16 08:43:19|2|4|2021-12-16 00:43:20', 'Verdadero, Charles ', '2021-12-16 00:43:20'),
(149, 0, '', 'insert', 'hris_leave_request_tbl', 'Bamba, Rodeny Salomon added the LRF-21-00000 in ', NULL, NULL, NULL, 'Bamba, Rodeny Salomon', '2021-12-16 00:46:15'),
(150, 0, '', 'insert', 'hris_leave_request_tbl', 'Bamba, Rodeny Salomon added the LRF-21-00000 in ', NULL, NULL, NULL, 'Bamba, Rodeny Salomon', '2021-12-16 00:46:44'),
(151, 0, '', 'update', 'hris_leave_request_tbl', 'Diangzon, Arjay  updated the LRF-21-00041 in ', 'approversStatus|approversDate|updatedBy|updatedAt', '||28|2021-12-16 00:46:15', '2|2021-12-16 08:47:31|2|2021-12-16 00:47:33', 'Diangzon, Arjay ', '2021-12-16 00:47:33'),
(152, 0, '', 'update', 'hris_leave_request_tbl', 'Diangzon, Arjay  updated the LRF-21-00042 in ', 'approversStatus|approversDate|updatedBy|updatedAt', '||28|2021-12-16 00:46:44', '2|2021-12-16 08:48:14|2|2021-12-16 00:48:15', 'Diangzon, Arjay ', '2021-12-16 00:48:15'),
(153, 0, '', 'update', 'hris_leave_request_tbl', 'Administrator, Information Tech  updated the LRF-21-00042 in ', 'leaveStatus|approversStatus|approversDate|leaveRequestStatus|updatedBy|updatedAt', '0|2|2021-12-16 08:48:14|1|2|2021-12-16 00:48:15', '1|2|2|2021-12-16 08:48:14|2021-12-16 08:48:52|2|1|2021-12-16 00:48:53', 'Administrator, Information Tech ', '2021-12-16 00:48:53'),
(154, 0, '', 'update', 'hris_leave_request_tbl', 'Administrator, Information Tech  updated the LRF-21-00041 in ', 'approversStatus|approversDate|leaveRequestStatus|updatedBy|updatedAt', '2|2021-12-16 08:47:31|1|2|2021-12-16 00:47:33', '2|2|2021-12-16 08:47:31|2021-12-16 08:49:45|2|1|2021-12-16 00:49:46', 'Administrator, Information Tech ', '2021-12-16 00:49:46'),
(155, 0, '', 'insert', 'hris_leave_request_tbl', 'Bamba, Rodeny Salomon added the LRF-21-00000 in ', NULL, NULL, NULL, 'Bamba, Rodeny Salomon', '2021-12-16 00:55:01'),
(156, 0, '', 'insert', 'hris_leave_request_tbl', 'Bamba, Rodeny Salomon added the LRF-21-00000 in ', NULL, NULL, NULL, 'Bamba, Rodeny Salomon', '2021-12-16 00:55:17'),
(157, 0, '', 'insert', 'hris_leave_request_tbl', 'Bamba, Rodeny Salomon added the LRF-21-00000 in ', NULL, NULL, NULL, 'Bamba, Rodeny Salomon', '2021-12-16 00:55:34'),
(158, 0, '', 'insert', 'hris_leave_request_tbl', 'Bamba, Rodeny Salomon added the LRF-21-00000 in ', NULL, NULL, NULL, 'Bamba, Rodeny Salomon', '2021-12-16 00:55:50'),
(159, 0, '', 'update', 'hris_leave_request_tbl', 'Diangzon, Arjay  updated the LRF-21-00046 in ', 'approversStatus|approversDate|updatedBy|updatedAt', '||28|2021-12-16 00:55:50', '2|2021-12-16 08:57:04|2|2021-12-16 00:57:06', 'Diangzon, Arjay ', '2021-12-16 00:57:06'),
(160, 0, '', 'update', 'hris_leave_request_tbl', 'Diangzon, Arjay  updated the LRF-21-00045 in ', 'approversStatus|approversDate|updatedBy|updatedAt', '||28|2021-12-16 00:55:34', '2|2021-12-16 08:57:18|2|2021-12-16 00:57:20', 'Diangzon, Arjay ', '2021-12-16 00:57:20'),
(161, 0, '', 'update', 'hris_leave_request_tbl', 'Diangzon, Arjay  updated the LRF-21-00044 in ', 'approversStatus|approversDate|updatedBy|updatedAt', '||28|2021-12-16 00:55:17', '2|2021-12-16 08:57:30|2|2021-12-16 00:57:31', 'Diangzon, Arjay ', '2021-12-16 00:57:31'),
(162, 0, '', 'update', 'hris_leave_request_tbl', 'Diangzon, Arjay  updated the LRF-21-00043 in ', 'approversStatus|approversDate|updatedBy|updatedAt', '||28|2021-12-16 00:55:01', '2|2021-12-16 08:57:41|2|2021-12-16 00:57:43', 'Diangzon, Arjay ', '2021-12-16 00:57:43'),
(163, 0, '', 'update', 'hris_leave_request_tbl', 'Administrator, Information Tech  updated the LRF-21-00046 in ', 'leaveStatus|approversStatus|approversDate|leaveRequestStatus|updatedBy|updatedAt', '0|2|2021-12-16 08:57:04|1|2|2021-12-16 00:57:06', '1|2|2|2021-12-16 08:57:04|2021-12-16 08:58:15|2|1|2021-12-16 00:58:16', 'Administrator, Information Tech ', '2021-12-16 00:58:16'),
(164, 0, '', 'update', 'hris_leave_request_tbl', 'Administrator, Information Tech  updated the LRF-21-00045 in ', 'leaveStatus|approversStatus|approversDate|leaveRequestStatus|updatedBy|updatedAt', '0|2|2021-12-16 08:57:18|1|2|2021-12-16 00:57:20', '1|2|2|2021-12-16 08:57:18|2021-12-16 08:58:29|2|1|2021-12-16 00:58:30', 'Administrator, Information Tech ', '2021-12-16 00:58:30'),
(165, 0, '', 'update', 'hris_leave_request_tbl', 'Administrator, Information Tech  updated the LRF-21-00044 in ', 'leaveStatus|approversStatus|approversDate|leaveRequestStatus|updatedBy|updatedAt', '0|2|2021-12-16 08:57:30|1|2|2021-12-16 00:57:31', '1|2|2|2021-12-16 08:57:30|2021-12-16 08:58:45|2|1|2021-12-16 00:58:46', 'Administrator, Information Tech ', '2021-12-16 00:58:46'),
(166, 0, '', 'update', 'hris_leave_request_tbl', 'Administrator, Information Tech  updated the LRF-21-00043 in ', 'leaveStatus|approversStatus|approversDate|leaveRequestStatus|updatedBy|updatedAt', '0|2|2021-12-16 08:57:41|1|2|2021-12-16 00:57:43', '1|2|2|2021-12-16 08:57:41|2021-12-16 08:58:56|2|1|2021-12-16 00:58:57', 'Administrator, Information Tech ', '2021-12-16 00:58:57'),
(167, 0, '', 'insert', 'hris_leave_request_tbl', 'Administrator, Information Tech  added the LRF-21-00000 in ', NULL, NULL, NULL, 'Administrator, Information Tech ', '2021-12-16 02:06:40'),
(168, 0, '', 'update', 'hris_leave_request_tbl', 'Administrator, Information Tech  updated the LRF-21-00039 in ', 'leaveRequestDate|leaveRequestStatus|updatedAt', '2021-12-15|0|2021-12-15 11:55:51', '2021-12-16|4|2021-12-16 02:07:42', 'Administrator, Information Tech ', '2021-12-16 02:07:42'),
(169, 0, '', 'update', 'gen_approval_setup_tbl', 'Diangzon, Arjay  updated the Inventory Requisition Approvers in ', 'userAccountID|updatedBy|updatedAt', '0|1|2021-12-14 02:54:16', '1|0|0|2|2021-12-16 02:22:40', 'Diangzon, Arjay ', '2021-12-16 02:22:40'),
(170, 0, '', 'insert', 'hris_leave_request_tbl', 'Bamba, Rodeny Salomon added the LRF-21-00000 in ', NULL, NULL, NULL, 'Bamba, Rodeny Salomon', '2021-12-16 03:29:32'),
(171, 0, '', 'update', 'hris_leave_request_tbl', 'Diangzon, Arjay  updated the LRF-21-00048 in ', 'approversStatus|approversDate|updatedBy|updatedAt', '||28|2021-12-16 03:29:32', '2|2021-12-16 11:30:29|2|2021-12-16 03:30:30', 'Diangzon, Arjay ', '2021-12-16 03:30:30'),
(172, 0, '', 'update', 'hris_leave_request_tbl', 'Administrator, Information Tech  updated the LRF-21-00048 in ', 'leaveStatus|approversStatus|approversDate|leaveRequestStatus|updatedBy|updatedAt', '0|2|2021-12-16 11:30:29|1|2|2021-12-16 03:30:30', '1|2|2|2021-12-16 11:30:29|2021-12-16 11:31:08|2|1|2021-12-16 03:31:09', 'Administrator, Information Tech ', '2021-12-16 03:31:09'),
(173, 0, '', 'update', 'hris_production_tbl', 'Berongoy, Joseph  updated the PDN-21-00015 in ', 'productionStatus|approversID|submittedAt|updatedBy', '0|2||', '1|undefined|2021-12-16 16:18:27|20', 'Berongoy, Joseph ', '2021-12-16 08:18:30'),
(174, 0, '', 'insert', 'hris_leave_request_tbl', 'Diangzon, Arjay  added the LRF-21-00000 in ', NULL, NULL, NULL, 'Diangzon, Arjay ', '2021-12-16 08:19:23'),
(175, 0, '', 'update', 'gen_approval_setup_tbl', 'Berongoy, Joseph  updated the Production Approvers in ', 'userAccountID|updatedAt', '0|2021-12-16 08:19:57', '0|2|0|2021-12-16 08:20:19', 'Berongoy, Joseph ', '2021-12-16 08:20:19'),
(176, 0, '', 'insert', 'hris_leave_request_tbl', 'Bamba, Rodeny Salomon added the LRF-21-00000 in ', NULL, NULL, NULL, 'Bamba, Rodeny Salomon', '2021-12-16 08:27:14'),
(177, 0, '', 'update', 'gen_approval_setup_tbl', 'Administrator, Information Tech  updated the Leave Request Approvers in ', 'userAccountID|updatedBy|updatedAt', '0|2|2021-12-16 08:19:49', '2|0|0|1|2021-12-16 08:28:42', 'Administrator, Information Tech ', '2021-12-16 08:28:42'),
(178, 0, '', 'insert', 'hris_leave_request_tbl', 'Bamba, Rodeny Salomon added the LRF-21-00000 in ', NULL, NULL, NULL, 'Bamba, Rodeny Salomon', '2021-12-16 08:29:19'),
(179, 0, '', 'update', 'hris_leave_request_tbl', 'Diangzon, Arjay  updated the LRF-21-00051 in ', 'approversStatus|approversDate|updatedBy|updatedAt', '||28|2021-12-16 08:29:19', '2|2021-12-16 16:29:39|2|2021-12-16 08:29:41', 'Diangzon, Arjay ', '2021-12-16 08:29:41'),
(180, 0, '', 'update', 'hris_leave_request_tbl', 'Administrator, Information Tech  updated the LRF-21-00051 in ', 'approversStatus|approversDate|leaveRequestStatus|updatedBy|updatedAt', '2|2021-12-16 16:29:39|1|2|2021-12-16 08:29:41', '2|2|2021-12-16 16:29:39|2021-12-16 16:30:32|2|1|2021-12-16 08:30:33', 'Administrator, Information Tech ', '2021-12-16 08:30:33'),
(181, 0, '', 'update', 'hris_production_tbl', 'Berongoy, Joseph  updated the PDN-21-00016 in ', 'productionStatus|submittedAt|updatedBy', '0||', '1|2021-12-16 16:32:39|20', 'Berongoy, Joseph ', '2021-12-16 08:32:58'),
(182, 0, '', 'update', 'hris_production_tbl', 'Diangzon, Arjay  updated the PDN-21-00016 in ', 'productionStatus|productionReason|approversDate|approversStatus|updatedBy', '1||||20', '3|w fh()_?,./\'-|2021-12-16 16:38:28|3|2', 'Diangzon, Arjay ', '2021-12-16 08:38:34'),
(183, 0, '', 'insert', 'hris_leave_request_tbl', 'Diangzon, Arjay  added the LRF-21-00000 in ', NULL, NULL, NULL, 'Diangzon, Arjay ', '2021-12-16 08:41:37'),
(184, 0, '', 'insert', 'hris_leave_request_tbl', 'Diangzon, Arjay  added the LRF-21-00000 in ', NULL, NULL, NULL, 'Diangzon, Arjay ', '2021-12-16 08:41:53'),
(185, 0, '', 'update', 'gen_approval_setup_tbl', 'Diangzon, Arjay  updated the Leave Request Approvers in ', 'userAccountID|updatedBy|updatedAt', '2|0|0|1|2021-12-16 08:28:42', '1|0|0|2|2021-12-16 08:42:38', 'Diangzon, Arjay ', '2021-12-16 08:42:38'),
(186, 0, '', 'insert', 'hris_leave_request_tbl', 'Diangzon, Arjay  added the LRF-21-00000 in ', NULL, NULL, NULL, 'Diangzon, Arjay ', '2021-12-16 08:43:21'),
(187, 0, '', 'update', 'hris_overtime_request_tbl', 'Diangzon, Arjay  updated the OTR-21-00025 in ', 'approversStatus|approversDate|overtimeRequestStatus|overtimeRequestRemarks|updatedBy|updatedAt', '||1||1|2021-12-15 05:41:29', '3|2021-12-16 16:45:51|3|TEST|2|2021-12-16 08:45:52', 'Diangzon, Arjay ', '2021-12-16 08:45:52'),
(188, 0, '', 'insert', 'hris_overtime_request_tbl', 'Administrator, Information Tech  added the OTR-21-00000 in ', NULL, NULL, NULL, 'Administrator, Information Tech ', '2021-12-16 08:46:23'),
(189, 0, '', 'update', 'gen_approval_setup_tbl', 'Administrator, Information Tech  updated the Timekeeping Module Approvers in ', 'userAccountID|updatedAt', '0|2021-12-16 10:33:33', '2|0|0|2021-12-16 10:33:44', 'Administrator, Information Tech ', '2021-12-16 10:33:44'),
(190, 4, 'Inventory Item Masterfile', 'update', 'ims_inventory_item_tbl', 'Diangzon, Arjay  updated the Tek Screw in Inventory Item Masterfile', 'reOrderLevel|updatedBy|updatedAt', '2|1|2021-12-14 07:09:19', '5|2|2021-12-16 11:07:06', 'Diangzon, Arjay ', '2021-12-16 11:07:06');
INSERT INTO `gen_audit_tbl` (`auditID`, `moduleID`, `moduleName`, `auditType`, `tableName`, `auditDescription`, `auditColumn`, `auditOldData`, `auditNewData`, `accountablePerson`, `createdAt`) VALUES
(191, 0, '', 'insert', 'gen_company_profile_tbl', 'Administrator, Information Tech  added the Blackcoders Group Incorporated in ', NULL, NULL, NULL, 'Administrator, Information Tech ', '2021-12-16 11:09:12'),
(192, 0, '', 'update', 'gen_company_profile_tbl', 'Diangzon, Arjay  updated the Blackcoders Group Incorporated in ', 'companyBusinessType|updatedBy|updatedAt', 'Business Corporation|1|2021-12-16 11:09:12', 'General Partnership|2|2021-12-16 11:15:57', 'Diangzon, Arjay ', '2021-12-16 11:15:57'),
(193, 0, '', 'update', 'gen_company_profile_tbl', 'Diangzon, Arjay  updated the Blackcoders Group Incorporated in ', 'companyIncorpation|updatedAt', '2021-11-30|2021-12-16 11:15:57', '2021-12-29|2021-12-16 11:16:35', 'Diangzon, Arjay ', '2021-12-16 11:16:35'),
(194, 4, 'Inventory Item Masterfile', 'update', 'ims_inventory_item_tbl', 'Diangzon, Arjay  updated the Tek Screw in Inventory Item Masterfile', 'reOrderLevel|updatedAt', '5|2021-12-16 11:07:06', '51|2021-12-16 11:16:57', 'Diangzon, Arjay ', '2021-12-16 11:16:57'),
(195, 0, '', 'update', 'gen_system_setting_tbl', 'Administrator, Information Tech  updated the Approval in ', '', '', '', 'Administrator, Information Tech ', '2021-12-16 12:59:09'),
(196, 0, '', 'update', 'gen_approval_setup_tbl', 'Berongoy, Joseph  updated the Timekeeping Module Approvers in ', 'userAccountID|updatedBy|updatedAt', '0|1|2021-12-16 10:33:33', '2|0|0|20|2021-12-16 21:27:48', 'Berongoy, Joseph ', '2021-12-16 21:27:48'),
(197, 0, '', 'update', 'gen_approval_setup_tbl', 'Berongoy, Joseph  updated the Payroll Module Approvers in ', 'userAccountID|updatedAt', '2|4|0|2021-12-07 01:35:23', '2|0|0|2021-12-16 21:28:13', 'Berongoy, Joseph ', '2021-12-16 21:28:13'),
(198, 0, '', 'update', 'gen_approval_setup_tbl', 'Berongoy, Joseph  updated the Salary Release Approvers in ', 'userAccountID|updatedAt', '0|2021-12-16 21:28:40', '2|0|0|2021-12-16 21:29:50', 'Berongoy, Joseph ', '2021-12-16 21:29:50'),
(199, 0, '', 'update', 'gen_module_list_tbl', 'Berongoy, Joseph  updated the 13th Month in ', 'projectName|moduleApprover|updatedAt', 'Human Resource Information System|0|2021-03-23 23:58:14', 'Human Resources Information System|3|2021-12-16 21:49:52', 'Berongoy, Joseph ', '2021-12-16 21:49:52'),
(200, 0, '', 'update', 'gen_module_list_tbl', 'Administrator, Information Tech  updated the 13th Month in ', 'moduleController|updatedAt', 'hris/13th_month|2021-12-16 21:49:52', 'hris/month_process|2021-12-17 02:28:17', 'Administrator, Information Tech ', '2021-12-17 02:28:17'),
(201, 0, '', 'update', 'gen_module_list_tbl', 'Administrator, Information Tech  updated the 13th Month Report in ', 'projectName|moduleController|updatedAt', 'Human Resource Information System|hris/13th_month_report|2021-03-23 23:58:14', 'Human Resources Information System|hris/month_process_report|2021-12-17 02:29:15', 'Administrator, Information Tech ', '2021-12-17 02:29:15'),
(202, 0, '', 'update', 'gen_approval_setup_tbl', 'Berongoy, Joseph  updated the Back Pay Approvers in ', 'userAccountID|updatedAt', '0|2021-12-17 03:57:10', '2|0|0|2021-12-17 03:59:03', 'Berongoy, Joseph ', '2021-12-17 03:59:03'),
(203, 0, '', 'update', 'gen_approval_setup_tbl', 'Berongoy, Joseph  updated the 13th Month Approvers in ', 'userAccountID|updatedAt', '0|2021-12-17 06:30:29', '2|0|0|2021-12-17 06:32:48', 'Berongoy, Joseph ', '2021-12-17 06:32:48'),
(204, 0, '', 'insert', 'hris_loan_form_tbl', 'Berongoy, Joseph  added the LNF-21-00000 in ', NULL, NULL, NULL, 'Berongoy, Joseph ', '2021-12-19 14:41:47'),
(205, 0, '', 'update', 'gen_company_profile_tbl', 'Administrator, Information Tech  updated the Blackcoders Group Incorporated in ', 'companyLogo|updatedAt', 'company-logo01639646073.png|2021-12-16 10:12:36', 'company-logo01639958588.png|2021-12-20 00:03:08', 'Administrator, Information Tech ', '2021-12-20 00:03:08'),
(206, 0, '', 'insert', 'hris_leave_request_tbl', 'Telesforo, Renna Porras added the LRF-21-00000 in ', NULL, NULL, NULL, 'Telesforo, Renna Porras', '2021-12-20 00:13:46'),
(207, 0, '', 'update', 'gen_module_list_tbl', 'Berongoy, Joseph  updated the HDMF Premium Payment in ', 'projectName|moduleName|updatedAt', 'Human Resource Information System|HDMF Premim Payment|2021-03-23 23:58:14', 'Human Resources Information System|HDMF Premium Payment|2021-12-20 00:21:25', 'Berongoy, Joseph ', '2021-12-20 00:21:25'),
(208, 0, '', 'update', 'hris_job_posting_tbl', 'Administrator, Information Tech  updated the Junior Developer in ', 'jobDescription|jobBenefits|updatedAt|updatedBy', '||2021-12-20 01:43:09|2', 'TEST|TEST|2021-12-20 01:44:05|1', 'Administrator, Information Tech ', '2021-12-20 01:44:05'),
(209, 0, '', 'update', 'hris_job_posting_tbl', 'Administrator, Information Tech  updated the Junior Developer in ', '', '', '', 'Administrator, Information Tech ', '2021-12-20 01:47:21'),
(210, 0, '', 'update', 'gen_module_list_tbl', 'Berongoy, Joseph  updated the Company Setup in ', 'moduleName|updatedAt', 'Company Profile|2021-12-06 23:48:38', 'Company Setup|2021-12-20 02:00:38', 'Berongoy, Joseph ', '2021-12-20 02:00:38'),
(211, 0, '', 'update', 'hris_job_posting_tbl', 'Administrator, Information Tech  updated the Junior Developer in ', 'jobDescription|jobBenefits|updatedAt|updatedBy', '||2021-12-20 02:44:52|2', 'TEST|TEST|2021-12-20 02:45:22|1', 'Administrator, Information Tech ', '2021-12-20 02:45:22'),
(212, 0, '', 'update', 'hris_job_posting_tbl', 'Administrator, Information Tech  updated the Quality Analyst in ', 'jobDescription|jobBenefits|updatedAt|updatedBy', '||2021-12-20 02:45:02|2', 'TEST|TEST|2021-12-20 02:45:32|1', 'Administrator, Information Tech ', '2021-12-20 02:45:32'),
(213, 0, '', 'insert', 'hris_event_calendar_tbl', 'Berongoy, Joseph  added the General Meeting in ', NULL, NULL, NULL, 'Berongoy, Joseph ', '2021-12-20 05:46:19'),
(214, 0, '', 'insert', 'hris_leave_request_tbl', 'Berongoy, Joseph  added the LRF-21-00000 in ', NULL, NULL, NULL, 'Berongoy, Joseph ', '2021-12-20 06:34:06'),
(215, 0, '', 'insert', 'hris_leave_request_tbl', 'Diangzon, Arjay  added the LRF-21-00000 in ', NULL, NULL, NULL, 'Diangzon, Arjay ', '2021-12-20 06:35:03'),
(216, 0, '', 'update', 'hris_leave_request_tbl', 'Administrator, Information Tech  updated the LRF-21-00057 in ', 'approversStatus|approversDate|leaveRequestStatus|updatedBy|updatedAt', '||1|2|2021-12-20 06:35:03', '2|2021-12-20 14:37:34|2|1|2021-12-20 06:37:36', 'Administrator, Information Tech ', '2021-12-20 06:37:36'),
(217, 0, '', 'insert', 'hris_leave_request_tbl', 'Diangzon, Arjay  added the LRF-21-00000 in ', NULL, NULL, NULL, 'Diangzon, Arjay ', '2021-12-20 06:38:52'),
(218, 0, '', 'update', 'hris_leave_request_tbl', 'Administrator, Information Tech  updated the LRF-21-00058 in ', 'leaveStatus|approversStatus|approversDate|leaveRequestStatus|updatedBy|updatedAt', '0|||1|2|2021-12-20 06:38:52', '1|2|2021-12-20 14:39:09|2|1|2021-12-20 06:39:10', 'Administrator, Information Tech ', '2021-12-20 06:39:10'),
(219, 0, '', 'update', 'gen_company_profile_tbl', 'Administrator, Information Tech  updated the Blackcoders Group Incorporated in ', 'companyIncorpation|updatedAt', '2021-11-29|2021-12-20 00:03:08', '2021-12-05|2021-12-20 06:46:10', 'Administrator, Information Tech ', '2021-12-20 06:46:10'),
(220, 0, '', 'insert', 'hris_overtime_request_tbl', 'Berongoy, Joseph  added the OTR-21-00000 in ', NULL, NULL, NULL, 'Berongoy, Joseph ', '2021-12-21 00:00:52'),
(221, 0, '', 'update', 'hris_overtime_request_tbl', 'Diangzon, Arjay  updated the OTR-21-00019 in ', 'approversStatus|approversDate|updatedBy|updatedAt', '||20|2021-12-09 07:32:18', '2|2021-12-21 08:01:56|2|2021-12-21 00:01:57', 'Diangzon, Arjay ', '2021-12-21 00:01:57'),
(222, 0, '', 'update', 'hris_overtime_request_tbl', 'Verdadero, Charles  updated the OTR-21-00019 in ', 'approversStatus|approversDate|overtimeRequestStatus|updatedBy|updatedAt', '2|2021-12-21 08:01:56|1|2|2021-12-21 00:01:57', '2|2|2021-12-21 08:01:56|2021-12-21 08:02:28|2|4|2021-12-21 00:02:29', 'Verdadero, Charles ', '2021-12-21 00:02:29'),
(223, 0, '', 'update', 'gen_approval_setup_tbl', 'Berongoy, Joseph  updated the Payroll Register Approvers in ', 'userAccountID|updatedBy|updatedAt', '20|4|2|1|2021-07-07 02:49:16', '2|0|0|20|2021-12-21 00:24:05', 'Berongoy, Joseph ', '2021-12-21 00:24:05'),
(224, 0, '', 'update', 'hris_schedule_setup_tbl', 'Diangzon, Arjay  updated the Regular Schedule in ', 'mondayBreakDuration|updatedAt', '1.00|2021-12-02 07:26:22', '0.50|2021-12-21 01:04:02', 'Diangzon, Arjay ', '2021-12-21 01:04:02'),
(225, 0, '', 'update', 'hris_schedule_setup_tbl', 'Diangzon, Arjay  updated the Regular Schedule in ', 'mondayBreakDuration|updatedAt', '0.50|2021-12-21 01:04:02', '2.00|2021-12-21 01:04:59', 'Diangzon, Arjay ', '2021-12-21 01:04:59'),
(226, 0, '', 'update', 'hris_production_tbl', 'Diangzon, Arjay  updated the PDN-21-00021 in ', 'productionStatus|approversDate|approversStatus|submittedAt', '0|||', '2|2021-12-21 09:19:10|2|2021-12-21 09:19:10', 'Diangzon, Arjay ', '2021-12-21 01:19:11'),
(227, 0, '', 'update', 'gen_module_list_tbl', 'Administrator, Information Tech  updated the Purhcase Order Report in ', 'moduleStatus|updatedAt', '1|2021-12-06 23:38:12', '0|2021-12-21 01:36:56', 'Administrator, Information Tech ', '2021-12-21 01:36:56'),
(228, 0, '', 'update', 'gen_module_list_tbl', 'Administrator, Information Tech  updated the Receiving Report in ', 'moduleStatus|updatedAt', '1|2021-07-13 00:59:02', '0|2021-12-21 01:37:55', 'Administrator, Information Tech ', '2021-12-21 01:37:55'),
(229, 0, '', 'update', 'gen_module_list_tbl', 'Administrator, Information Tech  updated the Inventory Incident Report in ', 'moduleStatus|updatedAt', '1|2021-07-13 00:59:20', '0|2021-12-21 01:38:20', 'Administrator, Information Tech ', '2021-12-21 01:38:20'),
(230, 0, '', 'update', 'gen_module_list_tbl', 'Administrator, Information Tech  updated the Project Management in ', 'moduleStatus|updatedAt', '1|2021-03-23 23:58:14', '0|2021-12-21 01:39:49', 'Administrator, Information Tech ', '2021-12-21 01:39:49'),
(231, 0, '', 'update', 'gen_module_list_tbl', 'Administrator, Information Tech  updated the Project Task in ', 'moduleStatus|updatedAt', '1|2021-03-23 23:58:14', '0|2021-12-21 01:40:05', 'Administrator, Information Tech ', '2021-12-21 01:40:05'),
(232, 0, '', 'update', 'gen_module_list_tbl', 'Administrator, Information Tech  updated the Project Timeline in ', 'moduleStatus|updatedAt', '1|2021-03-23 23:58:14', '0|2021-12-21 01:40:19', 'Administrator, Information Tech ', '2021-12-21 01:40:19'),
(233, 0, '', 'update', 'gen_module_list_tbl', 'Administrator, Information Tech  updated the Examination Report in ', 'projectName|moduleStatus|updatedAt', 'Human Resource Information System|1|2021-03-23 23:58:14', 'Human Resources Information System|0|2021-12-21 01:41:47', 'Administrator, Information Tech ', '2021-12-21 01:41:47'),
(234, 0, '', 'update', 'gen_module_list_tbl', 'Administrator, Information Tech  updated the Manpower Management Report in ', 'projectName|moduleStatus|updatedAt', 'Human Resource Information System|1|2021-03-23 23:58:14', 'Human Resources Information System|0|2021-12-21 01:42:25', 'Administrator, Information Tech ', '2021-12-21 01:42:25'),
(235, 0, '', 'insert', 'hris_overtime_request_tbl', 'Berongoy, Joseph  added the OTR-21-00000 in ', NULL, NULL, NULL, 'Berongoy, Joseph ', '2021-12-21 02:41:09'),
(236, 0, '', 'update', 'gen_approval_setup_tbl', 'Berongoy, Joseph  updated the Payroll Register Approvers in ', 'userAccountID|updatedAt', '2|0|0|2021-12-21 00:24:05', '1|0|0|2021-12-21 02:48:46', 'Berongoy, Joseph ', '2021-12-21 02:48:46'),
(237, 0, '', 'update', 'gen_approval_setup_tbl', 'Berongoy, Joseph  updated the Payroll Register Approvers in ', 'userAccountID|updatedAt', '1|0|0|2021-12-21 02:48:46', '0|0|0|2021-12-21 02:49:59', 'Berongoy, Joseph ', '2021-12-21 02:49:59'),
(238, 0, '', 'update', 'gen_approval_setup_tbl', 'Berongoy, Joseph  updated the Payroll Register Approvers in ', 'userAccountID|updatedAt', '0|0|0|2021-12-21 02:49:59', '2|0|0|2021-12-21 02:50:23', 'Berongoy, Joseph ', '2021-12-21 02:50:23'),
(239, 0, '', 'update', 'gen_approval_setup_tbl', 'Berongoy, Joseph  updated the Payroll Register Approvers in ', 'userAccountID|updatedAt', '2|0|0|2021-12-21 02:50:23', '0|0|0|2021-12-21 02:53:08', 'Berongoy, Joseph ', '2021-12-21 02:53:08'),
(240, 32, 'Examination Masterfile', 'update', 'hris_examination_tbl', 'Administrator, Information Tech  updated the Technical Exam (Quality Analyst) in Examination Masterfile', 'examinationPicture|updatedAt', '01629790184.jpg|2021-08-24 07:46:19', 'examination01640063305.svg|2021-12-21 05:08:25', 'Administrator, Information Tech ', '2021-12-21 05:08:25'),
(241, 32, 'Examination Masterfile', 'update', 'hris_examination_tbl', 'Administrator, Information Tech  updated the Technical Exam (Quality Analyst) in Examination Masterfile', 'examinationPicture|updatedAt', 'examination01640063305.svg|2021-12-21 05:08:25', 'examination01640063491.jfif|2021-12-21 05:11:31', 'Administrator, Information Tech ', '2021-12-21 05:11:31'),
(242, 32, 'Examination Masterfile', 'update', 'hris_examination_tbl', 'Administrator, Information Tech  updated the Technical Exam (Quality Analyst) in Examination Masterfile', '', '', '', 'Administrator, Information Tech ', '2021-12-21 05:12:16'),
(243, 32, 'Examination Masterfile', 'update', 'hris_examination_tbl', 'Administrator, Information Tech  updated the Technical Exam (Quality Analyst) in Examination Masterfile', 'examinationDescription|updatedAt', 'test|2021-12-21 05:11:31', 'This serves as a sample input and output  for the examination description field where it display and to determine the person\'s knowledge about the System Quality Analyst. This is just an example.|2021-12-21 05:17:59', 'Administrator, Information Tech ', '2021-12-21 05:17:59'),
(244, 32, 'Examination Masterfile', 'update', 'hris_examination_tbl', 'Administrator, Information Tech  updated the Technical Exam (QA) in Examination Masterfile', 'examinationName|updatedAt', 'Technical Exam (Quality Analyst)|2021-12-21 05:17:59', 'Technical Exam (QA)|2021-12-21 05:18:52', 'Administrator, Information Tech ', '2021-12-21 05:18:52'),
(245, 0, '', 'insert', 'hris_no_timein_timeout_tbl', 'Verdadero, Charles  added the NTI-21-00000 in ', NULL, NULL, NULL, 'Verdadero, Charles ', '2021-12-21 05:25:37'),
(246, 0, '', 'update', 'hris_job_posting_tbl', 'Berongoy, Joseph  updated the Quality Analyst in ', 'jobDescription|jobBenefits|updatedAt|updatedBy', 'TEST|TEST|2021-12-20 02:45:32|1', 'Ensures that the final product observes the company quality standard. |-13th month pay\n- Competitive Salary\n-Good working environment\n-Work and Life Balance|2021-12-21 08:43:29|20', 'Berongoy, Joseph ', '2021-12-21 08:43:29'),
(247, 0, '', 'update', 'hris_job_posting_tbl', 'Berongoy, Joseph  updated the Quality Analyst in ', 'jobDescription|jobBenefits|updatedAt|updatedBy', '||2021-12-21 08:41:22|2', 'Ensure the quality of the system developed.|-13th Month pay\n-Leave Credits\n-Work and Life Balance\n- Allowance|2021-12-21 08:44:42|20', 'Berongoy, Joseph ', '2021-12-21 08:44:42'),
(248, 0, '', 'update', 'hris_job_posting_tbl', 'Diangzon, Arjay  updated the Senior Developer in ', 'jobDescription|jobBenefits|updatedAt', '||2021-12-21 08:51:03', '-Analyzing data \n-Design and implementation of software.\n-Coding\n|-13th Month Pay\n-Leave Credits\n-Competitive Salary\n-Work and Life Balance|2021-12-21 08:59:14', 'Diangzon, Arjay ', '2021-12-21 08:59:14'),
(249, 0, '', 'insert', 'hris_event_calendar_tbl', 'Diangzon, Arjay  added the Christmas Party in ', NULL, NULL, NULL, 'Diangzon, Arjay ', '2021-12-21 23:50:32'),
(250, 0, '', 'update', 'gen_module_list_tbl', 'Administrator, Information Tech  updated the Back Pay in ', 'moduleOrder|updatedAt', '1|2021-12-15 08:01:03', '10|2021-12-22 00:50:19', 'Administrator, Information Tech ', '2021-12-22 00:50:19'),
(251, 0, '', 'insert', 'hris_leave_request_tbl', 'Diangzon, Arjay  added the LRF-21-00000 in ', NULL, NULL, NULL, 'Diangzon, Arjay ', '2021-12-22 05:07:14'),
(252, 0, '', 'update', 'hris_job_posting_tbl', 'Berongoy, Joseph  updated the Junior Developer in ', 'jobDescription|jobBenefits|jobStatus|updatedAt|updatedBy', '||0|2021-12-22 23:57:02|2', 'As a Junior Developer you must maintain the source code and develop a system that are based on the client needs.|-13th month pay\n-Competitive salary\n-15 Sick Leave 15 Vacation Leave|1|2021-12-23 00:00:18|20', 'Berongoy, Joseph ', '2021-12-23 00:00:18'),
(253, 0, '', 'update', 'hris_job_posting_tbl', 'Berongoy, Joseph  updated the Senior Developer in ', 'jobStatus|updatedAt|updatedBy', '0|2021-12-21 08:59:14|2', '1|2021-12-23 00:01:23|20', 'Berongoy, Joseph ', '2021-12-23 00:01:23'),
(254, 0, '', 'update', 'gen_approval_setup_tbl', 'Berongoy, Joseph  updated the Personnel Requisition Approvers in ', 'userAccountID|updatedBy|updatedAt', '20|4|2|1|2021-07-07 02:39:40', '2|0|0|20|2021-12-23 00:06:31', 'Berongoy, Joseph ', '2021-12-23 00:06:31'),
(255, 0, '', 'update', 'hris_overtime_request_tbl', 'Diangzon, Arjay  updated the OTR-21-00026 in ', 'approversStatus|approversDate|overtimeRequestStatus|updatedBy|updatedAt', '||1|1|2021-12-15 06:38:06', '2|2021-12-24 08:44:59|2|2|2021-12-24 00:45:01', 'Diangzon, Arjay ', '2021-12-24 00:45:01'),
(256, 0, '', 'insert', 'hris_leave_request_tbl', 'Telesforo, Renna Porras added the LRF-21-00000 in ', NULL, NULL, NULL, 'Telesforo, Renna Porras', '2021-12-24 00:51:09'),
(257, 0, '', 'update', 'gen_approval_setup_tbl', 'Diangzon, Arjay  updated the Leave Request Approvers in ', 'userAccountID|updatedAt', '0|2021-12-24 00:51:55', '2|0|0|2021-12-24 00:52:23', 'Diangzon, Arjay ', '2021-12-24 00:52:23'),
(258, 0, '', 'insert', 'hris_leave_request_tbl', 'Telesforo, Renna Porras added the LRF-21-00000 in ', NULL, NULL, NULL, 'Telesforo, Renna Porras', '2021-12-24 00:52:59'),
(259, 0, '', 'update', 'hris_leave_request_tbl', 'Diangzon, Arjay  updated the LRF-21-00061 in ', 'leaveRequestRemainingLeave|approversStatus|approversDate|leaveRequestStatus|updatedBy|updatedAt', '144|||1|7|2021-12-24 00:52:59', '2|2|2021-12-24 08:54:37|2|2|2021-12-24 00:54:40', 'Diangzon, Arjay ', '2021-12-24 00:54:40'),
(260, 0, '', 'insert', 'hris_leave_request_tbl', 'Telesforo, Renna Porras added the LRF-21-00000 in ', NULL, NULL, NULL, 'Telesforo, Renna Porras', '2021-12-24 00:57:52'),
(261, 0, '', 'update', 'hris_leave_request_tbl', 'Diangzon, Arjay  updated the LRF-21-00062 in ', 'leaveRequestRemainingLeave|approversStatus|approversDate|leaveRequestStatus|updatedBy|updatedAt', '145|||1|7|2021-12-24 00:57:52', '2|2|2021-12-24 09:00:43|2|2|2021-12-24 01:00:45', 'Diangzon, Arjay ', '2021-12-24 01:00:45'),
(262, 0, '', 'insert', 'hris_leave_request_tbl', 'Telesforo, Renna Porras added the LRF-21-00000 in ', NULL, NULL, NULL, 'Telesforo, Renna Porras', '2021-12-24 01:10:44'),
(263, 0, '', 'update', 'hris_leave_request_tbl', 'Diangzon, Arjay  updated the LRF-21-00063 in ', 'leaveRequestRemainingLeave|leaveStatus|approversStatus|approversDate|leaveRequestStatus|updatedBy|updatedAt', '145|0|||1|7|2021-12-24 01:10:44', '2|1|2|2021-12-24 09:11:23|2|2|2021-12-24 01:11:24', 'Diangzon, Arjay ', '2021-12-24 01:11:24'),
(264, 0, '', 'insert', 'hris_leave_request_tbl', 'Telesforo, Renna Porras added the LRF-21-00000 in ', NULL, NULL, NULL, 'Telesforo, Renna Porras', '2021-12-24 01:13:51'),
(265, 0, '', 'update', 'hris_leave_request_tbl', 'Diangzon, Arjay  updated the LRF-21-00064 in ', 'leaveRequestRemainingLeave|leaveStatus|approversStatus|approversDate|leaveRequestStatus|updatedBy|updatedAt', '146|0|||1|7|2021-12-24 01:13:51', '2|1|2|2021-12-24 09:14:44|2|2|2021-12-24 01:14:45', 'Diangzon, Arjay ', '2021-12-24 01:14:45'),
(266, 0, '', 'insert', 'hris_overtime_request_tbl', 'Administrator, Information Tech  added the OTR-21-00000 in ', NULL, NULL, NULL, 'Administrator, Information Tech ', '2021-12-26 23:52:04'),
(267, 0, '', 'insert', 'hris_leave_request_tbl', 'Diangzon, Arjay  added the LRF-21-00000 in ', NULL, NULL, NULL, 'Diangzon, Arjay ', '2021-12-27 04:41:04'),
(268, 0, '', 'update', 'gen_approval_setup_tbl', 'Diangzon, Arjay  updated the Leave Request Approvers in ', 'userAccountID|updatedAt', '0|2021-12-24 00:51:55', '1|0|0|2021-12-27 04:44:50', 'Diangzon, Arjay ', '2021-12-27 04:44:50'),
(269, 0, '', 'insert', 'hris_leave_request_tbl', 'Diangzon, Arjay  added the LRF-21-00000 in ', NULL, NULL, NULL, 'Diangzon, Arjay ', '2021-12-27 04:47:20'),
(270, 0, '', 'update', 'hris_leave_request_tbl', 'Administrator, Information Tech  updated the LRF-21-00002 in ', 'leaveStatus|approversStatus|approversDate|leaveRequestStatus|updatedBy|updatedAt', '0|||1|2|2021-12-27 04:47:20', '1|2|2021-12-27 12:48:49|2|1|2021-12-27 04:48:51', 'Administrator, Information Tech ', '2021-12-27 04:48:51'),
(271, 0, '', 'update', 'gen_approval_setup_tbl', 'Berongoy, Joseph  updated the Overtime Request Approvers in ', 'userAccountID|updatedBy|updatedAt', '0|2|2021-12-16 08:19:49', '2|0|0|20|2021-12-27 05:25:41', 'Berongoy, Joseph ', '2021-12-27 05:25:41'),
(272, 0, '', 'insert', 'hris_overtime_request_tbl', 'Berongoy, Joseph  added the OTR-21-00000 in ', NULL, NULL, NULL, 'Berongoy, Joseph ', '2021-12-27 05:30:12'),
(273, 0, '', 'update', 'hris_overtime_request_tbl', 'Diangzon, Arjay  updated the OTR-21-00001 in ', 'approversStatus|approversDate|overtimeRequestStatus|updatedBy|updatedAt', '||1|20|2021-12-27 05:30:12', '2|2021-12-27 13:30:44|2|2|2021-12-27 05:30:45', 'Diangzon, Arjay ', '2021-12-27 05:30:45'),
(274, 0, '', 'update', 'gen_approval_setup_tbl', 'Berongoy, Joseph  updated the Payroll Adjustment Approvers in ', 'userAccountID|updatedAt', '2|4|0|2021-12-06 05:12:04', '2|0|0|2021-12-27 06:29:37', 'Berongoy, Joseph ', '2021-12-27 06:29:37'),
(275, 32, 'Examination Masterfile', 'update', 'hris_examination_tbl', 'Administrator, Information Tech  updated the Technical Examination (Junior Developer) in Examination Masterfile', 'examinationType|updatedAt', 'Identification|2021-08-24 07:43:39', 'Multiple Choice|2021-12-27 06:43:35', 'Administrator, Information Tech ', '2021-12-27 06:43:35'),
(276, 32, 'Examination Masterfile', 'update', 'hris_examination_tbl', 'Administrator, Information Tech  updated the Technical Examination (Junior Developer) in Examination Masterfile', 'examinationDescription|updatedAt', 'This serves as a sample examination description for this field.|2021-12-27 07:16:06', 'A technical test, officially known as the Technical Test Battery, is an exam designed not only to test your knowledge of basic mechanics, but also to assess your spatial reasoning and visual acuity.\n\nTechnical tests are designed specifically for technical fields. A technical exam is a pre-employment assessment for graduates who want to become engineers, mechanics, technicians, and machine operators.|2021-12-27 07:17:38', 'Administrator, Information Tech ', '2021-12-27 07:17:38'),
(277, 0, '', 'insert', 'hris_loan_form_tbl', 'Berongoy, Joseph  added the LNF-21-00000 in ', NULL, NULL, NULL, 'Berongoy, Joseph ', '2021-12-27 07:18:49'),
(278, 32, 'Examination Masterfile', 'update', 'hris_examination_tbl', 'Administrator, Information Tech  updated the Technical Examination (Junior Developer) in Examination Masterfile', 'examinationPicture|updatedAt', '01629789938.png|2021-12-27 07:17:38', 'examination01640589891.png|2021-12-27 07:24:51', 'Administrator, Information Tech ', '2021-12-27 07:24:51'),
(279, 32, 'Examination Masterfile', 'update', 'hris_examination_tbl', 'Administrator, Information Tech  updated the SACK Sentence Completion Exam in Examination Masterfile', 'examinationPicture|updatedAt', '01630992572.svg|2021-12-27 06:35:45', 'examination01640589908.png|2021-12-27 07:25:08', 'Administrator, Information Tech ', '2021-12-27 07:25:08'),
(280, 32, 'Examination Masterfile', 'update', 'hris_examination_tbl', 'Administrator, Information Tech  updated the Technical Exam (QA) in Examination Masterfile', 'examinationPicture|updatedAt', 'examination01640063491.jfif|2021-12-21 05:18:52', 'examination01640589949.png|2021-12-27 07:25:49', 'Administrator, Information Tech ', '2021-12-27 07:25:49'),
(281, 32, 'Examination Masterfile', 'update', 'hris_examination_tbl', 'Administrator, Information Tech  updated the True or False in Examination Masterfile', 'examinationStatus|updatedAt', '1|2021-09-07 07:12:52', '0|2021-12-27 07:26:01', 'Administrator, Information Tech ', '2021-12-27 07:26:01'),
(282, 32, 'Examination Masterfile', 'update', 'hris_examination_tbl', 'Administrator, Information Tech  updated the Technical Examination (Mobile Developer) in Examination Masterfile', 'examinationStatus|updatedBy|updatedAt', '1|20|2021-10-19 01:05:19', '0|1|2021-12-27 07:26:17', 'Administrator, Information Tech ', '2021-12-27 07:26:17'),
(283, 32, 'Examination Masterfile', 'update', 'hris_examination_tbl', 'Administrator, Information Tech  updated the Multiple Choice Examination in Examination Masterfile', 'examinationStatus|updatedAt', '1|2021-09-07 07:14:37', '0|2021-12-27 07:26:31', 'Administrator, Information Tech ', '2021-12-27 07:26:31'),
(284, 32, 'Examination Masterfile', 'update', 'hris_examination_tbl', 'Administrator, Information Tech  updated the Aptitude Examination (Accountant) in Examination Masterfile', 'examinationStatus|updatedAt', '1|2021-08-24 07:34:54', '0|2021-12-27 07:26:46', 'Administrator, Information Tech ', '2021-12-27 07:26:46'),
(285, 0, '', 'insert', 'hris_loan_form_tbl', 'Berongoy, Joseph  added the LNF-21-00000 in ', NULL, NULL, NULL, 'Berongoy, Joseph ', '2021-12-27 07:51:43'),
(286, 0, '', 'update', 'gen_approval_setup_tbl', 'Berongoy, Joseph  updated the Loan Approvers in ', 'userAccountID|updatedAt', '0|2021-12-09 06:24:32', '2|0|0|2021-12-27 07:52:54', 'Berongoy, Joseph ', '2021-12-27 07:52:54'),
(287, 0, '', 'insert', 'hris_loan_form_tbl', 'Berongoy, Joseph  added the LNF-21-00000 in ', NULL, NULL, NULL, 'Berongoy, Joseph ', '2021-12-27 07:54:35'),
(288, 0, '', 'update', 'hris_loan_form_tbl', 'Diangzon, Arjay  updated the LNF-21-00001 in ', 'approversStatus|approversDate|loanFormStatus|updatedBy|updatedAt', '||1|20|2021-12-27 07:54:35', '2|2021-12-27 15:54:51|2|2|2021-12-27 07:54:52', 'Diangzon, Arjay ', '2021-12-27 07:54:52'),
(289, 0, '', 'insert', 'hris_loan_form_tbl', 'Berongoy, Joseph  added the LNF-21-00000 in ', NULL, NULL, NULL, 'Berongoy, Joseph ', '2021-12-27 08:02:28'),
(290, 0, '', 'update', 'hris_loan_form_tbl', 'Diangzon, Arjay  updated the LNF-21-00001 in ', 'approversStatus|approversDate|loanFormStatus|updatedBy|updatedAt', '||1|20|2021-12-27 08:02:28', '2|2021-12-27 16:02:44|2|2|2021-12-27 08:02:46', 'Diangzon, Arjay ', '2021-12-27 08:02:46'),
(291, 0, '', 'update', 'hris_job_posting_tbl', 'Diangzon, Arjay  updated the UI/UX Designer in ', 'jobDescription|jobBenefits|jobStatus|updatedAt', '||0|2021-12-27 23:34:32', 'Creating user-centered designs by understanding business requirements, and user feedback\n\nCreating user flows, wireframes, prototypes and mockups\n\nTranslating requirements into style guides, design systems, design patterns and attractive user interfaces\n\nDesigning UI elements such as input controls, navigational components and informational components\n\nCreating original graphic designs (e.g. images, sketches and tables)\n\nIdentifying and troubleshooting UX problems (e.g. responsiveness)|-Health Insurance\n-Retirement Benefits\n-Transportation Allowance\n-Paid Holidays\n-Flexible Schedule|1|2021-12-27 23:41:52', 'Diangzon, Arjay ', '2021-12-27 23:41:52'),
(292, 32, 'Examination Masterfile', 'update', 'hris_examination_tbl', 'Diangzon, Arjay  updated the SACK Sentence Completion Exam in Examination Masterfile', 'examinationDescription|updatedBy|updatedAt', 'This serves as a sample input and output for the examination description field where it displays and to determine the person\'s personality. This serves as a sample input and output for the examination description field where it displays and to determine the person\'s personality. This serves as a sample input and output for the examination description field where it displays and to determine the person\'s personality. This serves as a sample input and output for the examination description field where it displays and to determine the person\'s personality. This serves as a sample input and output for the examination description field where it displays and to determine the person\'s personality. This serves as a sample input and output for the examination description field where it displays and to determine the person\'s personality. This serves as a sample input and output for the examination description field where it displays and to determine the person\'s personality. This serves as a sample input and output for the examination description field where it displays and to determine the person\'s personality. This serves as a sample input and output for the examination description field where it displays and to determine the person\'s personality. This serves as a sample input and output for the examination description field where it displays and to determine the person\'s personality. This serves as a sample input and output for the examination description field where it displays and to determine the person\'s personality. This serves as a sample input and output for the examination description field where it displays and to determine the person\'s personality. |1|2021-12-27 07:25:08', 'This serves as a sample input and output for the examination description field where it displays and to determine the person\'s personality. This serves as a sample input and output for the examination description field where it displays and to determine the person\'s personality. This serves as a sample input and output for the examination description field where it displays and to determine the person\'s personality. This serves as a sample input and output for the examination description field where it displays and to determine the person\'s personality. This serves as a sample input and output for the examination description field where it displays and to determine the person\'s personality. This serves as a sample input and output for the examination description field where it displays and to determine the person\'s personality. This serves as a sample input and output for the examination description field where it displays and to determine the person\'s personality. This serves as a sample input and output for the examination description field where it displays and to determine the person\'s personality. This serves as a sample input and output for the examination description field where it displays and to determine the person\'s personality. This serves as a sample input and output for the examination description field where it displays and to determine the person\'s personality. |2|2021-12-27 23:52:04', 'Diangzon, Arjay ', '2021-12-27 23:52:04'),
(293, 0, '', 'update', 'hris_job_posting_tbl', 'Diangzon, Arjay  updated the Front-end Developer in ', 'jobDescription|jobBenefits|jobStatus|updatedAt', '||0|2021-12-28 00:58:28', 'Front end developers are computer programmers who specialize in website design. Front end developer duties include determining the structure and design of web pages, striking a balance between functional and aesthetic design, and ensuring web design is optimized for smartphones.|\nHealth insurance\nDisability insurance\nDental and vision insurance\nLife insurance\nPTO/paid holidays\nRetirement planning\nFamily leave\nRemote work or flexible schedules\nStudent loan repayment\nContinued education and professional development|1|2021-12-28 01:00:07', 'Diangzon, Arjay ', '2021-12-28 01:00:07'),
(294, 0, '', 'insert', 'hris_event_calendar_tbl', 'Diangzon, Arjay  added the General Meeting in ', NULL, NULL, NULL, 'Diangzon, Arjay ', '2021-12-28 01:09:22'),
(295, 0, '', 'insert', 'hris_event_calendar_tbl', 'Diangzon, Arjay  added the Year End Party in ', NULL, NULL, NULL, 'Diangzon, Arjay ', '2021-12-28 01:09:45'),
(296, 0, '', 'update', 'hris_event_calendar_tbl', 'Diangzon, Arjay  updated the Holiday in ', 'eventCalendarName|eventCalendarDateTo|updatedAt', 'Year End Party|2021-12-30|2021-12-28 01:09:45', 'Holiday|2021-12-31|2021-12-28 01:10:09', 'Diangzon, Arjay ', '2021-12-28 01:10:09'),
(297, 0, '', 'update', 'hris_event_calendar_tbl', 'Diangzon, Arjay  updated the Holiday in ', 'eventCalendarDateTo|updatedAt', '2021-12-31|2021-12-28 01:10:09', '2021-12-30|2021-12-28 01:10:28', 'Diangzon, Arjay ', '2021-12-28 01:10:28'),
(298, 0, '', 'insert', 'hris_event_calendar_tbl', 'Diangzon, Arjay  added the Half Day in ', NULL, NULL, NULL, 'Diangzon, Arjay ', '2021-12-28 01:10:45'),
(299, 0, '', 'insert', 'hris_overtime_request_tbl', 'Diangzon, Arjay  added the OTR-21-00000 in ', NULL, NULL, NULL, 'Diangzon, Arjay ', '2021-12-28 01:17:09'),
(300, 0, '', 'update', 'hris_overtime_request_tbl', 'Verdadero, Charles  updated the OTR-21-00002 in ', 'approversStatus|approversDate|overtimeRequestStatus|updatedBy|updatedAt', '||1|2|2021-12-28 01:17:09', '2|2021-12-28 09:18:29|2|4|2021-12-28 01:18:30', 'Verdadero, Charles ', '2021-12-28 01:18:30'),
(301, 0, '', 'update', 'gen_approval_setup_tbl', 'Diangzon, Arjay  updated the Overtime Request Approvers in ', '', '', '', 'Diangzon, Arjay ', '2021-12-28 01:47:39'),
(302, 0, '', 'update', 'gen_approval_setup_tbl', 'Diangzon, Arjay  updated the Leave Request Approvers in ', 'userAccountID|updatedAt', '1|0|0|2021-12-27 04:44:50', '4|0|0|2021-12-28 01:48:05', 'Diangzon, Arjay ', '2021-12-28 01:48:05'),
(303, 0, '', 'update', 'gen_approval_setup_tbl', 'Diangzon, Arjay  updated the Personnel Requisition Approvers in ', 'userAccountID|updatedAt', '0|2021-12-28 01:48:23', '4|0|0|2021-12-28 01:48:36', 'Diangzon, Arjay ', '2021-12-28 01:48:36'),
(304, 0, '', 'insert', 'hris_leave_request_tbl', 'Diangzon, Arjay  added the LRF-21-00000 in ', NULL, NULL, NULL, 'Diangzon, Arjay ', '2021-12-28 01:49:35'),
(305, 0, '', 'insert', 'hris_overtime_request_tbl', 'Diangzon, Arjay  added the OTR-21-00000 in ', NULL, NULL, NULL, 'Diangzon, Arjay ', '2021-12-28 01:50:38'),
(306, 0, '', 'update', 'hris_overtime_request_tbl', 'Verdadero, Charles  updated the OTR-21-00003 in ', 'approversStatus|approversDate|overtimeRequestStatus|updatedBy|updatedAt', '||1|2|2021-12-28 01:50:38', '2|2021-12-28 10:00:33|2|4|2021-12-28 02:00:35', 'Verdadero, Charles ', '2021-12-28 02:00:35'),
(307, 0, '', 'update', 'hris_leave_request_tbl', 'Verdadero, Charles  updated the LRF-21-00003 in ', 'approversStatus|approversDate|leaveRequestStatus|updatedBy|updatedAt', '||1|2|2021-12-28 01:49:35', '2|2021-12-28 10:19:59|2|4|2021-12-28 02:20:01', 'Verdadero, Charles ', '2021-12-28 02:20:01'),
(308, 0, '', 'update', 'gen_module_category_tbl', 'Administrator, Information Tech  updated the Settings and Setup in ', 'moduleCategoryName|updatedAt', 'System Settings|2021-03-26 00:49:03', 'Settings and Setup|2021-12-28 02:20:13', 'Administrator, Information Tech ', '2021-12-28 02:20:13'),
(309, 0, '', 'update', 'gen_module_category_tbl', 'Administrator, Information Tech  updated the System Setup in ', 'moduleCategoryStatus|updatedAt', '1|2021-03-26 00:49:16', '0|2021-12-28 02:20:25', 'Administrator, Information Tech ', '2021-12-28 02:20:25'),
(310, 0, '', 'update', 'gen_module_list_tbl', 'Administrator, Information Tech  updated the Examination Setup in ', 'moduleCategoryID|updatedAt', '9|2021-07-29 00:41:52', '1|2021-12-28 02:22:38', 'Administrator, Information Tech ', '2021-12-28 02:22:38'),
(311, 0, '', 'update', 'gen_module_list_tbl', 'Administrator, Information Tech  updated the Orientation Setup in ', 'moduleCategoryID|projectName|updatedAt', '9|Human Resource Information System|2021-03-23 23:58:14', '1|Human Resources Information System|2021-12-28 02:23:50', 'Administrator, Information Tech ', '2021-12-28 02:23:50'),
(312, 0, '', 'update', 'gen_module_list_tbl', 'Administrator, Information Tech  updated the Schedule Setup in ', 'moduleCategoryID|projectName|updatedAt', '9|Human Resource Information System|2021-03-23 23:58:14', '1|Human Resources Information System|2021-12-28 02:24:18', 'Administrator, Information Tech ', '2021-12-28 02:24:18'),
(313, 0, '', 'update', 'gen_module_list_tbl', 'Administrator, Information Tech  updated the Company Setup in ', 'moduleCategoryID|updatedAt', '9|2021-12-20 02:00:38', '1|2021-12-28 02:27:40', 'Administrator, Information Tech ', '2021-12-28 02:27:40'),
(314, 0, '', 'update', 'hris_leave_request_tbl', 'Diangzon, Arjay  updated the LRF-21-00001 in ', 'leaveRequestStatus|updatedAt', '2|2021-12-27 04:41:04', '5|2021-12-28 03:23:58', 'Diangzon, Arjay ', '2021-12-28 03:23:58'),
(315, 0, '', 'update', 'hris_overtime_request_tbl', 'Diangzon, Arjay  updated the OTR-21-00003 in ', 'overtimeRequestStatus|updatedBy|updatedAt', '2|4|2021-12-28 02:00:35', '5|2|2021-12-28 03:26:16', 'Diangzon, Arjay ', '2021-12-28 03:26:16'),
(316, 0, '', 'update', 'hris_job_posting_tbl', 'Diangzon, Arjay  updated the Senior Developer in ', 'jobDescription|jobBenefits|jobStatus|updatedAt|updatedBy', '||0|2021-12-28 04:55:55|4', 'The responsibilities of senior developers include writing code, analyzing data, and contributing to the design and implementation of software. ... Ultimately, a top-notch senior developer should have extensive experience in software development, be able to keep up-to-date with deadlines, and have strong analytical skills.|Health insurance\nDisability insurance\nDental and vision insurance\nLife insurance\nPTO/paid holidays\nRetirement planning\nFamily leave\nRemote work or flexible schedules\nStudent loan repayment\nContinued education and professional development|1|2021-12-28 04:57:45|2', 'Diangzon, Arjay ', '2021-12-28 04:57:45'),
(317, 0, '', 'insert', 'hris_leave_request_tbl', 'Berongoy, Joseph  added the LRF-21-00000 in ', NULL, NULL, NULL, 'Berongoy, Joseph ', '2021-12-28 23:46:19'),
(318, 0, '', 'update', 'hris_leave_request_tbl', 'Berongoy, Joseph  updated the LRF-21-00004 in ', 'approversID|approversStatus|approversDate|leaveRequestStatus|submittedAt|updatedAt', '|||0||2021-12-28 23:46:19', '20|2|2021-12-29 07:46:32|2|2021-12-29 07:46:32|2021-12-28 23:46:42', 'Berongoy, Joseph ', '2021-12-28 23:46:42'),
(319, 0, '', 'update', 'gen_approval_setup_tbl', 'Berongoy, Joseph  updated the Leave Request Approvers in ', 'userAccountID|updatedBy|updatedAt', '0|2|2021-12-24 00:51:55', '2|0|0|20|2021-12-28 23:47:21', 'Berongoy, Joseph ', '2021-12-28 23:47:21'),
(320, 0, '', 'insert', 'hris_leave_request_tbl', 'Berongoy, Joseph  added the LRF-21-00000 in ', NULL, NULL, NULL, 'Berongoy, Joseph ', '2021-12-28 23:49:52'),
(321, 0, '', 'update', 'hris_leave_request_tbl', 'Diangzon, Arjay  updated the LRF-21-00005 in ', 'approversStatus|approversDate|leaveRequestStatus|updatedBy|updatedAt', '||1|20|2021-12-28 23:49:52', '2|2021-12-29 07:50:27|2|2|2021-12-28 23:51:20', 'Diangzon, Arjay ', '2021-12-28 23:51:20'),
(322, 0, '', 'insert', 'hris_leave_request_tbl', 'Berongoy, Joseph  added the LRF-21-00000 in ', NULL, NULL, NULL, 'Berongoy, Joseph ', '2021-12-28 23:52:05'),
(323, 0, '', 'update', 'hris_leave_request_tbl', 'Diangzon, Arjay  updated the LRF-21-00006 in ', 'leaveStatus|approversStatus|approversDate|leaveRequestStatus|updatedBy|updatedAt', '0|||1|20|2021-12-28 23:52:05', '1|2|2021-12-29 07:52:55|2|2|2021-12-28 23:52:58', 'Diangzon, Arjay ', '2021-12-28 23:52:58'),
(324, 0, '', 'insert', 'hris_leave_request_tbl', 'Berongoy, Joseph  added the LRF-21-00000 in ', NULL, NULL, NULL, 'Berongoy, Joseph ', '2021-12-28 23:54:03'),
(325, 0, '', 'update', 'hris_leave_request_tbl', 'Diangzon, Arjay  updated the LRF-21-00007 in ', 'approversStatus|approversDate|leaveRequestStatus|updatedBy|updatedAt', '||1|20|2021-12-28 23:54:03', '2|2021-12-29 07:54:24|2|2|2021-12-28 23:54:25', 'Diangzon, Arjay ', '2021-12-28 23:54:25'),
(326, 0, '', 'update', 'gen_approval_setup_tbl', 'Berongoy, Joseph  updated the Payroll Register Approvers in ', 'userAccountID|updatedAt', '0|0|0|2021-12-21 02:53:08', '2|0|0|2021-12-29 00:15:29', 'Berongoy, Joseph ', '2021-12-29 00:15:29'),
(327, 0, '', 'insert', 'hris_leave_request_tbl', 'Diangzon, Arjay  added the LRF-21-00000 in ', NULL, NULL, NULL, 'Diangzon, Arjay ', '2021-12-29 00:47:02'),
(328, 0, '', 'update', 'hris_leave_request_tbl', 'Verdadero, Charles  updated the LRF-21-00008 in ', 'leaveStatus|approversStatus|approversDate|leaveRequestStatus|updatedBy|updatedAt', '0|||1|2|2021-12-29 00:47:02', '1|2|2021-12-29 08:48:51|2|4|2021-12-29 00:48:57', 'Verdadero, Charles ', '2021-12-29 00:48:57'),
(329, 0, '', 'insert', 'hris_leave_request_tbl', 'Diangzon, Arjay  added the LRF-21-00000 in ', NULL, NULL, NULL, 'Diangzon, Arjay ', '2021-12-29 00:51:01'),
(330, 0, '', 'update', 'hris_leave_request_tbl', 'Verdadero, Charles  updated the LRF-21-00009 in ', 'approversStatus|approversDate|leaveRequestStatus|updatedBy|updatedAt', '||1|2|2021-12-29 00:51:01', '2|2021-12-29 08:51:36|2|4|2021-12-29 00:51:38', 'Verdadero, Charles ', '2021-12-29 00:51:38'),
(331, 0, '', 'insert', 'hris_overtime_request_tbl', 'Berongoy, Joseph  added the OTR-21-00000 in ', NULL, NULL, NULL, 'Berongoy, Joseph ', '2021-12-29 00:52:32'),
(332, 0, '', 'update', 'hris_overtime_request_tbl', 'Diangzon, Arjay  updated the OTR-21-00004 in ', 'approversStatus|approversDate|overtimeRequestStatus|updatedBy|updatedAt', '||1|20|2021-12-29 00:52:32', '2|2021-12-29 08:52:48|2|2|2021-12-29 00:52:49', 'Diangzon, Arjay ', '2021-12-29 00:52:49'),
(333, 6, 'Inventory Classification Masterfile', 'update', 'ims_inventory_classification_tbl', 'Diangzon, Arjay  updated the goods in Inventory Classification Masterfile', 'classificationStatus|updatedAt', '1|2021-12-14 23:50:41', '0|2021-12-29 01:53:42', 'Diangzon, Arjay ', '2021-12-29 01:53:42'),
(334, 4, 'Inventory Item Masterfile', 'update', 'ims_inventory_item_tbl', 'Diangzon, Arjay  updated the Led High Power Bulb in Inventory Item Masterfile', 'brandName|updatedBy|updatedAt', '----|1|2021-11-11 00:40:25', 'No brand|2|2021-12-29 01:56:44', 'Diangzon, Arjay ', '2021-12-29 01:56:44'),
(335, 0, '', 'update', 'gen_module_list_tbl', 'Berongoy, Joseph  updated the Award in ', 'moduleCategoryID|projectName|updatedAt', '2|Human Resource Information System|2021-03-23 23:22:25', '0|Human Resources Information System|2021-12-29 02:13:10', 'Berongoy, Joseph ', '2021-12-29 02:13:10'),
(336, 0, '', 'update', 'gen_module_list_tbl', 'Berongoy, Joseph  updated the Award in ', 'moduleCategoryID|moduleStatus|updatedAt', '0|1|2021-12-29 02:13:10', '2|0|2021-12-29 02:13:33', 'Berongoy, Joseph ', '2021-12-29 02:13:33'),
(337, 0, '', 'update', 'gen_module_list_tbl', 'Berongoy, Joseph  updated the Qualifications in ', 'projectName|moduleName|updatedAt', 'Human Resource Information System|Qualification|2021-03-23 23:22:25', 'Human Resources Information System|Qualifications|2021-12-29 02:15:06', 'Berongoy, Joseph ', '2021-12-29 02:15:06'),
(338, 0, '', 'update', 'gen_module_list_tbl', 'Berongoy, Joseph  updated the Branches in ', 'projectName|moduleName|moduleStatus|updatedAt', 'Human Resource Information System|Branch|1|2021-03-23 23:22:25', 'Human Resources Information System|Branches|0|2021-12-29 02:16:30', 'Berongoy, Joseph ', '2021-12-29 02:16:30'),
(339, 0, '', 'update', 'gen_module_list_tbl', 'Berongoy, Joseph  updated the Qualification in ', 'moduleName|moduleStatus|updatedAt', 'Qualifications|1|2021-12-29 02:15:06', 'Qualification|0|2021-12-29 02:16:58', 'Berongoy, Joseph ', '2021-12-29 02:16:58'),
(340, 0, '', 'update', 'gen_module_list_tbl', 'Berongoy, Joseph  updated the Code of Conduct Categories in ', 'projectName|moduleName|moduleStatus|updatedAt', 'Human Resource Information System|Code of Conduct Category|1|2021-03-23 23:22:25', 'Human Resources Information System|Code of Conduct Categories|0|2021-12-29 02:17:26', 'Berongoy, Joseph ', '2021-12-29 02:17:26'),
(341, 0, '', 'update', 'gen_module_list_tbl', 'Berongoy, Joseph  updated the Code of Conduct Sections in ', 'projectName|moduleName|updatedAt', 'Human Resource Information System|Code of Conduct Section|2021-03-23 23:22:25', 'Human Resources Information System|Code of Conduct Sections|2021-12-29 02:17:44', 'Berongoy, Joseph ', '2021-12-29 02:17:44'),
(342, 0, '', 'update', 'gen_module_list_tbl', 'Berongoy, Joseph  updated the Requirements in ', 'moduleName|moduleStatus|updatedAt', 'Requirement|1|2021-05-14 03:20:21', 'Requirements|0|2021-12-29 02:18:08', 'Berongoy, Joseph ', '2021-12-29 02:18:08'),
(343, 0, '', 'update', 'gen_module_list_tbl', 'Berongoy, Joseph  updated the Ledger Classifications in ', 'moduleName|moduleStatus|updatedAt', 'Ledger Classification|1|2021-03-23 23:22:25', 'Ledger Classifications|0|2021-12-29 02:18:29', 'Berongoy, Joseph ', '2021-12-29 02:18:29'),
(344, 0, '', 'update', 'gen_module_list_tbl', 'Berongoy, Joseph  updated the Chart of Account in ', 'moduleName|moduleStatus|updatedAt', 'Chart of Accounts|1|2021-05-05 06:09:55', 'Chart of Account|0|2021-12-29 02:18:45', 'Berongoy, Joseph ', '2021-12-29 02:18:45'),
(345, 0, '', 'update', 'gen_module_list_tbl', 'Berongoy, Joseph  updated the Inventory Conditions in ', 'moduleName|moduleStatus|updatedAt', 'Inventory Condition|1|2021-03-23 23:22:25', 'Inventory Conditions|0|2021-12-29 02:19:11', 'Berongoy, Joseph ', '2021-12-29 02:19:11');

-- --------------------------------------------------------

--
-- Table structure for table `gen_company_profile_tbl`
--

CREATE TABLE `gen_company_profile_tbl` (
  `companyProfileID` bigint(20) NOT NULL,
  `companyName` text COLLATE utf8mb4_unicode_ci NOT NULL,
  `companyIncorpation` date NOT NULL,
  `companyBusinessType` text COLLATE utf8mb4_unicode_ci DEFAULT NULL,
  `companyCompanyType` text COLLATE utf8mb4_unicode_ci DEFAULT NULL,
  `companyTIN` varchar(50) COLLATE utf8mb4_unicode_ci NOT NULL,
  `companySSS` text COLLATE utf8mb4_unicode_ci DEFAULT NULL,
  `companyPhilHealth` text COLLATE utf8mb4_unicode_ci DEFAULT NULL,
  `companyPagIbig` text COLLATE utf8mb4_unicode_ci DEFAULT NULL,
  `companyUnitNo` varchar(50) COLLATE utf8mb4_unicode_ci NOT NULL,
  `companyBuildingNo` varchar(100) COLLATE utf8mb4_unicode_ci NOT NULL,
  `companyStreetName` varchar(100) COLLATE utf8mb4_unicode_ci NOT NULL,
  `companySubdivisionName` varchar(100) COLLATE utf8mb4_unicode_ci NOT NULL,
  `companyBarangay` varchar(100) COLLATE utf8mb4_unicode_ci NOT NULL,
  `companyCity` varchar(100) COLLATE utf8mb4_unicode_ci NOT NULL,
  `companyProvince` varchar(100) COLLATE utf8mb4_unicode_ci NOT NULL,
  `companyRegion` varchar(100) COLLATE utf8mb4_unicode_ci NOT NULL,
  `companyZipcode` int(10) NOT NULL,
  `companyCountry` varchar(200) COLLATE utf8mb4_unicode_ci NOT NULL,
  `companyEmail` text COLLATE utf8mb4_unicode_ci NOT NULL,
  `companyTelephone` varchar(50) COLLATE utf8mb4_unicode_ci NOT NULL,
  `companyMobile` varchar(50) COLLATE utf8mb4_unicode_ci NOT NULL,
  `companyWebsite` text COLLATE utf8mb4_unicode_ci NOT NULL,
  `companyLogo` text COLLATE utf8mb4_unicode_ci NOT NULL,
  `createdBy` bigint(20) DEFAULT NULL,
  `createdAt` timestamp NOT NULL DEFAULT current_timestamp(),
  `updatedBy` bigint(20) DEFAULT NULL,
  `updatedAt` timestamp NOT NULL DEFAULT current_timestamp() ON UPDATE current_timestamp()
) ENGINE=InnoDB DEFAULT CHARSET=utf8mb4 COLLATE=utf8mb4_unicode_ci;

--
-- Dumping data for table `gen_company_profile_tbl`
--

INSERT INTO `gen_company_profile_tbl` (`companyProfileID`, `companyName`, `companyIncorpation`, `companyBusinessType`, `companyCompanyType`, `companyTIN`, `companySSS`, `companyPhilHealth`, `companyPagIbig`, `companyUnitNo`, `companyBuildingNo`, `companyStreetName`, `companySubdivisionName`, `companyBarangay`, `companyCity`, `companyProvince`, `companyRegion`, `companyZipcode`, `companyCountry`, `companyEmail`, `companyTelephone`, `companyMobile`, `companyWebsite`, `companyLogo`, `createdBy`, `createdAt`, `updatedBy`, `updatedAt`) VALUES
(1, 'Blackcoders Group Incorporated', '2021-12-05', 'General Partnership', 'Goverment', '141-241-242-141', '11-1111111-1', '22-222222222-2', '3333-3333-3333', '1701', 'Anterl Global Corporate', 'Julia Vargas', 'San Fabian', 'BAGONG ILOG', 'CITY OF PASIG', 'NATIONAL CAPITAL REGION - SECOND DISTRICT', 'NCR', 6546, 'Philipines', 'sample@email.com', '(42)-1241-2421', '0921-412-4124', 'https://theblackcoders.com/pilot/erpsys', 'company-logo01639958588.png', 1, '2021-12-15 02:35:16', 1, '2021-12-20 06:46:10');

-- --------------------------------------------------------

--
-- Table structure for table `gen_ledger_classification_tbl`
--

CREATE TABLE `gen_ledger_classification_tbl` (
  `ledgerClassificationID` bigint(20) NOT NULL,
  `ledgerClassificationName` varchar(255) NOT NULL,
  `ledgerClassificationDatecreated` date NOT NULL DEFAULT current_timestamp()
) ENGINE=InnoDB DEFAULT CHARSET=utf8mb4;

--
-- Dumping data for table `gen_ledger_classification_tbl`
--

INSERT INTO `gen_ledger_classification_tbl` (`ledgerClassificationID`, `ledgerClassificationName`, `ledgerClassificationDatecreated`) VALUES
(1, 'Cash', '2021-04-14'),
(2, 'Accounts Receivable', '2021-04-14'),
(3, 'Inventory', '2021-04-14'),
(4, 'Other current Assets', '2021-04-14'),
(5, 'Due from Related Parties', '2021-04-14'),
(6, 'Property Plant and Equipment', '2021-04-14'),
(7, 'Trade Payable', '2021-04-14'),
(8, 'Accrued Expenses', '2021-04-14'),
(9, 'Due to Government', '2021-04-14'),
(10, 'Due to Related Parties', '2021-04-14'),
(11, 'Subscribed and Paid', '2021-04-14'),
(12, 'Statement of Changes in Equity', '2021-04-14'),
(13, 'Cost of Sale', '2021-04-14'),
(14, 'Administrative Expense', '2021-04-14'),
(15, 'Retained Earnings', '2021-04-14'),
(16, 'Service Revenue', '2021-04-14');

-- --------------------------------------------------------

--
-- Table structure for table `gen_module_category_tbl`
--

CREATE TABLE `gen_module_category_tbl` (
  `moduleCategoryID` bigint(20) NOT NULL,
  `moduleHeaderID` bigint(20) NOT NULL,
  `moduleCategoryOrder` int(11) NOT NULL,
  `moduleCategoryIcon` varchar(100) NOT NULL,
  `moduleCategoryName` varchar(100) NOT NULL,
  `moduleCategoryStatus` int(11) NOT NULL,
  `createdAt` timestamp NOT NULL DEFAULT current_timestamp(),
  `updatedAt` timestamp NOT NULL DEFAULT current_timestamp() ON UPDATE current_timestamp()
) ENGINE=InnoDB DEFAULT CHARSET=utf8mb4;

--
-- Dumping data for table `gen_module_category_tbl`
--

INSERT INTO `gen_module_category_tbl` (`moduleCategoryID`, `moduleHeaderID`, `moduleCategoryOrder`, `moduleCategoryIcon`, `moduleCategoryName`, `moduleCategoryStatus`, `createdAt`, `updatedAt`) VALUES
(1, 5, 1, '01616719743.svg', 'Settings and Setup', 1, '2021-03-24 06:19:25', '2021-12-28 02:20:13'),
(2, 2, 1, '01616719604.svg', 'Masterfiles', 1, '2021-03-24 06:19:25', '2021-03-26 00:46:44'),
(3, 2, 2, '01616719620.svg', 'Inventory Modules', 1, '2021-03-24 06:19:25', '2021-03-26 00:47:00'),
(4, 2, 3, '01616719637.svg', 'Employee Forms', 1, '2021-03-24 06:19:25', '2021-03-26 00:47:17'),
(5, 2, 4, '01616719651.svg', 'Project Modules', 1, '2021-03-24 06:19:25', '2021-03-26 00:47:31'),
(6, 4, 1, '01616719724.svg', 'Reports', 1, '2021-03-24 06:19:25', '2021-03-26 00:48:44'),
(7, 2, 5, '01616719666.svg', 'Finance Modules', 1, '2021-03-24 06:19:25', '2021-03-26 00:47:46'),
(8, 2, 6, '01616719678.svg', 'HR Modules', 1, '2021-03-24 06:19:25', '2021-03-26 00:47:58'),
(9, 5, 2, '01616719756.svg', 'System Setup', 0, '2021-03-24 06:19:25', '2021-12-28 02:20:25'),
(10, 2, 7, '01616719698.svg', 'Recruitment Modules', 1, '2021-03-24 06:19:25', '2021-03-26 00:48:18'),
(11, 2, 8, '01616719711.svg', 'Payroll Modules', 1, '2021-03-24 06:19:25', '2021-03-26 00:48:31'),
(12, 1, 1, '01616719589.svg', 'Dashboard', 1, '2021-03-24 06:53:33', '2021-03-26 00:46:29'),
(13, 1, 1, '', 'User Profile', 1, '2021-11-30 23:47:02', '2021-11-30 23:47:02');

-- --------------------------------------------------------

--
-- Table structure for table `gen_module_header_tbl`
--

CREATE TABLE `gen_module_header_tbl` (
  `moduleHeaderID` bigint(20) NOT NULL,
  `moduleHeaderOrder` int(11) NOT NULL,
  `moduleHeaderName` varchar(100) NOT NULL,
  `moduleHeaderStatus` int(11) NOT NULL,
  `createdAt` timestamp NOT NULL DEFAULT current_timestamp(),
  `updatedAt` timestamp NOT NULL DEFAULT current_timestamp() ON UPDATE current_timestamp()
) ENGINE=InnoDB DEFAULT CHARSET=utf8mb4;

--
-- Dumping data for table `gen_module_header_tbl`
--

INSERT INTO `gen_module_header_tbl` (`moduleHeaderID`, `moduleHeaderOrder`, `moduleHeaderName`, `moduleHeaderStatus`, `createdAt`, `updatedAt`) VALUES
(1, 1, 'Main', 1, '2021-03-24 07:26:04', '2021-03-24 07:26:05'),
(2, 2, 'Forms', 1, '2021-03-19 07:26:06', '2021-03-24 07:26:08'),
(3, 3, 'Management', 1, '2021-03-17 07:26:09', '2021-03-24 07:26:10'),
(4, 4, 'Reports', 1, '2021-03-08 07:26:11', '2021-03-24 07:26:12'),
(5, 5, 'Settings', 1, '2021-03-17 07:26:12', '2021-03-24 07:26:13'),
(6, 100, 'User Profile', 1, '2021-12-01 00:03:44', '2021-12-01 00:03:44');

-- --------------------------------------------------------

--
-- Table structure for table `gen_module_list_tbl`
--

CREATE TABLE `gen_module_list_tbl` (
  `moduleID` bigint(20) NOT NULL,
  `moduleHeaderID` bigint(20) NOT NULL,
  `moduleCategoryID` bigint(20) DEFAULT NULL,
  `moduleOrder` int(11) NOT NULL,
  `projectName` text NOT NULL,
  `moduleIcon` varchar(100) DEFAULT NULL,
  `moduleName` varchar(100) NOT NULL,
  `moduleApprover` int(11) NOT NULL,
  `moduleController` varchar(100) NOT NULL,
  `moduleStatus` int(11) NOT NULL,
  `createdAt` timestamp NOT NULL DEFAULT current_timestamp(),
  `updatedAt` timestamp NOT NULL DEFAULT current_timestamp() ON UPDATE current_timestamp()
) ENGINE=InnoDB DEFAULT CHARSET=utf8mb4;

--
-- Dumping data for table `gen_module_list_tbl`
--

INSERT INTO `gen_module_list_tbl` (`moduleID`, `moduleHeaderID`, `moduleCategoryID`, `moduleOrder`, `projectName`, `moduleIcon`, `moduleName`, `moduleApprover`, `moduleController`, `moduleStatus`, `createdAt`, `updatedAt`) VALUES
(1, 5, 1, 1, 'Project Management System|Inventory Management System|Finance Management System', '01618295087.svg|11618295087.svg|21618295087.svg|31618295087.svg|41618295087.svg|51618295087.svg|6161', 'Approval Setup', 0, 'approval_setup', 1, '2021-03-23 23:22:25', '2021-04-13 06:24:47'),
(2, 5, 1, 2, 'Inventory Management System|Project Management System|Finance Management System|Human Resource Information System', NULL, 'Roles and Permission', 0, 'roles_permission', 1, '2021-03-23 23:22:25', '2021-03-23 23:58:14'),
(3, 5, 1, 3, 'Inventory Management System|Project Management System|Finance Management System|Human Resource Information System', NULL, 'System Notification', 0, 'system_notification', 1, '2021-03-23 23:22:25', '2021-03-23 23:58:14'),
(4, 2, 2, 1, 'Inventory Management System', NULL, 'Inventory Item', 0, 'ims/inventory_item', 1, '2021-03-23 23:22:25', '2021-03-23 23:22:25'),
(5, 2, 2, 2, 'Inventory Management System', NULL, 'Inventory Category', 0, 'ims/inventory_category', 1, '2021-03-23 23:22:25', '2021-03-23 23:22:25'),
(6, 2, 2, 3, 'Inventory Management System', NULL, 'Inventory Classification', 0, 'ims/inventory_classification', 1, '2021-03-23 23:22:25', '2021-03-23 23:22:25'),
(7, 2, 2, 4, 'Inventory Management System', NULL, 'Inventory Storage', 0, 'ims/inventory_storage', 1, '2021-03-23 23:22:25', '2021-03-23 23:22:25'),
(8, 2, 2, 5, 'Inventory Management System', NULL, 'Inventory Vendor', 0, 'ims/inventory_vendor', 1, '2021-03-23 23:22:25', '2021-03-23 23:22:25'),
(9, 2, 2, 6, 'Inventory Management System', NULL, 'Inventory Conditions', 0, 'ims/inventory_condition', 0, '2021-03-23 23:22:25', '2021-12-29 02:19:11'),
(10, 2, 2, 7, 'Project Management System', NULL, 'Project Milestone', 0, 'pms/project_milestone', 1, '2021-03-23 23:22:25', '2021-03-23 23:22:25'),
(11, 2, 2, 8, 'Project Management System', NULL, 'Project List', 0, 'pms/project_list', 1, '2021-03-23 23:22:25', '2021-03-23 23:22:25'),
(12, 2, 2, 9, 'Project Management System', NULL, 'Project Client', 0, 'pms/project_client', 1, '2021-03-23 23:22:25', '2021-03-23 23:22:25'),
(13, 2, 2, 10, 'Project Management System', NULL, 'Project Category', 0, 'pms/project_category', 1, '2021-03-23 23:22:25', '2021-03-23 23:22:25'),
(14, 2, 2, 11, 'Finance Management System', NULL, 'Bank', 0, 'fms/bank', 1, '2021-03-23 23:22:25', '2021-03-23 23:22:25'),
(15, 2, 2, 12, 'Finance Management System', NULL, 'Chart of Account', 0, 'fms/chart_of_accounts', 0, '2021-03-23 23:22:25', '2021-12-29 02:18:45'),
(16, 2, 2, 13, 'Finance Management System', NULL, 'Ledger Classifications', 0, 'fms/ledger_classification', 0, '2021-03-23 23:22:25', '2021-12-29 02:18:29'),
(17, 2, 2, 14, 'Human Resource Information System', NULL, 'Designation', 0, 'hris/designation', 1, '2021-03-23 23:22:25', '2021-03-23 23:22:25'),
(18, 2, 2, 15, 'Human Resource Information System', NULL, 'Department', 0, 'hris/department', 1, '2021-03-23 23:22:25', '2021-03-23 23:22:25'),
(19, 2, 2, 16, 'Human Resources Information System', NULL, 'Requirements', 0, 'hris/requirements', 0, '2021-03-23 23:22:25', '2021-12-29 02:18:08'),
(20, 2, 2, 17, 'Human Resource Information System', NULL, 'Holiday', 0, 'hris/holiday', 1, '2021-03-23 23:22:25', '2021-03-23 23:22:25'),
(21, 2, 2, 18, 'Human Resource Information System', NULL, 'Leave Type', 0, 'hris/leave_type', 1, '2021-03-23 23:22:25', '2021-03-23 23:22:25'),
(22, 2, 2, 19, 'Human Resource Information System', NULL, 'Loan Type', 0, 'hris/loan_type', 1, '2021-03-23 23:22:25', '2021-03-23 23:22:25'),
(23, 2, 2, 20, 'Human Resources Information System', NULL, 'Code of Conduct Categories', 0, 'hris/code_conduct_category', 0, '2021-03-23 23:22:25', '2021-12-29 02:17:26'),
(24, 2, 2, 21, 'Human Resources Information System', NULL, 'Code of Conduct Sections', 0, 'hris/code_conduct_section', 1, '2021-03-23 23:22:25', '2021-12-29 02:17:44'),
(25, 2, 2, 22, 'Human Resources Information System', NULL, 'Branches', 0, 'hris/branch', 0, '2021-03-23 23:22:25', '2021-12-29 02:16:30'),
(26, 2, 2, 23, 'Human Resources Information System', NULL, 'Qualification', 0, 'hris/qualification', 0, '2021-03-23 23:22:25', '2021-12-29 02:16:58'),
(27, 2, 2, 24, 'Human Resources Information System', NULL, 'Award', 0, 'hris/award', 0, '2021-03-23 23:22:25', '2021-12-29 02:13:33'),
(28, 2, 2, 25, 'Human Resource Information System', NULL, 'SSS Table', 0, 'hris/sss_table', 1, '2021-03-23 23:22:25', '2021-03-23 23:22:25'),
(29, 2, 2, 26, 'Human Resource Information System', NULL, 'PhilHealth Table', 0, 'hris/philhealth_table', 1, '2021-03-23 23:22:25', '2021-03-23 23:22:25'),
(30, 2, 2, 27, 'Human Resource Information System', NULL, 'Tax Table', 0, 'hris/tax_table', 1, '2021-03-23 23:22:25', '2021-03-23 23:22:25'),
(31, 2, 2, 28, 'Human Resources Information System', NULL, 'Training and Development Masterfile', 0, 'hris/training_development_setup', 1, '2021-03-23 23:22:25', '2021-08-23 02:47:38'),
(32, 2, 2, 29, 'Human Resource Information System', NULL, 'Examination', 0, 'hris/examination', 1, '2021-03-23 23:22:25', '2021-03-23 23:22:25'),
(33, 2, 3, 1, 'Inventory Management System', NULL, 'Inventory Receiving', 3, 'ims/inventory_receiving', 1, '2021-03-23 23:22:25', '2021-03-23 23:58:14'),
(34, 2, 3, 2, 'Inventory Management System', NULL, 'List of Stocks', 0, 'ims/list_stocks', 1, '2021-03-23 23:22:25', '2021-03-23 23:58:14'),
(35, 2, 3, 3, 'Inventory Management System', NULL, 'Return Item', 3, 'ims/return_item', 1, '2021-03-23 23:22:25', '2021-03-23 23:58:14'),
(36, 2, 3, 4, 'Inventory Management System', NULL, 'Disposal', 3, 'ims/item_disposal', 1, '2021-03-23 23:22:25', '2021-05-05 05:53:05'),
(37, 2, 3, 5, 'Inventory Management System', NULL, 'Inventory Transfer', 3, 'ims/transfer_request', 1, '2021-03-23 23:22:25', '2021-06-10 02:43:19'),
(38, 2, 5, 6, 'Project Management System', NULL, 'Cost Estimate', 3, 'pms/cost_estimate', 1, '2021-03-23 23:22:25', '2021-05-02 05:09:04'),
(39, 2, 5, 7, 'Project Management System', NULL, 'Bill of Material', 3, 'pms/bill_material', 1, '2021-03-23 23:22:25', '2021-09-27 11:40:30'),
(40, 2, 3, 8, 'Inventory Management System', NULL, 'Bid Recap', 3, 'ims/bid_recap', 1, '2021-03-23 23:22:25', '2021-03-23 23:58:14'),
(41, 2, 3, 9, 'Inventory Management System', NULL, 'Service Order', 3, 'ims/service_order', 1, '2021-03-23 23:22:25', '2021-03-23 23:58:14'),
(42, 2, 3, 1, 'Inventory Management System', NULL, 'Material Withdrawal', 3, 'ims/material_withdrawal', 1, '2021-03-23 23:22:25', '2021-05-25 04:57:02'),
(43, 2, 3, 2, 'Inventory Management System', NULL, 'Equipment Borrowing', 3, 'ims/equipment_borrowing', 1, '2021-03-23 23:22:25', '2021-05-31 06:13:52'),
(44, 2, 3, 3, 'Inventory Management System', NULL, 'Inventory Incident', 3, 'ims/inventory_incident', 1, '2021-03-23 23:22:25', '2021-05-26 23:38:34'),
(45, 2, 3, 4, 'Inventory Management System', NULL, 'Material Usage', 3, 'ims/material_usage', 1, '2021-03-23 23:22:25', '2021-05-11 05:37:06'),
(46, 2, 3, 5, 'Inventory Management System', NULL, 'Purchase Request', 3, 'ims/purchase_request', 1, '2021-03-23 23:22:25', '2021-05-09 10:50:44'),
(47, 2, 3, 6, 'Inventory Management System', NULL, 'Purchase Order', 3, 'ims/purchase_order', 1, '2021-03-23 23:22:25', '2021-05-09 10:50:28'),
(48, 5, 1, 7, 'Human Resources Information System|Project Management System|Inventory Management System|Finance Management System', NULL, 'Company Setup', 0, 'company_profile', 1, '2021-03-23 23:22:25', '2021-12-28 02:27:40'),
(49, 2, 3, 8, 'Inventory Management System', NULL, 'Service Requisition', 3, 'ims/service_requisition', 1, '2021-03-23 23:22:25', '2021-05-17 08:12:57'),
(50, 2, 8, 9, 'Human Resources Information System', NULL, 'Personnel Requisition', 3, 'pms/personel_requisition', 1, '2021-03-23 23:22:25', '2021-07-06 06:13:50'),
(51, 2, 5, 10, 'Project Management System', NULL, 'Employee Taskboard', 3, 'pms/employee_taskboard', 1, '2021-03-23 23:22:25', '2021-07-05 03:17:02'),
(52, 2, 5, 11, 'Project Management System', NULL, 'Sign-Off', 3, 'pms/sign_off', 1, '2021-03-23 23:22:25', '2021-06-29 04:52:21'),
(53, 2, 7, 12, 'Finance Management System', NULL, 'Petty Cash Request', 3, 'fms/petty_cash_request', 1, '2021-03-23 23:22:25', '2021-06-09 00:00:46'),
(54, 2, 7, 13, 'Finance Management System', NULL, 'Client Fund Request', 3, 'fms/client_fund_request', 1, '2021-03-23 23:22:25', '2021-06-21 23:25:31'),
(55, 2, 4, 14, 'Human Resource Information System', NULL, 'Leave Request', 3, 'hris/leave_request', 1, '2021-03-23 23:22:25', '2021-03-23 23:58:14'),
(56, 2, 4, 15, 'Human Resource Information System', NULL, 'Overtime Request', 3, 'hris/overtime_request', 1, '2021-03-23 23:22:25', '2021-03-23 23:58:14'),
(57, 2, 4, 16, 'Human Resources Information System', NULL, 'No Time In/Out', 3, 'hris/no_timein_timeout', 1, '2021-03-23 23:22:25', '2021-03-25 05:53:42'),
(58, 2, 4, 17, 'Human Resource Information System', NULL, 'Official Business', 3, 'hris/official_business', 1, '2021-03-23 23:22:25', '2021-03-23 23:58:14'),
(59, 2, 4, 18, 'Human Resources Information System', NULL, 'Loan', 3, 'hris/loan_form', 1, '2021-03-23 23:22:25', '2021-04-13 03:47:55'),
(60, 2, 4, 19, 'Human Resource Information System', NULL, 'Change Schedule', 3, 'hris/change_schedule', 1, '2021-03-23 23:22:25', '2021-03-23 23:58:14'),
(61, 2, 4, 20, 'Human Resource Information System', NULL, 'Employee Evaluation', 3, 'hris/employee_evaluation', 1, '2021-03-23 23:22:25', '2021-03-23 23:58:14'),
(62, 2, 4, 21, 'Human Resource Information System', NULL, 'Clearance', 3, 'hris/clearance', 1, '2021-03-23 23:22:25', '2021-03-23 23:58:14'),
(63, 4, 6, 1, 'Inventory Management System', NULL, 'Purhcase Order Report', 0, 'ims/purchase_order_report', 0, '2021-03-23 23:22:25', '2021-12-21 01:36:56'),
(64, 4, 6, 2, 'Inventory Management System', NULL, 'Receiving Report', 0, 'ims/receiving_report', 0, '2021-03-23 23:22:25', '2021-12-21 01:37:55'),
(65, 4, 6, 3, 'Inventory Management System', NULL, 'Inventory Incident Report', 0, 'ims/inventory_incident_report', 0, '2021-03-23 23:22:25', '2021-12-21 01:38:20'),
(66, 4, 6, 4, 'Inventory Management System', NULL, 'Inventory Report', 0, 'ims/inventory_report', 1, '2021-03-23 23:22:25', '2021-07-13 00:59:36'),
(67, 1, 12, 1, 'Inventory Management System', NULL, 'Inventory Dashboard', 0, 'ims/inventory_dashboard', 1, '2021-03-23 23:22:25', '2021-03-23 23:58:14'),
(68, 1, 12, 2, 'Project Management System', NULL, 'Project Dashboard', 0, 'pms/project_dashboard', 1, '2021-03-23 23:22:25', '2021-03-23 23:58:14'),
(69, 1, 12, 3, 'Finance Management System', NULL, 'Finance Dashboard', 0, 'fms/finance_dashboard', 1, '2021-03-23 23:22:25', '2021-03-23 23:58:14'),
(70, 1, 12, 4, 'Human Resources Information System', NULL, 'HR Dashboard', 0, 'hris/hr_dashboard', 1, '2021-03-23 23:22:25', '2021-12-14 06:09:40'),
(71, 4, 6, 5, 'Project Management System', NULL, 'Project Management', 0, 'fms/project_management', 0, '2021-03-23 23:22:25', '2021-12-21 01:39:49'),
(72, 4, 6, 6, 'Project Management System', NULL, 'Project Task', 0, 'fms/project_task', 0, '2021-03-23 23:22:25', '2021-12-21 01:40:05'),
(73, 4, 6, 7, 'Project Management System', NULL, 'Project Timeline', 0, 'fms/project_timeline', 0, '2021-03-23 23:22:25', '2021-12-21 01:40:19'),
(74, 2, 11, 8, 'Human Resources Information System', NULL, 'Salary Release', 3, 'hris/salary_release', 1, '2021-03-23 23:22:25', '2021-12-15 08:00:46'),
(75, 4, 6, 9, 'Finance Management System', NULL, 'Client Fund Voucher Report', 0, 'fms/client_fund_voucher', 1, '2021-03-23 23:22:25', '2021-06-18 06:11:11'),
(76, 2, 7, 10, 'Finance Management System', NULL, 'Payment Request', 0, 'fms/payment_request', 1, '2021-03-23 23:22:25', '2021-07-15 07:04:47'),
(77, 4, 6, 11, 'Finance Management System', NULL, 'Check Voucher', 0, 'fms/check_voucher', 1, '2021-03-23 23:22:25', '2021-03-23 23:58:14'),
(78, 4, 6, 12, 'Human Resources Information System', NULL, 'Examination Report', 0, 'hris/examination_report', 0, '2021-03-23 23:22:25', '2021-12-21 01:41:47'),
(79, 4, 6, 13, 'Human Resource Information System', NULL, 'Timekeeping Report', 0, 'hris/timekeeping_report', 1, '2021-03-23 23:22:25', '2021-03-23 23:58:14'),
(80, 4, 6, 14, 'Human Resource Information System', NULL, 'Payroll Report', 0, 'hris/payroll_report', 1, '2021-03-23 23:22:25', '2021-03-23 23:58:14'),
(81, 4, 6, 15, 'Human Resource Information System', NULL, 'Payroll Adjustment Report', 0, 'hris/payroll_adjustment_report', 1, '2021-03-23 23:22:25', '2021-03-23 23:58:14'),
(82, 2, 11, 16, 'Human Resources Information System', NULL, 'Generate Payslip', 0, 'hris/generate_payslip', 1, '2021-03-23 23:22:25', '2021-12-02 00:48:19'),
(83, 4, 6, 17, 'Human Resources Information System', NULL, '13th Month Report', 0, 'hris/month_process_report', 1, '2021-03-23 23:22:25', '2021-12-17 02:29:15'),
(84, 4, 6, 18, 'Human Resource Information System', NULL, 'PHIC Premium Payment', 0, 'hris/phic_premium_payment', 1, '2021-03-23 23:22:25', '2021-03-23 23:58:14'),
(85, 4, 6, 19, 'Human Resource Information System', NULL, 'SSS Premium Payment', 0, 'hris/sss_premium_payment', 1, '2021-03-23 23:22:25', '2021-03-23 23:58:14'),
(86, 4, 6, 20, 'Human Resources Information System', NULL, 'HDMF Premium Payment', 0, 'hris/hdmf_premium_payment', 1, '2021-03-23 23:22:25', '2021-12-20 00:21:25'),
(87, 4, 6, 21, 'Human Resources Information System', NULL, 'Manpower Management Report', 0, 'hris/manpower_management_report', 0, '2021-03-23 23:22:25', '2021-12-21 01:42:25'),
(88, 1, 12, 5, 'Human Resource Information System', NULL, 'Employee Dashboard', 0, 'hris/employee_dashboard', 1, '2021-03-23 23:22:25', '2021-03-23 23:58:14'),
(89, 2, 5, 1, 'Project Management System', NULL, 'Milestone Builder', 3, 'pms/milestone_builder', 1, '2021-03-23 23:22:25', '2021-03-23 23:58:14'),
(90, 2, 5, 2, 'Project Management System', NULL, 'Project Timeline Builder', 3, 'pms/project_timeline_builder', 1, '2021-03-23 23:22:25', '2021-07-05 04:53:07'),
(91, 2, 5, 3, 'Project Management System', NULL, 'Manage Project Budget', 3, 'pms/manage_project_budget', 1, '2021-03-23 23:22:25', '2021-03-23 23:58:14'),
(92, 2, 5, 4, 'Project Management System', NULL, 'Project Management Board', 3, 'pms/project_management_board', 1, '2021-03-23 23:22:25', '2021-03-23 23:58:14'),
(93, 2, 7, 1, 'Finance Management System', NULL, 'Petty Cash Voucher', 3, 'fms/petty_cash_voucher', 1, '2021-03-23 23:22:25', '2021-03-23 23:58:14'),
(94, 2, 7, 2, 'Finance Management System', NULL, 'Client Fund Voucher', 3, 'fms/client_fund_voucher', 1, '2021-03-23 23:22:25', '2021-03-23 23:58:14'),
(95, 2, 11, 10, 'Human Resources Information System', NULL, 'Back Pay', 3, 'hris/backpay', 1, '2021-03-23 23:22:25', '2021-12-22 00:50:19'),
(96, 2, 7, 4, 'Finance Management System', NULL, 'Check Voucher', 3, 'fms/check_voucher', 1, '2021-03-23 23:22:25', '2021-03-23 23:58:14'),
(97, 2, 7, 5, 'Finance Management System', NULL, 'Check Writer', 3, 'fms/check_writer', 1, '2021-03-23 23:22:25', '2021-03-23 23:58:14'),
(98, 2, 7, 6, 'Finance Management System', NULL, 'Check Voucher Liquidation', 3, 'fms/check_voucher_liquidation', 1, '2021-03-23 23:22:25', '2021-03-23 23:58:14'),
(99, 2, 7, 7, 'Finance Management System', NULL, 'Billing Module', 0, 'fms/billing_module', 1, '2021-03-23 23:22:25', '2021-06-20 04:57:13'),
(100, 2, 7, 8, 'Finance Management System', NULL, 'Collection Module', 3, 'fms/collection_module', 1, '2021-03-23 23:22:25', '2021-06-20 04:52:03'),
(101, 5, 1, 1, 'Human Resources Information System', NULL, 'Schedule Setup', 0, 'hris/schedule_setup', 1, '2021-03-23 23:22:25', '2021-12-28 02:24:18'),
(102, 5, 1, 2, 'Human Resources Information System', NULL, 'Orientation Setup', 0, 'hris/orientation_setup', 1, '2021-03-23 23:22:25', '2021-12-28 02:23:50'),
(103, 2, 10, 1, 'Human Resources Information System', NULL, 'Job Posting', 0, 'hris/job_posting', 1, '2021-03-23 23:22:25', '2021-03-25 05:25:43'),
(104, 2, 10, 2, 'Human Resource Information System', NULL, 'Applicant Registration', 0, 'hris/application_registration', 1, '2021-03-23 23:22:25', '2021-03-23 23:58:14'),
(105, 5, 1, 3, 'Human Resources Information System', NULL, 'Examination Setup', 0, 'hris/examination_setup', 1, '2021-03-23 23:22:25', '2021-12-28 02:22:38'),
(106, 2, 10, 4, 'Human Resource Information System', NULL, 'Applicant List', 0, 'hris/applicant_list', 1, '2021-03-23 23:22:25', '2021-03-23 23:58:14'),
(107, 2, 10, 5, 'Human Resources Information System', NULL, 'Onboarding Module', 0, 'hris/on_boarding', 1, '2021-03-23 23:22:25', '2021-08-26 07:19:10'),
(108, 2, 11, 1, 'Human Resource Information System', NULL, 'Employee Attendance', 0, 'hris/employee_attendance', 1, '2021-03-23 23:22:25', '2021-03-23 23:58:14'),
(109, 2, 11, 2, 'Human Resources Information System', NULL, 'Timekeeping Module', 3, 'hris/timekeeping_module', 1, '2021-03-23 23:22:25', '2021-12-03 03:42:57'),
(110, 2, 11, 3, 'Human Resources Information System', NULL, 'Payroll Module', 3, 'hris/payroll_module', 1, '2021-03-23 23:22:25', '2021-12-07 01:24:52'),
(111, 2, 11, 4, 'Human Resources Information System', NULL, 'Payroll Adjustment', 3, 'hris/payroll_adjustment', 1, '2021-03-23 23:22:25', '2021-12-06 05:10:35'),
(112, 2, 11, 5, 'Human Resources Information System', NULL, '13th Month', 3, 'hris/month_process', 1, '2021-03-23 23:22:25', '2021-12-17 02:28:17'),
(113, 2, 11, 10, 'Human Resources Information System', NULL, 'Payroll Register', 1, 'hris/payroll_register', 1, '2021-03-23 23:22:25', '2021-12-02 00:48:05'),
(114, 2, 8, 2, 'Human Resources Information System', NULL, 'Personnel Module', 0, 'hris/employee_module', 1, '2021-03-23 23:22:25', '2021-09-28 01:36:13'),
(115, 2, 8, 3, 'Human Resource Information System', NULL, 'Personal Action Notice', 0, 'hris/personal_action_notice', 1, '2021-03-23 23:22:25', '2021-03-23 23:58:14'),
(116, 2, 8, 4, 'Human Resource Information System', NULL, 'Manpower Management', 0, 'hris/manpower_management', 1, '2021-03-23 23:22:25', '2021-03-23 23:58:14'),
(117, 2, 8, 5, 'Human Resource Information System', NULL, 'Employee Relation', 0, 'hris/employee_relation', 1, '2021-03-23 23:22:25', '2021-03-23 23:58:14'),
(118, 2, 8, 6, 'Human Resource Information System', NULL, 'Employee Evaluation', 0, 'hris/employee_evaluation', 1, '2021-03-23 23:22:25', '2021-03-23 23:58:14'),
(119, 2, 8, 7, 'Human Resource Information System', NULL, 'Employee Management', 0, 'hris/employee_management', 1, '2021-03-23 23:22:25', '2021-03-23 23:58:14'),
(120, 2, 8, 8, 'Human Resource Information System', NULL, 'Memorandum', 0, 'hris/memorandum', 1, '2021-03-23 23:22:25', '2021-03-23 23:58:14'),
(121, 2, 8, 9, 'Human Resource Information System', NULL, 'Employee Award', 0, 'hris/employee_award', 1, '2021-03-23 23:22:25', '2021-03-23 23:58:14'),
(122, 2, 8, 10, 'Human Resource Information System', NULL, 'Leave Monitoring', 0, 'hris/leave_monitoring', 1, '2021-03-23 23:22:25', '2021-03-23 23:58:14'),
(123, 2, 8, 11, 'Human Resources Information System', NULL, 'Training and Development', 3, 'hris/training_development', 1, '2021-03-23 23:22:25', '2021-08-25 05:47:53'),
(124, 2, 8, 12, 'Human Resource Information System', NULL, 'Event Calendar', 0, 'hris/event_calendar', 1, '2021-03-23 23:22:25', '2021-03-23 23:58:14'),
(125, 2, 3, 1, 'Inventory Management System', NULL, 'Canvassing Form', 1, 'ims/inventory_canvassing', 1, '2021-04-20 23:29:40', '2021-04-20 23:29:40'),
(126, 2, 3, 1, 'Inventory Management System', NULL, 'Inventory Validation', 3, 'ims/inventory_validation', 1, '2021-04-20 23:41:40', '2021-06-02 05:46:41'),
(127, 2, 3, 1, 'Inventory Management System', NULL, 'Item Price List', 0, 'ims/item_price_list', 1, '2021-04-22 16:09:10', '2021-05-06 06:53:39'),
(128, 2, 3, 9, 'Inventory Management System', NULL, 'Service Completion', 3, 'ims/service_completion', 1, '2021-03-23 23:22:25', '2021-03-23 23:58:14'),
(129, 2, 3, 99, 'Inventory Management System', NULL, 'Inventory Stock In', 0, 'ims/inventory_stock_in', 1, '2021-05-07 01:50:57', '2021-05-07 01:50:57'),
(130, 2, 2, 3, 'Inventory Management System', NULL, 'Unit of Measurement', 0, 'ims/unit_of_measurement', 1, '2021-05-24 13:09:23', '2021-05-24 13:09:23'),
(131, 2, 2, 31, 'Inventory Management System', NULL, 'Service', 0, 'ims/service', 1, '2021-05-26 05:39:58', '2021-05-26 05:44:44'),
(132, 2, 7, 1, 'Finance Management System', NULL, 'Liquidation', 3, 'fms/liquidation', 1, '2021-06-18 00:32:53', '2021-06-18 00:32:53'),
(133, 2, 7, 1, 'Finance Management System', NULL, 'Petty Cash Replenishment', 3, 'fms/petty_cash_replenishment', 1, '2021-06-18 06:12:41', '2021-06-18 06:12:41'),
(134, 2, 7, 1, 'Finance Management System', NULL, 'Client Fund Replenishment', 3, 'fms/client_fund_replenishment', 1, '2021-06-18 06:13:14', '2021-06-18 06:13:14'),
(135, 2, 2, 1, 'Inventory Management System', NULL, 'Vehicle', 0, 'ims/vehicle', 1, '2021-07-13 00:59:45', '2021-12-14 23:54:59'),
(136, 4, 6, 1, 'Inventory Management System', NULL, 'Reservation Report', 0, 'ims/reservation_report', 1, '2021-07-16 00:45:44', '2021-07-16 00:45:44'),
(137, 2, 3, 1, 'Inventory Management System', NULL, 'Inventory Requisition', 3, 'ims/material_request', 1, '2021-09-16 11:47:46', '2021-12-06 23:40:35'),
(138, 2, 3, 1, 'Inventory Management System', NULL, 'Change Request', 3, 'ims/change_request', 1, '2021-09-16 11:48:36', '2021-09-16 11:48:36'),
(139, 2, 3, 1, 'Inventory Management System', NULL, 'Stock Out', 1, 'ims/stock_out', 1, '2021-09-16 23:17:19', '2021-09-16 23:17:19'),
(140, 2, 2, 1, 'Inventory Management System', NULL, 'Inventory Asset', 0, 'ims/inventory_asset', 1, '2021-09-17 04:17:02', '2021-09-17 04:17:02'),
(141, 2, 3, 1, 'Inventory Management System', NULL, 'Asset Price List', 0, 'ims/asset_price_list', 1, '2021-09-20 07:20:43', '2021-10-12 02:39:09'),
(142, 2, 5, 1, 'Project Management System', NULL, 'Consolidated Documents', 0, 'pms/consolidated_document', 1, '2021-10-14 06:52:30', '2021-10-14 06:52:30'),
(143, 2, 8, 1, 'Human Resources Information System', NULL, 'Production', 3, 'hris/production', 1, '2021-11-22 23:12:22', '2021-12-02 03:20:55'),
(144, 6, 0, 1, 'Human Resources Information System', NULL, 'User Profile', 0, 'hris/user_profile', 1, '2021-11-30 23:48:57', '2021-12-01 00:04:05'),
(145, 5, 1, 20, 'Human Resources Information System|Project Management System|Inventory Management System|Finance Management System', NULL, 'System Settings', 0, 'settings', 1, '2021-12-01 07:49:46', '2021-12-13 07:38:00'),
(146, 4, 6, 21, 'Human Resources Information System|Project Management System|Inventory Management System|Finance Management System', NULL, 'Audit Trail', 0, 'audit_trail', 1, '2021-12-01 07:51:39', '2021-12-01 07:51:39');

-- --------------------------------------------------------

--
-- Table structure for table `gen_operations_tbl`
--

CREATE TABLE `gen_operations_tbl` (
  `userAccountID` bigint(20) NOT NULL,
  `role` varchar(100) NOT NULL,
  `firstname` varchar(100) NOT NULL,
  `lastname` varchar(100) NOT NULL,
  `email` varchar(200) NOT NULL,
  `mobile` varchar(50) NOT NULL,
  `telephone` varchar(50) NOT NULL,
  `address` text NOT NULL,
  `gender` varchar(20) NOT NULL,
  `birthday` date NOT NULL,
  `link` text NOT NULL,
  `username` varchar(100) NOT NULL,
  `password` text NOT NULL,
  `amount` decimal(15,2) DEFAULT NULL,
  `skills` text DEFAULT NULL,
  `file` text DEFAULT NULL,
  `userType` bigint(20) NOT NULL,
  `status` int(11) NOT NULL,
  `createdAt` timestamp NOT NULL DEFAULT current_timestamp(),
  `updatedAt` timestamp NOT NULL DEFAULT current_timestamp() ON UPDATE current_timestamp()
) ENGINE=InnoDB DEFAULT CHARSET=utf8mb4;

--
-- Dumping data for table `gen_operations_tbl`
--

INSERT INTO `gen_operations_tbl` (`userAccountID`, `role`, `firstname`, `lastname`, `email`, `mobile`, `telephone`, `address`, `gender`, `birthday`, `link`, `username`, `password`, `amount`, `skills`, `file`, `userType`, `status`, `createdAt`, `updatedAt`) VALUES
(1, 'Admin', 'Ako To Si', 'Natoy', 'rjpinca@gmail.com', '(+63) 099 0908 595', '(32) 1321 423', '1709 Antel Bldg, Julia Vargas', 'Male', '2021-02-03', 'http://theblackcoders.com', 'rjpinca', 'rjpinca', '0.00', 'CSS|HTML|JS', '01614670888.svg|11614670888.svg|21614670888.svg|31614670888.svg', 0, 0, '2021-02-26 05:19:00', '2021-03-02 07:41:28'),
(2, 'Operations', 'Akosi', 'RJ', 'hakdog123@gmail.com', '(+63) 545 8987 987', '(54) 6545 646', '1709 Antel Bldg, Julia Vargas', 'Male', '2021-03-05', 'http://theblackcoders.com', 'hakdog123', 'hakdog123', '999.95', 'CSS|JS', '01614668556.svg|11614668556.svg|21614668556.svg|31614668556.svg|41614668556.svg|51614668556.svg', 0, 1, '2021-02-26 05:25:07', '2021-03-02 07:02:36'),
(9, 'Admin', 'Charles', 'Vincent', 'charlesvincent@gmail.com', '(+63) 123 2141 242', '(53) 2432 423', 'Quezon City', 'Male', '2021-03-09', 'http://theblackcoders.com', 'charles', 'charles', '0.00', 'CSS|HTML|JS', '01614668026.svg|11614668026.svg|21614668026.svg|31614668026.svg|41614668026.svg|51614668026.svg', 0, 1, '2021-03-02 06:52:07', '2021-03-02 06:53:46');

-- --------------------------------------------------------

--
-- Table structure for table `gen_roles_permission_tbl`
--

CREATE TABLE `gen_roles_permission_tbl` (
  `permissionID` bigint(20) NOT NULL,
  `designationID` bigint(20) NOT NULL,
  `roleID` bigint(20) NOT NULL,
  `moduleID` bigint(20) NOT NULL,
  `permissionStatus` int(11) NOT NULL,
  `createdAt` timestamp NOT NULL DEFAULT current_timestamp(),
  `updatedAt` timestamp NOT NULL DEFAULT current_timestamp()
) ENGINE=InnoDB DEFAULT CHARSET=utf8mb4;

--
-- Dumping data for table `gen_roles_permission_tbl`
--

INSERT INTO `gen_roles_permission_tbl` (`permissionID`, `designationID`, `roleID`, `moduleID`, `permissionStatus`, `createdAt`, `updatedAt`) VALUES
(1, 1, 0, 1, 1, '2021-05-11 06:18:56', '2021-05-11 06:18:56'),
(2, 1, 0, 2, 1, '2021-05-11 06:18:56', '2021-05-11 06:18:56'),
(3, 1, 0, 3, 1, '2021-05-11 06:18:56', '2021-05-11 06:18:56'),
(4, 1, 0, 4, 1, '2021-05-11 06:18:56', '2021-05-11 06:18:56'),
(5, 1, 0, 5, 1, '2021-05-11 06:18:56', '2021-05-11 06:18:56'),
(6, 1, 0, 6, 1, '2021-05-11 06:18:56', '2021-05-11 06:18:56'),
(7, 1, 0, 7, 1, '2021-05-11 06:18:56', '2021-05-11 06:18:56'),
(8, 1, 0, 8, 1, '2021-05-11 06:18:56', '2021-05-11 06:18:56'),
(9, 1, 0, 9, 1, '2021-05-11 06:18:56', '2021-05-11 06:18:56'),
(10, 1, 0, 10, 1, '2021-05-11 06:18:56', '2021-05-11 06:18:56'),
(11, 1, 0, 11, 1, '2021-05-11 06:18:56', '2021-05-11 06:18:56'),
(12, 1, 0, 12, 1, '2021-05-11 06:18:56', '2021-05-11 06:18:56'),
(13, 1, 0, 13, 1, '2021-05-11 06:18:56', '2021-05-11 06:18:56'),
(14, 1, 0, 14, 1, '2021-05-11 06:18:56', '2021-05-11 06:18:56'),
(15, 1, 0, 15, 1, '2021-05-11 06:18:56', '2021-05-11 06:18:56'),
(16, 1, 0, 16, 1, '2021-05-11 06:18:56', '2021-05-11 06:18:56'),
(17, 1, 0, 17, 1, '2021-05-11 06:18:56', '2021-05-11 06:18:56'),
(18, 1, 0, 18, 1, '2021-05-11 06:18:56', '2021-05-11 06:18:56'),
(19, 1, 0, 19, 1, '2021-05-11 06:18:56', '2021-05-11 06:18:56'),
(20, 1, 0, 20, 1, '2021-05-11 06:18:56', '2021-05-11 06:18:56'),
(21, 1, 0, 21, 1, '2021-05-11 06:18:56', '2021-05-11 06:18:56'),
(22, 1, 0, 22, 1, '2021-05-11 06:18:56', '2021-05-11 06:18:56'),
(23, 1, 0, 23, 1, '2021-05-11 06:18:56', '2021-05-11 06:18:56'),
(24, 1, 0, 24, 1, '2021-05-11 06:18:56', '2021-05-11 06:18:56'),
(25, 1, 0, 25, 1, '2021-05-11 06:18:56', '2021-05-11 06:18:56'),
(26, 1, 0, 26, 1, '2021-05-11 06:18:56', '2021-05-11 06:18:56'),
(27, 1, 0, 27, 1, '2021-05-11 06:18:56', '2021-05-11 06:18:56'),
(28, 1, 0, 28, 1, '2021-05-11 06:18:56', '2021-05-11 06:18:56'),
(29, 1, 0, 29, 1, '2021-05-11 06:18:56', '2021-05-11 06:18:56'),
(30, 1, 0, 30, 1, '2021-05-11 06:18:56', '2021-05-11 06:18:56'),
(31, 1, 0, 31, 1, '2021-05-11 06:18:56', '2021-05-11 06:18:56'),
(32, 1, 0, 32, 1, '2021-05-11 06:18:56', '2021-05-11 06:18:56'),
(33, 1, 0, 33, 1, '2021-05-11 06:18:56', '2021-05-11 06:18:56'),
(34, 1, 0, 34, 1, '2021-05-11 06:18:56', '2021-05-11 06:18:56'),
(35, 1, 0, 35, 1, '2021-05-11 06:18:56', '2021-05-11 06:18:56'),
(36, 1, 0, 36, 1, '2021-05-11 06:18:56', '2021-05-11 06:18:56'),
(37, 1, 0, 37, 1, '2021-05-11 06:18:56', '2021-05-11 06:18:56'),
(38, 1, 0, 38, 1, '2021-05-11 06:18:56', '2021-05-11 06:18:56'),
(39, 1, 0, 39, 1, '2021-05-11 06:18:56', '2021-05-11 06:18:56'),
(40, 1, 0, 40, 1, '2021-05-11 06:18:56', '2021-05-11 06:18:56'),
(41, 1, 0, 41, 1, '2021-05-11 06:18:56', '2021-05-11 06:18:56'),
(42, 1, 0, 42, 1, '2021-05-11 06:18:56', '2021-05-11 06:18:56'),
(43, 1, 0, 43, 1, '2021-05-11 06:18:56', '2021-05-11 06:18:56'),
(44, 1, 0, 44, 1, '2021-05-11 06:18:56', '2021-05-11 06:18:56'),
(45, 1, 0, 45, 1, '2021-05-11 06:18:56', '2021-05-11 06:18:56'),
(46, 1, 0, 46, 1, '2021-05-11 06:18:56', '2021-05-11 06:18:56'),
(47, 1, 0, 47, 1, '2021-05-11 06:18:56', '2021-05-11 06:18:56'),
(48, 1, 0, 48, 1, '2021-05-11 06:18:56', '2021-05-11 06:18:56'),
(49, 1, 0, 49, 1, '2021-05-11 06:18:56', '2021-05-11 06:18:56'),
(50, 1, 0, 50, 1, '2021-05-11 06:18:56', '2021-05-11 06:18:56'),
(51, 1, 0, 51, 1, '2021-05-11 06:18:56', '2021-05-11 06:18:56'),
(52, 1, 0, 52, 1, '2021-05-11 06:18:56', '2021-05-11 06:18:56'),
(53, 1, 0, 53, 1, '2021-05-11 06:18:56', '2021-05-11 06:18:56'),
(54, 1, 0, 54, 1, '2021-05-11 06:18:56', '2021-05-11 06:18:56'),
(55, 1, 0, 55, 1, '2021-05-11 06:18:56', '2021-05-11 06:18:56'),
(56, 1, 0, 56, 1, '2021-05-11 06:18:56', '2021-05-11 06:18:56'),
(57, 1, 0, 57, 1, '2021-05-11 06:18:56', '2021-05-11 06:18:56'),
(58, 1, 0, 58, 1, '2021-05-11 06:18:56', '2021-05-11 06:18:56'),
(59, 1, 0, 59, 1, '2021-05-11 06:18:56', '2021-05-11 06:18:56'),
(60, 1, 0, 60, 1, '2021-05-11 06:18:56', '2021-05-11 06:18:56'),
(61, 1, 0, 61, 1, '2021-05-11 06:18:56', '2021-05-11 06:18:56'),
(62, 1, 0, 62, 1, '2021-05-11 06:18:56', '2021-05-11 06:18:56'),
(63, 1, 0, 63, 1, '2021-05-11 06:18:56', '2021-05-11 06:18:56'),
(64, 1, 0, 64, 1, '2021-05-11 06:18:56', '2021-05-11 06:18:56'),
(65, 1, 0, 65, 1, '2021-05-11 06:18:56', '2021-05-11 06:18:56'),
(66, 1, 0, 66, 1, '2021-05-11 06:18:56', '2021-05-11 06:18:56'),
(67, 1, 0, 67, 1, '2021-05-11 06:18:56', '2021-05-11 06:18:56'),
(68, 1, 0, 68, 1, '2021-05-11 06:18:56', '2021-05-11 06:18:56'),
(69, 1, 0, 69, 1, '2021-05-11 06:18:56', '2021-05-11 06:18:56'),
(70, 1, 0, 70, 1, '2021-05-11 06:18:56', '2021-05-11 06:18:56'),
(71, 1, 0, 71, 1, '2021-05-11 06:18:56', '2021-05-11 06:18:56'),
(72, 1, 0, 72, 1, '2021-05-11 06:18:56', '2021-05-11 06:18:56'),
(73, 1, 0, 73, 1, '2021-05-11 06:18:56', '2021-05-11 06:18:56'),
(74, 1, 0, 74, 1, '2021-05-11 06:18:56', '2021-05-11 06:18:56'),
(75, 1, 0, 75, 1, '2021-05-11 06:18:56', '2021-05-11 06:18:56'),
(76, 1, 0, 76, 1, '2021-05-11 06:18:56', '2021-05-11 06:18:56'),
(77, 1, 0, 77, 1, '2021-05-11 06:18:56', '2021-05-11 06:18:56'),
(78, 1, 0, 78, 1, '2021-05-11 06:18:56', '2021-05-11 06:18:56'),
(79, 1, 0, 79, 1, '2021-05-11 06:18:56', '2021-05-11 06:18:56'),
(80, 1, 0, 80, 1, '2021-05-11 06:18:56', '2021-05-11 06:18:56'),
(81, 1, 0, 81, 1, '2021-05-11 06:18:56', '2021-05-11 06:18:56'),
(82, 1, 0, 82, 1, '2021-05-11 06:18:56', '2021-05-11 06:18:56'),
(83, 1, 0, 83, 1, '2021-05-11 06:18:56', '2021-05-11 06:18:56'),
(84, 1, 0, 84, 1, '2021-05-11 06:18:56', '2021-05-11 06:18:56'),
(85, 1, 0, 85, 1, '2021-05-11 06:18:56', '2021-05-11 06:18:56'),
(86, 1, 0, 86, 1, '2021-05-11 06:18:56', '2021-05-11 06:18:56'),
(87, 1, 0, 87, 1, '2021-05-11 06:18:56', '2021-05-11 06:18:56'),
(88, 1, 0, 88, 1, '2021-05-11 06:18:56', '2021-05-11 06:18:56'),
(89, 1, 0, 89, 1, '2021-05-11 06:18:56', '2021-05-11 06:18:56'),
(90, 1, 0, 90, 1, '2021-05-11 06:18:56', '2021-05-11 06:18:56'),
(91, 1, 0, 91, 1, '2021-05-11 06:18:56', '2021-05-11 06:18:56'),
(92, 1, 0, 92, 1, '2021-05-11 06:18:56', '2021-05-11 06:18:56'),
(93, 1, 0, 93, 1, '2021-05-11 06:18:56', '2021-05-11 06:18:56'),
(94, 1, 0, 94, 1, '2021-05-11 06:18:56', '2021-05-11 06:18:56'),
(95, 1, 0, 95, 1, '2021-05-11 06:18:56', '2021-05-11 06:18:56'),
(96, 1, 0, 96, 1, '2021-05-11 06:18:56', '2021-05-11 06:18:56'),
(97, 1, 0, 97, 1, '2021-05-11 06:18:56', '2021-05-11 06:18:56'),
(98, 1, 0, 98, 1, '2021-05-11 06:18:56', '2021-05-11 06:18:56'),
(99, 1, 0, 99, 1, '2021-05-11 06:18:56', '2021-05-11 06:18:56'),
(100, 1, 0, 100, 1, '2021-05-11 06:18:56', '2021-05-11 06:18:56'),
(101, 1, 0, 101, 1, '2021-05-11 06:18:56', '2021-05-11 06:18:56'),
(102, 1, 0, 102, 1, '2021-05-11 06:18:56', '2021-05-11 06:18:56'),
(103, 1, 0, 103, 1, '2021-05-11 06:18:56', '2021-05-11 06:18:56'),
(104, 1, 0, 104, 1, '2021-05-11 06:18:56', '2021-05-11 06:18:56'),
(105, 1, 0, 105, 1, '2021-05-11 06:18:56', '2021-05-11 06:18:56'),
(106, 1, 0, 106, 1, '2021-05-11 06:18:56', '2021-05-11 06:18:56'),
(107, 1, 0, 107, 1, '2021-05-11 06:18:56', '2021-05-11 06:18:56'),
(108, 1, 0, 108, 1, '2021-05-11 06:18:56', '2021-05-11 06:18:56'),
(109, 1, 0, 109, 1, '2021-05-11 06:18:56', '2021-05-11 06:18:56'),
(110, 1, 0, 110, 1, '2021-05-11 06:18:56', '2021-05-11 06:18:56'),
(111, 1, 0, 111, 1, '2021-05-11 06:18:56', '2021-05-11 06:18:56'),
(112, 1, 0, 112, 1, '2021-05-11 06:18:56', '2021-05-11 06:18:56'),
(113, 1, 0, 113, 1, '2021-05-11 06:18:56', '2021-05-11 06:18:56'),
(114, 1, 0, 114, 1, '2021-05-11 06:18:56', '2021-05-11 06:18:56'),
(115, 1, 0, 115, 1, '2021-05-11 06:18:56', '2021-05-11 06:18:56'),
(116, 1, 0, 116, 1, '2021-05-11 06:18:56', '2021-05-11 06:18:56'),
(117, 1, 0, 117, 1, '2021-05-11 06:18:56', '2021-05-11 06:18:56'),
(118, 1, 0, 118, 1, '2021-05-11 06:18:56', '2021-05-11 06:18:56'),
(119, 1, 0, 119, 1, '2021-05-11 06:18:56', '2021-05-11 06:18:56'),
(120, 1, 0, 120, 1, '2021-05-11 06:18:56', '2021-05-11 06:18:56'),
(121, 1, 0, 121, 1, '2021-05-11 06:18:56', '2021-05-11 06:18:56'),
(122, 1, 0, 122, 1, '2021-05-11 06:18:56', '2021-05-11 06:18:56'),
(123, 1, 0, 123, 1, '2021-05-11 06:18:56', '2021-05-11 06:18:56'),
(124, 1, 0, 124, 1, '2021-05-11 06:18:56', '2021-05-11 06:18:56'),
(125, 1, 0, 125, 1, '2021-05-11 06:18:56', '2021-05-11 06:18:56'),
(126, 1, 0, 126, 1, '2021-05-11 06:18:56', '2021-05-11 06:18:56'),
(127, 1, 0, 127, 1, '2021-05-11 06:18:56', '2021-05-11 06:18:56'),
(128, 1, 0, 128, 1, '2021-05-11 06:18:56', '2021-05-11 06:18:56'),
(129, 1, 0, 129, 1, '2021-05-11 06:18:56', '2021-05-11 06:18:56'),
(130, 2, 0, 1, 1, '2021-05-11 06:18:56', '2021-05-11 06:18:56'),
(131, 2, 0, 2, 0, '2021-05-11 06:18:56', '2021-05-11 06:18:56'),
(132, 2, 0, 3, 0, '2021-05-11 06:18:56', '2021-05-11 06:18:56'),
(133, 2, 0, 4, 0, '2021-05-11 06:18:56', '2021-05-11 06:18:56'),
(134, 2, 0, 5, 0, '2021-05-11 06:18:56', '2021-05-11 06:18:56'),
(135, 2, 0, 6, 0, '2021-05-11 06:18:56', '2021-05-11 06:18:56'),
(136, 2, 0, 7, 0, '2021-05-11 06:18:56', '2021-05-11 06:18:56'),
(137, 2, 0, 8, 0, '2021-05-11 06:18:56', '2021-05-11 06:18:56'),
(138, 2, 0, 9, 0, '2021-05-11 06:18:56', '2021-05-11 06:18:56'),
(139, 2, 0, 10, 1, '2021-05-11 06:18:56', '2021-05-11 06:18:56'),
(140, 2, 0, 11, 1, '2021-05-11 06:18:56', '2021-05-11 06:18:56'),
(141, 2, 0, 12, 1, '2021-05-11 06:18:56', '2021-05-11 06:18:56'),
(142, 2, 0, 13, 1, '2021-05-11 06:18:56', '2021-05-11 06:18:56'),
(143, 2, 0, 14, 1, '2021-05-11 06:18:56', '2021-05-11 06:18:56'),
(144, 2, 0, 15, 0, '2021-05-11 06:18:56', '2021-05-11 06:18:56'),
(145, 2, 0, 16, 0, '2021-05-11 06:18:56', '2021-05-11 06:18:56'),
(146, 2, 0, 17, 1, '2021-05-11 06:18:56', '2021-05-11 06:18:56'),
(147, 2, 0, 18, 1, '2021-05-11 06:18:56', '2021-05-11 06:18:56'),
(148, 2, 0, 19, 0, '2021-05-11 06:18:56', '2021-05-11 06:18:56'),
(149, 2, 0, 20, 0, '2021-05-11 06:18:56', '2021-05-11 06:18:56'),
(150, 2, 0, 21, 1, '2021-05-11 06:18:56', '2021-05-11 06:18:56'),
(151, 2, 0, 22, 1, '2021-05-11 06:18:56', '2021-05-11 06:18:56'),
(152, 2, 0, 23, 0, '2021-05-11 06:18:56', '2021-05-11 06:18:56'),
(153, 2, 0, 24, 0, '2021-05-11 06:18:56', '2021-05-11 06:18:56'),
(154, 2, 0, 25, 0, '2021-05-11 06:18:56', '2021-05-11 06:18:56'),
(155, 2, 0, 26, 0, '2021-05-11 06:18:56', '2021-05-11 06:18:56'),
(156, 2, 0, 27, 0, '2021-05-11 06:18:56', '2021-05-11 06:18:56'),
(157, 2, 0, 28, 0, '2021-05-11 06:18:56', '2021-05-11 06:18:56'),
(158, 2, 0, 29, 0, '2021-05-11 06:18:56', '2021-05-11 06:18:56'),
(159, 2, 0, 30, 0, '2021-05-11 06:18:56', '2021-05-11 06:18:56'),
(160, 2, 0, 31, 1, '2021-05-11 06:18:56', '2021-05-11 06:18:56'),
(161, 2, 0, 32, 0, '2021-05-11 06:18:56', '2021-05-11 06:18:56'),
(162, 2, 0, 33, 1, '2021-05-11 06:18:56', '2021-05-11 06:18:56'),
(163, 2, 0, 34, 1, '2021-05-11 06:18:56', '2021-05-11 06:18:56'),
(164, 2, 0, 35, 1, '2021-05-11 06:18:56', '2021-05-11 06:18:56'),
(165, 2, 0, 36, 1, '2021-05-11 06:18:56', '2021-05-11 06:18:56'),
(166, 2, 0, 37, 1, '2021-05-11 06:18:56', '2021-05-11 06:18:56'),
(167, 2, 0, 38, 1, '2021-05-11 06:18:56', '2021-05-11 06:18:56'),
(168, 2, 0, 39, 1, '2021-05-11 06:18:56', '2021-05-11 06:18:56'),
(169, 2, 0, 40, 0, '2021-05-11 06:18:56', '2021-05-11 06:18:56'),
(170, 2, 0, 41, 0, '2021-05-11 06:18:56', '2021-05-11 06:18:56'),
(171, 2, 0, 42, 1, '2021-05-11 06:18:56', '2021-05-11 06:18:56'),
(172, 2, 0, 43, 0, '2021-05-11 06:18:56', '2021-05-11 06:18:56'),
(173, 2, 0, 44, 0, '2021-05-11 06:18:56', '2021-05-11 06:18:56'),
(174, 2, 0, 45, 1, '2021-05-11 06:18:56', '2021-05-11 06:18:56'),
(175, 2, 0, 46, 0, '2021-05-11 06:18:56', '2021-05-11 06:18:56'),
(176, 2, 0, 47, 0, '2021-05-11 06:18:56', '2021-05-11 06:18:56'),
(177, 2, 0, 48, 0, '2021-05-11 06:18:56', '2021-05-11 06:18:56'),
(178, 2, 0, 49, 1, '2021-05-11 06:18:56', '2021-05-11 06:18:56'),
(179, 2, 0, 50, 0, '2021-05-11 06:18:56', '2021-05-11 06:18:56'),
(180, 2, 0, 51, 0, '2021-05-11 06:18:56', '2021-05-11 06:18:56'),
(181, 2, 0, 52, 0, '2021-05-11 06:18:56', '2021-05-11 06:18:56'),
(182, 2, 0, 53, 1, '2021-05-11 06:18:56', '2021-05-11 06:18:56'),
(183, 2, 0, 54, 1, '2021-05-11 06:18:56', '2021-05-11 06:18:56'),
(184, 2, 0, 55, 0, '2021-05-11 06:18:56', '2021-05-11 06:18:56'),
(185, 2, 0, 56, 0, '2021-05-11 06:18:56', '2021-05-11 06:18:56'),
(186, 2, 0, 57, 1, '2021-05-11 06:18:56', '2021-05-11 06:18:56'),
(187, 2, 0, 58, 0, '2021-05-11 06:18:56', '2021-05-11 06:18:56'),
(188, 2, 0, 59, 1, '2021-05-11 06:18:56', '2021-05-11 06:18:56'),
(189, 2, 0, 60, 0, '2021-05-11 06:18:56', '2021-05-11 06:18:56'),
(190, 2, 0, 61, 0, '2021-05-11 06:18:56', '2021-05-11 06:18:56'),
(191, 2, 0, 62, 0, '2021-05-11 06:18:56', '2021-05-11 06:18:56'),
(192, 2, 0, 63, 1, '2021-05-11 06:18:56', '2021-05-11 06:18:56'),
(193, 2, 0, 64, 1, '2021-05-11 06:18:56', '2021-05-11 06:18:56'),
(194, 2, 0, 65, 1, '2021-05-11 06:18:56', '2021-05-11 06:18:56'),
(195, 2, 0, 66, 1, '2021-05-11 06:18:56', '2021-05-11 06:18:56'),
(196, 2, 0, 67, 0, '2021-05-11 06:18:56', '2021-05-11 06:18:56'),
(197, 2, 0, 68, 0, '2021-05-11 06:18:56', '2021-05-11 06:18:56'),
(198, 2, 0, 69, 0, '2021-05-11 06:18:56', '2021-05-11 06:18:56'),
(199, 2, 0, 70, 0, '2021-05-11 06:18:56', '2021-05-11 06:18:56'),
(200, 2, 0, 71, 0, '2021-05-11 06:18:56', '2021-05-11 06:18:56'),
(201, 2, 0, 72, 0, '2021-05-11 06:18:56', '2021-05-11 06:18:56'),
(202, 2, 0, 73, 0, '2021-05-11 06:18:56', '2021-05-11 06:18:56'),
(203, 2, 0, 74, 1, '2021-05-11 06:18:56', '2021-05-11 06:18:56'),
(204, 2, 0, 75, 1, '2021-05-11 06:18:56', '2021-05-11 06:18:56'),
(205, 2, 0, 76, 1, '2021-05-11 06:18:56', '2021-05-11 06:18:56'),
(206, 2, 0, 77, 1, '2021-05-11 06:18:56', '2021-05-11 06:18:56'),
(207, 2, 0, 78, 0, '2021-05-11 06:18:56', '2021-05-11 06:18:56'),
(208, 2, 0, 79, 0, '2021-05-11 06:18:56', '2021-05-11 06:18:56'),
(209, 2, 0, 80, 0, '2021-05-11 06:18:56', '2021-05-11 06:18:56'),
(210, 2, 0, 81, 0, '2021-05-11 06:18:56', '2021-05-11 06:18:56'),
(211, 2, 0, 82, 0, '2021-05-11 06:18:56', '2021-05-11 06:18:56'),
(212, 2, 0, 83, 0, '2021-05-11 06:18:56', '2021-05-11 06:18:56'),
(213, 2, 0, 84, 0, '2021-05-11 06:18:56', '2021-05-11 06:18:56'),
(214, 2, 0, 85, 0, '2021-05-11 06:18:56', '2021-05-11 06:18:56'),
(215, 2, 0, 86, 0, '2021-05-11 06:18:56', '2021-05-11 06:18:56'),
(216, 2, 0, 87, 1, '2021-05-11 06:18:56', '2021-05-11 06:18:56'),
(217, 2, 0, 88, 1, '2021-05-11 06:18:56', '2021-05-11 06:18:56'),
(218, 2, 0, 89, 1, '2021-05-11 06:18:56', '2021-05-11 06:18:56'),
(219, 2, 0, 90, 1, '2021-05-11 06:18:56', '2021-05-11 06:18:56'),
(220, 2, 0, 91, 1, '2021-05-11 06:18:56', '2021-05-11 06:18:56'),
(221, 2, 0, 92, 1, '2021-05-11 06:18:56', '2021-05-11 06:18:56'),
(222, 2, 0, 93, 1, '2021-05-11 06:18:56', '2021-05-11 06:18:56'),
(223, 2, 0, 94, 1, '2021-05-11 06:18:56', '2021-05-11 06:18:56'),
(224, 2, 0, 95, 1, '2021-05-11 06:18:56', '2021-05-11 06:18:56'),
(225, 2, 0, 96, 1, '2021-05-11 06:18:56', '2021-05-11 06:18:56'),
(226, 2, 0, 97, 1, '2021-05-11 06:18:56', '2021-05-11 06:18:56'),
(227, 2, 0, 98, 1, '2021-05-11 06:18:56', '2021-05-11 06:18:56'),
(228, 2, 0, 99, 0, '2021-05-11 06:18:56', '2021-05-11 06:18:56'),
(229, 2, 0, 100, 0, '2021-05-11 06:18:56', '2021-05-11 06:18:56'),
(230, 2, 0, 101, 0, '2021-05-11 06:18:56', '2021-05-11 06:18:56'),
(231, 2, 0, 102, 1, '2021-05-11 06:18:56', '2021-05-11 06:18:56'),
(232, 2, 0, 103, 0, '2021-05-11 06:18:56', '2021-05-11 06:18:56'),
(233, 2, 0, 104, 0, '2021-05-11 06:18:56', '2021-05-11 06:18:56'),
(234, 2, 0, 105, 0, '2021-05-11 06:18:56', '2021-05-11 06:18:56'),
(235, 2, 0, 106, 0, '2021-05-11 06:18:56', '2021-05-11 06:18:56'),
(236, 2, 0, 107, 0, '2021-05-11 06:18:56', '2021-05-11 06:18:56'),
(237, 2, 0, 108, 0, '2021-05-11 06:18:56', '2021-05-11 06:18:56'),
(238, 2, 0, 109, 0, '2021-05-11 06:18:56', '2021-05-11 06:18:56'),
(239, 2, 0, 110, 0, '2021-05-11 06:18:56', '2021-05-11 06:18:56'),
(240, 2, 0, 111, 0, '2021-05-11 06:18:56', '2021-05-11 06:18:56'),
(241, 2, 0, 112, 0, '2021-05-11 06:18:56', '2021-05-11 06:18:56'),
(242, 2, 0, 113, 0, '2021-05-11 06:18:56', '2021-05-11 06:18:56'),
(243, 2, 0, 114, 0, '2021-05-11 06:18:56', '2021-05-11 06:18:56'),
(244, 2, 0, 115, 0, '2021-05-11 06:18:56', '2021-05-11 06:18:56'),
(245, 2, 0, 116, 1, '2021-05-11 06:18:56', '2021-05-11 06:18:56'),
(246, 2, 0, 117, 0, '2021-05-11 06:18:56', '2021-05-11 06:18:56'),
(247, 2, 0, 118, 0, '2021-05-11 06:18:56', '2021-05-11 06:18:56'),
(248, 2, 0, 119, 0, '2021-05-11 06:18:56', '2021-05-11 06:18:56'),
(249, 2, 0, 120, 0, '2021-05-11 06:18:56', '2021-05-11 06:18:56'),
(250, 2, 0, 121, 0, '2021-05-11 06:18:56', '2021-05-11 06:18:56'),
(251, 2, 0, 122, 1, '2021-05-11 06:18:56', '2021-05-11 06:18:56'),
(252, 2, 0, 123, 1, '2021-05-11 06:18:56', '2021-05-11 06:18:56'),
(253, 2, 0, 124, 0, '2021-05-11 06:18:56', '2021-05-11 06:18:56'),
(254, 2, 0, 125, 0, '2021-05-11 06:18:56', '2021-05-11 06:18:56'),
(255, 2, 0, 126, 1, '2021-05-11 06:18:56', '2021-05-11 06:18:56'),
(256, 2, 0, 127, 1, '2021-05-11 06:18:56', '2021-05-11 06:18:56'),
(257, 2, 0, 128, 1, '2021-05-11 06:18:56', '2021-05-11 06:18:56'),
(258, 2, 0, 129, 1, '2021-05-11 06:18:56', '2021-05-11 06:18:56'),
(259, 3, 0, 1, 1, '2021-05-11 06:18:56', '2021-05-11 06:18:56'),
(260, 3, 0, 2, 1, '2021-05-11 06:18:56', '2021-05-11 06:18:56'),
(261, 3, 0, 3, 0, '2021-05-11 06:18:56', '2021-05-11 06:18:56'),
(262, 3, 0, 4, 0, '2021-05-11 06:18:56', '2021-05-11 06:18:56'),
(263, 3, 0, 5, 0, '2021-05-11 06:18:56', '2021-05-11 06:18:56'),
(264, 3, 0, 6, 0, '2021-05-11 06:18:56', '2021-05-11 06:18:56'),
(265, 3, 0, 7, 0, '2021-05-11 06:18:56', '2021-05-11 06:18:56'),
(266, 3, 0, 8, 0, '2021-05-11 06:18:56', '2021-05-11 06:18:56'),
(267, 3, 0, 9, 0, '2021-05-11 06:18:56', '2021-05-11 06:18:56'),
(268, 3, 0, 10, 0, '2021-05-11 06:18:56', '2021-05-11 06:18:56'),
(269, 3, 0, 11, 0, '2021-05-11 06:18:56', '2021-05-11 06:18:56'),
(270, 3, 0, 12, 0, '2021-05-11 06:18:56', '2021-05-11 06:18:56'),
(271, 3, 0, 13, 0, '2021-05-11 06:18:56', '2021-05-11 06:18:56'),
(272, 3, 0, 14, 0, '2021-05-11 06:18:56', '2021-05-11 06:18:56'),
(273, 3, 0, 15, 0, '2021-05-11 06:18:56', '2021-05-11 06:18:56'),
(274, 3, 0, 16, 0, '2021-05-11 06:18:56', '2021-05-11 06:18:56'),
(275, 3, 0, 17, 0, '2021-05-11 06:18:56', '2021-05-11 06:18:56'),
(276, 3, 0, 18, 0, '2021-05-11 06:18:56', '2021-05-11 06:18:56'),
(277, 3, 0, 19, 0, '2021-05-11 06:18:56', '2021-05-11 06:18:56'),
(278, 3, 0, 20, 0, '2021-05-11 06:18:56', '2021-05-11 06:18:56'),
(279, 3, 0, 21, 0, '2021-05-11 06:18:56', '2021-05-11 06:18:56'),
(280, 3, 0, 22, 0, '2021-05-11 06:18:56', '2021-05-11 06:18:56'),
(281, 3, 0, 23, 0, '2021-05-11 06:18:56', '2021-05-11 06:18:56'),
(282, 3, 0, 24, 0, '2021-05-11 06:18:56', '2021-05-11 06:18:56'),
(283, 3, 0, 25, 0, '2021-05-11 06:18:56', '2021-05-11 06:18:56'),
(284, 3, 0, 26, 0, '2021-05-11 06:18:56', '2021-05-11 06:18:56'),
(285, 3, 0, 27, 0, '2021-05-11 06:18:56', '2021-05-11 06:18:56'),
(286, 3, 0, 28, 0, '2021-05-11 06:18:56', '2021-05-11 06:18:56'),
(287, 3, 0, 29, 0, '2021-05-11 06:18:56', '2021-05-11 06:18:56'),
(288, 3, 0, 30, 0, '2021-05-11 06:18:56', '2021-05-11 06:18:56'),
(289, 3, 0, 31, 0, '2021-05-11 06:18:56', '2021-05-11 06:18:56'),
(290, 3, 0, 32, 0, '2021-05-11 06:18:56', '2021-05-11 06:18:56'),
(291, 3, 0, 33, 0, '2021-05-11 06:18:56', '2021-05-11 06:18:56'),
(292, 3, 0, 34, 0, '2021-05-11 06:18:56', '2021-05-11 06:18:56'),
(293, 3, 0, 35, 0, '2021-05-11 06:18:56', '2021-05-11 06:18:56'),
(294, 3, 0, 36, 1, '2021-05-11 06:18:56', '2021-05-11 06:18:56'),
(295, 3, 0, 37, 1, '2021-05-11 06:18:56', '2021-05-11 06:18:56'),
(296, 3, 0, 38, 1, '2021-05-11 06:18:56', '2021-05-11 06:18:56'),
(297, 3, 0, 39, 0, '2021-05-11 06:18:56', '2021-05-11 06:18:56'),
(298, 3, 0, 40, 0, '2021-05-11 06:18:56', '2021-05-11 06:18:56'),
(299, 3, 0, 41, 0, '2021-05-11 06:18:56', '2021-05-11 06:18:56'),
(300, 3, 0, 42, 0, '2021-05-11 06:18:56', '2021-05-11 06:18:56'),
(301, 3, 0, 43, 0, '2021-05-11 06:18:56', '2021-05-11 06:18:56'),
(302, 3, 0, 44, 0, '2021-05-11 06:18:56', '2021-05-11 06:18:56'),
(303, 3, 0, 45, 0, '2021-05-11 06:18:56', '2021-05-11 06:18:56'),
(304, 3, 0, 46, 0, '2021-05-11 06:18:56', '2021-05-11 06:18:56'),
(305, 3, 0, 47, 0, '2021-05-11 06:18:56', '2021-05-11 06:18:56'),
(306, 3, 0, 48, 0, '2021-05-11 06:18:56', '2021-05-11 06:18:56'),
(307, 3, 0, 49, 0, '2021-05-11 06:18:56', '2021-05-11 06:18:56'),
(308, 3, 0, 50, 0, '2021-05-11 06:18:56', '2021-05-11 06:18:56'),
(309, 3, 0, 51, 0, '2021-05-11 06:18:56', '2021-05-11 06:18:56'),
(310, 3, 0, 52, 0, '2021-05-11 06:18:56', '2021-05-11 06:18:56'),
(311, 3, 0, 53, 0, '2021-05-11 06:18:56', '2021-05-11 06:18:56'),
(312, 3, 0, 54, 0, '2021-05-11 06:18:56', '2021-05-11 06:18:56'),
(313, 3, 0, 55, 0, '2021-05-11 06:18:56', '2021-05-11 06:18:56'),
(314, 3, 0, 56, 0, '2021-05-11 06:18:56', '2021-05-11 06:18:56'),
(315, 3, 0, 57, 0, '2021-05-11 06:18:56', '2021-05-11 06:18:56'),
(316, 3, 0, 58, 0, '2021-05-11 06:18:56', '2021-05-11 06:18:56'),
(317, 3, 0, 59, 1, '2021-05-11 06:18:56', '2021-05-11 06:18:56'),
(318, 3, 0, 60, 0, '2021-05-11 06:18:56', '2021-05-11 06:18:56'),
(319, 3, 0, 61, 0, '2021-05-11 06:18:56', '2021-05-11 06:18:56'),
(320, 3, 0, 62, 0, '2021-05-11 06:18:56', '2021-05-11 06:18:56'),
(321, 3, 0, 63, 0, '2021-05-11 06:18:56', '2021-05-11 06:18:56'),
(322, 3, 0, 64, 0, '2021-05-11 06:18:56', '2021-05-11 06:18:56'),
(323, 3, 0, 65, 0, '2021-05-11 06:18:56', '2021-05-11 06:18:56'),
(324, 3, 0, 66, 0, '2021-05-11 06:18:56', '2021-05-11 06:18:56'),
(325, 3, 0, 67, 0, '2021-05-11 06:18:56', '2021-05-11 06:18:56'),
(326, 3, 0, 68, 0, '2021-05-11 06:18:56', '2021-05-11 06:18:56'),
(327, 3, 0, 69, 0, '2021-05-11 06:18:56', '2021-05-11 06:18:56'),
(328, 3, 0, 70, 0, '2021-05-11 06:18:56', '2021-05-11 06:18:56'),
(329, 3, 0, 71, 0, '2021-05-11 06:18:56', '2021-05-11 06:18:56'),
(330, 3, 0, 72, 0, '2021-05-11 06:18:56', '2021-05-11 06:18:56'),
(331, 3, 0, 73, 0, '2021-05-11 06:18:56', '2021-05-11 06:18:56'),
(332, 3, 0, 74, 0, '2021-05-11 06:18:56', '2021-05-11 06:18:56'),
(333, 3, 0, 75, 0, '2021-05-11 06:18:56', '2021-05-11 06:18:56'),
(334, 3, 0, 76, 0, '2021-05-11 06:18:56', '2021-05-11 06:18:56'),
(335, 3, 0, 77, 0, '2021-05-11 06:18:56', '2021-05-11 06:18:56'),
(336, 3, 0, 78, 0, '2021-05-11 06:18:56', '2021-05-11 06:18:56'),
(337, 3, 0, 79, 0, '2021-05-11 06:18:56', '2021-05-11 06:18:56'),
(338, 3, 0, 80, 0, '2021-05-11 06:18:56', '2021-05-11 06:18:56'),
(339, 3, 0, 81, 0, '2021-05-11 06:18:56', '2021-05-11 06:18:56'),
(340, 3, 0, 82, 0, '2021-05-11 06:18:56', '2021-05-11 06:18:56'),
(341, 3, 0, 83, 0, '2021-05-11 06:18:56', '2021-05-11 06:18:56'),
(342, 3, 0, 84, 0, '2021-05-11 06:18:56', '2021-05-11 06:18:56'),
(343, 3, 0, 85, 0, '2021-05-11 06:18:56', '2021-05-11 06:18:56'),
(344, 3, 0, 86, 0, '2021-05-11 06:18:56', '2021-05-11 06:18:56'),
(345, 3, 0, 87, 0, '2021-05-11 06:18:56', '2021-05-11 06:18:56'),
(346, 3, 0, 88, 0, '2021-05-11 06:18:56', '2021-05-11 06:18:56'),
(347, 3, 0, 89, 0, '2021-05-11 06:18:56', '2021-05-11 06:18:56'),
(348, 3, 0, 90, 0, '2021-05-11 06:18:56', '2021-05-11 06:18:56'),
(349, 3, 0, 91, 0, '2021-05-11 06:18:56', '2021-05-11 06:18:56'),
(350, 3, 0, 92, 0, '2021-05-11 06:18:56', '2021-05-11 06:18:56'),
(351, 3, 0, 93, 0, '2021-05-11 06:18:56', '2021-05-11 06:18:56'),
(352, 3, 0, 94, 0, '2021-05-11 06:18:56', '2021-05-11 06:18:56'),
(353, 3, 0, 95, 0, '2021-05-11 06:18:56', '2021-05-11 06:18:56'),
(354, 3, 0, 96, 0, '2021-05-11 06:18:56', '2021-05-11 06:18:56'),
(355, 3, 0, 97, 0, '2021-05-11 06:18:56', '2021-05-11 06:18:56'),
(356, 3, 0, 98, 0, '2021-05-11 06:18:56', '2021-05-11 06:18:56'),
(357, 3, 0, 99, 0, '2021-05-11 06:18:56', '2021-05-11 06:18:56'),
(358, 3, 0, 100, 0, '2021-05-11 06:18:56', '2021-05-11 06:18:56'),
(359, 3, 0, 101, 0, '2021-05-11 06:18:56', '2021-05-11 06:18:56'),
(360, 3, 0, 102, 0, '2021-05-11 06:18:56', '2021-05-11 06:18:56'),
(361, 3, 0, 103, 0, '2021-05-11 06:18:56', '2021-05-11 06:18:56'),
(362, 3, 0, 104, 0, '2021-05-11 06:18:56', '2021-05-11 06:18:56'),
(363, 3, 0, 105, 0, '2021-05-11 06:18:56', '2021-05-11 06:18:56'),
(364, 3, 0, 106, 0, '2021-05-11 06:18:56', '2021-05-11 06:18:56'),
(365, 3, 0, 107, 0, '2021-05-11 06:18:56', '2021-05-11 06:18:56'),
(366, 3, 0, 108, 0, '2021-05-11 06:18:56', '2021-05-11 06:18:56'),
(367, 3, 0, 109, 0, '2021-05-11 06:18:56', '2021-05-11 06:18:56'),
(368, 3, 0, 110, 0, '2021-05-11 06:18:56', '2021-05-11 06:18:56'),
(369, 3, 0, 111, 0, '2021-05-11 06:18:56', '2021-05-11 06:18:56'),
(370, 3, 0, 112, 0, '2021-05-11 06:18:56', '2021-05-11 06:18:56'),
(371, 3, 0, 113, 0, '2021-05-11 06:18:56', '2021-05-11 06:18:56'),
(372, 3, 0, 114, 0, '2021-05-11 06:18:56', '2021-05-11 06:18:56'),
(373, 3, 0, 115, 0, '2021-05-11 06:18:56', '2021-05-11 06:18:56'),
(374, 3, 0, 116, 0, '2021-05-11 06:18:56', '2021-05-11 06:18:56'),
(375, 3, 0, 117, 0, '2021-05-11 06:18:56', '2021-05-11 06:18:56'),
(376, 3, 0, 118, 0, '2021-05-11 06:18:56', '2021-05-11 06:18:56'),
(377, 3, 0, 119, 0, '2021-05-11 06:18:56', '2021-05-11 06:18:56'),
(378, 3, 0, 120, 0, '2021-05-11 06:18:56', '2021-05-11 06:18:56'),
(379, 3, 0, 121, 0, '2021-05-11 06:18:56', '2021-05-11 06:18:56'),
(380, 3, 0, 122, 0, '2021-05-11 06:18:56', '2021-05-11 06:18:56'),
(381, 3, 0, 123, 0, '2021-05-11 06:18:56', '2021-05-11 06:18:56'),
(382, 3, 0, 124, 0, '2021-05-11 06:18:56', '2021-05-11 06:18:56'),
(383, 3, 0, 125, 0, '2021-05-11 06:18:56', '2021-05-11 06:18:56'),
(384, 3, 0, 126, 0, '2021-05-11 06:18:56', '2021-05-11 06:18:56'),
(385, 3, 0, 127, 0, '2021-05-11 06:18:56', '2021-05-11 06:18:56'),
(386, 3, 0, 128, 0, '2021-05-11 06:18:56', '2021-05-11 06:18:56'),
(387, 3, 0, 129, 0, '2021-05-11 06:18:56', '2021-05-11 06:18:56'),
(388, 4, 0, 1, 1, '2021-05-11 06:18:56', '2021-05-11 06:18:56'),
(389, 4, 0, 2, 0, '2021-05-11 06:18:56', '2021-05-11 06:18:56'),
(390, 4, 0, 3, 0, '2021-05-11 06:18:56', '2021-05-11 06:18:56'),
(391, 4, 0, 4, 0, '2021-05-11 06:18:56', '2021-05-11 06:18:56'),
(392, 4, 0, 5, 0, '2021-05-11 06:18:56', '2021-05-11 06:18:56'),
(393, 4, 0, 6, 0, '2021-05-11 06:18:56', '2021-05-11 06:18:56'),
(394, 4, 0, 7, 0, '2021-05-11 06:18:56', '2021-05-11 06:18:56'),
(395, 4, 0, 8, 0, '2021-05-11 06:18:56', '2021-05-11 06:18:56'),
(396, 4, 0, 9, 0, '2021-05-11 06:18:56', '2021-05-11 06:18:56'),
(397, 4, 0, 10, 0, '2021-05-11 06:18:56', '2021-05-11 06:18:56'),
(398, 4, 0, 11, 0, '2021-05-11 06:18:56', '2021-05-11 06:18:56'),
(399, 4, 0, 12, 1, '2021-05-11 06:18:56', '2021-05-11 06:18:56'),
(400, 4, 0, 13, 0, '2021-05-11 06:18:56', '2021-05-11 06:18:56'),
(401, 4, 0, 14, 0, '2021-05-11 06:18:56', '2021-05-11 06:18:56'),
(402, 4, 0, 15, 0, '2021-05-11 06:18:56', '2021-05-11 06:18:56'),
(403, 4, 0, 16, 0, '2021-05-11 06:18:56', '2021-05-11 06:18:56'),
(404, 4, 0, 17, 0, '2021-05-11 06:18:56', '2021-05-11 06:18:56'),
(405, 4, 0, 18, 0, '2021-05-11 06:18:56', '2021-05-11 06:18:56'),
(406, 4, 0, 19, 0, '2021-05-11 06:18:56', '2021-05-11 06:18:56'),
(407, 4, 0, 20, 0, '2021-05-11 06:18:56', '2021-05-11 06:18:56'),
(408, 4, 0, 21, 0, '2021-05-11 06:18:56', '2021-05-11 06:18:56'),
(409, 4, 0, 22, 0, '2021-05-11 06:18:56', '2021-05-11 06:18:56'),
(410, 4, 0, 23, 0, '2021-05-11 06:18:56', '2021-05-11 06:18:56'),
(411, 4, 0, 24, 0, '2021-05-11 06:18:56', '2021-05-11 06:18:56'),
(412, 4, 0, 25, 0, '2021-05-11 06:18:56', '2021-05-11 06:18:56'),
(413, 4, 0, 26, 0, '2021-05-11 06:18:56', '2021-05-11 06:18:56'),
(414, 4, 0, 27, 0, '2021-05-11 06:18:56', '2021-05-11 06:18:56'),
(415, 4, 0, 28, 0, '2021-05-11 06:18:56', '2021-05-11 06:18:56'),
(416, 4, 0, 29, 0, '2021-05-11 06:18:56', '2021-05-11 06:18:56'),
(417, 4, 0, 30, 0, '2021-05-11 06:18:56', '2021-05-11 06:18:56'),
(418, 4, 0, 31, 1, '2021-05-11 06:18:56', '2021-05-11 06:18:56'),
(419, 4, 0, 32, 0, '2021-05-11 06:18:56', '2021-05-11 06:18:56'),
(420, 4, 0, 33, 1, '2021-05-11 06:18:56', '2021-05-11 06:18:56'),
(421, 4, 0, 34, 1, '2021-05-11 06:18:56', '2021-05-11 06:18:56'),
(422, 4, 0, 35, 1, '2021-05-11 06:18:56', '2021-05-11 06:18:56'),
(423, 4, 0, 36, 1, '2021-05-11 06:18:56', '2021-05-11 06:18:56'),
(424, 4, 0, 37, 1, '2021-05-11 06:18:56', '2021-05-11 06:18:56'),
(425, 4, 0, 38, 1, '2021-05-11 06:18:56', '2021-05-11 06:18:56'),
(426, 4, 0, 39, 1, '2021-05-11 06:18:56', '2021-05-11 06:18:56'),
(427, 4, 0, 40, 1, '2021-05-11 06:18:56', '2021-05-11 06:18:56'),
(428, 4, 0, 41, 1, '2021-05-11 06:18:56', '2021-05-11 06:18:56'),
(429, 4, 0, 42, 1, '2021-05-11 06:18:56', '2021-05-11 06:18:56'),
(430, 4, 0, 43, 1, '2021-05-11 06:18:56', '2021-05-11 06:18:56'),
(431, 4, 0, 44, 1, '2021-05-11 06:18:56', '2021-05-11 06:18:56'),
(432, 4, 0, 45, 1, '2021-05-11 06:18:56', '2021-05-11 06:18:56'),
(433, 4, 0, 46, 1, '2021-05-11 06:18:56', '2021-05-11 06:18:56'),
(434, 4, 0, 47, 1, '2021-05-11 06:18:56', '2021-05-11 06:18:56'),
(435, 4, 0, 48, 1, '2021-05-11 06:18:56', '2021-05-11 06:18:56'),
(436, 4, 0, 49, 1, '2021-05-11 06:18:56', '2021-05-11 06:18:56'),
(437, 4, 0, 50, 1, '2021-05-11 06:18:56', '2021-05-11 06:18:56'),
(438, 4, 0, 51, 1, '2021-05-11 06:18:56', '2021-05-11 06:18:56'),
(439, 4, 0, 52, 0, '2021-05-11 06:18:56', '2021-05-11 06:18:56'),
(440, 4, 0, 53, 1, '2021-05-11 06:18:56', '2021-05-11 06:18:56'),
(441, 4, 0, 54, 1, '2021-05-11 06:18:56', '2021-05-11 06:18:56'),
(442, 4, 0, 55, 1, '2021-05-11 06:18:56', '2021-05-11 06:18:56'),
(443, 4, 0, 56, 1, '2021-05-11 06:18:56', '2021-05-11 06:18:56'),
(444, 4, 0, 57, 1, '2021-05-11 06:18:56', '2021-05-11 06:18:56'),
(445, 4, 0, 58, 0, '2021-05-11 06:18:56', '2021-05-11 06:18:56'),
(446, 4, 0, 59, 1, '2021-05-11 06:18:56', '2021-05-11 06:18:56'),
(447, 4, 0, 60, 1, '2021-05-11 06:18:56', '2021-05-11 06:18:56'),
(448, 4, 0, 61, 0, '2021-05-11 06:18:56', '2021-05-11 06:18:56'),
(449, 4, 0, 62, 0, '2021-05-11 06:18:56', '2021-05-11 06:18:56'),
(450, 4, 0, 63, 1, '2021-05-11 06:18:56', '2021-05-11 06:18:56'),
(451, 4, 0, 64, 1, '2021-05-11 06:18:56', '2021-05-11 06:18:56'),
(452, 4, 0, 65, 1, '2021-05-11 06:18:56', '2021-05-11 06:18:56'),
(453, 4, 0, 66, 0, '2021-05-11 06:18:56', '2021-05-11 06:18:56'),
(454, 4, 0, 67, 0, '2021-05-11 06:18:56', '2021-05-11 06:18:56'),
(455, 4, 0, 68, 0, '2021-05-11 06:18:56', '2021-05-11 06:18:56'),
(456, 4, 0, 69, 0, '2021-05-11 06:18:56', '2021-05-11 06:18:56'),
(457, 4, 0, 70, 0, '2021-05-11 06:18:56', '2021-05-11 06:18:56'),
(458, 4, 0, 71, 0, '2021-05-11 06:18:56', '2021-05-11 06:18:56'),
(459, 4, 0, 72, 0, '2021-05-11 06:18:56', '2021-05-11 06:18:56'),
(460, 4, 0, 73, 0, '2021-05-11 06:18:56', '2021-05-11 06:18:56'),
(461, 4, 0, 74, 1, '2021-05-11 06:18:56', '2021-05-11 06:18:56'),
(462, 4, 0, 75, 1, '2021-05-11 06:18:56', '2021-05-11 06:18:56'),
(463, 4, 0, 76, 1, '2021-05-11 06:18:56', '2021-05-11 06:18:56'),
(464, 4, 0, 77, 1, '2021-05-11 06:18:56', '2021-05-11 06:18:56'),
(465, 4, 0, 78, 0, '2021-05-11 06:18:56', '2021-05-11 06:18:56'),
(466, 4, 0, 79, 1, '2021-05-11 06:18:56', '2021-05-11 06:18:56'),
(467, 4, 0, 80, 0, '2021-05-11 06:18:56', '2021-05-11 06:18:56'),
(468, 4, 0, 81, 0, '2021-05-11 06:18:56', '2021-05-11 06:18:56'),
(469, 4, 0, 82, 0, '2021-05-11 06:18:56', '2021-05-11 06:18:56'),
(470, 4, 0, 83, 0, '2021-05-11 06:18:56', '2021-05-11 06:18:56'),
(471, 4, 0, 84, 0, '2021-05-11 06:18:56', '2021-05-11 06:18:56'),
(472, 4, 0, 85, 0, '2021-05-11 06:18:56', '2021-05-11 06:18:56'),
(473, 4, 0, 86, 0, '2021-05-11 06:18:56', '2021-05-11 06:18:56'),
(474, 4, 0, 87, 0, '2021-05-11 06:18:56', '2021-05-11 06:18:56'),
(475, 4, 0, 88, 1, '2021-05-11 06:18:56', '2021-05-11 06:18:56'),
(476, 4, 0, 89, 0, '2021-05-11 06:18:56', '2021-05-11 06:18:56'),
(477, 4, 0, 90, 1, '2021-05-11 06:18:56', '2021-05-11 06:18:56'),
(478, 4, 0, 91, 1, '2021-05-11 06:18:56', '2021-05-11 06:18:56'),
(479, 4, 0, 92, 1, '2021-05-11 06:18:56', '2021-05-11 06:18:56'),
(480, 4, 0, 93, 1, '2021-05-11 06:18:56', '2021-05-11 06:18:56'),
(481, 4, 0, 94, 1, '2021-05-11 06:18:56', '2021-05-11 06:18:56'),
(482, 4, 0, 95, 1, '2021-05-11 06:18:56', '2021-05-11 06:18:56'),
(483, 4, 0, 96, 1, '2021-05-11 06:18:56', '2021-05-11 06:18:56'),
(484, 4, 0, 97, 1, '2021-05-11 06:18:56', '2021-05-11 06:18:56'),
(485, 4, 0, 98, 1, '2021-05-11 06:18:56', '2021-05-11 06:18:56'),
(486, 4, 0, 99, 0, '2021-05-11 06:18:56', '2021-05-11 06:18:56'),
(487, 4, 0, 100, 0, '2021-05-11 06:18:56', '2021-05-11 06:18:56'),
(488, 4, 0, 101, 0, '2021-05-11 06:18:56', '2021-05-11 06:18:56'),
(489, 4, 0, 102, 0, '2021-05-11 06:18:56', '2021-05-11 06:18:56'),
(490, 4, 0, 103, 0, '2021-05-11 06:18:56', '2021-05-11 06:18:56'),
(491, 4, 0, 104, 0, '2021-05-11 06:18:56', '2021-05-11 06:18:56'),
(492, 4, 0, 105, 0, '2021-05-11 06:18:56', '2021-05-11 06:18:56'),
(493, 4, 0, 106, 0, '2021-05-11 06:18:56', '2021-05-11 06:18:56'),
(494, 4, 0, 107, 0, '2021-05-11 06:18:56', '2021-05-11 06:18:56'),
(495, 4, 0, 108, 0, '2021-05-11 06:18:56', '2021-05-11 06:18:56'),
(496, 4, 0, 109, 1, '2021-05-11 06:18:56', '2021-05-11 06:18:56'),
(497, 4, 0, 110, 1, '2021-05-11 06:18:56', '2021-05-11 06:18:56'),
(498, 4, 0, 111, 1, '2021-05-11 06:18:56', '2021-05-11 06:18:56'),
(499, 4, 0, 112, 0, '2021-05-11 06:18:56', '2021-05-11 06:18:56'),
(500, 4, 0, 113, 1, '2021-05-11 06:18:56', '2021-05-11 06:18:56'),
(501, 4, 0, 114, 1, '2021-05-11 06:18:56', '2021-05-11 06:18:56'),
(502, 4, 0, 115, 0, '2021-05-11 06:18:56', '2021-05-11 06:18:56'),
(503, 4, 0, 116, 0, '2021-05-11 06:18:56', '2021-05-11 06:18:56'),
(504, 4, 0, 117, 0, '2021-05-11 06:18:56', '2021-05-11 06:18:56'),
(505, 4, 0, 118, 0, '2021-05-11 06:18:56', '2021-05-11 06:18:56'),
(506, 4, 0, 119, 0, '2021-05-11 06:18:56', '2021-05-11 06:18:56'),
(507, 4, 0, 120, 0, '2021-05-11 06:18:56', '2021-05-11 06:18:56'),
(508, 4, 0, 121, 0, '2021-05-11 06:18:56', '2021-05-11 06:18:56'),
(509, 4, 0, 122, 1, '2021-05-11 06:18:56', '2021-05-11 06:18:56'),
(510, 4, 0, 123, 1, '2021-05-11 06:18:56', '2021-05-11 06:18:56'),
(511, 4, 0, 124, 0, '2021-05-11 06:18:56', '2021-05-11 06:18:56'),
(512, 4, 0, 125, 0, '2021-05-11 06:18:56', '2021-05-11 06:18:56'),
(513, 4, 0, 126, 1, '2021-05-11 06:18:56', '2021-05-11 06:18:56'),
(514, 4, 0, 127, 1, '2021-05-11 06:18:56', '2021-05-11 06:18:56'),
(515, 4, 0, 128, 1, '2021-05-11 06:18:56', '2021-05-11 06:18:56'),
(516, 4, 0, 129, 1, '2021-05-11 06:18:56', '2021-05-11 06:18:56'),
(517, 5, 0, 1, 1, '2021-05-11 06:18:56', '2021-05-11 06:18:56'),
(518, 5, 0, 2, 0, '2021-05-11 06:18:56', '2021-05-11 06:18:56'),
(519, 5, 0, 3, 0, '2021-05-11 06:18:56', '2021-05-11 06:18:56'),
(520, 5, 0, 4, 0, '2021-05-11 06:18:56', '2021-05-11 06:18:56'),
(521, 5, 0, 5, 0, '2021-05-11 06:18:56', '2021-05-11 06:18:56'),
(522, 5, 0, 6, 0, '2021-05-11 06:18:56', '2021-05-11 06:18:56'),
(523, 5, 0, 7, 0, '2021-05-11 06:18:56', '2021-05-11 06:18:56'),
(524, 5, 0, 8, 0, '2021-05-11 06:18:56', '2021-05-11 06:18:56'),
(525, 5, 0, 9, 0, '2021-05-11 06:18:56', '2021-05-11 06:18:56'),
(526, 5, 0, 10, 0, '2021-05-11 06:18:56', '2021-05-11 06:18:56'),
(527, 5, 0, 11, 0, '2021-05-11 06:18:56', '2021-05-11 06:18:56'),
(528, 5, 0, 12, 1, '2021-05-11 06:18:56', '2021-05-11 06:18:56'),
(529, 5, 0, 13, 0, '2021-05-11 06:18:56', '2021-05-11 06:18:56'),
(530, 5, 0, 14, 0, '2021-05-11 06:18:56', '2021-05-11 06:18:56'),
(531, 5, 0, 15, 0, '2021-05-11 06:18:56', '2021-05-11 06:18:56'),
(532, 5, 0, 16, 0, '2021-05-11 06:18:56', '2021-05-11 06:18:56'),
(533, 5, 0, 17, 0, '2021-05-11 06:18:56', '2021-05-11 06:18:56'),
(534, 5, 0, 18, 0, '2021-05-11 06:18:56', '2021-05-11 06:18:56'),
(535, 5, 0, 19, 0, '2021-05-11 06:18:56', '2021-05-11 06:18:56'),
(536, 5, 0, 20, 0, '2021-05-11 06:18:56', '2021-05-11 06:18:56'),
(537, 5, 0, 21, 0, '2021-05-11 06:18:56', '2021-05-11 06:18:56'),
(538, 5, 0, 22, 0, '2021-05-11 06:18:56', '2021-05-11 06:18:56'),
(539, 5, 0, 23, 0, '2021-05-11 06:18:56', '2021-05-11 06:18:56'),
(540, 5, 0, 24, 0, '2021-05-11 06:18:56', '2021-05-11 06:18:56'),
(541, 5, 0, 25, 0, '2021-05-11 06:18:56', '2021-05-11 06:18:56'),
(542, 5, 0, 26, 0, '2021-05-11 06:18:56', '2021-05-11 06:18:56'),
(543, 5, 0, 27, 0, '2021-05-11 06:18:56', '2021-05-11 06:18:56'),
(544, 5, 0, 28, 0, '2021-05-11 06:18:56', '2021-05-11 06:18:56'),
(545, 5, 0, 29, 0, '2021-05-11 06:18:56', '2021-05-11 06:18:56'),
(546, 5, 0, 30, 0, '2021-05-11 06:18:56', '2021-05-11 06:18:56'),
(547, 5, 0, 31, 1, '2021-05-11 06:18:56', '2021-05-11 06:18:56'),
(548, 5, 0, 32, 0, '2021-05-11 06:18:56', '2021-05-11 06:18:56'),
(549, 5, 0, 33, 1, '2021-05-11 06:18:56', '2021-05-11 06:18:56'),
(550, 5, 0, 34, 1, '2021-05-11 06:18:56', '2021-05-11 06:18:56'),
(551, 5, 0, 35, 1, '2021-05-11 06:18:56', '2021-05-11 06:18:56'),
(552, 5, 0, 36, 1, '2021-05-11 06:18:56', '2021-05-11 06:18:56'),
(553, 5, 0, 37, 1, '2021-05-11 06:18:56', '2021-05-11 06:18:56'),
(554, 5, 0, 38, 0, '2021-05-11 06:18:56', '2021-05-11 06:18:56'),
(555, 5, 0, 39, 1, '2021-05-11 06:18:56', '2021-05-11 06:18:56'),
(556, 5, 0, 40, 1, '2021-05-11 06:18:56', '2021-05-11 06:18:56'),
(557, 5, 0, 41, 1, '2021-05-11 06:18:56', '2021-05-11 06:18:56'),
(558, 5, 0, 42, 1, '2021-05-11 06:18:56', '2021-05-11 06:18:56'),
(559, 5, 0, 43, 1, '2021-05-11 06:18:56', '2021-05-11 06:18:56'),
(560, 5, 0, 44, 1, '2021-05-11 06:18:56', '2021-05-11 06:18:56'),
(561, 5, 0, 45, 1, '2021-05-11 06:18:56', '2021-05-11 06:18:56'),
(562, 5, 0, 46, 1, '2021-05-11 06:18:56', '2021-05-11 06:18:56'),
(563, 5, 0, 47, 1, '2021-05-11 06:18:56', '2021-05-11 06:18:56'),
(564, 5, 0, 48, 1, '2021-05-11 06:18:56', '2021-05-11 06:18:56'),
(565, 5, 0, 49, 1, '2021-05-11 06:18:56', '2021-05-11 06:18:56'),
(566, 5, 0, 50, 1, '2021-05-11 06:18:56', '2021-05-11 06:18:56'),
(567, 5, 0, 51, 1, '2021-05-11 06:18:56', '2021-05-11 06:18:56'),
(568, 5, 0, 52, 0, '2021-05-11 06:18:56', '2021-05-11 06:18:56'),
(569, 5, 0, 53, 1, '2021-05-11 06:18:56', '2021-05-11 06:18:56'),
(570, 5, 0, 54, 1, '2021-05-11 06:18:56', '2021-05-11 06:18:56'),
(571, 5, 0, 55, 0, '2021-05-11 06:18:56', '2021-05-11 06:18:56'),
(572, 5, 0, 56, 0, '2021-05-11 06:18:56', '2021-05-11 06:18:56'),
(573, 5, 0, 57, 1, '2021-05-11 06:18:56', '2021-05-11 06:18:56'),
(574, 5, 0, 58, 1, '2021-05-11 06:18:56', '2021-05-11 06:18:56'),
(575, 5, 0, 59, 0, '2021-05-11 06:18:56', '2021-05-11 06:18:56'),
(576, 5, 0, 60, 0, '2021-05-11 06:18:56', '2021-05-11 06:18:56'),
(577, 5, 0, 61, 0, '2021-05-11 06:18:56', '2021-05-11 06:18:56'),
(578, 5, 0, 62, 0, '2021-05-11 06:18:56', '2021-05-11 06:18:56'),
(579, 5, 0, 63, 1, '2021-05-11 06:18:56', '2021-05-11 06:18:56'),
(580, 5, 0, 64, 1, '2021-05-11 06:18:56', '2021-05-11 06:18:56'),
(581, 5, 0, 65, 1, '2021-05-11 06:18:56', '2021-05-11 06:18:56'),
(582, 5, 0, 66, 0, '2021-05-11 06:18:56', '2021-05-11 06:18:56'),
(583, 5, 0, 67, 0, '2021-05-11 06:18:56', '2021-05-11 06:18:56'),
(584, 5, 0, 68, 0, '2021-05-11 06:18:56', '2021-05-11 06:18:56'),
(585, 5, 0, 69, 0, '2021-05-11 06:18:56', '2021-05-11 06:18:56'),
(586, 5, 0, 70, 0, '2021-05-11 06:18:56', '2021-05-11 06:18:56'),
(587, 5, 0, 71, 0, '2021-05-11 06:18:56', '2021-05-11 06:18:56'),
(588, 5, 0, 72, 0, '2021-05-11 06:18:56', '2021-05-11 06:18:56'),
(589, 5, 0, 73, 0, '2021-05-11 06:18:56', '2021-05-11 06:18:56'),
(590, 5, 0, 74, 1, '2021-05-11 06:18:56', '2021-05-11 06:18:56'),
(591, 5, 0, 75, 1, '2021-05-11 06:18:56', '2021-05-11 06:18:56'),
(592, 5, 0, 76, 1, '2021-05-11 06:18:56', '2021-05-11 06:18:56'),
(593, 5, 0, 77, 1, '2021-05-11 06:18:56', '2021-05-11 06:18:56'),
(594, 5, 0, 78, 0, '2021-05-11 06:18:56', '2021-05-11 06:18:56'),
(595, 5, 0, 79, 0, '2021-05-11 06:18:56', '2021-05-11 06:18:56'),
(596, 5, 0, 80, 0, '2021-05-11 06:18:56', '2021-05-11 06:18:56'),
(597, 5, 0, 81, 0, '2021-05-11 06:18:56', '2021-05-11 06:18:56'),
(598, 5, 0, 82, 0, '2021-05-11 06:18:56', '2021-05-11 06:18:56'),
(599, 5, 0, 83, 0, '2021-05-11 06:18:56', '2021-05-11 06:18:56'),
(600, 5, 0, 84, 0, '2021-05-11 06:18:56', '2021-05-11 06:18:56'),
(601, 5, 0, 85, 0, '2021-05-11 06:18:56', '2021-05-11 06:18:56'),
(602, 5, 0, 86, 0, '2021-05-11 06:18:56', '2021-05-11 06:18:56'),
(603, 5, 0, 87, 0, '2021-05-11 06:18:56', '2021-05-11 06:18:56'),
(604, 5, 0, 88, 0, '2021-05-11 06:18:56', '2021-05-11 06:18:56'),
(605, 5, 0, 89, 0, '2021-05-11 06:18:56', '2021-05-11 06:18:56'),
(606, 5, 0, 90, 1, '2021-05-11 06:18:56', '2021-05-11 06:18:56'),
(607, 5, 0, 91, 0, '2021-05-11 06:18:56', '2021-05-11 06:18:56'),
(608, 5, 0, 92, 0, '2021-05-11 06:18:56', '2021-05-11 06:18:56'),
(609, 5, 0, 93, 1, '2021-05-11 06:18:56', '2021-05-11 06:18:56'),
(610, 5, 0, 94, 1, '2021-05-11 06:18:56', '2021-05-11 06:18:56'),
(611, 5, 0, 95, 1, '2021-05-11 06:18:56', '2021-05-11 06:18:56'),
(612, 5, 0, 96, 1, '2021-05-11 06:18:56', '2021-05-11 06:18:56'),
(613, 5, 0, 97, 1, '2021-05-11 06:18:56', '2021-05-11 06:18:56'),
(614, 5, 0, 98, 1, '2021-05-11 06:18:56', '2021-05-11 06:18:56'),
(615, 5, 0, 99, 0, '2021-05-11 06:18:56', '2021-05-11 06:18:56'),
(616, 5, 0, 100, 0, '2021-05-11 06:18:56', '2021-05-11 06:18:56'),
(617, 5, 0, 101, 0, '2021-05-11 06:18:56', '2021-05-11 06:18:56'),
(618, 5, 0, 102, 0, '2021-05-11 06:18:56', '2021-05-11 06:18:56'),
(619, 5, 0, 103, 0, '2021-05-11 06:18:56', '2021-05-11 06:18:56'),
(620, 5, 0, 104, 0, '2021-05-11 06:18:56', '2021-05-11 06:18:56'),
(621, 5, 0, 105, 0, '2021-05-11 06:18:56', '2021-05-11 06:18:56'),
(622, 5, 0, 106, 0, '2021-05-11 06:18:56', '2021-05-11 06:18:56'),
(623, 5, 0, 107, 0, '2021-05-11 06:18:56', '2021-05-11 06:18:56'),
(624, 5, 0, 108, 0, '2021-05-11 06:18:56', '2021-05-11 06:18:56'),
(625, 5, 0, 109, 0, '2021-05-11 06:18:56', '2021-05-11 06:18:56'),
(626, 5, 0, 110, 0, '2021-05-11 06:18:56', '2021-05-11 06:18:56'),
(627, 5, 0, 111, 0, '2021-05-11 06:18:56', '2021-05-11 06:18:56'),
(628, 5, 0, 112, 0, '2021-05-11 06:18:56', '2021-05-11 06:18:56'),
(629, 5, 0, 113, 1, '2021-05-11 06:18:56', '2021-05-11 06:18:56'),
(630, 5, 0, 114, 0, '2021-05-11 06:18:56', '2021-05-11 06:18:56'),
(631, 5, 0, 115, 0, '2021-05-11 06:18:56', '2021-05-11 06:18:56'),
(632, 5, 0, 116, 0, '2021-05-11 06:18:56', '2021-05-11 06:18:56'),
(633, 5, 0, 117, 0, '2021-05-11 06:18:56', '2021-05-11 06:18:56'),
(634, 5, 0, 118, 0, '2021-05-11 06:18:56', '2021-05-11 06:18:56'),
(635, 5, 0, 119, 0, '2021-05-11 06:18:56', '2021-05-11 06:18:56'),
(636, 5, 0, 120, 0, '2021-05-11 06:18:56', '2021-05-11 06:18:56'),
(637, 5, 0, 121, 0, '2021-05-11 06:18:56', '2021-05-11 06:18:56'),
(638, 5, 0, 122, 0, '2021-05-11 06:18:56', '2021-05-11 06:18:56'),
(639, 5, 0, 123, 1, '2021-05-11 06:18:56', '2021-05-11 06:18:56'),
(640, 5, 0, 124, 0, '2021-05-11 06:18:56', '2021-05-11 06:18:56'),
(641, 5, 0, 125, 0, '2021-05-11 06:18:56', '2021-05-11 06:18:56'),
(642, 5, 0, 126, 1, '2021-05-11 06:18:56', '2021-05-11 06:18:56'),
(643, 5, 0, 127, 1, '2021-05-11 06:18:56', '2021-05-11 06:18:56'),
(644, 5, 0, 128, 1, '2021-05-11 06:18:56', '2021-05-11 06:18:56'),
(645, 5, 0, 129, 1, '2021-05-11 06:18:56', '2021-05-11 06:18:56'),
(646, 6, 0, 1, 1, '2021-05-11 06:18:56', '2021-05-11 06:18:56'),
(647, 6, 0, 2, 0, '2021-05-11 06:18:56', '2021-05-11 06:18:56'),
(648, 6, 0, 3, 0, '2021-05-11 06:18:56', '2021-05-11 06:18:56'),
(649, 6, 0, 4, 0, '2021-05-11 06:18:56', '2021-05-11 06:18:56'),
(650, 6, 0, 5, 0, '2021-05-11 06:18:56', '2021-05-11 06:18:56'),
(651, 6, 0, 6, 0, '2021-05-11 06:18:56', '2021-05-11 06:18:56'),
(652, 6, 0, 7, 0, '2021-05-11 06:18:56', '2021-05-11 06:18:56'),
(653, 6, 0, 8, 0, '2021-05-11 06:18:56', '2021-05-11 06:18:56'),
(654, 6, 0, 9, 0, '2021-05-11 06:18:56', '2021-05-11 06:18:56'),
(655, 6, 0, 10, 0, '2021-05-11 06:18:56', '2021-05-11 06:18:56'),
(656, 6, 0, 11, 0, '2021-05-11 06:18:56', '2021-05-11 06:18:56'),
(657, 6, 0, 12, 0, '2021-05-11 06:18:56', '2021-05-11 06:18:56'),
(658, 6, 0, 13, 0, '2021-05-11 06:18:56', '2021-05-11 06:18:56'),
(659, 6, 0, 14, 0, '2021-05-11 06:18:56', '2021-05-11 06:18:56'),
(660, 6, 0, 15, 0, '2021-05-11 06:18:56', '2021-05-11 06:18:56'),
(661, 6, 0, 16, 0, '2021-05-11 06:18:56', '2021-05-11 06:18:56'),
(662, 6, 0, 17, 0, '2021-05-11 06:18:56', '2021-05-11 06:18:56'),
(663, 6, 0, 18, 0, '2021-05-11 06:18:56', '2021-05-11 06:18:56'),
(664, 6, 0, 19, 0, '2021-05-11 06:18:56', '2021-05-11 06:18:56'),
(665, 6, 0, 20, 0, '2021-05-11 06:18:56', '2021-05-11 06:18:56'),
(666, 6, 0, 21, 0, '2021-05-11 06:18:56', '2021-05-11 06:18:56'),
(667, 6, 0, 22, 0, '2021-05-11 06:18:56', '2021-05-11 06:18:56'),
(668, 6, 0, 23, 0, '2021-05-11 06:18:56', '2021-05-11 06:18:56'),
(669, 6, 0, 24, 0, '2021-05-11 06:18:56', '2021-05-11 06:18:56'),
(670, 6, 0, 25, 0, '2021-05-11 06:18:56', '2021-05-11 06:18:56'),
(671, 6, 0, 26, 0, '2021-05-11 06:18:56', '2021-05-11 06:18:56'),
(672, 6, 0, 27, 0, '2021-05-11 06:18:56', '2021-05-11 06:18:56'),
(673, 6, 0, 28, 0, '2021-05-11 06:18:56', '2021-05-11 06:18:56'),
(674, 6, 0, 29, 0, '2021-05-11 06:18:56', '2021-05-11 06:18:56'),
(675, 6, 0, 30, 0, '2021-05-11 06:18:56', '2021-05-11 06:18:56'),
(676, 6, 0, 31, 0, '2021-05-11 06:18:56', '2021-05-11 06:18:56'),
(677, 6, 0, 32, 0, '2021-05-11 06:18:56', '2021-05-11 06:18:56'),
(678, 6, 0, 33, 0, '2021-05-11 06:18:56', '2021-05-11 06:18:56'),
(679, 6, 0, 34, 0, '2021-05-11 06:18:56', '2021-05-11 06:18:56'),
(680, 6, 0, 35, 0, '2021-05-11 06:18:56', '2021-05-11 06:18:56'),
(681, 6, 0, 36, 0, '2021-05-11 06:18:56', '2021-05-11 06:18:56'),
(682, 6, 0, 37, 0, '2021-05-11 06:18:56', '2021-05-11 06:18:56'),
(683, 6, 0, 38, 0, '2021-05-11 06:18:56', '2021-05-11 06:18:56'),
(684, 6, 0, 39, 0, '2021-05-11 06:18:56', '2021-05-11 06:18:56'),
(685, 6, 0, 40, 0, '2021-05-11 06:18:56', '2021-05-11 06:18:56'),
(686, 6, 0, 41, 0, '2021-05-11 06:18:56', '2021-05-11 06:18:56'),
(687, 6, 0, 42, 0, '2021-05-11 06:18:56', '2021-05-11 06:18:56'),
(688, 6, 0, 43, 0, '2021-05-11 06:18:56', '2021-05-11 06:18:56'),
(689, 6, 0, 44, 0, '2021-05-11 06:18:56', '2021-05-11 06:18:56'),
(690, 6, 0, 45, 0, '2021-05-11 06:18:56', '2021-05-11 06:18:56'),
(691, 6, 0, 46, 0, '2021-05-11 06:18:56', '2021-05-11 06:18:56'),
(692, 6, 0, 47, 0, '2021-05-11 06:18:56', '2021-05-11 06:18:56'),
(693, 6, 0, 48, 0, '2021-05-11 06:18:56', '2021-05-11 06:18:56'),
(694, 6, 0, 49, 0, '2021-05-11 06:18:56', '2021-05-11 06:18:56'),
(695, 6, 0, 50, 0, '2021-05-11 06:18:56', '2021-05-11 06:18:56'),
(696, 6, 0, 51, 0, '2021-05-11 06:18:56', '2021-05-11 06:18:56'),
(697, 6, 0, 52, 0, '2021-05-11 06:18:56', '2021-05-11 06:18:56'),
(698, 6, 0, 53, 0, '2021-05-11 06:18:56', '2021-05-11 06:18:56'),
(699, 6, 0, 54, 0, '2021-05-11 06:18:56', '2021-05-11 06:18:56'),
(700, 6, 0, 55, 0, '2021-05-11 06:18:56', '2021-05-11 06:18:56'),
(701, 6, 0, 56, 0, '2021-05-11 06:18:56', '2021-05-11 06:18:56'),
(702, 6, 0, 57, 0, '2021-05-11 06:18:56', '2021-05-11 06:18:56'),
(703, 6, 0, 58, 0, '2021-05-11 06:18:56', '2021-05-11 06:18:56'),
(704, 6, 0, 59, 0, '2021-05-11 06:18:56', '2021-05-11 06:18:56'),
(705, 6, 0, 60, 0, '2021-05-11 06:18:56', '2021-05-11 06:18:56'),
(706, 6, 0, 61, 0, '2021-05-11 06:18:56', '2021-05-11 06:18:56'),
(707, 6, 0, 62, 0, '2021-05-11 06:18:56', '2021-05-11 06:18:56'),
(708, 6, 0, 63, 0, '2021-05-11 06:18:56', '2021-05-11 06:18:56'),
(709, 6, 0, 64, 0, '2021-05-11 06:18:56', '2021-05-11 06:18:56'),
(710, 6, 0, 65, 0, '2021-05-11 06:18:56', '2021-05-11 06:18:56'),
(711, 6, 0, 66, 0, '2021-05-11 06:18:56', '2021-05-11 06:18:56'),
(712, 6, 0, 67, 0, '2021-05-11 06:18:56', '2021-05-11 06:18:56'),
(713, 6, 0, 68, 0, '2021-05-11 06:18:56', '2021-05-11 06:18:56'),
(714, 6, 0, 69, 0, '2021-05-11 06:18:56', '2021-05-11 06:18:56'),
(715, 6, 0, 70, 0, '2021-05-11 06:18:56', '2021-05-11 06:18:56'),
(716, 6, 0, 71, 0, '2021-05-11 06:18:56', '2021-05-11 06:18:56'),
(717, 6, 0, 72, 0, '2021-05-11 06:18:56', '2021-05-11 06:18:56'),
(718, 6, 0, 73, 0, '2021-05-11 06:18:56', '2021-05-11 06:18:56'),
(719, 6, 0, 74, 0, '2021-05-11 06:18:56', '2021-05-11 06:18:56'),
(720, 6, 0, 75, 0, '2021-05-11 06:18:56', '2021-05-11 06:18:56'),
(721, 6, 0, 76, 0, '2021-05-11 06:18:56', '2021-05-11 06:18:56'),
(722, 6, 0, 77, 0, '2021-05-11 06:18:56', '2021-05-11 06:18:56'),
(723, 6, 0, 78, 0, '2021-05-11 06:18:56', '2021-05-11 06:18:56'),
(724, 6, 0, 79, 0, '2021-05-11 06:18:56', '2021-05-11 06:18:56'),
(725, 6, 0, 80, 0, '2021-05-11 06:18:56', '2021-05-11 06:18:56'),
(726, 6, 0, 81, 0, '2021-05-11 06:18:56', '2021-05-11 06:18:56'),
(727, 6, 0, 82, 0, '2021-05-11 06:18:56', '2021-05-11 06:18:56'),
(728, 6, 0, 83, 0, '2021-05-11 06:18:56', '2021-05-11 06:18:56'),
(729, 6, 0, 84, 0, '2021-05-11 06:18:56', '2021-05-11 06:18:56'),
(730, 6, 0, 85, 0, '2021-05-11 06:18:56', '2021-05-11 06:18:56'),
(731, 6, 0, 86, 0, '2021-05-11 06:18:56', '2021-05-11 06:18:56'),
(732, 6, 0, 87, 0, '2021-05-11 06:18:56', '2021-05-11 06:18:56'),
(733, 6, 0, 88, 0, '2021-05-11 06:18:56', '2021-05-11 06:18:56'),
(734, 6, 0, 89, 0, '2021-05-11 06:18:56', '2021-05-11 06:18:56'),
(735, 6, 0, 90, 1, '2021-05-11 06:18:56', '2021-05-11 06:18:56'),
(736, 6, 0, 91, 0, '2021-05-11 06:18:56', '2021-05-11 06:18:56'),
(737, 6, 0, 92, 0, '2021-05-11 06:18:56', '2021-05-11 06:18:56'),
(738, 6, 0, 93, 0, '2021-05-11 06:18:56', '2021-05-11 06:18:56'),
(739, 6, 0, 94, 0, '2021-05-11 06:18:56', '2021-05-11 06:18:56'),
(740, 6, 0, 95, 0, '2021-05-11 06:18:56', '2021-05-11 06:18:56'),
(741, 6, 0, 96, 0, '2021-05-11 06:18:56', '2021-05-11 06:18:56'),
(742, 6, 0, 97, 0, '2021-05-11 06:18:56', '2021-05-11 06:18:56'),
(743, 6, 0, 98, 0, '2021-05-11 06:18:56', '2021-05-11 06:18:56'),
(744, 6, 0, 99, 0, '2021-05-11 06:18:56', '2021-05-11 06:18:56'),
(745, 6, 0, 100, 0, '2021-05-11 06:18:56', '2021-05-11 06:18:56'),
(746, 6, 0, 101, 0, '2021-05-11 06:18:56', '2021-05-11 06:18:56'),
(747, 6, 0, 102, 0, '2021-05-11 06:18:56', '2021-05-11 06:18:56'),
(748, 6, 0, 103, 0, '2021-05-11 06:18:56', '2021-05-11 06:18:56'),
(749, 6, 0, 104, 0, '2021-05-11 06:18:56', '2021-05-11 06:18:56'),
(750, 6, 0, 105, 0, '2021-05-11 06:18:56', '2021-05-11 06:18:56'),
(751, 6, 0, 106, 0, '2021-05-11 06:18:56', '2021-05-11 06:18:56'),
(752, 6, 0, 107, 0, '2021-05-11 06:18:56', '2021-05-11 06:18:56'),
(753, 6, 0, 108, 0, '2021-05-11 06:18:56', '2021-05-11 06:18:56'),
(754, 6, 0, 109, 0, '2021-05-11 06:18:56', '2021-05-11 06:18:56'),
(755, 6, 0, 110, 0, '2021-05-11 06:18:56', '2021-05-11 06:18:56'),
(756, 6, 0, 111, 0, '2021-05-11 06:18:56', '2021-05-11 06:18:56'),
(757, 6, 0, 112, 0, '2021-05-11 06:18:56', '2021-05-11 06:18:56'),
(758, 6, 0, 113, 0, '2021-05-11 06:18:56', '2021-05-11 06:18:56'),
(759, 6, 0, 114, 0, '2021-05-11 06:18:56', '2021-05-11 06:18:56'),
(760, 6, 0, 115, 0, '2021-05-11 06:18:56', '2021-05-11 06:18:56'),
(761, 6, 0, 116, 0, '2021-05-11 06:18:56', '2021-05-11 06:18:56'),
(762, 6, 0, 117, 0, '2021-05-11 06:18:56', '2021-05-11 06:18:56'),
(763, 6, 0, 118, 0, '2021-05-11 06:18:56', '2021-05-11 06:18:56'),
(764, 6, 0, 119, 0, '2021-05-11 06:18:56', '2021-05-11 06:18:56'),
(765, 6, 0, 120, 0, '2021-05-11 06:18:56', '2021-05-11 06:18:56'),
(766, 6, 0, 121, 0, '2021-05-11 06:18:56', '2021-05-11 06:18:56'),
(767, 6, 0, 122, 0, '2021-05-11 06:18:56', '2021-05-11 06:18:56'),
(768, 6, 0, 123, 0, '2021-05-11 06:18:56', '2021-05-11 06:18:56'),
(769, 6, 0, 124, 0, '2021-05-11 06:18:56', '2021-05-11 06:18:56'),
(770, 6, 0, 125, 0, '2021-05-11 06:18:56', '2021-05-11 06:18:56'),
(771, 6, 0, 126, 0, '2021-05-11 06:18:56', '2021-05-11 06:18:56'),
(772, 6, 0, 127, 0, '2021-05-11 06:18:56', '2021-05-11 06:18:56'),
(773, 6, 0, 128, 0, '2021-05-11 06:18:56', '2021-05-11 06:18:56'),
(774, 6, 0, 129, 0, '2021-05-11 06:18:56', '2021-05-11 06:18:56'),
(775, 7, 0, 1, 0, '2021-05-11 06:18:56', '2021-05-11 06:18:56'),
(776, 7, 0, 2, 0, '2021-05-11 06:18:56', '2021-05-11 06:18:56'),
(777, 7, 0, 3, 0, '2021-05-11 06:18:56', '2021-05-11 06:18:56'),
(778, 7, 0, 4, 0, '2021-05-11 06:18:56', '2021-05-11 06:18:56');
INSERT INTO `gen_roles_permission_tbl` (`permissionID`, `designationID`, `roleID`, `moduleID`, `permissionStatus`, `createdAt`, `updatedAt`) VALUES
(779, 7, 0, 5, 0, '2021-05-11 06:18:56', '2021-05-11 06:18:56'),
(780, 7, 0, 6, 0, '2021-05-11 06:18:56', '2021-05-11 06:18:56'),
(781, 7, 0, 7, 0, '2021-05-11 06:18:56', '2021-05-11 06:18:56'),
(782, 7, 0, 8, 0, '2021-05-11 06:18:56', '2021-05-11 06:18:56'),
(783, 7, 0, 9, 0, '2021-05-11 06:18:56', '2021-05-11 06:18:56'),
(784, 7, 0, 10, 0, '2021-05-11 06:18:56', '2021-05-11 06:18:56'),
(785, 7, 0, 11, 0, '2021-05-11 06:18:56', '2021-05-11 06:18:56'),
(786, 7, 0, 12, 0, '2021-05-11 06:18:56', '2021-05-11 06:18:56'),
(787, 7, 0, 13, 0, '2021-05-11 06:18:56', '2021-05-11 06:18:56'),
(788, 7, 0, 14, 0, '2021-05-11 06:18:56', '2021-05-11 06:18:56'),
(789, 7, 0, 15, 0, '2021-05-11 06:18:56', '2021-05-11 06:18:56'),
(790, 7, 0, 16, 0, '2021-05-11 06:18:56', '2021-05-11 06:18:56'),
(791, 7, 0, 17, 0, '2021-05-11 06:18:56', '2021-05-11 06:18:56'),
(792, 7, 0, 18, 0, '2021-05-11 06:18:56', '2021-05-11 06:18:56'),
(793, 7, 0, 19, 0, '2021-05-11 06:18:56', '2021-05-11 06:18:56'),
(794, 7, 0, 20, 0, '2021-05-11 06:18:56', '2021-05-11 06:18:56'),
(795, 7, 0, 21, 0, '2021-05-11 06:18:56', '2021-05-11 06:18:56'),
(796, 7, 0, 22, 0, '2021-05-11 06:18:56', '2021-05-11 06:18:56'),
(797, 7, 0, 23, 0, '2021-05-11 06:18:56', '2021-05-11 06:18:56'),
(798, 7, 0, 24, 0, '2021-05-11 06:18:56', '2021-05-11 06:18:56'),
(799, 7, 0, 25, 0, '2021-05-11 06:18:56', '2021-05-11 06:18:56'),
(800, 7, 0, 26, 0, '2021-05-11 06:18:56', '2021-05-11 06:18:56'),
(801, 7, 0, 27, 0, '2021-05-11 06:18:56', '2021-05-11 06:18:56'),
(802, 7, 0, 28, 0, '2021-05-11 06:18:56', '2021-05-11 06:18:56'),
(803, 7, 0, 29, 0, '2021-05-11 06:18:56', '2021-05-11 06:18:56'),
(804, 7, 0, 30, 0, '2021-05-11 06:18:56', '2021-05-11 06:18:56'),
(805, 7, 0, 31, 0, '2021-05-11 06:18:56', '2021-05-11 06:18:56'),
(806, 7, 0, 32, 0, '2021-05-11 06:18:56', '2021-05-11 06:18:56'),
(807, 7, 0, 33, 0, '2021-05-11 06:18:56', '2021-05-11 06:18:56'),
(808, 7, 0, 34, 0, '2021-05-11 06:18:56', '2021-05-11 06:18:56'),
(809, 7, 0, 35, 0, '2021-05-11 06:18:56', '2021-05-11 06:18:56'),
(810, 7, 0, 36, 0, '2021-05-11 06:18:56', '2021-05-11 06:18:56'),
(811, 7, 0, 37, 0, '2021-05-11 06:18:56', '2021-05-11 06:18:56'),
(812, 7, 0, 38, 0, '2021-05-11 06:18:56', '2021-05-11 06:18:56'),
(813, 7, 0, 39, 0, '2021-05-11 06:18:56', '2021-05-11 06:18:56'),
(814, 7, 0, 40, 0, '2021-05-11 06:18:56', '2021-05-11 06:18:56'),
(815, 7, 0, 41, 0, '2021-05-11 06:18:56', '2021-05-11 06:18:56'),
(816, 7, 0, 42, 0, '2021-05-11 06:18:56', '2021-05-11 06:18:56'),
(817, 7, 0, 43, 0, '2021-05-11 06:18:56', '2021-05-11 06:18:56'),
(818, 7, 0, 44, 0, '2021-05-11 06:18:56', '2021-05-11 06:18:56'),
(819, 7, 0, 45, 0, '2021-05-11 06:18:56', '2021-05-11 06:18:56'),
(820, 7, 0, 46, 0, '2021-05-11 06:18:56', '2021-05-11 06:18:56'),
(821, 7, 0, 47, 0, '2021-05-11 06:18:56', '2021-05-11 06:18:56'),
(822, 7, 0, 48, 0, '2021-05-11 06:18:56', '2021-05-11 06:18:56'),
(823, 7, 0, 49, 0, '2021-05-11 06:18:56', '2021-05-11 06:18:56'),
(824, 7, 0, 50, 0, '2021-05-11 06:18:56', '2021-05-11 06:18:56'),
(825, 7, 0, 51, 0, '2021-05-11 06:18:56', '2021-05-11 06:18:56'),
(826, 7, 0, 52, 0, '2021-05-11 06:18:56', '2021-05-11 06:18:56'),
(827, 7, 0, 53, 0, '2021-05-11 06:18:56', '2021-05-11 06:18:56'),
(828, 7, 0, 54, 0, '2021-05-11 06:18:56', '2021-05-11 06:18:56'),
(829, 7, 0, 55, 0, '2021-05-11 06:18:56', '2021-05-11 06:18:56'),
(830, 7, 0, 56, 0, '2021-05-11 06:18:56', '2021-05-11 06:18:56'),
(831, 7, 0, 57, 0, '2021-05-11 06:18:56', '2021-05-11 06:18:56'),
(832, 7, 0, 58, 0, '2021-05-11 06:18:56', '2021-05-11 06:18:56'),
(833, 7, 0, 59, 0, '2021-05-11 06:18:56', '2021-05-11 06:18:56'),
(834, 7, 0, 60, 0, '2021-05-11 06:18:56', '2021-05-11 06:18:56'),
(835, 7, 0, 61, 0, '2021-05-11 06:18:56', '2021-05-11 06:18:56'),
(836, 7, 0, 62, 0, '2021-05-11 06:18:56', '2021-05-11 06:18:56'),
(837, 7, 0, 63, 0, '2021-05-11 06:18:56', '2021-05-11 06:18:56'),
(838, 7, 0, 64, 0, '2021-05-11 06:18:56', '2021-05-11 06:18:56'),
(839, 7, 0, 65, 0, '2021-05-11 06:18:56', '2021-05-11 06:18:56'),
(840, 7, 0, 66, 0, '2021-05-11 06:18:56', '2021-05-11 06:18:56'),
(841, 7, 0, 67, 0, '2021-05-11 06:18:56', '2021-05-11 06:18:56'),
(842, 7, 0, 68, 0, '2021-05-11 06:18:56', '2021-05-11 06:18:56'),
(843, 7, 0, 69, 0, '2021-05-11 06:18:56', '2021-05-11 06:18:56'),
(844, 7, 0, 70, 0, '2021-05-11 06:18:56', '2021-05-11 06:18:56'),
(845, 7, 0, 71, 0, '2021-05-11 06:18:56', '2021-05-11 06:18:56'),
(846, 7, 0, 72, 0, '2021-05-11 06:18:56', '2021-05-11 06:18:56'),
(847, 7, 0, 73, 0, '2021-05-11 06:18:56', '2021-05-11 06:18:56'),
(848, 7, 0, 74, 0, '2021-05-11 06:18:56', '2021-05-11 06:18:56'),
(849, 7, 0, 75, 0, '2021-05-11 06:18:56', '2021-05-11 06:18:56'),
(850, 7, 0, 76, 0, '2021-05-11 06:18:56', '2021-05-11 06:18:56'),
(851, 7, 0, 77, 0, '2021-05-11 06:18:56', '2021-05-11 06:18:56'),
(852, 7, 0, 78, 0, '2021-05-11 06:18:56', '2021-05-11 06:18:56'),
(853, 7, 0, 79, 0, '2021-05-11 06:18:56', '2021-05-11 06:18:56'),
(854, 7, 0, 80, 0, '2021-05-11 06:18:56', '2021-05-11 06:18:56'),
(855, 7, 0, 81, 0, '2021-05-11 06:18:56', '2021-05-11 06:18:56'),
(856, 7, 0, 82, 0, '2021-05-11 06:18:56', '2021-05-11 06:18:56'),
(857, 7, 0, 83, 0, '2021-05-11 06:18:56', '2021-05-11 06:18:56'),
(858, 7, 0, 84, 0, '2021-05-11 06:18:56', '2021-05-11 06:18:56'),
(859, 7, 0, 85, 0, '2021-05-11 06:18:56', '2021-05-11 06:18:56'),
(860, 7, 0, 86, 0, '2021-05-11 06:18:56', '2021-05-11 06:18:56'),
(861, 7, 0, 87, 0, '2021-05-11 06:18:56', '2021-05-11 06:18:56'),
(862, 7, 0, 88, 0, '2021-05-11 06:18:56', '2021-05-11 06:18:56'),
(863, 7, 0, 89, 0, '2021-05-11 06:18:56', '2021-05-11 06:18:56'),
(864, 7, 0, 90, 1, '2021-05-11 06:18:56', '2021-05-11 06:18:56'),
(865, 7, 0, 91, 0, '2021-05-11 06:18:56', '2021-05-11 06:18:56'),
(866, 7, 0, 92, 0, '2021-05-11 06:18:56', '2021-05-11 06:18:56'),
(867, 7, 0, 93, 0, '2021-05-11 06:18:56', '2021-05-11 06:18:56'),
(868, 7, 0, 94, 0, '2021-05-11 06:18:56', '2021-05-11 06:18:56'),
(869, 7, 0, 95, 0, '2021-05-11 06:18:56', '2021-05-11 06:18:56'),
(870, 7, 0, 96, 0, '2021-05-11 06:18:56', '2021-05-11 06:18:56'),
(871, 7, 0, 97, 0, '2021-05-11 06:18:56', '2021-05-11 06:18:56'),
(872, 7, 0, 98, 0, '2021-05-11 06:18:56', '2021-05-11 06:18:56'),
(873, 7, 0, 99, 0, '2021-05-11 06:18:56', '2021-05-11 06:18:56'),
(874, 7, 0, 100, 0, '2021-05-11 06:18:56', '2021-05-11 06:18:56'),
(875, 7, 0, 101, 0, '2021-05-11 06:18:56', '2021-05-11 06:18:56'),
(876, 7, 0, 102, 0, '2021-05-11 06:18:56', '2021-05-11 06:18:56'),
(877, 7, 0, 103, 0, '2021-05-11 06:18:56', '2021-05-11 06:18:56'),
(878, 7, 0, 104, 0, '2021-05-11 06:18:56', '2021-05-11 06:18:56'),
(879, 7, 0, 105, 0, '2021-05-11 06:18:56', '2021-05-11 06:18:56'),
(880, 7, 0, 106, 0, '2021-05-11 06:18:56', '2021-05-11 06:18:56'),
(881, 7, 0, 107, 0, '2021-05-11 06:18:56', '2021-05-11 06:18:56'),
(882, 7, 0, 108, 0, '2021-05-11 06:18:56', '2021-05-11 06:18:56'),
(883, 7, 0, 109, 0, '2021-05-11 06:18:56', '2021-05-11 06:18:56'),
(884, 7, 0, 110, 0, '2021-05-11 06:18:56', '2021-05-11 06:18:56'),
(885, 7, 0, 111, 0, '2021-05-11 06:18:56', '2021-05-11 06:18:56'),
(886, 7, 0, 112, 0, '2021-05-11 06:18:56', '2021-05-11 06:18:56'),
(887, 7, 0, 113, 0, '2021-05-11 06:18:56', '2021-05-11 06:18:56'),
(888, 7, 0, 114, 0, '2021-05-11 06:18:56', '2021-05-11 06:18:56'),
(889, 7, 0, 115, 0, '2021-05-11 06:18:56', '2021-05-11 06:18:56'),
(890, 7, 0, 116, 0, '2021-05-11 06:18:56', '2021-05-11 06:18:56'),
(891, 7, 0, 117, 0, '2021-05-11 06:18:56', '2021-05-11 06:18:56'),
(892, 7, 0, 118, 0, '2021-05-11 06:18:56', '2021-05-11 06:18:56'),
(893, 7, 0, 119, 0, '2021-05-11 06:18:56', '2021-05-11 06:18:56'),
(894, 7, 0, 120, 0, '2021-05-11 06:18:56', '2021-05-11 06:18:56'),
(895, 7, 0, 121, 0, '2021-05-11 06:18:56', '2021-05-11 06:18:56'),
(896, 7, 0, 122, 0, '2021-05-11 06:18:56', '2021-05-11 06:18:56'),
(897, 7, 0, 123, 0, '2021-05-11 06:18:56', '2021-05-11 06:18:56'),
(898, 7, 0, 124, 0, '2021-05-11 06:18:56', '2021-05-11 06:18:56'),
(899, 7, 0, 125, 0, '2021-05-11 06:18:56', '2021-05-11 06:18:56'),
(900, 7, 0, 126, 0, '2021-05-11 06:18:56', '2021-05-11 06:18:56'),
(901, 7, 0, 127, 0, '2021-05-11 06:18:56', '2021-05-11 06:18:56'),
(902, 7, 0, 128, 0, '2021-05-11 06:18:56', '2021-05-11 06:18:56'),
(903, 7, 0, 129, 0, '2021-05-11 06:18:56', '2021-05-11 06:18:56'),
(904, 8, 0, 1, 0, '2021-05-11 06:18:56', '2021-05-11 06:18:56'),
(905, 8, 0, 2, 0, '2021-05-11 06:18:56', '2021-05-11 06:18:56'),
(906, 8, 0, 3, 0, '2021-05-11 06:18:56', '2021-05-11 06:18:56'),
(907, 8, 0, 4, 0, '2021-05-11 06:18:56', '2021-05-11 06:18:56'),
(908, 8, 0, 5, 0, '2021-05-11 06:18:56', '2021-05-11 06:18:56'),
(909, 8, 0, 6, 0, '2021-05-11 06:18:56', '2021-05-11 06:18:56'),
(910, 8, 0, 7, 0, '2021-05-11 06:18:56', '2021-05-11 06:18:56'),
(911, 8, 0, 8, 0, '2021-05-11 06:18:56', '2021-05-11 06:18:56'),
(912, 8, 0, 9, 0, '2021-05-11 06:18:56', '2021-05-11 06:18:56'),
(913, 8, 0, 10, 0, '2021-05-11 06:18:56', '2021-05-11 06:18:56'),
(914, 8, 0, 11, 0, '2021-05-11 06:18:56', '2021-05-11 06:18:56'),
(915, 8, 0, 12, 0, '2021-05-11 06:18:56', '2021-05-11 06:18:56'),
(916, 8, 0, 13, 0, '2021-05-11 06:18:56', '2021-05-11 06:18:56'),
(917, 8, 0, 14, 0, '2021-05-11 06:18:56', '2021-05-11 06:18:56'),
(918, 8, 0, 15, 0, '2021-05-11 06:18:56', '2021-05-11 06:18:56'),
(919, 8, 0, 16, 0, '2021-05-11 06:18:56', '2021-05-11 06:18:56'),
(920, 8, 0, 17, 0, '2021-05-11 06:18:56', '2021-05-11 06:18:56'),
(921, 8, 0, 18, 0, '2021-05-11 06:18:56', '2021-05-11 06:18:56'),
(922, 8, 0, 19, 0, '2021-05-11 06:18:56', '2021-05-11 06:18:56'),
(923, 8, 0, 20, 0, '2021-05-11 06:18:56', '2021-05-11 06:18:56'),
(924, 8, 0, 21, 0, '2021-05-11 06:18:56', '2021-05-11 06:18:56'),
(925, 8, 0, 22, 0, '2021-05-11 06:18:56', '2021-05-11 06:18:56'),
(926, 8, 0, 23, 0, '2021-05-11 06:18:56', '2021-05-11 06:18:56'),
(927, 8, 0, 24, 0, '2021-05-11 06:18:56', '2021-05-11 06:18:56'),
(928, 8, 0, 25, 0, '2021-05-11 06:18:56', '2021-05-11 06:18:56'),
(929, 8, 0, 26, 0, '2021-05-11 06:18:56', '2021-05-11 06:18:56'),
(930, 8, 0, 27, 0, '2021-05-11 06:18:56', '2021-05-11 06:18:56'),
(931, 8, 0, 28, 0, '2021-05-11 06:18:56', '2021-05-11 06:18:56'),
(932, 8, 0, 29, 0, '2021-05-11 06:18:56', '2021-05-11 06:18:56'),
(933, 8, 0, 30, 0, '2021-05-11 06:18:56', '2021-05-11 06:18:56'),
(934, 8, 0, 31, 0, '2021-05-11 06:18:56', '2021-05-11 06:18:56'),
(935, 8, 0, 32, 0, '2021-05-11 06:18:56', '2021-05-11 06:18:56'),
(936, 8, 0, 33, 0, '2021-05-11 06:18:56', '2021-05-11 06:18:56'),
(937, 8, 0, 34, 0, '2021-05-11 06:18:56', '2021-05-11 06:18:56'),
(938, 8, 0, 35, 0, '2021-05-11 06:18:56', '2021-05-11 06:18:56'),
(939, 8, 0, 36, 0, '2021-05-11 06:18:56', '2021-05-11 06:18:56'),
(940, 8, 0, 37, 0, '2021-05-11 06:18:56', '2021-05-11 06:18:56'),
(941, 8, 0, 38, 0, '2021-05-11 06:18:56', '2021-05-11 06:18:56'),
(942, 8, 0, 39, 0, '2021-05-11 06:18:56', '2021-05-11 06:18:56'),
(943, 8, 0, 40, 0, '2021-05-11 06:18:56', '2021-05-11 06:18:56'),
(944, 8, 0, 41, 0, '2021-05-11 06:18:56', '2021-05-11 06:18:56'),
(945, 8, 0, 42, 0, '2021-05-11 06:18:56', '2021-05-11 06:18:56'),
(946, 8, 0, 43, 0, '2021-05-11 06:18:56', '2021-05-11 06:18:56'),
(947, 8, 0, 44, 0, '2021-05-11 06:18:56', '2021-05-11 06:18:56'),
(948, 8, 0, 45, 0, '2021-05-11 06:18:56', '2021-05-11 06:18:56'),
(949, 8, 0, 46, 0, '2021-05-11 06:18:56', '2021-05-11 06:18:56'),
(950, 8, 0, 47, 0, '2021-05-11 06:18:56', '2021-05-11 06:18:56'),
(951, 8, 0, 48, 0, '2021-05-11 06:18:56', '2021-05-11 06:18:56'),
(952, 8, 0, 49, 0, '2021-05-11 06:18:56', '2021-05-11 06:18:56'),
(953, 8, 0, 50, 0, '2021-05-11 06:18:56', '2021-05-11 06:18:56'),
(954, 8, 0, 51, 1, '2021-05-11 06:18:56', '2021-05-11 06:18:56'),
(955, 8, 0, 52, 0, '2021-05-11 06:18:56', '2021-05-11 06:18:56'),
(956, 8, 0, 53, 0, '2021-05-11 06:18:56', '2021-05-11 06:18:56'),
(957, 8, 0, 54, 0, '2021-05-11 06:18:56', '2021-05-11 06:18:56'),
(958, 8, 0, 55, 0, '2021-05-11 06:18:56', '2021-05-11 06:18:56'),
(959, 8, 0, 56, 0, '2021-05-11 06:18:56', '2021-05-11 06:18:56'),
(960, 8, 0, 57, 0, '2021-05-11 06:18:56', '2021-05-11 06:18:56'),
(961, 8, 0, 58, 0, '2021-05-11 06:18:56', '2021-05-11 06:18:56'),
(962, 8, 0, 59, 0, '2021-05-11 06:18:56', '2021-05-11 06:18:56'),
(963, 8, 0, 60, 0, '2021-05-11 06:18:56', '2021-05-11 06:18:56'),
(964, 8, 0, 61, 0, '2021-05-11 06:18:56', '2021-05-11 06:18:56'),
(965, 8, 0, 62, 0, '2021-05-11 06:18:56', '2021-05-11 06:18:56'),
(966, 8, 0, 63, 0, '2021-05-11 06:18:56', '2021-05-11 06:18:56'),
(967, 8, 0, 64, 0, '2021-05-11 06:18:56', '2021-05-11 06:18:56'),
(968, 8, 0, 65, 0, '2021-05-11 06:18:56', '2021-05-11 06:18:56'),
(969, 8, 0, 66, 0, '2021-05-11 06:18:56', '2021-05-11 06:18:56'),
(970, 8, 0, 67, 0, '2021-05-11 06:18:56', '2021-05-11 06:18:56'),
(971, 8, 0, 68, 0, '2021-05-11 06:18:56', '2021-05-11 06:18:56'),
(972, 8, 0, 69, 0, '2021-05-11 06:18:56', '2021-05-11 06:18:56'),
(973, 8, 0, 70, 0, '2021-05-11 06:18:56', '2021-05-11 06:18:56'),
(974, 8, 0, 71, 0, '2021-05-11 06:18:56', '2021-05-11 06:18:56'),
(975, 8, 0, 72, 0, '2021-05-11 06:18:56', '2021-05-11 06:18:56'),
(976, 8, 0, 73, 0, '2021-05-11 06:18:56', '2021-05-11 06:18:56'),
(977, 8, 0, 74, 0, '2021-05-11 06:18:56', '2021-05-11 06:18:56'),
(978, 8, 0, 75, 0, '2021-05-11 06:18:56', '2021-05-11 06:18:56'),
(979, 8, 0, 76, 0, '2021-05-11 06:18:56', '2021-05-11 06:18:56'),
(980, 8, 0, 77, 0, '2021-05-11 06:18:56', '2021-05-11 06:18:56'),
(981, 8, 0, 78, 0, '2021-05-11 06:18:56', '2021-05-11 06:18:56'),
(982, 8, 0, 79, 0, '2021-05-11 06:18:56', '2021-05-11 06:18:56'),
(983, 8, 0, 80, 0, '2021-05-11 06:18:56', '2021-05-11 06:18:56'),
(984, 8, 0, 81, 0, '2021-05-11 06:18:56', '2021-05-11 06:18:56'),
(985, 8, 0, 82, 0, '2021-05-11 06:18:56', '2021-05-11 06:18:56'),
(986, 8, 0, 83, 0, '2021-05-11 06:18:56', '2021-05-11 06:18:56'),
(987, 8, 0, 84, 0, '2021-05-11 06:18:56', '2021-05-11 06:18:56'),
(988, 8, 0, 85, 0, '2021-05-11 06:18:56', '2021-05-11 06:18:56'),
(989, 8, 0, 86, 0, '2021-05-11 06:18:56', '2021-05-11 06:18:56'),
(990, 8, 0, 87, 0, '2021-05-11 06:18:56', '2021-05-11 06:18:56'),
(991, 8, 0, 88, 0, '2021-05-11 06:18:56', '2021-05-11 06:18:56'),
(992, 8, 0, 89, 0, '2021-05-11 06:18:56', '2021-05-11 06:18:56'),
(993, 8, 0, 90, 1, '2021-05-11 06:18:56', '2021-05-11 06:18:56'),
(994, 8, 0, 91, 0, '2021-05-11 06:18:56', '2021-05-11 06:18:56'),
(995, 8, 0, 92, 0, '2021-05-11 06:18:56', '2021-05-11 06:18:56'),
(996, 8, 0, 93, 0, '2021-05-11 06:18:56', '2021-05-11 06:18:56'),
(997, 8, 0, 94, 0, '2021-05-11 06:18:56', '2021-05-11 06:18:56'),
(998, 8, 0, 95, 0, '2021-05-11 06:18:56', '2021-05-11 06:18:56'),
(999, 8, 0, 96, 0, '2021-05-11 06:18:56', '2021-05-11 06:18:56'),
(1000, 8, 0, 97, 0, '2021-05-11 06:18:56', '2021-05-11 06:18:56'),
(1001, 8, 0, 98, 0, '2021-05-11 06:18:56', '2021-05-11 06:18:56'),
(1002, 8, 0, 99, 0, '2021-05-11 06:18:56', '2021-05-11 06:18:56'),
(1003, 8, 0, 100, 0, '2021-05-11 06:18:56', '2021-05-11 06:18:56'),
(1004, 8, 0, 101, 0, '2021-05-11 06:18:56', '2021-05-11 06:18:56'),
(1005, 8, 0, 102, 0, '2021-05-11 06:18:56', '2021-05-11 06:18:56'),
(1006, 8, 0, 103, 0, '2021-05-11 06:18:56', '2021-05-11 06:18:56'),
(1007, 8, 0, 104, 0, '2021-05-11 06:18:56', '2021-05-11 06:18:56'),
(1008, 8, 0, 105, 0, '2021-05-11 06:18:56', '2021-05-11 06:18:56'),
(1009, 8, 0, 106, 0, '2021-05-11 06:18:56', '2021-05-11 06:18:56'),
(1010, 8, 0, 107, 0, '2021-05-11 06:18:56', '2021-05-11 06:18:56'),
(1011, 8, 0, 108, 0, '2021-05-11 06:18:56', '2021-05-11 06:18:56'),
(1012, 8, 0, 109, 0, '2021-05-11 06:18:56', '2021-05-11 06:18:56'),
(1013, 8, 0, 110, 0, '2021-05-11 06:18:56', '2021-05-11 06:18:56'),
(1014, 8, 0, 111, 0, '2021-05-11 06:18:56', '2021-05-11 06:18:56'),
(1015, 8, 0, 112, 0, '2021-05-11 06:18:56', '2021-05-11 06:18:56'),
(1016, 8, 0, 113, 0, '2021-05-11 06:18:56', '2021-05-11 06:18:56'),
(1017, 8, 0, 114, 0, '2021-05-11 06:18:56', '2021-05-11 06:18:56'),
(1018, 8, 0, 115, 0, '2021-05-11 06:18:56', '2021-05-11 06:18:56'),
(1019, 8, 0, 116, 0, '2021-05-11 06:18:56', '2021-05-11 06:18:56'),
(1020, 8, 0, 117, 0, '2021-05-11 06:18:56', '2021-05-11 06:18:56'),
(1021, 8, 0, 118, 0, '2021-05-11 06:18:56', '2021-05-11 06:18:56'),
(1022, 8, 0, 119, 0, '2021-05-11 06:18:56', '2021-05-11 06:18:56'),
(1023, 8, 0, 120, 0, '2021-05-11 06:18:56', '2021-05-11 06:18:56'),
(1024, 8, 0, 121, 0, '2021-05-11 06:18:56', '2021-05-11 06:18:56'),
(1025, 8, 0, 122, 0, '2021-05-11 06:18:56', '2021-05-11 06:18:56'),
(1026, 8, 0, 123, 0, '2021-05-11 06:18:56', '2021-05-11 06:18:56'),
(1027, 8, 0, 124, 0, '2021-05-11 06:18:56', '2021-05-11 06:18:56'),
(1028, 8, 0, 125, 0, '2021-05-11 06:18:56', '2021-05-11 06:18:56'),
(1029, 8, 0, 126, 0, '2021-05-11 06:18:56', '2021-05-11 06:18:56'),
(1030, 8, 0, 127, 0, '2021-05-11 06:18:56', '2021-05-11 06:18:56'),
(1031, 8, 0, 128, 0, '2021-05-11 06:18:56', '2021-05-11 06:18:56'),
(1032, 8, 0, 129, 0, '2021-05-11 06:18:56', '2021-05-11 06:18:56'),
(1033, 9, 0, 1, 1, '2021-05-11 06:18:56', '2021-05-11 06:18:56'),
(1034, 9, 0, 2, 1, '2021-05-11 06:18:56', '2021-05-11 06:18:56'),
(1035, 9, 0, 3, 1, '2021-05-11 06:18:56', '2021-05-11 06:18:56'),
(1036, 9, 0, 4, 1, '2021-05-11 06:18:56', '2021-05-11 06:18:56'),
(1037, 9, 0, 5, 1, '2021-05-11 06:18:56', '2021-05-11 06:18:56'),
(1038, 9, 0, 6, 1, '2021-05-11 06:18:56', '2021-05-11 06:18:56'),
(1039, 9, 0, 7, 1, '2021-05-11 06:18:56', '2021-05-11 06:18:56'),
(1040, 9, 0, 8, 1, '2021-05-11 06:18:56', '2021-05-11 06:18:56'),
(1041, 9, 0, 9, 1, '2021-05-11 06:18:56', '2021-05-11 06:18:56'),
(1042, 9, 0, 10, 1, '2021-05-11 06:18:56', '2021-05-11 06:18:56'),
(1043, 9, 0, 11, 1, '2021-05-11 06:18:56', '2021-05-11 06:18:56'),
(1044, 9, 0, 12, 1, '2021-05-11 06:18:56', '2021-05-11 06:18:56'),
(1045, 9, 0, 13, 1, '2021-05-11 06:18:56', '2021-05-11 06:18:56'),
(1046, 9, 0, 14, 1, '2021-05-11 06:18:56', '2021-05-11 06:18:56'),
(1047, 9, 0, 15, 1, '2021-05-11 06:18:56', '2021-05-11 06:18:56'),
(1048, 9, 0, 16, 1, '2021-05-11 06:18:56', '2021-05-11 06:18:56'),
(1049, 9, 0, 17, 1, '2021-05-11 06:18:56', '2021-05-11 06:18:56'),
(1050, 9, 0, 18, 1, '2021-05-11 06:18:56', '2021-05-11 06:18:56'),
(1051, 9, 0, 19, 1, '2021-05-11 06:18:56', '2021-05-11 06:18:56'),
(1052, 9, 0, 20, 1, '2021-05-11 06:18:56', '2021-05-11 06:18:56'),
(1053, 9, 0, 21, 1, '2021-05-11 06:18:56', '2021-05-11 06:18:56'),
(1054, 9, 0, 22, 1, '2021-05-11 06:18:56', '2021-05-11 06:18:56'),
(1055, 9, 0, 23, 1, '2021-05-11 06:18:56', '2021-05-11 06:18:56'),
(1056, 9, 0, 24, 1, '2021-05-11 06:18:56', '2021-05-11 06:18:56'),
(1057, 9, 0, 25, 1, '2021-05-11 06:18:56', '2021-05-11 06:18:56'),
(1058, 9, 0, 26, 1, '2021-05-11 06:18:56', '2021-05-11 06:18:56'),
(1059, 9, 0, 27, 1, '2021-05-11 06:18:56', '2021-05-11 06:18:56'),
(1060, 9, 0, 28, 1, '2021-05-11 06:18:56', '2021-05-11 06:18:56'),
(1061, 9, 0, 29, 1, '2021-05-11 06:18:56', '2021-05-11 06:18:56'),
(1062, 9, 0, 30, 1, '2021-05-11 06:18:56', '2021-05-11 06:18:56'),
(1063, 9, 0, 31, 1, '2021-05-11 06:18:56', '2021-05-11 06:18:56'),
(1064, 9, 0, 32, 1, '2021-05-11 06:18:56', '2021-05-11 06:18:56'),
(1065, 9, 0, 33, 1, '2021-05-11 06:18:56', '2021-05-11 06:18:56'),
(1066, 9, 0, 34, 1, '2021-05-11 06:18:56', '2021-05-11 06:18:56'),
(1067, 9, 0, 35, 1, '2021-05-11 06:18:56', '2021-05-11 06:18:56'),
(1068, 9, 0, 36, 1, '2021-05-11 06:18:56', '2021-05-11 06:18:56'),
(1069, 9, 0, 37, 1, '2021-05-11 06:18:56', '2021-05-11 06:18:56'),
(1070, 9, 0, 38, 1, '2021-05-11 06:18:56', '2021-05-11 06:18:56'),
(1071, 9, 0, 39, 1, '2021-05-11 06:18:56', '2021-05-11 06:18:56'),
(1072, 9, 0, 40, 1, '2021-05-11 06:18:56', '2021-05-11 06:18:56'),
(1073, 9, 0, 41, 1, '2021-05-11 06:18:56', '2021-05-11 06:18:56'),
(1074, 9, 0, 42, 1, '2021-05-11 06:18:56', '2021-05-11 06:18:56'),
(1075, 9, 0, 43, 1, '2021-05-11 06:18:56', '2021-05-11 06:18:56'),
(1076, 9, 0, 44, 1, '2021-05-11 06:18:56', '2021-05-11 06:18:56'),
(1077, 9, 0, 45, 1, '2021-05-11 06:18:56', '2021-05-11 06:18:56'),
(1078, 9, 0, 46, 1, '2021-05-11 06:18:56', '2021-05-11 06:18:56'),
(1079, 9, 0, 47, 1, '2021-05-11 06:18:56', '2021-05-11 06:18:56'),
(1080, 9, 0, 48, 1, '2021-05-11 06:18:56', '2021-05-11 06:18:56'),
(1081, 9, 0, 49, 1, '2021-05-11 06:18:56', '2021-05-11 06:18:56'),
(1082, 9, 0, 50, 1, '2021-05-11 06:18:56', '2021-05-11 06:18:56'),
(1083, 9, 0, 51, 1, '2021-05-11 06:18:56', '2021-05-11 06:18:56'),
(1084, 9, 0, 52, 1, '2021-05-11 06:18:56', '2021-05-11 06:18:56'),
(1085, 9, 0, 53, 1, '2021-05-11 06:18:56', '2021-05-11 06:18:56'),
(1086, 9, 0, 54, 1, '2021-05-11 06:18:56', '2021-05-11 06:18:56'),
(1087, 9, 0, 55, 1, '2021-05-11 06:18:56', '2021-05-11 06:18:56'),
(1088, 9, 0, 56, 1, '2021-05-11 06:18:56', '2021-05-11 06:18:56'),
(1089, 9, 0, 57, 1, '2021-05-11 06:18:56', '2021-05-11 06:18:56'),
(1090, 9, 0, 58, 1, '2021-05-11 06:18:56', '2021-05-11 06:18:56'),
(1091, 9, 0, 59, 1, '2021-05-11 06:18:56', '2021-05-11 06:18:56'),
(1092, 9, 0, 60, 1, '2021-05-11 06:18:56', '2021-05-11 06:18:56'),
(1093, 9, 0, 61, 1, '2021-05-11 06:18:56', '2021-05-11 06:18:56'),
(1094, 9, 0, 62, 1, '2021-05-11 06:18:56', '2021-05-11 06:18:56'),
(1095, 9, 0, 63, 1, '2021-05-11 06:18:56', '2021-05-11 06:18:56'),
(1096, 9, 0, 64, 1, '2021-05-11 06:18:56', '2021-05-11 06:18:56'),
(1097, 9, 0, 65, 1, '2021-05-11 06:18:56', '2021-05-11 06:18:56'),
(1098, 9, 0, 66, 1, '2021-05-11 06:18:56', '2021-05-11 06:18:56'),
(1099, 9, 0, 67, 1, '2021-05-11 06:18:56', '2021-05-11 06:18:56'),
(1100, 9, 0, 68, 1, '2021-05-11 06:18:56', '2021-05-11 06:18:56'),
(1101, 9, 0, 69, 1, '2021-05-11 06:18:56', '2021-05-11 06:18:56'),
(1102, 9, 0, 70, 1, '2021-05-11 06:18:56', '2021-05-11 06:18:56'),
(1103, 9, 0, 71, 1, '2021-05-11 06:18:56', '2021-05-11 06:18:56'),
(1104, 9, 0, 72, 1, '2021-05-11 06:18:56', '2021-05-11 06:18:56'),
(1105, 9, 0, 73, 1, '2021-05-11 06:18:56', '2021-05-11 06:18:56'),
(1106, 9, 0, 74, 1, '2021-05-11 06:18:56', '2021-05-11 06:18:56'),
(1107, 9, 0, 75, 1, '2021-05-11 06:18:56', '2021-05-11 06:18:56'),
(1108, 9, 0, 76, 1, '2021-05-11 06:18:56', '2021-05-11 06:18:56'),
(1109, 9, 0, 77, 1, '2021-05-11 06:18:56', '2021-05-11 06:18:56'),
(1110, 9, 0, 78, 1, '2021-05-11 06:18:56', '2021-05-11 06:18:56'),
(1111, 9, 0, 79, 1, '2021-05-11 06:18:56', '2021-05-11 06:18:56'),
(1112, 9, 0, 80, 1, '2021-05-11 06:18:56', '2021-05-11 06:18:56'),
(1113, 9, 0, 81, 1, '2021-05-11 06:18:56', '2021-05-11 06:18:56'),
(1114, 9, 0, 82, 1, '2021-05-11 06:18:56', '2021-05-11 06:18:56'),
(1115, 9, 0, 83, 1, '2021-05-11 06:18:56', '2021-05-11 06:18:56'),
(1116, 9, 0, 84, 1, '2021-05-11 06:18:56', '2021-05-11 06:18:56'),
(1117, 9, 0, 85, 1, '2021-05-11 06:18:56', '2021-05-11 06:18:56'),
(1118, 9, 0, 86, 1, '2021-05-11 06:18:56', '2021-05-11 06:18:56'),
(1119, 9, 0, 87, 1, '2021-05-11 06:18:56', '2021-05-11 06:18:56'),
(1120, 9, 0, 88, 1, '2021-05-11 06:18:56', '2021-05-11 06:18:56'),
(1121, 9, 0, 89, 1, '2021-05-11 06:18:56', '2021-05-11 06:18:56'),
(1122, 9, 0, 90, 1, '2021-05-11 06:18:56', '2021-05-11 06:18:56'),
(1123, 9, 0, 91, 1, '2021-05-11 06:18:56', '2021-05-11 06:18:56'),
(1124, 9, 0, 92, 1, '2021-05-11 06:18:56', '2021-05-11 06:18:56'),
(1125, 9, 0, 93, 1, '2021-05-11 06:18:56', '2021-05-11 06:18:56'),
(1126, 9, 0, 94, 1, '2021-05-11 06:18:56', '2021-05-11 06:18:56'),
(1127, 9, 0, 95, 1, '2021-05-11 06:18:56', '2021-05-11 06:18:56'),
(1128, 9, 0, 96, 1, '2021-05-11 06:18:56', '2021-05-11 06:18:56'),
(1129, 9, 0, 97, 1, '2021-05-11 06:18:56', '2021-05-11 06:18:56'),
(1130, 9, 0, 98, 1, '2021-05-11 06:18:56', '2021-05-11 06:18:56'),
(1131, 9, 0, 99, 1, '2021-05-11 06:18:56', '2021-05-11 06:18:56'),
(1132, 9, 0, 100, 1, '2021-05-11 06:18:56', '2021-05-11 06:18:56'),
(1133, 9, 0, 101, 1, '2021-05-11 06:18:56', '2021-05-11 06:18:56'),
(1134, 9, 0, 102, 1, '2021-05-11 06:18:56', '2021-05-11 06:18:56'),
(1135, 9, 0, 103, 1, '2021-05-11 06:18:56', '2021-05-11 06:18:56'),
(1136, 9, 0, 104, 1, '2021-05-11 06:18:56', '2021-05-11 06:18:56'),
(1137, 9, 0, 105, 1, '2021-05-11 06:18:56', '2021-05-11 06:18:56'),
(1138, 9, 0, 106, 1, '2021-05-11 06:18:56', '2021-05-11 06:18:56'),
(1139, 9, 0, 107, 1, '2021-05-11 06:18:56', '2021-05-11 06:18:56'),
(1140, 9, 0, 108, 1, '2021-05-11 06:18:56', '2021-05-11 06:18:56'),
(1141, 9, 0, 109, 1, '2021-05-11 06:18:56', '2021-05-11 06:18:56'),
(1142, 9, 0, 110, 1, '2021-05-11 06:18:56', '2021-05-11 06:18:56'),
(1143, 9, 0, 111, 1, '2021-05-11 06:18:56', '2021-05-11 06:18:56'),
(1144, 9, 0, 112, 1, '2021-05-11 06:18:56', '2021-05-11 06:18:56'),
(1145, 9, 0, 113, 1, '2021-05-11 06:18:56', '2021-05-11 06:18:56'),
(1146, 9, 0, 114, 1, '2021-05-11 06:18:56', '2021-05-11 06:18:56'),
(1147, 9, 0, 115, 1, '2021-05-11 06:18:56', '2021-05-11 06:18:56'),
(1148, 9, 0, 116, 1, '2021-05-11 06:18:56', '2021-05-11 06:18:56'),
(1149, 9, 0, 117, 1, '2021-05-11 06:18:56', '2021-05-11 06:18:56'),
(1150, 9, 0, 118, 1, '2021-05-11 06:18:56', '2021-05-11 06:18:56'),
(1151, 9, 0, 119, 1, '2021-05-11 06:18:56', '2021-05-11 06:18:56'),
(1152, 9, 0, 120, 1, '2021-05-11 06:18:56', '2021-05-11 06:18:56'),
(1153, 9, 0, 121, 1, '2021-05-11 06:18:56', '2021-05-11 06:18:56'),
(1154, 9, 0, 122, 1, '2021-05-11 06:18:56', '2021-05-11 06:18:56'),
(1155, 9, 0, 123, 1, '2021-05-11 06:18:56', '2021-05-11 06:18:56'),
(1156, 9, 0, 124, 1, '2021-05-11 06:18:56', '2021-05-11 06:18:56'),
(1157, 9, 0, 125, 1, '2021-05-11 06:18:56', '2021-05-11 06:18:56'),
(1158, 9, 0, 126, 1, '2021-05-11 06:18:56', '2021-05-11 06:18:56'),
(1159, 9, 0, 127, 1, '2021-05-11 06:18:56', '2021-05-11 06:18:56'),
(1160, 9, 0, 128, 1, '2021-05-11 06:18:56', '2021-05-11 06:18:56'),
(1161, 9, 0, 129, 1, '2021-05-11 06:18:56', '2021-05-11 06:18:56'),
(1162, 10, 0, 1, 1, '2021-05-11 06:18:56', '2021-05-11 06:18:56'),
(1163, 10, 0, 2, 1, '2021-05-11 06:18:56', '2021-05-11 06:18:56'),
(1164, 10, 0, 3, 0, '2021-05-11 06:18:56', '2021-05-11 06:18:56'),
(1165, 10, 0, 4, 0, '2021-05-11 06:18:56', '2021-05-11 06:18:56'),
(1166, 10, 0, 5, 0, '2021-05-11 06:18:56', '2021-05-11 06:18:56'),
(1167, 10, 0, 6, 0, '2021-05-11 06:18:56', '2021-05-11 06:18:56'),
(1168, 10, 0, 7, 0, '2021-05-11 06:18:56', '2021-05-11 06:18:56'),
(1169, 10, 0, 8, 0, '2021-05-11 06:18:56', '2021-05-11 06:18:56'),
(1170, 10, 0, 9, 0, '2021-05-11 06:18:56', '2021-05-11 06:18:56'),
(1171, 10, 0, 10, 0, '2021-05-11 06:18:56', '2021-05-11 06:18:56'),
(1172, 10, 0, 11, 0, '2021-05-11 06:18:56', '2021-05-11 06:18:56'),
(1173, 10, 0, 12, 0, '2021-05-11 06:18:56', '2021-05-11 06:18:56'),
(1174, 10, 0, 13, 0, '2021-05-11 06:18:56', '2021-05-11 06:18:56'),
(1175, 10, 0, 14, 0, '2021-05-11 06:18:56', '2021-05-11 06:18:56'),
(1176, 10, 0, 15, 0, '2021-05-11 06:18:56', '2021-05-11 06:18:56'),
(1177, 10, 0, 16, 0, '2021-05-11 06:18:56', '2021-05-11 06:18:56'),
(1178, 10, 0, 17, 1, '2021-05-11 06:18:56', '2021-05-11 06:18:56'),
(1179, 10, 0, 18, 0, '2021-05-11 06:18:56', '2021-05-11 06:18:56'),
(1180, 10, 0, 19, 0, '2021-05-11 06:18:56', '2021-05-11 06:18:56'),
(1181, 10, 0, 20, 0, '2021-05-11 06:18:56', '2021-05-11 06:18:56'),
(1182, 10, 0, 21, 0, '2021-05-11 06:18:56', '2021-05-11 06:18:56'),
(1183, 10, 0, 22, 0, '2021-05-11 06:18:56', '2021-05-11 06:18:56'),
(1184, 10, 0, 23, 0, '2021-05-11 06:18:56', '2021-05-11 06:18:56'),
(1185, 10, 0, 24, 0, '2021-05-11 06:18:56', '2021-05-11 06:18:56'),
(1186, 10, 0, 25, 0, '2021-05-11 06:18:56', '2021-05-11 06:18:56'),
(1187, 10, 0, 26, 0, '2021-05-11 06:18:56', '2021-05-11 06:18:56'),
(1188, 10, 0, 27, 0, '2021-05-11 06:18:56', '2021-05-11 06:18:56'),
(1189, 10, 0, 28, 0, '2021-05-11 06:18:56', '2021-05-11 06:18:56'),
(1190, 10, 0, 29, 0, '2021-05-11 06:18:56', '2021-05-11 06:18:56'),
(1191, 10, 0, 30, 0, '2021-05-11 06:18:56', '2021-05-11 06:18:56'),
(1192, 10, 0, 31, 0, '2021-05-11 06:18:56', '2021-05-11 06:18:56'),
(1193, 10, 0, 32, 0, '2021-05-11 06:18:56', '2021-05-11 06:18:56'),
(1194, 10, 0, 33, 0, '2021-05-11 06:18:56', '2021-05-11 06:18:56'),
(1195, 10, 0, 34, 1, '2021-05-11 06:18:56', '2021-05-11 06:18:56'),
(1196, 10, 0, 35, 0, '2021-05-11 06:18:56', '2021-05-11 06:18:56'),
(1197, 10, 0, 36, 0, '2021-05-11 06:18:56', '2021-05-11 06:18:56'),
(1198, 10, 0, 37, 0, '2021-05-11 06:18:56', '2021-05-11 06:18:56'),
(1199, 10, 0, 38, 1, '2021-05-11 06:18:56', '2021-05-11 06:18:56'),
(1200, 10, 0, 39, 0, '2021-05-11 06:18:56', '2021-05-11 06:18:56'),
(1201, 10, 0, 40, 0, '2021-05-11 06:18:56', '2021-05-11 06:18:56'),
(1202, 10, 0, 41, 0, '2021-05-11 06:18:56', '2021-05-11 06:18:56'),
(1203, 10, 0, 42, 0, '2021-05-11 06:18:56', '2021-05-11 06:18:56'),
(1204, 10, 0, 43, 0, '2021-05-11 06:18:56', '2021-05-11 06:18:56'),
(1205, 10, 0, 44, 0, '2021-05-11 06:18:56', '2021-05-11 06:18:56'),
(1206, 10, 0, 45, 0, '2021-05-11 06:18:56', '2021-05-11 06:18:56'),
(1207, 10, 0, 46, 0, '2021-05-11 06:18:56', '2021-05-11 06:18:56'),
(1208, 10, 0, 47, 0, '2021-05-11 06:18:56', '2021-05-11 06:18:56'),
(1209, 10, 0, 48, 0, '2021-05-11 06:18:56', '2021-05-11 06:18:56'),
(1210, 10, 0, 49, 0, '2021-05-11 06:18:56', '2021-05-11 06:18:56'),
(1211, 10, 0, 50, 0, '2021-05-11 06:18:56', '2021-05-11 06:18:56'),
(1212, 10, 0, 51, 0, '2021-05-11 06:18:56', '2021-05-11 06:18:56'),
(1213, 10, 0, 52, 0, '2021-05-11 06:18:56', '2021-05-11 06:18:56'),
(1214, 10, 0, 53, 0, '2021-05-11 06:18:56', '2021-05-11 06:18:56'),
(1215, 10, 0, 54, 0, '2021-05-11 06:18:56', '2021-05-11 06:18:56'),
(1216, 10, 0, 55, 0, '2021-05-11 06:18:56', '2021-05-11 06:18:56'),
(1217, 10, 0, 56, 0, '2021-05-11 06:18:56', '2021-05-11 06:18:56'),
(1218, 10, 0, 57, 0, '2021-05-11 06:18:56', '2021-05-11 06:18:56'),
(1219, 10, 0, 58, 0, '2021-05-11 06:18:56', '2021-05-11 06:18:56'),
(1220, 10, 0, 59, 0, '2021-05-11 06:18:56', '2021-05-11 06:18:56'),
(1221, 10, 0, 60, 1, '2021-05-11 06:18:56', '2021-05-11 06:18:56'),
(1222, 10, 0, 61, 0, '2021-05-11 06:18:56', '2021-05-11 06:18:56'),
(1223, 10, 0, 62, 0, '2021-05-11 06:18:56', '2021-05-11 06:18:56'),
(1224, 10, 0, 63, 0, '2021-05-11 06:18:56', '2021-05-11 06:18:56'),
(1225, 10, 0, 64, 0, '2021-05-11 06:18:56', '2021-05-11 06:18:56'),
(1226, 10, 0, 65, 0, '2021-05-11 06:18:56', '2021-05-11 06:18:56'),
(1227, 10, 0, 66, 0, '2021-05-11 06:18:56', '2021-05-11 06:18:56'),
(1228, 10, 0, 67, 0, '2021-05-11 06:18:56', '2021-05-11 06:18:56'),
(1229, 10, 0, 68, 0, '2021-05-11 06:18:56', '2021-05-11 06:18:56'),
(1230, 10, 0, 69, 0, '2021-05-11 06:18:56', '2021-05-11 06:18:56'),
(1231, 10, 0, 70, 0, '2021-05-11 06:18:56', '2021-05-11 06:18:56'),
(1232, 10, 0, 71, 1, '2021-05-11 06:18:56', '2021-05-11 06:18:56'),
(1233, 10, 0, 72, 1, '2021-05-11 06:18:56', '2021-05-11 06:18:56'),
(1234, 10, 0, 73, 0, '2021-05-11 06:18:56', '2021-05-11 06:18:56'),
(1235, 10, 0, 74, 0, '2021-05-11 06:18:56', '2021-05-11 06:18:56'),
(1236, 10, 0, 75, 0, '2021-05-11 06:18:56', '2021-05-11 06:18:56'),
(1237, 10, 0, 76, 0, '2021-05-11 06:18:56', '2021-05-11 06:18:56'),
(1238, 10, 0, 77, 0, '2021-05-11 06:18:56', '2021-05-11 06:18:56'),
(1239, 10, 0, 78, 0, '2021-05-11 06:18:56', '2021-05-11 06:18:56'),
(1240, 10, 0, 79, 0, '2021-05-11 06:18:56', '2021-05-11 06:18:56'),
(1241, 10, 0, 80, 0, '2021-05-11 06:18:56', '2021-05-11 06:18:56'),
(1242, 10, 0, 81, 0, '2021-05-11 06:18:56', '2021-05-11 06:18:56'),
(1243, 10, 0, 82, 0, '2021-05-11 06:18:56', '2021-05-11 06:18:56'),
(1244, 10, 0, 83, 0, '2021-05-11 06:18:56', '2021-05-11 06:18:56'),
(1245, 10, 0, 84, 0, '2021-05-11 06:18:56', '2021-05-11 06:18:56'),
(1246, 10, 0, 85, 0, '2021-05-11 06:18:56', '2021-05-11 06:18:56'),
(1247, 10, 0, 86, 0, '2021-05-11 06:18:56', '2021-05-11 06:18:56'),
(1248, 10, 0, 87, 0, '2021-05-11 06:18:56', '2021-05-11 06:18:56'),
(1249, 10, 0, 88, 0, '2021-05-11 06:18:56', '2021-05-11 06:18:56'),
(1250, 10, 0, 89, 0, '2021-05-11 06:18:56', '2021-05-11 06:18:56'),
(1251, 10, 0, 90, 1, '2021-05-11 06:18:56', '2021-05-11 06:18:56'),
(1252, 10, 0, 91, 0, '2021-05-11 06:18:56', '2021-05-11 06:18:56'),
(1253, 10, 0, 92, 0, '2021-05-11 06:18:56', '2021-05-11 06:18:56'),
(1254, 10, 0, 93, 0, '2021-05-11 06:18:56', '2021-05-11 06:18:56'),
(1255, 10, 0, 94, 0, '2021-05-11 06:18:56', '2021-05-11 06:18:56'),
(1256, 10, 0, 95, 0, '2021-05-11 06:18:56', '2021-05-11 06:18:56'),
(1257, 10, 0, 96, 0, '2021-05-11 06:18:56', '2021-05-11 06:18:56'),
(1258, 10, 0, 97, 0, '2021-05-11 06:18:56', '2021-05-11 06:18:56'),
(1259, 10, 0, 98, 0, '2021-05-11 06:18:56', '2021-05-11 06:18:56'),
(1260, 10, 0, 99, 0, '2021-05-11 06:18:56', '2021-05-11 06:18:56'),
(1261, 10, 0, 100, 0, '2021-05-11 06:18:56', '2021-05-11 06:18:56'),
(1262, 10, 0, 101, 0, '2021-05-11 06:18:56', '2021-05-11 06:18:56'),
(1263, 10, 0, 102, 0, '2021-05-11 06:18:56', '2021-05-11 06:18:56'),
(1264, 10, 0, 103, 0, '2021-05-11 06:18:56', '2021-05-11 06:18:56'),
(1265, 10, 0, 104, 0, '2021-05-11 06:18:56', '2021-05-11 06:18:56'),
(1266, 10, 0, 105, 0, '2021-05-11 06:18:56', '2021-05-11 06:18:56'),
(1267, 10, 0, 106, 0, '2021-05-11 06:18:56', '2021-05-11 06:18:56'),
(1268, 10, 0, 107, 0, '2021-05-11 06:18:56', '2021-05-11 06:18:56'),
(1269, 10, 0, 108, 0, '2021-05-11 06:18:56', '2021-05-11 06:18:56'),
(1270, 10, 0, 109, 0, '2021-05-11 06:18:56', '2021-05-11 06:18:56'),
(1271, 10, 0, 110, 0, '2021-05-11 06:18:56', '2021-05-11 06:18:56'),
(1272, 10, 0, 111, 0, '2021-05-11 06:18:56', '2021-05-11 06:18:56'),
(1273, 10, 0, 112, 0, '2021-05-11 06:18:56', '2021-05-11 06:18:56'),
(1274, 10, 0, 113, 0, '2021-05-11 06:18:56', '2021-05-11 06:18:56'),
(1275, 10, 0, 114, 0, '2021-05-11 06:18:56', '2021-05-11 06:18:56'),
(1276, 10, 0, 115, 0, '2021-05-11 06:18:56', '2021-05-11 06:18:56'),
(1277, 10, 0, 116, 0, '2021-05-11 06:18:56', '2021-05-11 06:18:56'),
(1278, 10, 0, 117, 0, '2021-05-11 06:18:56', '2021-05-11 06:18:56'),
(1279, 10, 0, 118, 0, '2021-05-11 06:18:56', '2021-05-11 06:18:56'),
(1280, 10, 0, 119, 0, '2021-05-11 06:18:56', '2021-05-11 06:18:56'),
(1281, 10, 0, 120, 0, '2021-05-11 06:18:56', '2021-05-11 06:18:56'),
(1282, 10, 0, 121, 0, '2021-05-11 06:18:56', '2021-05-11 06:18:56'),
(1283, 10, 0, 122, 0, '2021-05-11 06:18:56', '2021-05-11 06:18:56'),
(1284, 10, 0, 123, 0, '2021-05-11 06:18:56', '2021-05-11 06:18:56'),
(1285, 10, 0, 124, 0, '2021-05-11 06:18:56', '2021-05-11 06:18:56'),
(1286, 10, 0, 125, 0, '2021-05-11 06:18:56', '2021-05-11 06:18:56'),
(1287, 10, 0, 126, 0, '2021-05-11 06:18:56', '2021-05-11 06:18:56'),
(1288, 10, 0, 127, 0, '2021-05-11 06:18:56', '2021-05-11 06:18:56'),
(1289, 10, 0, 128, 0, '2021-05-11 06:18:56', '2021-05-11 06:18:56'),
(1290, 10, 0, 129, 0, '2021-05-11 06:18:56', '2021-05-11 06:18:56'),
(1291, 11, 0, 1, 1, '2021-05-11 06:18:56', '2021-05-11 06:18:56'),
(1292, 11, 0, 2, 1, '2021-05-11 06:18:56', '2021-05-11 06:18:56'),
(1293, 11, 0, 3, 1, '2021-05-11 06:18:56', '2021-05-11 06:18:56'),
(1294, 11, 0, 4, 0, '2021-05-11 06:18:56', '2021-05-11 06:18:56'),
(1295, 11, 0, 5, 0, '2021-05-11 06:18:56', '2021-05-11 06:18:56'),
(1296, 11, 0, 6, 0, '2021-05-11 06:18:56', '2021-05-11 06:18:56'),
(1297, 11, 0, 7, 0, '2021-05-11 06:18:56', '2021-05-11 06:18:56'),
(1298, 11, 0, 8, 0, '2021-05-11 06:18:56', '2021-05-11 06:18:56'),
(1299, 11, 0, 9, 0, '2021-05-11 06:18:56', '2021-05-11 06:18:56'),
(1300, 11, 0, 10, 0, '2021-05-11 06:18:56', '2021-05-11 06:18:56'),
(1301, 11, 0, 11, 0, '2021-05-11 06:18:56', '2021-05-11 06:18:56'),
(1302, 11, 0, 12, 0, '2021-05-11 06:18:56', '2021-05-11 06:18:56'),
(1303, 11, 0, 13, 0, '2021-05-11 06:18:56', '2021-05-11 06:18:56'),
(1304, 11, 0, 14, 0, '2021-05-11 06:18:56', '2021-05-11 06:18:56'),
(1305, 11, 0, 15, 0, '2021-05-11 06:18:56', '2021-05-11 06:18:56'),
(1306, 11, 0, 16, 0, '2021-05-11 06:18:56', '2021-05-11 06:18:56'),
(1307, 11, 0, 17, 0, '2021-05-11 06:18:56', '2021-05-11 06:18:56'),
(1308, 11, 0, 18, 0, '2021-05-11 06:18:56', '2021-05-11 06:18:56'),
(1309, 11, 0, 19, 0, '2021-05-11 06:18:56', '2021-05-11 06:18:56'),
(1310, 11, 0, 20, 0, '2021-05-11 06:18:56', '2021-05-11 06:18:56'),
(1311, 11, 0, 21, 0, '2021-05-11 06:18:56', '2021-05-11 06:18:56'),
(1312, 11, 0, 22, 0, '2021-05-11 06:18:56', '2021-05-11 06:18:56'),
(1313, 11, 0, 23, 0, '2021-05-11 06:18:56', '2021-05-11 06:18:56'),
(1314, 11, 0, 24, 0, '2021-05-11 06:18:56', '2021-05-11 06:18:56'),
(1315, 11, 0, 25, 0, '2021-05-11 06:18:56', '2021-05-11 06:18:56'),
(1316, 11, 0, 26, 0, '2021-05-11 06:18:56', '2021-05-11 06:18:56'),
(1317, 11, 0, 27, 0, '2021-05-11 06:18:56', '2021-05-11 06:18:56'),
(1318, 11, 0, 28, 0, '2021-05-11 06:18:56', '2021-05-11 06:18:56'),
(1319, 11, 0, 29, 0, '2021-05-11 06:18:56', '2021-05-11 06:18:56'),
(1320, 11, 0, 30, 0, '2021-05-11 06:18:56', '2021-05-11 06:18:56'),
(1321, 11, 0, 31, 0, '2021-05-11 06:18:56', '2021-05-11 06:18:56'),
(1322, 11, 0, 32, 0, '2021-05-11 06:18:56', '2021-05-11 06:18:56'),
(1323, 11, 0, 33, 0, '2021-05-11 06:18:56', '2021-05-11 06:18:56'),
(1324, 11, 0, 34, 0, '2021-05-11 06:18:56', '2021-05-11 06:18:56'),
(1325, 11, 0, 35, 0, '2021-05-11 06:18:56', '2021-05-11 06:18:56'),
(1326, 11, 0, 36, 0, '2021-05-11 06:18:56', '2021-05-11 06:18:56'),
(1327, 11, 0, 37, 0, '2021-05-11 06:18:56', '2021-05-11 06:18:56'),
(1328, 11, 0, 38, 1, '2021-05-11 06:18:56', '2021-05-11 06:18:56'),
(1329, 11, 0, 39, 0, '2021-05-11 06:18:56', '2021-05-11 06:18:56'),
(1330, 11, 0, 40, 0, '2021-05-11 06:18:56', '2021-05-11 06:18:56'),
(1331, 11, 0, 41, 0, '2021-05-11 06:18:56', '2021-05-11 06:18:56'),
(1332, 11, 0, 42, 0, '2021-05-11 06:18:56', '2021-05-11 06:18:56'),
(1333, 11, 0, 43, 0, '2021-05-11 06:18:56', '2021-05-11 06:18:56'),
(1334, 11, 0, 44, 0, '2021-05-11 06:18:56', '2021-05-11 06:18:56'),
(1335, 11, 0, 45, 0, '2021-05-11 06:18:56', '2021-05-11 06:18:56'),
(1336, 11, 0, 46, 0, '2021-05-11 06:18:56', '2021-05-11 06:18:56'),
(1337, 11, 0, 47, 0, '2021-05-11 06:18:56', '2021-05-11 06:18:56'),
(1338, 11, 0, 48, 0, '2021-05-11 06:18:56', '2021-05-11 06:18:56'),
(1339, 11, 0, 49, 0, '2021-05-11 06:18:56', '2021-05-11 06:18:56'),
(1340, 11, 0, 50, 0, '2021-05-11 06:18:56', '2021-05-11 06:18:56'),
(1341, 11, 0, 51, 0, '2021-05-11 06:18:56', '2021-05-11 06:18:56'),
(1342, 11, 0, 52, 0, '2021-05-11 06:18:56', '2021-05-11 06:18:56'),
(1343, 11, 0, 53, 0, '2021-05-11 06:18:56', '2021-05-11 06:18:56'),
(1344, 11, 0, 54, 0, '2021-05-11 06:18:56', '2021-05-11 06:18:56'),
(1345, 11, 0, 55, 0, '2021-05-11 06:18:56', '2021-05-11 06:18:56'),
(1346, 11, 0, 56, 0, '2021-05-11 06:18:56', '2021-05-11 06:18:56'),
(1347, 11, 0, 57, 0, '2021-05-11 06:18:56', '2021-05-11 06:18:56'),
(1348, 11, 0, 58, 0, '2021-05-11 06:18:56', '2021-05-11 06:18:56'),
(1349, 11, 0, 59, 0, '2021-05-11 06:18:56', '2021-05-11 06:18:56'),
(1350, 11, 0, 60, 1, '2021-05-11 06:18:56', '2021-05-11 06:18:56'),
(1351, 11, 0, 61, 0, '2021-05-11 06:18:56', '2021-05-11 06:18:56'),
(1352, 11, 0, 62, 0, '2021-05-11 06:18:56', '2021-05-11 06:18:56'),
(1353, 11, 0, 63, 0, '2021-05-11 06:18:56', '2021-05-11 06:18:56'),
(1354, 11, 0, 64, 0, '2021-05-11 06:18:56', '2021-05-11 06:18:56'),
(1355, 11, 0, 65, 0, '2021-05-11 06:18:56', '2021-05-11 06:18:56'),
(1356, 11, 0, 66, 0, '2021-05-11 06:18:56', '2021-05-11 06:18:56'),
(1357, 11, 0, 67, 0, '2021-05-11 06:18:56', '2021-05-11 06:18:56'),
(1358, 11, 0, 68, 0, '2021-05-11 06:18:56', '2021-05-11 06:18:56'),
(1359, 11, 0, 69, 0, '2021-05-11 06:18:56', '2021-05-11 06:18:56'),
(1360, 11, 0, 70, 0, '2021-05-11 06:18:56', '2021-05-11 06:18:56'),
(1361, 11, 0, 71, 0, '2021-05-11 06:18:56', '2021-05-11 06:18:56'),
(1362, 11, 0, 72, 0, '2021-05-11 06:18:56', '2021-05-11 06:18:56'),
(1363, 11, 0, 73, 0, '2021-05-11 06:18:56', '2021-05-11 06:18:56'),
(1364, 11, 0, 74, 0, '2021-05-11 06:18:56', '2021-05-11 06:18:56'),
(1365, 11, 0, 75, 0, '2021-05-11 06:18:56', '2021-05-11 06:18:56'),
(1366, 11, 0, 76, 0, '2021-05-11 06:18:56', '2021-05-11 06:18:56'),
(1367, 11, 0, 77, 0, '2021-05-11 06:18:56', '2021-05-11 06:18:56'),
(1368, 11, 0, 78, 0, '2021-05-11 06:18:56', '2021-05-11 06:18:56'),
(1369, 11, 0, 79, 0, '2021-05-11 06:18:56', '2021-05-11 06:18:56'),
(1370, 11, 0, 80, 0, '2021-05-11 06:18:56', '2021-05-11 06:18:56'),
(1371, 11, 0, 81, 0, '2021-05-11 06:18:56', '2021-05-11 06:18:56'),
(1372, 11, 0, 82, 0, '2021-05-11 06:18:56', '2021-05-11 06:18:56'),
(1373, 11, 0, 83, 0, '2021-05-11 06:18:56', '2021-05-11 06:18:56'),
(1374, 11, 0, 84, 0, '2021-05-11 06:18:56', '2021-05-11 06:18:56'),
(1375, 11, 0, 85, 0, '2021-05-11 06:18:56', '2021-05-11 06:18:56'),
(1376, 11, 0, 86, 0, '2021-05-11 06:18:56', '2021-05-11 06:18:56'),
(1377, 11, 0, 87, 0, '2021-05-11 06:18:56', '2021-05-11 06:18:56'),
(1378, 11, 0, 88, 0, '2021-05-11 06:18:56', '2021-05-11 06:18:56'),
(1379, 11, 0, 89, 0, '2021-05-11 06:18:56', '2021-05-11 06:18:56'),
(1380, 11, 0, 90, 1, '2021-05-11 06:18:56', '2021-05-11 06:18:56'),
(1381, 11, 0, 91, 0, '2021-05-11 06:18:56', '2021-05-11 06:18:56'),
(1382, 11, 0, 92, 0, '2021-05-11 06:18:56', '2021-05-11 06:18:56'),
(1383, 11, 0, 93, 0, '2021-05-11 06:18:56', '2021-05-11 06:18:56'),
(1384, 11, 0, 94, 0, '2021-05-11 06:18:56', '2021-05-11 06:18:56'),
(1385, 11, 0, 95, 0, '2021-05-11 06:18:56', '2021-05-11 06:18:56'),
(1386, 11, 0, 96, 0, '2021-05-11 06:18:56', '2021-05-11 06:18:56'),
(1387, 11, 0, 97, 0, '2021-05-11 06:18:56', '2021-05-11 06:18:56'),
(1388, 11, 0, 98, 0, '2021-05-11 06:18:56', '2021-05-11 06:18:56'),
(1389, 11, 0, 99, 0, '2021-05-11 06:18:56', '2021-05-11 06:18:56'),
(1390, 11, 0, 100, 0, '2021-05-11 06:18:56', '2021-05-11 06:18:56'),
(1391, 11, 0, 101, 0, '2021-05-11 06:18:56', '2021-05-11 06:18:56'),
(1392, 11, 0, 102, 0, '2021-05-11 06:18:56', '2021-05-11 06:18:56'),
(1393, 11, 0, 103, 0, '2021-05-11 06:18:56', '2021-05-11 06:18:56'),
(1394, 11, 0, 104, 0, '2021-05-11 06:18:56', '2021-05-11 06:18:56'),
(1395, 11, 0, 105, 0, '2021-05-11 06:18:56', '2021-05-11 06:18:56'),
(1396, 11, 0, 106, 0, '2021-05-11 06:18:56', '2021-05-11 06:18:56'),
(1397, 11, 0, 107, 0, '2021-05-11 06:18:56', '2021-05-11 06:18:56'),
(1398, 11, 0, 108, 0, '2021-05-11 06:18:56', '2021-05-11 06:18:56'),
(1399, 11, 0, 109, 0, '2021-05-11 06:18:56', '2021-05-11 06:18:56'),
(1400, 11, 0, 110, 0, '2021-05-11 06:18:56', '2021-05-11 06:18:56'),
(1401, 11, 0, 111, 0, '2021-05-11 06:18:56', '2021-05-11 06:18:56'),
(1402, 11, 0, 112, 0, '2021-05-11 06:18:56', '2021-05-11 06:18:56'),
(1403, 11, 0, 113, 0, '2021-05-11 06:18:56', '2021-05-11 06:18:56'),
(1404, 11, 0, 114, 1, '2021-05-11 06:18:56', '2021-05-11 06:18:56'),
(1405, 11, 0, 115, 0, '2021-05-11 06:18:56', '2021-05-11 06:18:56'),
(1406, 11, 0, 116, 0, '2021-05-11 06:18:56', '2021-05-11 06:18:56'),
(1407, 11, 0, 117, 0, '2021-05-11 06:18:56', '2021-05-11 06:18:56'),
(1408, 11, 0, 118, 0, '2021-05-11 06:18:56', '2021-05-11 06:18:56'),
(1409, 11, 0, 119, 0, '2021-05-11 06:18:56', '2021-05-11 06:18:56'),
(1410, 11, 0, 120, 0, '2021-05-11 06:18:56', '2021-05-11 06:18:56'),
(1411, 11, 0, 121, 0, '2021-05-11 06:18:56', '2021-05-11 06:18:56'),
(1412, 11, 0, 122, 0, '2021-05-11 06:18:56', '2021-05-11 06:18:56'),
(1413, 11, 0, 123, 0, '2021-05-11 06:18:56', '2021-05-11 06:18:56'),
(1414, 11, 0, 124, 0, '2021-05-11 06:18:56', '2021-05-11 06:18:56'),
(1415, 11, 0, 125, 0, '2021-05-11 06:18:56', '2021-05-11 06:18:56'),
(1416, 11, 0, 126, 0, '2021-05-11 06:18:56', '2021-05-11 06:18:56'),
(1417, 11, 0, 127, 0, '2021-05-11 06:18:56', '2021-05-11 06:18:56'),
(1418, 11, 0, 128, 0, '2021-05-11 06:18:56', '2021-05-11 06:18:56'),
(1419, 11, 0, 129, 0, '2021-05-11 06:18:56', '2021-05-11 06:18:56'),
(1420, 1, 0, 130, 1, '2021-05-25 00:16:26', '2021-05-25 00:16:26'),
(1421, 2, 0, 130, 0, '2021-05-25 00:16:26', '2021-05-25 00:16:26'),
(1422, 3, 0, 130, 0, '2021-05-25 00:16:26', '2021-05-25 00:16:26'),
(1423, 4, 0, 130, 0, '2021-05-25 00:16:26', '2021-05-25 00:16:26'),
(1424, 5, 0, 130, 0, '2021-05-25 00:16:26', '2021-05-25 00:16:26'),
(1425, 6, 0, 130, 0, '2021-05-25 00:16:26', '2021-05-25 00:16:26'),
(1426, 7, 0, 130, 0, '2021-05-25 00:16:26', '2021-05-25 00:16:26'),
(1427, 8, 0, 130, 0, '2021-05-25 00:16:26', '2021-05-25 00:16:26'),
(1428, 9, 0, 130, 1, '2021-05-25 00:16:26', '2021-05-25 00:16:26'),
(1429, 10, 0, 130, 0, '2021-05-25 00:16:26', '2021-05-25 00:16:26'),
(1430, 11, 0, 130, 0, '2021-05-25 00:16:26', '2021-05-25 00:16:26'),
(1431, 12, 0, 130, 0, '2021-05-25 00:16:26', '2021-05-25 00:16:26'),
(1432, 13, 0, 130, 0, '2021-05-25 00:16:26', '2021-05-25 00:16:26'),
(1433, 1, 0, 131, 1, '2021-05-26 05:42:38', '2021-05-26 05:42:38'),
(1434, 2, 0, 131, 0, '2021-05-26 05:42:38', '2021-05-26 05:42:38'),
(1435, 3, 0, 131, 0, '2021-05-26 05:42:38', '2021-05-26 05:42:38'),
(1436, 4, 0, 131, 0, '2021-05-26 05:42:38', '2021-05-26 05:42:38'),
(1437, 5, 0, 131, 0, '2021-05-26 05:42:38', '2021-05-26 05:42:38'),
(1438, 6, 0, 131, 0, '2021-05-26 05:42:38', '2021-05-26 05:42:38'),
(1439, 7, 0, 131, 0, '2021-05-26 05:42:38', '2021-05-26 05:42:38'),
(1440, 8, 0, 131, 0, '2021-05-26 05:42:38', '2021-05-26 05:42:38'),
(1441, 9, 0, 131, 1, '2021-05-26 05:42:38', '2021-05-26 05:42:38'),
(1442, 10, 0, 131, 0, '2021-05-26 05:42:38', '2021-05-26 05:42:38'),
(1443, 11, 0, 131, 0, '2021-05-26 05:42:38', '2021-05-26 05:42:38'),
(1444, 12, 0, 131, 0, '2021-05-26 05:42:38', '2021-05-26 05:42:38'),
(1445, 13, 0, 131, 0, '2021-05-26 05:42:38', '2021-05-26 05:42:38'),
(1446, 1, 0, 132, 1, '2021-06-18 00:32:54', '2021-06-18 00:32:54'),
(1447, 2, 0, 132, 1, '2021-06-18 00:32:54', '2021-06-18 00:32:54'),
(1448, 3, 0, 132, 0, '2021-06-18 00:32:54', '2021-06-18 00:32:54'),
(1449, 4, 0, 132, 1, '2021-06-18 00:32:54', '2021-06-18 00:32:54'),
(1450, 5, 0, 132, 1, '2021-06-18 00:32:54', '2021-06-18 00:32:54'),
(1451, 6, 0, 132, 1, '2021-06-18 00:32:54', '2021-06-18 00:32:54'),
(1452, 7, 0, 132, 0, '2021-06-18 00:32:54', '2021-06-18 00:32:54'),
(1453, 8, 0, 132, 0, '2021-06-18 00:32:54', '2021-06-18 00:32:54'),
(1454, 9, 0, 132, 1, '2021-06-18 00:32:54', '2021-06-18 00:32:54'),
(1455, 10, 0, 132, 0, '2021-06-18 00:32:54', '2021-06-18 00:32:54'),
(1456, 11, 0, 132, 0, '2021-06-18 00:32:54', '2021-06-18 00:32:54'),
(1457, 12, 0, 132, 0, '2021-06-18 00:32:54', '2021-06-18 00:32:54'),
(1458, 13, 0, 132, 0, '2021-06-18 00:32:54', '2021-06-18 00:32:54'),
(1459, 14, 0, 132, 0, '2021-06-18 00:32:54', '2021-06-18 00:32:54'),
(1460, 1, 0, 133, 1, '2021-06-18 06:12:43', '2021-06-18 06:12:43'),
(1461, 2, 0, 133, 1, '2021-06-18 06:12:43', '2021-06-18 06:12:43'),
(1462, 3, 0, 133, 0, '2021-06-18 06:12:43', '2021-06-18 06:12:43'),
(1463, 4, 0, 133, 1, '2021-06-18 06:12:43', '2021-06-18 06:12:43'),
(1464, 5, 0, 133, 1, '2021-06-18 06:12:43', '2021-06-18 06:12:43'),
(1465, 6, 0, 133, 0, '2021-06-18 06:12:43', '2021-06-18 06:12:43'),
(1466, 7, 0, 133, 0, '2021-06-18 06:12:43', '2021-06-18 06:12:43'),
(1467, 8, 0, 133, 0, '2021-06-18 06:12:43', '2021-06-18 06:12:43'),
(1468, 9, 0, 133, 1, '2021-06-18 06:12:43', '2021-06-18 06:12:43'),
(1469, 10, 0, 133, 0, '2021-06-18 06:12:43', '2021-06-18 06:12:43'),
(1470, 11, 0, 133, 0, '2021-06-18 06:12:43', '2021-06-18 06:12:43'),
(1471, 12, 0, 133, 0, '2021-06-18 06:12:43', '2021-06-18 06:12:43'),
(1472, 13, 0, 133, 0, '2021-06-18 06:12:43', '2021-06-18 06:12:43'),
(1473, 14, 0, 133, 0, '2021-06-18 06:12:43', '2021-06-18 06:12:43'),
(1474, 1, 0, 134, 1, '2021-06-18 06:13:15', '2021-06-18 06:13:15'),
(1475, 2, 0, 134, 1, '2021-06-18 06:13:15', '2021-06-18 06:13:15'),
(1476, 3, 0, 134, 0, '2021-06-18 06:13:15', '2021-06-18 06:13:15'),
(1477, 4, 0, 134, 1, '2021-06-18 06:13:15', '2021-06-18 06:13:15'),
(1478, 5, 0, 134, 1, '2021-06-18 06:13:15', '2021-06-18 06:13:15'),
(1479, 6, 0, 134, 0, '2021-06-18 06:13:15', '2021-06-18 06:13:15'),
(1480, 7, 0, 134, 0, '2021-06-18 06:13:15', '2021-06-18 06:13:15'),
(1481, 8, 0, 134, 0, '2021-06-18 06:13:15', '2021-06-18 06:13:15'),
(1482, 9, 0, 134, 1, '2021-06-18 06:13:15', '2021-06-18 06:13:15'),
(1483, 10, 0, 134, 0, '2021-06-18 06:13:15', '2021-06-18 06:13:15'),
(1484, 11, 0, 134, 0, '2021-06-18 06:13:15', '2021-06-18 06:13:15'),
(1485, 12, 0, 134, 0, '2021-06-18 06:13:15', '2021-06-18 06:13:15'),
(1486, 13, 0, 134, 0, '2021-06-18 06:13:15', '2021-06-18 06:13:15'),
(1487, 14, 0, 134, 0, '2021-06-18 06:13:15', '2021-06-18 06:13:15'),
(1488, 1, 0, 135, 1, '2021-07-13 00:59:47', '2021-07-13 00:59:47'),
(1489, 2, 0, 135, 0, '2021-07-13 00:59:47', '2021-07-13 00:59:47'),
(1490, 3, 0, 135, 0, '2021-07-13 00:59:47', '2021-07-13 00:59:47'),
(1491, 4, 0, 135, 0, '2021-07-13 00:59:47', '2021-07-13 00:59:47'),
(1492, 5, 0, 135, 0, '2021-07-13 00:59:47', '2021-07-13 00:59:47'),
(1493, 6, 0, 135, 0, '2021-07-13 00:59:47', '2021-07-13 00:59:47'),
(1494, 7, 0, 135, 0, '2021-07-13 00:59:47', '2021-07-13 00:59:47'),
(1495, 8, 0, 135, 0, '2021-07-13 00:59:47', '2021-07-13 00:59:47'),
(1496, 9, 0, 135, 1, '2021-07-13 00:59:47', '2021-07-13 00:59:47'),
(1497, 10, 0, 135, 0, '2021-07-13 00:59:47', '2021-07-13 00:59:47'),
(1498, 11, 0, 135, 0, '2021-07-13 00:59:47', '2021-07-13 00:59:47'),
(1499, 12, 0, 135, 0, '2021-07-13 00:59:47', '2021-07-13 00:59:47'),
(1500, 13, 0, 135, 0, '2021-07-13 00:59:47', '2021-07-13 00:59:47'),
(1501, 14, 0, 135, 0, '2021-07-13 00:59:47', '2021-07-13 00:59:47'),
(1502, 15, 0, 1, 1, '2021-07-15 06:10:12', '2021-07-15 06:10:12'),
(1503, 15, 0, 2, 1, '2021-07-15 06:10:12', '2021-07-15 06:10:12'),
(1504, 15, 0, 3, 1, '2021-07-15 06:10:12', '2021-07-15 06:10:12'),
(1505, 15, 0, 4, 1, '2021-07-15 06:10:12', '2021-07-15 06:10:12'),
(1506, 15, 0, 5, 1, '2021-07-15 06:10:12', '2021-07-15 06:10:12'),
(1507, 15, 0, 6, 1, '2021-07-15 06:10:12', '2021-07-15 06:10:12'),
(1508, 15, 0, 7, 1, '2021-07-15 06:10:12', '2021-07-15 06:10:12'),
(1509, 15, 0, 8, 1, '2021-07-15 06:10:12', '2021-07-15 06:10:12'),
(1510, 15, 0, 9, 1, '2021-07-15 06:10:12', '2021-07-15 06:10:12'),
(1511, 15, 0, 10, 1, '2021-07-15 06:10:12', '2021-07-15 06:10:12'),
(1512, 15, 0, 11, 1, '2021-07-15 06:10:12', '2021-07-15 06:10:12'),
(1513, 15, 0, 12, 1, '2021-07-15 06:10:12', '2021-07-15 06:10:12'),
(1514, 15, 0, 13, 1, '2021-07-15 06:10:12', '2021-07-15 06:10:12'),
(1515, 15, 0, 14, 1, '2021-07-15 06:10:12', '2021-07-15 06:10:12'),
(1516, 15, 0, 15, 1, '2021-07-15 06:10:12', '2021-07-15 06:10:12'),
(1517, 15, 0, 16, 1, '2021-07-15 06:10:12', '2021-07-15 06:10:12'),
(1518, 15, 0, 17, 1, '2021-07-15 06:10:12', '2021-07-15 06:10:12'),
(1519, 15, 0, 18, 1, '2021-07-15 06:10:12', '2021-07-15 06:10:12'),
(1520, 15, 0, 19, 1, '2021-07-15 06:10:12', '2021-07-15 06:10:12'),
(1521, 15, 0, 20, 1, '2021-07-15 06:10:12', '2021-07-15 06:10:12'),
(1522, 15, 0, 21, 1, '2021-07-15 06:10:12', '2021-07-15 06:10:12'),
(1523, 15, 0, 22, 1, '2021-07-15 06:10:12', '2021-07-15 06:10:12'),
(1524, 15, 0, 23, 1, '2021-07-15 06:10:12', '2021-07-15 06:10:12'),
(1525, 15, 0, 24, 1, '2021-07-15 06:10:12', '2021-07-15 06:10:12'),
(1526, 15, 0, 25, 1, '2021-07-15 06:10:12', '2021-07-15 06:10:12'),
(1527, 15, 0, 26, 1, '2021-07-15 06:10:12', '2021-07-15 06:10:12'),
(1528, 15, 0, 27, 1, '2021-07-15 06:10:12', '2021-07-15 06:10:12'),
(1529, 15, 0, 28, 1, '2021-07-15 06:10:12', '2021-07-15 06:10:12'),
(1530, 15, 0, 29, 1, '2021-07-15 06:10:12', '2021-07-15 06:10:12'),
(1531, 15, 0, 30, 1, '2021-07-15 06:10:12', '2021-07-15 06:10:12'),
(1532, 15, 0, 31, 1, '2021-07-15 06:10:12', '2021-07-15 06:10:12'),
(1533, 15, 0, 32, 1, '2021-07-15 06:10:12', '2021-07-15 06:10:12'),
(1534, 15, 0, 33, 1, '2021-07-15 06:10:12', '2021-07-15 06:10:12'),
(1535, 15, 0, 34, 1, '2021-07-15 06:10:12', '2021-07-15 06:10:12'),
(1536, 15, 0, 35, 1, '2021-07-15 06:10:12', '2021-07-15 06:10:12'),
(1537, 15, 0, 36, 1, '2021-07-15 06:10:12', '2021-07-15 06:10:12'),
(1538, 15, 0, 37, 1, '2021-07-15 06:10:12', '2021-07-15 06:10:12'),
(1539, 15, 0, 38, 1, '2021-07-15 06:10:12', '2021-07-15 06:10:12'),
(1540, 15, 0, 39, 1, '2021-07-15 06:10:12', '2021-07-15 06:10:12');
INSERT INTO `gen_roles_permission_tbl` (`permissionID`, `designationID`, `roleID`, `moduleID`, `permissionStatus`, `createdAt`, `updatedAt`) VALUES
(1541, 15, 0, 40, 1, '2021-07-15 06:10:12', '2021-07-15 06:10:12'),
(1542, 15, 0, 41, 1, '2021-07-15 06:10:12', '2021-07-15 06:10:12'),
(1543, 15, 0, 42, 1, '2021-07-15 06:10:12', '2021-07-15 06:10:12'),
(1544, 15, 0, 43, 1, '2021-07-15 06:10:12', '2021-07-15 06:10:12'),
(1545, 15, 0, 44, 1, '2021-07-15 06:10:12', '2021-07-15 06:10:12'),
(1546, 15, 0, 45, 1, '2021-07-15 06:10:12', '2021-07-15 06:10:12'),
(1547, 15, 0, 46, 1, '2021-07-15 06:10:12', '2021-07-15 06:10:12'),
(1548, 15, 0, 47, 1, '2021-07-15 06:10:12', '2021-07-15 06:10:12'),
(1549, 15, 0, 48, 1, '2021-07-15 06:10:12', '2021-07-15 06:10:12'),
(1550, 15, 0, 49, 1, '2021-07-15 06:10:12', '2021-07-15 06:10:12'),
(1551, 15, 0, 50, 1, '2021-07-15 06:10:12', '2021-07-15 06:10:12'),
(1552, 15, 0, 51, 1, '2021-07-15 06:10:12', '2021-07-15 06:10:12'),
(1553, 15, 0, 52, 1, '2021-07-15 06:10:12', '2021-07-15 06:10:12'),
(1554, 15, 0, 53, 1, '2021-07-15 06:10:12', '2021-07-15 06:10:12'),
(1555, 15, 0, 54, 1, '2021-07-15 06:10:12', '2021-07-15 06:10:12'),
(1556, 15, 0, 55, 1, '2021-07-15 06:10:12', '2021-07-15 06:10:12'),
(1557, 15, 0, 56, 1, '2021-07-15 06:10:12', '2021-07-15 06:10:12'),
(1558, 15, 0, 57, 1, '2021-07-15 06:10:12', '2021-07-15 06:10:12'),
(1559, 15, 0, 58, 1, '2021-07-15 06:10:12', '2021-07-15 06:10:12'),
(1560, 15, 0, 59, 1, '2021-07-15 06:10:12', '2021-07-15 06:10:12'),
(1561, 15, 0, 60, 1, '2021-07-15 06:10:12', '2021-07-15 06:10:12'),
(1562, 15, 0, 61, 1, '2021-07-15 06:10:12', '2021-07-15 06:10:12'),
(1563, 15, 0, 62, 1, '2021-07-15 06:10:12', '2021-07-15 06:10:12'),
(1564, 15, 0, 63, 1, '2021-07-15 06:10:12', '2021-07-15 06:10:12'),
(1565, 15, 0, 64, 1, '2021-07-15 06:10:12', '2021-07-15 06:10:12'),
(1566, 15, 0, 65, 1, '2021-07-15 06:10:12', '2021-07-15 06:10:12'),
(1567, 15, 0, 66, 1, '2021-07-15 06:10:12', '2021-07-15 06:10:12'),
(1568, 15, 0, 67, 1, '2021-07-15 06:10:12', '2021-07-15 06:10:12'),
(1569, 15, 0, 68, 1, '2021-07-15 06:10:12', '2021-07-15 06:10:12'),
(1570, 15, 0, 69, 1, '2021-07-15 06:10:12', '2021-07-15 06:10:12'),
(1571, 15, 0, 70, 1, '2021-07-15 06:10:12', '2021-07-15 06:10:12'),
(1572, 15, 0, 71, 1, '2021-07-15 06:10:12', '2021-07-15 06:10:12'),
(1573, 15, 0, 72, 1, '2021-07-15 06:10:12', '2021-07-15 06:10:12'),
(1574, 15, 0, 73, 1, '2021-07-15 06:10:12', '2021-07-15 06:10:12'),
(1575, 15, 0, 74, 1, '2021-07-15 06:10:12', '2021-07-15 06:10:12'),
(1576, 15, 0, 75, 1, '2021-07-15 06:10:12', '2021-07-15 06:10:12'),
(1577, 15, 0, 76, 1, '2021-07-15 06:10:12', '2021-07-15 06:10:12'),
(1578, 15, 0, 77, 1, '2021-07-15 06:10:12', '2021-07-15 06:10:12'),
(1579, 15, 0, 78, 1, '2021-07-15 06:10:12', '2021-07-15 06:10:12'),
(1580, 15, 0, 79, 1, '2021-07-15 06:10:12', '2021-07-15 06:10:12'),
(1581, 15, 0, 80, 1, '2021-07-15 06:10:12', '2021-07-15 06:10:12'),
(1582, 15, 0, 81, 1, '2021-07-15 06:10:12', '2021-07-15 06:10:12'),
(1583, 15, 0, 82, 1, '2021-07-15 06:10:12', '2021-07-15 06:10:12'),
(1584, 15, 0, 83, 1, '2021-07-15 06:10:12', '2021-07-15 06:10:12'),
(1585, 15, 0, 84, 1, '2021-07-15 06:10:12', '2021-07-15 06:10:12'),
(1586, 15, 0, 85, 1, '2021-07-15 06:10:12', '2021-07-15 06:10:12'),
(1587, 15, 0, 86, 1, '2021-07-15 06:10:12', '2021-07-15 06:10:12'),
(1588, 15, 0, 87, 1, '2021-07-15 06:10:12', '2021-07-15 06:10:12'),
(1589, 15, 0, 88, 1, '2021-07-15 06:10:12', '2021-07-15 06:10:12'),
(1590, 15, 0, 89, 1, '2021-07-15 06:10:12', '2021-07-15 06:10:12'),
(1591, 15, 0, 90, 1, '2021-07-15 06:10:12', '2021-07-15 06:10:12'),
(1592, 15, 0, 91, 1, '2021-07-15 06:10:12', '2021-07-15 06:10:12'),
(1593, 15, 0, 92, 1, '2021-07-15 06:10:12', '2021-07-15 06:10:12'),
(1594, 15, 0, 93, 1, '2021-07-15 06:10:12', '2021-07-15 06:10:12'),
(1595, 15, 0, 94, 1, '2021-07-15 06:10:12', '2021-07-15 06:10:12'),
(1596, 15, 0, 95, 1, '2021-07-15 06:10:12', '2021-07-15 06:10:12'),
(1597, 15, 0, 96, 1, '2021-07-15 06:10:12', '2021-07-15 06:10:12'),
(1598, 15, 0, 97, 1, '2021-07-15 06:10:12', '2021-07-15 06:10:12'),
(1599, 15, 0, 98, 1, '2021-07-15 06:10:12', '2021-07-15 06:10:12'),
(1600, 15, 0, 99, 1, '2021-07-15 06:10:12', '2021-07-15 06:10:12'),
(1601, 15, 0, 100, 1, '2021-07-15 06:10:12', '2021-07-15 06:10:12'),
(1602, 15, 0, 101, 1, '2021-07-15 06:10:12', '2021-07-15 06:10:12'),
(1603, 15, 0, 102, 1, '2021-07-15 06:10:12', '2021-07-15 06:10:12'),
(1604, 15, 0, 103, 1, '2021-07-15 06:10:12', '2021-07-15 06:10:12'),
(1605, 15, 0, 104, 1, '2021-07-15 06:10:12', '2021-07-15 06:10:12'),
(1606, 15, 0, 105, 1, '2021-07-15 06:10:12', '2021-07-15 06:10:12'),
(1607, 15, 0, 106, 1, '2021-07-15 06:10:12', '2021-07-15 06:10:12'),
(1608, 15, 0, 107, 1, '2021-07-15 06:10:12', '2021-07-15 06:10:12'),
(1609, 15, 0, 108, 1, '2021-07-15 06:10:12', '2021-07-15 06:10:12'),
(1610, 15, 0, 109, 1, '2021-07-15 06:10:12', '2021-07-15 06:10:12'),
(1611, 15, 0, 110, 1, '2021-07-15 06:10:12', '2021-07-15 06:10:12'),
(1612, 15, 0, 111, 1, '2021-07-15 06:10:12', '2021-07-15 06:10:12'),
(1613, 15, 0, 112, 1, '2021-07-15 06:10:12', '2021-07-15 06:10:12'),
(1614, 15, 0, 113, 1, '2021-07-15 06:10:12', '2021-07-15 06:10:12'),
(1615, 15, 0, 114, 1, '2021-07-15 06:10:12', '2021-07-15 06:10:12'),
(1616, 15, 0, 115, 1, '2021-07-15 06:10:12', '2021-07-15 06:10:12'),
(1617, 15, 0, 116, 1, '2021-07-15 06:10:12', '2021-07-15 06:10:12'),
(1618, 15, 0, 117, 1, '2021-07-15 06:10:12', '2021-07-15 06:10:12'),
(1619, 15, 0, 118, 1, '2021-07-15 06:10:12', '2021-07-15 06:10:12'),
(1620, 15, 0, 119, 1, '2021-07-15 06:10:12', '2021-07-15 06:10:12'),
(1621, 15, 0, 120, 1, '2021-07-15 06:10:12', '2021-07-15 06:10:12'),
(1622, 15, 0, 121, 1, '2021-07-15 06:10:12', '2021-07-15 06:10:12'),
(1623, 15, 0, 122, 1, '2021-07-15 06:10:12', '2021-07-15 06:10:12'),
(1624, 15, 0, 123, 1, '2021-07-15 06:10:12', '2021-07-15 06:10:12'),
(1625, 15, 0, 124, 1, '2021-07-15 06:10:12', '2021-07-15 06:10:12'),
(1626, 15, 0, 125, 1, '2021-07-15 06:10:12', '2021-07-15 06:10:12'),
(1627, 15, 0, 126, 1, '2021-07-15 06:10:12', '2021-07-15 06:10:12'),
(1628, 15, 0, 127, 1, '2021-07-15 06:10:12', '2021-07-15 06:10:12'),
(1629, 15, 0, 128, 1, '2021-07-15 06:10:12', '2021-07-15 06:10:12'),
(1630, 15, 0, 129, 1, '2021-07-15 06:10:12', '2021-07-15 06:10:12'),
(1631, 15, 0, 130, 1, '2021-07-15 06:10:12', '2021-07-15 06:10:12'),
(1632, 15, 0, 131, 1, '2021-07-15 06:10:12', '2021-07-15 06:10:12'),
(1633, 15, 0, 132, 1, '2021-07-15 06:10:12', '2021-07-15 06:10:12'),
(1634, 15, 0, 133, 1, '2021-07-15 06:10:12', '2021-07-15 06:10:12'),
(1635, 15, 0, 134, 1, '2021-07-15 06:10:12', '2021-07-15 06:10:12'),
(1636, 15, 0, 135, 1, '2021-07-15 06:10:12', '2021-07-15 06:10:12'),
(1637, 1, 0, 136, 1, '2021-07-16 00:45:45', '2021-07-16 00:45:45'),
(1638, 2, 0, 136, 0, '2021-07-16 00:45:45', '2021-07-16 00:45:45'),
(1639, 3, 0, 136, 0, '2021-07-16 00:45:45', '2021-07-16 00:45:45'),
(1640, 4, 0, 136, 0, '2021-07-16 00:45:45', '2021-07-16 00:45:45'),
(1641, 5, 0, 136, 0, '2021-07-16 00:45:45', '2021-07-16 00:45:45'),
(1642, 6, 0, 136, 0, '2021-07-16 00:45:45', '2021-07-16 00:45:45'),
(1643, 7, 0, 136, 0, '2021-07-16 00:45:45', '2021-07-16 00:45:45'),
(1644, 8, 0, 136, 0, '2021-07-16 00:45:45', '2021-07-16 00:45:45'),
(1645, 9, 0, 136, 1, '2021-07-16 00:45:45', '2021-07-16 00:45:45'),
(1646, 10, 0, 136, 0, '2021-07-16 00:45:45', '2021-07-16 00:45:45'),
(1647, 11, 0, 136, 0, '2021-07-16 00:45:45', '2021-07-16 00:45:45'),
(1648, 12, 0, 136, 0, '2021-07-16 00:45:45', '2021-07-16 00:45:45'),
(1649, 13, 0, 136, 0, '2021-07-16 00:45:45', '2021-07-16 00:45:45'),
(1650, 14, 0, 136, 0, '2021-07-16 00:45:45', '2021-07-16 00:45:45'),
(1651, 15, 0, 136, 1, '2021-07-16 00:45:45', '2021-07-16 00:45:45'),
(1652, 1, 0, 137, 1, '2021-09-16 11:47:48', '2021-09-16 11:47:48'),
(1653, 2, 0, 137, 1, '2021-09-16 11:47:48', '2021-09-16 11:47:48'),
(1654, 3, 0, 137, 0, '2021-09-16 11:47:48', '2021-09-16 11:47:48'),
(1655, 4, 0, 137, 0, '2021-09-16 11:47:48', '2021-09-16 11:47:48'),
(1656, 5, 0, 137, 0, '2021-09-16 11:47:48', '2021-09-16 11:47:48'),
(1657, 6, 0, 137, 0, '2021-09-16 11:47:48', '2021-09-16 11:47:48'),
(1658, 7, 0, 137, 0, '2021-09-16 11:47:48', '2021-09-16 11:47:48'),
(1659, 8, 0, 137, 0, '2021-09-16 11:47:48', '2021-09-16 11:47:48'),
(1660, 9, 0, 137, 1, '2021-09-16 11:47:48', '2021-09-16 11:47:48'),
(1661, 10, 0, 137, 0, '2021-09-16 11:47:48', '2021-09-16 11:47:48'),
(1662, 11, 0, 137, 0, '2021-09-16 11:47:48', '2021-09-16 11:47:48'),
(1663, 12, 0, 137, 0, '2021-09-16 11:47:48', '2021-09-16 11:47:48'),
(1664, 13, 0, 137, 0, '2021-09-16 11:47:48', '2021-09-16 11:47:48'),
(1665, 14, 0, 137, 0, '2021-09-16 11:47:48', '2021-09-16 11:47:48'),
(1666, 15, 0, 137, 1, '2021-09-16 11:47:48', '2021-09-16 11:47:48'),
(1667, 1, 0, 138, 1, '2021-09-16 11:48:38', '2021-09-16 11:48:38'),
(1668, 2, 0, 138, 0, '2021-09-16 11:48:38', '2021-09-16 11:48:38'),
(1669, 3, 0, 138, 0, '2021-09-16 11:48:38', '2021-09-16 11:48:38'),
(1670, 4, 0, 138, 0, '2021-09-16 11:48:38', '2021-09-16 11:48:38'),
(1671, 5, 0, 138, 0, '2021-09-16 11:48:38', '2021-09-16 11:48:38'),
(1672, 6, 0, 138, 0, '2021-09-16 11:48:38', '2021-09-16 11:48:38'),
(1673, 7, 0, 138, 0, '2021-09-16 11:48:38', '2021-09-16 11:48:38'),
(1674, 8, 0, 138, 0, '2021-09-16 11:48:38', '2021-09-16 11:48:38'),
(1675, 9, 0, 138, 1, '2021-09-16 11:48:38', '2021-09-16 11:48:38'),
(1676, 10, 0, 138, 0, '2021-09-16 11:48:38', '2021-09-16 11:48:38'),
(1677, 11, 0, 138, 0, '2021-09-16 11:48:38', '2021-09-16 11:48:38'),
(1678, 12, 0, 138, 0, '2021-09-16 11:48:38', '2021-09-16 11:48:38'),
(1679, 13, 0, 138, 0, '2021-09-16 11:48:38', '2021-09-16 11:48:38'),
(1680, 14, 0, 138, 0, '2021-09-16 11:48:38', '2021-09-16 11:48:38'),
(1681, 15, 0, 138, 1, '2021-09-16 11:48:38', '2021-09-16 11:48:38'),
(1682, 1, 0, 139, 1, '2021-09-16 23:17:22', '2021-09-16 23:17:22'),
(1683, 2, 0, 139, 0, '2021-09-16 23:17:22', '2021-09-16 23:17:22'),
(1684, 3, 0, 139, 0, '2021-09-16 23:17:22', '2021-09-16 23:17:22'),
(1685, 4, 0, 139, 0, '2021-09-16 23:17:22', '2021-09-16 23:17:22'),
(1686, 5, 0, 139, 0, '2021-09-16 23:17:22', '2021-09-16 23:17:22'),
(1687, 6, 0, 139, 0, '2021-09-16 23:17:22', '2021-09-16 23:17:22'),
(1688, 7, 0, 139, 0, '2021-09-16 23:17:22', '2021-09-16 23:17:22'),
(1689, 8, 0, 139, 0, '2021-09-16 23:17:22', '2021-09-16 23:17:22'),
(1690, 9, 0, 139, 1, '2021-09-16 23:17:22', '2021-09-16 23:17:22'),
(1691, 10, 0, 139, 0, '2021-09-16 23:17:22', '2021-09-16 23:17:22'),
(1692, 11, 0, 139, 0, '2021-09-16 23:17:22', '2021-09-16 23:17:22'),
(1693, 12, 0, 139, 0, '2021-09-16 23:17:22', '2021-09-16 23:17:22'),
(1694, 13, 0, 139, 0, '2021-09-16 23:17:22', '2021-09-16 23:17:22'),
(1695, 14, 0, 139, 0, '2021-09-16 23:17:22', '2021-09-16 23:17:22'),
(1696, 15, 0, 139, 1, '2021-09-16 23:17:22', '2021-09-16 23:17:22'),
(1697, 1, 0, 140, 1, '2021-09-17 04:17:04', '2021-09-17 04:17:04'),
(1698, 2, 0, 140, 0, '2021-09-17 04:17:04', '2021-09-17 04:17:04'),
(1699, 3, 0, 140, 0, '2021-09-17 04:17:04', '2021-09-17 04:17:04'),
(1700, 4, 0, 140, 0, '2021-09-17 04:17:04', '2021-09-17 04:17:04'),
(1701, 5, 0, 140, 0, '2021-09-17 04:17:04', '2021-09-17 04:17:04'),
(1702, 6, 0, 140, 0, '2021-09-17 04:17:04', '2021-09-17 04:17:04'),
(1703, 7, 0, 140, 0, '2021-09-17 04:17:04', '2021-09-17 04:17:04'),
(1704, 8, 0, 140, 0, '2021-09-17 04:17:04', '2021-09-17 04:17:04'),
(1705, 9, 0, 140, 1, '2021-09-17 04:17:04', '2021-09-17 04:17:04'),
(1706, 10, 0, 140, 0, '2021-09-17 04:17:04', '2021-09-17 04:17:04'),
(1707, 11, 0, 140, 0, '2021-09-17 04:17:04', '2021-09-17 04:17:04'),
(1708, 12, 0, 140, 0, '2021-09-17 04:17:04', '2021-09-17 04:17:04'),
(1709, 13, 0, 140, 0, '2021-09-17 04:17:04', '2021-09-17 04:17:04'),
(1710, 14, 0, 140, 0, '2021-09-17 04:17:04', '2021-09-17 04:17:04'),
(1711, 15, 0, 140, 1, '2021-09-17 04:17:04', '2021-09-17 04:17:04'),
(1712, 1, 0, 141, 1, '2021-09-20 07:20:45', '2021-09-20 07:20:45'),
(1713, 2, 0, 141, 0, '2021-09-20 07:20:45', '2021-09-20 07:20:45'),
(1714, 3, 0, 141, 0, '2021-09-20 07:20:45', '2021-09-20 07:20:45'),
(1715, 4, 0, 141, 0, '2021-09-20 07:20:45', '2021-09-20 07:20:45'),
(1716, 5, 0, 141, 0, '2021-09-20 07:20:45', '2021-09-20 07:20:45'),
(1717, 6, 0, 141, 0, '2021-09-20 07:20:45', '2021-09-20 07:20:45'),
(1718, 7, 0, 141, 0, '2021-09-20 07:20:45', '2021-09-20 07:20:45'),
(1719, 8, 0, 141, 0, '2021-09-20 07:20:45', '2021-09-20 07:20:45'),
(1720, 9, 0, 141, 1, '2021-09-20 07:20:45', '2021-09-20 07:20:45'),
(1721, 10, 0, 141, 0, '2021-09-20 07:20:45', '2021-09-20 07:20:45'),
(1722, 11, 0, 141, 0, '2021-09-20 07:20:45', '2021-09-20 07:20:45'),
(1723, 12, 0, 141, 0, '2021-09-20 07:20:45', '2021-09-20 07:20:45'),
(1724, 13, 0, 141, 0, '2021-09-20 07:20:45', '2021-09-20 07:20:45'),
(1725, 14, 0, 141, 0, '2021-09-20 07:20:45', '2021-09-20 07:20:45'),
(1726, 15, 0, 141, 1, '2021-09-20 07:20:45', '2021-09-20 07:20:45'),
(1727, 16, 0, 1, 1, '2021-10-13 01:29:04', '2021-10-13 01:29:04'),
(1728, 16, 0, 2, 1, '2021-10-13 01:29:04', '2021-10-13 01:29:04'),
(1729, 16, 0, 3, 1, '2021-10-13 01:29:04', '2021-10-13 01:29:04'),
(1730, 16, 0, 4, 1, '2021-10-13 01:29:04', '2021-10-13 01:29:04'),
(1731, 16, 0, 5, 1, '2021-10-13 01:29:04', '2021-10-13 01:29:04'),
(1732, 16, 0, 6, 1, '2021-10-13 01:29:04', '2021-10-13 01:29:04'),
(1733, 16, 0, 7, 1, '2021-10-13 01:29:04', '2021-10-13 01:29:04'),
(1734, 16, 0, 8, 1, '2021-10-13 01:29:04', '2021-10-13 01:29:04'),
(1735, 16, 0, 9, 1, '2021-10-13 01:29:04', '2021-10-13 01:29:04'),
(1736, 16, 0, 10, 0, '2021-10-13 01:29:04', '2021-10-13 01:29:04'),
(1737, 16, 0, 11, 0, '2021-10-13 01:29:04', '2021-10-13 01:29:04'),
(1738, 16, 0, 12, 0, '2021-10-13 01:29:04', '2021-10-13 01:29:04'),
(1739, 16, 0, 13, 0, '2021-10-13 01:29:04', '2021-10-13 01:29:04'),
(1740, 16, 0, 14, 0, '2021-10-13 01:29:04', '2021-10-13 01:29:04'),
(1741, 16, 0, 15, 0, '2021-10-13 01:29:04', '2021-10-13 01:29:04'),
(1742, 16, 0, 16, 0, '2021-10-13 01:29:04', '2021-10-13 01:29:04'),
(1743, 16, 0, 17, 0, '2021-10-13 01:29:04', '2021-10-13 01:29:04'),
(1744, 16, 0, 18, 0, '2021-10-13 01:29:04', '2021-10-13 01:29:04'),
(1745, 16, 0, 19, 0, '2021-10-13 01:29:04', '2021-10-13 01:29:04'),
(1746, 16, 0, 20, 0, '2021-10-13 01:29:04', '2021-10-13 01:29:04'),
(1747, 16, 0, 21, 1, '2021-10-13 01:29:04', '2021-10-13 01:29:04'),
(1748, 16, 0, 22, 0, '2021-10-13 01:29:04', '2021-10-13 01:29:04'),
(1749, 16, 0, 23, 0, '2021-10-13 01:29:04', '2021-10-13 01:29:04'),
(1750, 16, 0, 24, 0, '2021-10-13 01:29:04', '2021-10-13 01:29:04'),
(1751, 16, 0, 25, 0, '2021-10-13 01:29:04', '2021-10-13 01:29:04'),
(1752, 16, 0, 26, 0, '2021-10-13 01:29:04', '2021-10-13 01:29:04'),
(1753, 16, 0, 27, 0, '2021-10-13 01:29:04', '2021-10-13 01:29:04'),
(1754, 16, 0, 28, 0, '2021-10-13 01:29:04', '2021-10-13 01:29:04'),
(1755, 16, 0, 29, 0, '2021-10-13 01:29:04', '2021-10-13 01:29:04'),
(1756, 16, 0, 30, 0, '2021-10-13 01:29:04', '2021-10-13 01:29:04'),
(1757, 16, 0, 31, 0, '2021-10-13 01:29:04', '2021-10-13 01:29:04'),
(1758, 16, 0, 32, 0, '2021-10-13 01:29:04', '2021-10-13 01:29:04'),
(1759, 16, 0, 33, 1, '2021-10-13 01:29:04', '2021-10-13 01:29:04'),
(1760, 16, 0, 34, 1, '2021-10-13 01:29:04', '2021-10-13 01:29:04'),
(1761, 16, 0, 35, 1, '2021-10-13 01:29:04', '2021-10-13 01:29:04'),
(1762, 16, 0, 36, 1, '2021-10-13 01:29:04', '2021-10-13 01:29:04'),
(1763, 16, 0, 37, 1, '2021-10-13 01:29:04', '2021-10-13 01:29:04'),
(1764, 16, 0, 38, 0, '2021-10-13 01:29:04', '2021-10-13 01:29:04'),
(1765, 16, 0, 39, 0, '2021-10-13 01:29:04', '2021-10-13 01:29:04'),
(1766, 16, 0, 40, 1, '2021-10-13 01:29:04', '2021-10-13 01:29:04'),
(1767, 16, 0, 41, 1, '2021-10-13 01:29:04', '2021-10-13 01:29:04'),
(1768, 16, 0, 42, 1, '2021-10-13 01:29:04', '2021-10-13 01:29:04'),
(1769, 16, 0, 43, 1, '2021-10-13 01:29:04', '2021-10-13 01:29:04'),
(1770, 16, 0, 44, 1, '2021-10-13 01:29:04', '2021-10-13 01:29:04'),
(1771, 16, 0, 45, 1, '2021-10-13 01:29:04', '2021-10-13 01:29:04'),
(1772, 16, 0, 46, 1, '2021-10-13 01:29:04', '2021-10-13 01:29:04'),
(1773, 16, 0, 47, 1, '2021-10-13 01:29:04', '2021-10-13 01:29:04'),
(1774, 16, 0, 48, 1, '2021-10-13 01:29:04', '2021-10-13 01:29:04'),
(1775, 16, 0, 49, 1, '2021-10-13 01:29:04', '2021-10-13 01:29:04'),
(1776, 16, 0, 50, 1, '2021-10-13 01:29:04', '2021-10-13 01:29:04'),
(1777, 16, 0, 51, 1, '2021-10-13 01:29:04', '2021-10-13 01:29:04'),
(1778, 16, 0, 52, 0, '2021-10-13 01:29:04', '2021-10-13 01:29:04'),
(1779, 16, 0, 53, 0, '2021-10-13 01:29:04', '2021-10-13 01:29:04'),
(1780, 16, 0, 54, 0, '2021-10-13 01:29:04', '2021-10-13 01:29:04'),
(1781, 16, 0, 55, 1, '2021-10-13 01:29:04', '2021-10-13 01:29:04'),
(1782, 16, 0, 56, 1, '2021-10-13 01:29:04', '2021-10-13 01:29:04'),
(1783, 16, 0, 57, 0, '2021-10-13 01:29:04', '2021-10-13 01:29:04'),
(1784, 16, 0, 58, 0, '2021-10-13 01:29:04', '2021-10-13 01:29:04'),
(1785, 16, 0, 59, 0, '2021-10-13 01:29:04', '2021-10-13 01:29:04'),
(1786, 16, 0, 60, 0, '2021-10-13 01:29:04', '2021-10-13 01:29:04'),
(1787, 16, 0, 61, 0, '2021-10-13 01:29:04', '2021-10-13 01:29:04'),
(1788, 16, 0, 62, 0, '2021-10-13 01:29:04', '2021-10-13 01:29:04'),
(1789, 16, 0, 63, 1, '2021-10-13 01:29:04', '2021-10-13 01:29:04'),
(1790, 16, 0, 64, 1, '2021-10-13 01:29:04', '2021-10-13 01:29:04'),
(1791, 16, 0, 65, 1, '2021-10-13 01:29:04', '2021-10-13 01:29:04'),
(1792, 16, 0, 66, 1, '2021-10-13 01:29:04', '2021-10-13 01:29:04'),
(1793, 16, 0, 67, 1, '2021-10-13 01:29:04', '2021-10-13 01:29:04'),
(1794, 16, 0, 68, 1, '2021-10-13 01:29:04', '2021-10-13 01:29:04'),
(1795, 16, 0, 69, 1, '2021-10-13 01:29:04', '2021-10-13 01:29:04'),
(1796, 16, 0, 70, 1, '2021-10-13 01:29:04', '2021-10-13 01:29:04'),
(1797, 16, 0, 71, 0, '2021-10-13 01:29:04', '2021-10-13 01:29:04'),
(1798, 16, 0, 72, 0, '2021-10-13 01:29:04', '2021-10-13 01:29:04'),
(1799, 16, 0, 73, 0, '2021-10-13 01:29:04', '2021-10-13 01:29:04'),
(1800, 16, 0, 74, 0, '2021-10-13 01:29:04', '2021-10-13 01:29:04'),
(1801, 16, 0, 75, 0, '2021-10-13 01:29:04', '2021-10-13 01:29:04'),
(1802, 16, 0, 76, 0, '2021-10-13 01:29:04', '2021-10-13 01:29:04'),
(1803, 16, 0, 77, 0, '2021-10-13 01:29:04', '2021-10-13 01:29:04'),
(1804, 16, 0, 78, 0, '2021-10-13 01:29:04', '2021-10-13 01:29:04'),
(1805, 16, 0, 79, 0, '2021-10-13 01:29:04', '2021-10-13 01:29:04'),
(1806, 16, 0, 80, 0, '2021-10-13 01:29:04', '2021-10-13 01:29:04'),
(1807, 16, 0, 81, 0, '2021-10-13 01:29:04', '2021-10-13 01:29:04'),
(1808, 16, 0, 82, 0, '2021-10-13 01:29:04', '2021-10-13 01:29:04'),
(1809, 16, 0, 83, 0, '2021-10-13 01:29:04', '2021-10-13 01:29:04'),
(1810, 16, 0, 84, 0, '2021-10-13 01:29:04', '2021-10-13 01:29:04'),
(1811, 16, 0, 85, 0, '2021-10-13 01:29:04', '2021-10-13 01:29:04'),
(1812, 16, 0, 86, 0, '2021-10-13 01:29:04', '2021-10-13 01:29:04'),
(1813, 16, 0, 87, 0, '2021-10-13 01:29:04', '2021-10-13 01:29:04'),
(1814, 16, 0, 88, 1, '2021-10-13 01:29:04', '2021-10-13 01:29:04'),
(1815, 16, 0, 89, 0, '2021-10-13 01:29:04', '2021-10-13 01:29:04'),
(1816, 16, 0, 90, 0, '2021-10-13 01:29:04', '2021-10-13 01:29:04'),
(1817, 16, 0, 91, 0, '2021-10-13 01:29:04', '2021-10-13 01:29:04'),
(1818, 16, 0, 92, 0, '2021-10-13 01:29:04', '2021-10-13 01:29:04'),
(1819, 16, 0, 93, 0, '2021-10-13 01:29:04', '2021-10-13 01:29:04'),
(1820, 16, 0, 94, 0, '2021-10-13 01:29:04', '2021-10-13 01:29:04'),
(1821, 16, 0, 95, 0, '2021-10-13 01:29:04', '2021-10-13 01:29:04'),
(1822, 16, 0, 96, 0, '2021-10-13 01:29:04', '2021-10-13 01:29:04'),
(1823, 16, 0, 97, 0, '2021-10-13 01:29:04', '2021-10-13 01:29:04'),
(1824, 16, 0, 98, 0, '2021-10-13 01:29:04', '2021-10-13 01:29:04'),
(1825, 16, 0, 99, 0, '2021-10-13 01:29:04', '2021-10-13 01:29:04'),
(1826, 16, 0, 100, 0, '2021-10-13 01:29:04', '2021-10-13 01:29:04'),
(1827, 16, 0, 101, 0, '2021-10-13 01:29:04', '2021-10-13 01:29:04'),
(1828, 16, 0, 102, 0, '2021-10-13 01:29:04', '2021-10-13 01:29:04'),
(1829, 16, 0, 103, 0, '2021-10-13 01:29:04', '2021-10-13 01:29:04'),
(1830, 16, 0, 104, 0, '2021-10-13 01:29:04', '2021-10-13 01:29:04'),
(1831, 16, 0, 105, 0, '2021-10-13 01:29:04', '2021-10-13 01:29:04'),
(1832, 16, 0, 106, 0, '2021-10-13 01:29:04', '2021-10-13 01:29:04'),
(1833, 16, 0, 107, 0, '2021-10-13 01:29:04', '2021-10-13 01:29:04'),
(1834, 16, 0, 108, 0, '2021-10-13 01:29:04', '2021-10-13 01:29:04'),
(1835, 16, 0, 109, 0, '2021-10-13 01:29:04', '2021-10-13 01:29:04'),
(1836, 16, 0, 110, 0, '2021-10-13 01:29:04', '2021-10-13 01:29:04'),
(1837, 16, 0, 111, 0, '2021-10-13 01:29:04', '2021-10-13 01:29:04'),
(1838, 16, 0, 112, 0, '2021-10-13 01:29:04', '2021-10-13 01:29:04'),
(1839, 16, 0, 113, 0, '2021-10-13 01:29:04', '2021-10-13 01:29:04'),
(1840, 16, 0, 114, 1, '2021-10-13 01:29:04', '2021-10-13 01:29:04'),
(1841, 16, 0, 115, 0, '2021-10-13 01:29:04', '2021-10-13 01:29:04'),
(1842, 16, 0, 116, 0, '2021-10-13 01:29:04', '2021-10-13 01:29:04'),
(1843, 16, 0, 117, 0, '2021-10-13 01:29:04', '2021-10-13 01:29:04'),
(1844, 16, 0, 118, 0, '2021-10-13 01:29:04', '2021-10-13 01:29:04'),
(1845, 16, 0, 119, 0, '2021-10-13 01:29:04', '2021-10-13 01:29:04'),
(1846, 16, 0, 120, 0, '2021-10-13 01:29:04', '2021-10-13 01:29:04'),
(1847, 16, 0, 121, 0, '2021-10-13 01:29:04', '2021-10-13 01:29:04'),
(1848, 16, 0, 122, 1, '2021-10-13 01:29:04', '2021-10-13 01:29:04'),
(1849, 16, 0, 123, 0, '2021-10-13 01:29:04', '2021-10-13 01:29:04'),
(1850, 16, 0, 124, 0, '2021-10-13 01:29:04', '2021-10-13 01:29:04'),
(1851, 16, 0, 125, 0, '2021-10-13 01:29:04', '2021-10-13 01:29:04'),
(1852, 16, 0, 126, 1, '2021-10-13 01:29:04', '2021-10-13 01:29:04'),
(1853, 16, 0, 127, 1, '2021-10-13 01:29:04', '2021-10-13 01:29:04'),
(1854, 16, 0, 128, 1, '2021-10-13 01:29:04', '2021-10-13 01:29:04'),
(1855, 16, 0, 129, 1, '2021-10-13 01:29:04', '2021-10-13 01:29:04'),
(1856, 16, 0, 130, 1, '2021-10-13 01:29:04', '2021-10-13 01:29:04'),
(1857, 16, 0, 131, 1, '2021-10-13 01:29:04', '2021-10-13 01:29:04'),
(1858, 16, 0, 132, 0, '2021-10-13 01:29:04', '2021-10-13 01:29:04'),
(1859, 16, 0, 133, 0, '2021-10-13 01:29:04', '2021-10-13 01:29:04'),
(1860, 16, 0, 134, 0, '2021-10-13 01:29:04', '2021-10-13 01:29:04'),
(1861, 16, 0, 135, 1, '2021-10-13 01:29:04', '2021-10-13 01:29:04'),
(1862, 16, 0, 136, 1, '2021-10-13 01:29:04', '2021-10-13 01:29:04'),
(1863, 16, 0, 137, 1, '2021-10-13 01:29:04', '2021-10-13 01:29:04'),
(1864, 16, 0, 138, 1, '2021-10-13 01:29:04', '2021-10-13 01:29:04'),
(1865, 16, 0, 139, 1, '2021-10-13 01:29:04', '2021-10-13 01:29:04'),
(1866, 16, 0, 140, 1, '2021-10-13 01:29:04', '2021-10-13 01:29:04'),
(1867, 16, 0, 141, 1, '2021-10-13 01:29:04', '2021-10-13 01:29:04'),
(1868, 1, 0, 142, 1, '2021-10-14 06:52:32', '2021-10-14 06:52:32'),
(1869, 2, 0, 142, 1, '2021-10-14 06:52:32', '2021-10-14 06:52:32'),
(1870, 3, 0, 142, 0, '2021-10-14 06:52:32', '2021-10-14 06:52:32'),
(1871, 4, 0, 142, 0, '2021-10-14 06:52:32', '2021-10-14 06:52:32'),
(1872, 5, 0, 142, 0, '2021-10-14 06:52:32', '2021-10-14 06:52:32'),
(1873, 6, 0, 142, 0, '2021-10-14 06:52:32', '2021-10-14 06:52:32'),
(1874, 7, 0, 142, 0, '2021-10-14 06:52:32', '2021-10-14 06:52:32'),
(1875, 8, 0, 142, 0, '2021-10-14 06:52:32', '2021-10-14 06:52:32'),
(1876, 9, 0, 142, 1, '2021-10-14 06:52:32', '2021-10-14 06:52:32'),
(1877, 10, 0, 142, 0, '2021-10-14 06:52:32', '2021-10-14 06:52:32'),
(1878, 11, 0, 142, 0, '2021-10-14 06:52:32', '2021-10-14 06:52:32'),
(1879, 12, 0, 142, 0, '2021-10-14 06:52:32', '2021-10-14 06:52:32'),
(1880, 13, 0, 142, 0, '2021-10-14 06:52:32', '2021-10-14 06:52:32'),
(1881, 14, 0, 142, 0, '2021-10-14 06:52:32', '2021-10-14 06:52:32'),
(1882, 15, 0, 142, 0, '2021-10-14 06:52:32', '2021-10-14 06:52:32'),
(1883, 16, 0, 142, 0, '2021-10-14 06:52:32', '2021-10-14 06:52:32'),
(1884, 17, 0, 1, 0, '2021-10-26 01:17:14', '2021-10-26 01:17:14'),
(1885, 17, 0, 2, 0, '2021-10-26 01:17:14', '2021-10-26 01:17:14'),
(1886, 17, 0, 3, 1, '2021-10-26 01:17:14', '2021-10-26 01:17:14'),
(1887, 17, 0, 4, 1, '2021-10-26 01:17:14', '2021-10-26 01:17:14'),
(1888, 17, 0, 5, 1, '2021-10-26 01:17:14', '2021-10-26 01:17:14'),
(1889, 17, 0, 6, 1, '2021-10-26 01:17:14', '2021-10-26 01:17:14'),
(1890, 17, 0, 7, 1, '2021-10-26 01:17:14', '2021-10-26 01:17:14'),
(1891, 17, 0, 8, 0, '2021-10-26 01:17:14', '2021-10-26 01:17:14'),
(1892, 17, 0, 9, 0, '2021-10-26 01:17:14', '2021-10-26 01:17:14'),
(1893, 17, 0, 10, 0, '2021-10-26 01:17:14', '2021-10-26 01:17:14'),
(1894, 17, 0, 11, 0, '2021-10-26 01:17:14', '2021-10-26 01:17:14'),
(1895, 17, 0, 12, 0, '2021-10-26 01:17:14', '2021-10-26 01:17:14'),
(1896, 17, 0, 13, 0, '2021-10-26 01:17:14', '2021-10-26 01:17:14'),
(1897, 17, 0, 14, 0, '2021-10-26 01:17:14', '2021-10-26 01:17:14'),
(1898, 17, 0, 15, 0, '2021-10-26 01:17:14', '2021-10-26 01:17:14'),
(1899, 17, 0, 16, 0, '2021-10-26 01:17:14', '2021-10-26 01:17:14'),
(1900, 17, 0, 17, 0, '2021-10-26 01:17:14', '2021-10-26 01:17:14'),
(1901, 17, 0, 18, 0, '2021-10-26 01:17:14', '2021-10-26 01:17:14'),
(1902, 17, 0, 19, 0, '2021-10-26 01:17:14', '2021-10-26 01:17:14'),
(1903, 17, 0, 20, 0, '2021-10-26 01:17:14', '2021-10-26 01:17:14'),
(1904, 17, 0, 21, 1, '2021-10-26 01:17:14', '2021-10-26 01:17:14'),
(1905, 17, 0, 22, 0, '2021-10-26 01:17:14', '2021-10-26 01:17:14'),
(1906, 17, 0, 23, 0, '2021-10-26 01:17:14', '2021-10-26 01:17:14'),
(1907, 17, 0, 24, 0, '2021-10-26 01:17:14', '2021-10-26 01:17:14'),
(1908, 17, 0, 25, 0, '2021-10-26 01:17:14', '2021-10-26 01:17:14'),
(1909, 17, 0, 26, 0, '2021-10-26 01:17:14', '2021-10-26 01:17:14'),
(1910, 17, 0, 27, 0, '2021-10-26 01:17:14', '2021-10-26 01:17:14'),
(1911, 17, 0, 28, 0, '2021-10-26 01:17:14', '2021-10-26 01:17:14'),
(1912, 17, 0, 29, 0, '2021-10-26 01:17:14', '2021-10-26 01:17:14'),
(1913, 17, 0, 30, 0, '2021-10-26 01:17:14', '2021-10-26 01:17:14'),
(1914, 17, 0, 31, 0, '2021-10-26 01:17:14', '2021-10-26 01:17:14'),
(1915, 17, 0, 32, 0, '2021-10-26 01:17:14', '2021-10-26 01:17:14'),
(1916, 17, 0, 33, 1, '2021-10-26 01:17:14', '2021-10-26 01:17:14'),
(1917, 17, 0, 34, 1, '2021-10-26 01:17:14', '2021-10-26 01:17:14'),
(1918, 17, 0, 35, 1, '2021-10-26 01:17:14', '2021-10-26 01:17:14'),
(1919, 17, 0, 36, 1, '2021-10-26 01:17:14', '2021-10-26 01:17:14'),
(1920, 17, 0, 37, 1, '2021-10-26 01:17:14', '2021-10-26 01:17:14'),
(1921, 17, 0, 38, 0, '2021-10-26 01:17:14', '2021-10-26 01:17:14'),
(1922, 17, 0, 39, 0, '2021-10-26 01:17:14', '2021-10-26 01:17:14'),
(1923, 17, 0, 40, 0, '2021-10-26 01:17:14', '2021-10-26 01:17:14'),
(1924, 17, 0, 41, 0, '2021-10-26 01:17:14', '2021-10-26 01:17:14'),
(1925, 17, 0, 42, 1, '2021-10-26 01:17:14', '2021-10-26 01:17:14'),
(1926, 17, 0, 43, 1, '2021-10-26 01:17:14', '2021-10-26 01:17:14'),
(1927, 17, 0, 44, 1, '2021-10-26 01:17:14', '2021-10-26 01:17:14'),
(1928, 17, 0, 45, 1, '2021-10-26 01:17:14', '2021-10-26 01:17:14'),
(1929, 17, 0, 46, 0, '2021-10-26 01:17:14', '2021-10-26 01:17:14'),
(1930, 17, 0, 47, 0, '2021-10-26 01:17:14', '2021-10-26 01:17:14'),
(1931, 17, 0, 48, 0, '2021-10-26 01:17:14', '2021-10-26 01:17:14'),
(1932, 17, 0, 49, 0, '2021-10-26 01:17:14', '2021-10-26 01:17:14'),
(1933, 17, 0, 50, 1, '2021-10-26 01:17:14', '2021-10-26 01:17:14'),
(1934, 17, 0, 51, 0, '2021-10-26 01:17:14', '2021-10-26 01:17:14'),
(1935, 17, 0, 52, 0, '2021-10-26 01:17:14', '2021-10-26 01:17:14'),
(1936, 17, 0, 53, 0, '2021-10-26 01:17:14', '2021-10-26 01:17:14'),
(1937, 17, 0, 54, 0, '2021-10-26 01:17:14', '2021-10-26 01:17:14'),
(1938, 17, 0, 55, 1, '2021-10-26 01:17:14', '2021-10-26 01:17:14'),
(1939, 17, 0, 56, 0, '2021-10-26 01:17:14', '2021-10-26 01:17:14'),
(1940, 17, 0, 57, 0, '2021-10-26 01:17:14', '2021-10-26 01:17:14'),
(1941, 17, 0, 58, 0, '2021-10-26 01:17:14', '2021-10-26 01:17:14'),
(1942, 17, 0, 59, 0, '2021-10-26 01:17:14', '2021-10-26 01:17:14'),
(1943, 17, 0, 60, 0, '2021-10-26 01:17:14', '2021-10-26 01:17:14'),
(1944, 17, 0, 61, 0, '2021-10-26 01:17:14', '2021-10-26 01:17:14'),
(1945, 17, 0, 62, 0, '2021-10-26 01:17:14', '2021-10-26 01:17:14'),
(1946, 17, 0, 63, 0, '2021-10-26 01:17:14', '2021-10-26 01:17:14'),
(1947, 17, 0, 64, 1, '2021-10-26 01:17:14', '2021-10-26 01:17:14'),
(1948, 17, 0, 65, 1, '2021-10-26 01:17:14', '2021-10-26 01:17:14'),
(1949, 17, 0, 66, 1, '2021-10-26 01:17:14', '2021-10-26 01:17:14'),
(1950, 17, 0, 67, 1, '2021-10-26 01:17:14', '2021-10-26 01:17:14'),
(1951, 17, 0, 68, 0, '2021-10-26 01:17:14', '2021-10-26 01:17:14'),
(1952, 17, 0, 69, 0, '2021-10-26 01:17:14', '2021-10-26 01:17:14'),
(1953, 17, 0, 70, 0, '2021-10-26 01:17:14', '2021-10-26 01:17:14'),
(1954, 17, 0, 71, 0, '2021-10-26 01:17:14', '2021-10-26 01:17:14'),
(1955, 17, 0, 72, 0, '2021-10-26 01:17:14', '2021-10-26 01:17:14'),
(1956, 17, 0, 73, 0, '2021-10-26 01:17:14', '2021-10-26 01:17:14'),
(1957, 17, 0, 74, 0, '2021-10-26 01:17:14', '2021-10-26 01:17:14'),
(1958, 17, 0, 75, 0, '2021-10-26 01:17:14', '2021-10-26 01:17:14'),
(1959, 17, 0, 76, 0, '2021-10-26 01:17:14', '2021-10-26 01:17:14'),
(1960, 17, 0, 77, 0, '2021-10-26 01:17:14', '2021-10-26 01:17:14'),
(1961, 17, 0, 78, 0, '2021-10-26 01:17:14', '2021-10-26 01:17:14'),
(1962, 17, 0, 79, 0, '2021-10-26 01:17:14', '2021-10-26 01:17:14'),
(1963, 17, 0, 80, 0, '2021-10-26 01:17:14', '2021-10-26 01:17:14'),
(1964, 17, 0, 81, 0, '2021-10-26 01:17:14', '2021-10-26 01:17:14'),
(1965, 17, 0, 82, 0, '2021-10-26 01:17:14', '2021-10-26 01:17:14'),
(1966, 17, 0, 83, 0, '2021-10-26 01:17:14', '2021-10-26 01:17:14'),
(1967, 17, 0, 84, 0, '2021-10-26 01:17:14', '2021-10-26 01:17:14'),
(1968, 17, 0, 85, 0, '2021-10-26 01:17:14', '2021-10-26 01:17:14'),
(1969, 17, 0, 86, 0, '2021-10-26 01:17:14', '2021-10-26 01:17:14'),
(1970, 17, 0, 87, 0, '2021-10-26 01:17:14', '2021-10-26 01:17:14'),
(1971, 17, 0, 88, 1, '2021-10-26 01:17:14', '2021-10-26 01:17:14'),
(1972, 17, 0, 89, 0, '2021-10-26 01:17:14', '2021-10-26 01:17:14'),
(1973, 17, 0, 90, 0, '2021-10-26 01:17:14', '2021-10-26 01:17:14'),
(1974, 17, 0, 91, 0, '2021-10-26 01:17:14', '2021-10-26 01:17:14'),
(1975, 17, 0, 92, 0, '2021-10-26 01:17:14', '2021-10-26 01:17:14'),
(1976, 17, 0, 93, 0, '2021-10-26 01:17:14', '2021-10-26 01:17:14'),
(1977, 17, 0, 94, 0, '2021-10-26 01:17:14', '2021-10-26 01:17:14'),
(1978, 17, 0, 95, 0, '2021-10-26 01:17:14', '2021-10-26 01:17:14'),
(1979, 17, 0, 96, 0, '2021-10-26 01:17:14', '2021-10-26 01:17:14'),
(1980, 17, 0, 97, 0, '2021-10-26 01:17:14', '2021-10-26 01:17:14'),
(1981, 17, 0, 98, 0, '2021-10-26 01:17:14', '2021-10-26 01:17:14'),
(1982, 17, 0, 99, 0, '2021-10-26 01:17:14', '2021-10-26 01:17:14'),
(1983, 17, 0, 100, 0, '2021-10-26 01:17:14', '2021-10-26 01:17:14'),
(1984, 17, 0, 101, 0, '2021-10-26 01:17:14', '2021-10-26 01:17:14'),
(1985, 17, 0, 102, 0, '2021-10-26 01:17:14', '2021-10-26 01:17:14'),
(1986, 17, 0, 103, 0, '2021-10-26 01:17:14', '2021-10-26 01:17:14'),
(1987, 17, 0, 104, 0, '2021-10-26 01:17:14', '2021-10-26 01:17:14'),
(1988, 17, 0, 105, 0, '2021-10-26 01:17:14', '2021-10-26 01:17:14'),
(1989, 17, 0, 106, 0, '2021-10-26 01:17:14', '2021-10-26 01:17:14'),
(1990, 17, 0, 107, 0, '2021-10-26 01:17:14', '2021-10-26 01:17:14'),
(1991, 17, 0, 108, 0, '2021-10-26 01:17:14', '2021-10-26 01:17:14'),
(1992, 17, 0, 109, 0, '2021-10-26 01:17:14', '2021-10-26 01:17:14'),
(1993, 17, 0, 110, 0, '2021-10-26 01:17:14', '2021-10-26 01:17:14'),
(1994, 17, 0, 111, 0, '2021-10-26 01:17:14', '2021-10-26 01:17:14'),
(1995, 17, 0, 112, 0, '2021-10-26 01:17:14', '2021-10-26 01:17:14'),
(1996, 17, 0, 113, 0, '2021-10-26 01:17:14', '2021-10-26 01:17:14'),
(1997, 17, 0, 114, 0, '2021-10-26 01:17:14', '2021-10-26 01:17:14'),
(1998, 17, 0, 115, 0, '2021-10-26 01:17:14', '2021-10-26 01:17:14'),
(1999, 17, 0, 116, 0, '2021-10-26 01:17:14', '2021-10-26 01:17:14'),
(2000, 17, 0, 117, 0, '2021-10-26 01:17:14', '2021-10-26 01:17:14'),
(2001, 17, 0, 118, 0, '2021-10-26 01:17:14', '2021-10-26 01:17:14'),
(2002, 17, 0, 119, 0, '2021-10-26 01:17:14', '2021-10-26 01:17:14'),
(2003, 17, 0, 120, 0, '2021-10-26 01:17:14', '2021-10-26 01:17:14'),
(2004, 17, 0, 121, 0, '2021-10-26 01:17:14', '2021-10-26 01:17:14'),
(2005, 17, 0, 122, 0, '2021-10-26 01:17:14', '2021-10-26 01:17:14'),
(2006, 17, 0, 123, 0, '2021-10-26 01:17:14', '2021-10-26 01:17:14'),
(2007, 17, 0, 124, 0, '2021-10-26 01:17:14', '2021-10-26 01:17:14'),
(2008, 17, 0, 125, 0, '2021-10-26 01:17:14', '2021-10-26 01:17:14'),
(2009, 17, 0, 126, 1, '2021-10-26 01:17:14', '2021-10-26 01:17:14'),
(2010, 17, 0, 127, 0, '2021-10-26 01:17:14', '2021-10-26 01:17:14'),
(2011, 17, 0, 128, 0, '2021-10-26 01:17:14', '2021-10-26 01:17:14'),
(2012, 17, 0, 129, 1, '2021-10-26 01:17:14', '2021-10-26 01:17:14'),
(2013, 17, 0, 130, 1, '2021-10-26 01:17:14', '2021-10-26 01:17:14'),
(2014, 17, 0, 131, 0, '2021-10-26 01:17:14', '2021-10-26 01:17:14'),
(2015, 17, 0, 132, 0, '2021-10-26 01:17:14', '2021-10-26 01:17:14'),
(2016, 17, 0, 133, 0, '2021-10-26 01:17:14', '2021-10-26 01:17:14'),
(2017, 17, 0, 134, 0, '2021-10-26 01:17:14', '2021-10-26 01:17:14'),
(2018, 17, 0, 135, 1, '2021-10-26 01:17:14', '2021-10-26 01:17:14'),
(2019, 17, 0, 136, 1, '2021-10-26 01:17:14', '2021-10-26 01:17:14'),
(2020, 17, 0, 137, 1, '2021-10-26 01:17:14', '2021-10-26 01:17:14'),
(2021, 17, 0, 138, 0, '2021-10-26 01:17:14', '2021-10-26 01:17:14'),
(2022, 17, 0, 139, 1, '2021-10-26 01:17:14', '2021-10-26 01:17:14'),
(2023, 17, 0, 140, 0, '2021-10-26 01:17:14', '2021-10-26 01:17:14'),
(2024, 17, 0, 141, 0, '2021-10-26 01:17:14', '2021-10-26 01:17:14'),
(2025, 17, 0, 142, 0, '2021-10-26 01:17:14', '2021-10-26 01:17:14'),
(2026, 1, 0, 143, 1, '2021-11-22 23:12:23', '2021-11-22 23:12:23'),
(2027, 2, 0, 143, 1, '2021-11-22 23:12:23', '2021-11-22 23:12:23'),
(2028, 3, 0, 143, 0, '2021-11-22 23:12:23', '2021-11-22 23:12:23'),
(2029, 4, 0, 143, 1, '2021-11-22 23:12:23', '2021-11-22 23:12:23'),
(2030, 5, 0, 143, 0, '2021-11-22 23:12:23', '2021-11-22 23:12:23'),
(2031, 6, 0, 143, 0, '2021-11-22 23:12:23', '2021-11-22 23:12:23'),
(2032, 7, 0, 143, 0, '2021-11-22 23:12:23', '2021-11-22 23:12:23'),
(2033, 8, 0, 143, 0, '2021-11-22 23:12:23', '2021-11-22 23:12:23'),
(2034, 9, 0, 143, 1, '2021-11-22 23:12:23', '2021-11-22 23:12:23'),
(2035, 10, 0, 143, 0, '2021-11-22 23:12:23', '2021-11-22 23:12:23'),
(2036, 11, 0, 143, 0, '2021-11-22 23:12:23', '2021-11-22 23:12:23'),
(2037, 12, 0, 143, 0, '2021-11-22 23:12:23', '2021-11-22 23:12:23'),
(2038, 13, 0, 143, 0, '2021-11-22 23:12:23', '2021-11-22 23:12:23'),
(2039, 14, 0, 143, 0, '2021-11-22 23:12:23', '2021-11-22 23:12:23'),
(2040, 15, 0, 143, 1, '2021-11-22 23:12:23', '2021-11-22 23:12:23'),
(2041, 16, 0, 143, 0, '2021-11-22 23:12:23', '2021-11-22 23:12:23'),
(2042, 17, 0, 143, 0, '2021-11-22 23:12:23', '2021-11-22 23:12:23'),
(2043, 1, 0, 144, 1, '2021-11-30 23:48:59', '2021-11-30 23:48:59'),
(2044, 2, 0, 144, 1, '2021-11-30 23:48:59', '2021-11-30 23:48:59'),
(2045, 3, 0, 144, 0, '2021-11-30 23:48:59', '2021-11-30 23:48:59'),
(2046, 4, 0, 144, 1, '2021-11-30 23:48:59', '2021-11-30 23:48:59'),
(2047, 5, 0, 144, 1, '2021-11-30 23:48:59', '2021-11-30 23:48:59'),
(2048, 6, 0, 144, 0, '2021-11-30 23:48:59', '2021-11-30 23:48:59'),
(2049, 7, 0, 144, 0, '2021-11-30 23:48:59', '2021-11-30 23:48:59'),
(2050, 8, 0, 144, 1, '2021-11-30 23:48:59', '2021-11-30 23:48:59'),
(2051, 9, 0, 144, 1, '2021-11-30 23:48:59', '2021-11-30 23:48:59'),
(2052, 10, 0, 144, 0, '2021-11-30 23:48:59', '2021-11-30 23:48:59'),
(2053, 11, 0, 144, 0, '2021-11-30 23:48:59', '2021-11-30 23:48:59'),
(2054, 12, 0, 144, 0, '2021-11-30 23:48:59', '2021-11-30 23:48:59'),
(2055, 13, 0, 144, 0, '2021-11-30 23:48:59', '2021-11-30 23:48:59'),
(2056, 14, 0, 144, 0, '2021-11-30 23:48:59', '2021-11-30 23:48:59'),
(2057, 15, 0, 144, 1, '2021-11-30 23:48:59', '2021-11-30 23:48:59'),
(2058, 16, 0, 144, 1, '2021-11-30 23:48:59', '2021-11-30 23:48:59'),
(2059, 17, 0, 144, 1, '2021-11-30 23:48:59', '2021-11-30 23:48:59'),
(2060, 1, 0, 145, 1, '2021-12-01 07:49:47', '2021-12-01 07:49:47'),
(2061, 2, 0, 145, 0, '2021-12-01 07:49:47', '2021-12-01 07:49:47'),
(2062, 3, 0, 145, 0, '2021-12-01 07:49:47', '2021-12-01 07:49:47'),
(2063, 4, 0, 145, 0, '2021-12-01 07:49:47', '2021-12-01 07:49:47'),
(2064, 5, 0, 145, 0, '2021-12-01 07:49:47', '2021-12-01 07:49:47'),
(2065, 6, 0, 145, 0, '2021-12-01 07:49:47', '2021-12-01 07:49:47'),
(2066, 7, 0, 145, 0, '2021-12-01 07:49:47', '2021-12-01 07:49:47'),
(2067, 8, 0, 145, 0, '2021-12-01 07:49:47', '2021-12-01 07:49:47'),
(2068, 9, 0, 145, 1, '2021-12-01 07:49:47', '2021-12-01 07:49:47'),
(2069, 10, 0, 145, 0, '2021-12-01 07:49:47', '2021-12-01 07:49:47'),
(2070, 11, 0, 145, 0, '2021-12-01 07:49:47', '2021-12-01 07:49:47'),
(2071, 12, 0, 145, 0, '2021-12-01 07:49:47', '2021-12-01 07:49:47'),
(2072, 13, 0, 145, 0, '2021-12-01 07:49:47', '2021-12-01 07:49:47'),
(2073, 14, 0, 145, 0, '2021-12-01 07:49:47', '2021-12-01 07:49:47'),
(2074, 15, 0, 145, 0, '2021-12-01 07:49:47', '2021-12-01 07:49:47'),
(2075, 16, 0, 145, 0, '2021-12-01 07:49:47', '2021-12-01 07:49:47'),
(2076, 17, 0, 145, 0, '2021-12-01 07:49:47', '2021-12-01 07:49:47'),
(2077, 1, 0, 146, 1, '2021-12-01 07:51:41', '2021-12-01 07:51:41'),
(2078, 2, 0, 146, 0, '2021-12-01 07:51:41', '2021-12-01 07:51:41'),
(2079, 3, 0, 146, 0, '2021-12-01 07:51:41', '2021-12-01 07:51:41'),
(2080, 4, 0, 146, 0, '2021-12-01 07:51:41', '2021-12-01 07:51:41'),
(2081, 5, 0, 146, 0, '2021-12-01 07:51:41', '2021-12-01 07:51:41'),
(2082, 6, 0, 146, 0, '2021-12-01 07:51:41', '2021-12-01 07:51:41'),
(2083, 7, 0, 146, 0, '2021-12-01 07:51:41', '2021-12-01 07:51:41'),
(2084, 8, 0, 146, 0, '2021-12-01 07:51:41', '2021-12-01 07:51:41'),
(2085, 9, 0, 146, 1, '2021-12-01 07:51:41', '2021-12-01 07:51:41'),
(2086, 10, 0, 146, 0, '2021-12-01 07:51:41', '2021-12-01 07:51:41'),
(2087, 11, 0, 146, 0, '2021-12-01 07:51:41', '2021-12-01 07:51:41'),
(2088, 12, 0, 146, 0, '2021-12-01 07:51:41', '2021-12-01 07:51:41'),
(2089, 13, 0, 146, 0, '2021-12-01 07:51:41', '2021-12-01 07:51:41'),
(2090, 14, 0, 146, 0, '2021-12-01 07:51:41', '2021-12-01 07:51:41'),
(2091, 15, 0, 146, 1, '2021-12-01 07:51:41', '2021-12-01 07:51:41'),
(2092, 16, 0, 146, 0, '2021-12-01 07:51:41', '2021-12-01 07:51:41'),
(2093, 17, 0, 146, 0, '2021-12-01 07:51:41', '2021-12-01 07:51:41');

-- --------------------------------------------------------

--
-- Table structure for table `gen_system_notification_tbl`
--

CREATE TABLE `gen_system_notification_tbl` (
  `notificationID` bigint(20) NOT NULL,
  `employeeID` bigint(20) NOT NULL,
  `moduleID` bigint(20) NOT NULL,
  `tableID` bigint(20) NOT NULL,
  `notificationTitle` text NOT NULL,
  `notificationDescription` mediumtext NOT NULL,
  `notificationType` int(100) NOT NULL DEFAULT 2,
  `markRead` int(11) NOT NULL DEFAULT 0,
  `createdBy` bigint(20) NOT NULL,
  `updatedBy` bigint(20) NOT NULL,
  `createdAt` timestamp NOT NULL DEFAULT current_timestamp(),
  `updatedAt` timestamp NOT NULL DEFAULT current_timestamp() ON UPDATE current_timestamp()
) ENGINE=InnoDB DEFAULT CHARSET=utf8mb4;

--
-- Dumping data for table `gen_system_notification_tbl`
--

INSERT INTO `gen_system_notification_tbl` (`notificationID`, `employeeID`, `moduleID`, `tableID`, `notificationTitle`, `notificationDescription`, `notificationType`, `markRead`, `createdBy`, `updatedBy`, `createdAt`, `updatedAt`) VALUES
(1, 2, 137, 5, 'Inventory Requisition', 'Information Tech Administrator asked for your approval.', 2, 1, 1, 0, '2021-10-15 08:56:35', '2021-11-03 04:49:22'),
(2, 2, 92, 1, 'Project Management Board', 'Joseph Berongoy asked for your approval.', 2, 1, 20, 0, '2021-10-15 09:11:46', '2021-11-03 04:49:22'),
(3, 2, 137, 6, 'Inventory Requisition', 'Information Tech Administrator asked for your approval.', 2, 1, 1, 0, '2021-10-15 09:16:54', '2021-11-03 04:49:22'),
(4, 1, 137, 5, 'Inventory Requisition', 'IRF-21-00005: Your request has been approved.', 7, 1, 2, 0, '2021-10-15 09:17:38', '2021-12-12 23:49:23'),
(5, 1, 137, 6, 'Inventory Requisition', 'IRF-21-00006: Your request has been approved.', 7, 1, 2, 0, '2021-10-15 09:17:54', '2021-12-12 23:49:23'),
(6, 2, 126, 1, 'Inventory Validation', 'Information Tech Administrator asked for your approval.', 2, 1, 1, 0, '2021-10-15 09:18:31', '2021-11-03 04:49:22'),
(7, 2, 126, 2, 'Inventory Validation', 'Information Tech Administrator asked for your approval.', 2, 1, 1, 0, '2021-10-15 09:18:43', '2021-11-03 04:49:22'),
(8, 1, 126, 1, 'Inventory Validation', 'IVR-21-00001: Your request has been approved.', 7, 1, 2, 0, '2021-10-15 09:19:11', '2021-12-12 23:49:23'),
(9, 1, 126, 2, 'Inventory Validation', 'IVR-21-00002: Your request has been approved.', 7, 1, 2, 0, '2021-10-15 09:19:24', '2021-12-12 23:49:23'),
(10, 0, 137, 7, 'Inventory Requisition', 'Joseph Berongoy asked for your approval.', 2, 0, 20, 0, '2021-10-15 09:40:07', '2021-10-15 09:40:07'),
(11, 2, 137, 9, 'Inventory Requisition', 'Information Tech Administrator asked for your approval.', 2, 1, 1, 0, '2021-10-15 09:57:17', '2021-11-03 04:49:22'),
(12, 1, 137, 9, 'Inventory Requisition', 'IRF-21-00009: Your request has been approved.', 7, 1, 2, 0, '2021-10-15 09:58:37', '2021-12-12 23:49:23'),
(13, 2, 92, 2, 'Project Management Board', 'Joseph Berongoy asked for your approval.', 2, 1, 20, 2, '2021-10-15 10:33:53', '2021-10-15 02:34:22'),
(14, 2, 92, 3, 'Project Management Board', 'Joseph Berongoy asked for your approval.', 2, 1, 20, 0, '2021-10-15 10:50:57', '2021-11-03 04:49:22'),
(15, 2, 90, 4, 'Project Timeline', 'Information Tech Administrator asked for your approval.', 2, 1, 1, 0, '2021-10-15 15:36:38', '2021-11-03 04:49:22'),
(16, 2, 90, 5, 'Project Timeline', 'Information Tech Administrator asked for your approval.', 2, 1, 1, 0, '2021-10-15 15:36:53', '2021-11-03 04:49:22'),
(17, 1, 90, 4, 'Project Timeline', 'PBT-21-00004: Your request has been approved.', 7, 1, 2, 0, '2021-10-18 07:46:19', '2021-12-12 23:49:23'),
(18, 1, 90, 5, 'Project Timeline', 'PBT-21-00005: Your request has been approved.', 7, 1, 2, 0, '2021-10-18 07:46:35', '2021-12-12 23:49:23'),
(19, 1, 39, 4, 'Bill of Material', 'Arjay Diangzon asked for your approval.', 2, 1, 2, 0, '2021-10-18 08:13:32', '2021-12-12 23:49:23'),
(20, 2, 46, 3, 'Purchase Request', 'Information Tech Administrator asked for your approval.', 2, 1, 1, 0, '2021-10-18 09:03:14', '2021-11-03 04:49:22'),
(21, 1, 46, 3, 'Purchase Request', 'PR-21-00003: Your request has been approved.', 7, 1, 2, 0, '2021-10-18 09:10:28', '2021-12-12 23:49:23'),
(22, 2, 90, 11, 'Project Timeline', 'Information Tech Administrator asked for your approval.', 2, 1, 1, 0, '2021-10-18 09:34:22', '2021-11-03 04:49:22'),
(23, 1, 90, 11, 'Project Timeline', 'PBT-21-00011: Your request has been approved.', 7, 1, 2, 0, '2021-10-18 09:40:23', '2021-12-12 23:49:23'),
(24, 20, 92, 11, 'Project Management Board', 'Information Tech Administrator asked for your approval.', 2, 0, 1, 0, '2021-10-18 09:42:37', '2021-10-18 09:42:37'),
(25, 2, 90, 12, 'Project Timeline', 'Information Tech Administrator asked for your approval.', 2, 1, 1, 0, '2021-10-18 10:35:00', '2021-11-03 04:49:22'),
(26, 2, 90, 13, 'Project Timeline', 'Information Tech Administrator asked for your approval.', 2, 1, 1, 0, '2021-10-18 10:35:12', '2021-11-03 04:49:22'),
(27, 2, 90, 14, 'Project Timeline', 'Information Tech Administrator asked for your approval.', 2, 1, 1, 0, '2021-10-18 10:35:23', '2021-11-03 04:49:22'),
(28, 1, 90, 12, 'Project Timeline', 'PBT-21-00012: Your request has been approved.', 7, 1, 2, 0, '2021-10-18 10:35:49', '2021-12-12 23:49:23'),
(29, 1, 90, 13, 'Project Timeline', 'PBT-21-00013: Your request has been approved.', 7, 1, 2, 0, '2021-10-18 10:36:08', '2021-12-12 23:49:23'),
(30, 1, 90, 14, 'Project Timeline', 'PBT-21-00014: Your request has been approved.', 7, 1, 2, 0, '2021-10-18 10:36:18', '2021-12-12 23:49:23'),
(31, 2, 38, 9, 'Cost Estimate', 'Information Tech Administrator asked for your approval.', 2, 1, 1, 0, '2021-10-18 10:39:27', '2021-11-03 04:49:22'),
(32, 20, 92, 12, 'Project Management Board', 'Information Tech Administrator asked for your approval.', 2, 0, 1, 0, '2021-10-18 10:39:42', '2021-10-18 10:39:42'),
(33, 20, 92, 13, 'Project Management Board', 'Information Tech Administrator asked for your approval.', 2, 0, 1, 0, '2021-10-18 10:40:28', '2021-10-18 10:40:28'),
(34, 20, 92, 14, 'Project Management Board', 'Information Tech Administrator asked for your approval.', 2, 1, 1, 20, '2021-10-18 10:41:07', '2021-10-18 02:42:33'),
(35, 1, 38, 9, 'Cost Estimate', 'CEF-21-00009: Your request has been approved.', 7, 1, 2, 0, '2021-10-18 10:41:39', '2021-12-12 23:49:23'),
(36, 2, 39, 12, 'Bill of Material', 'Information Tech Administrator asked for your approval.', 2, 1, 1, 0, '2021-10-18 10:44:36', '2021-11-03 04:49:22'),
(37, 2, 38, 10, 'Cost Estimate', 'Information Tech Administrator asked for your approval.', 2, 1, 1, 0, '2021-10-18 10:44:54', '2021-11-03 04:49:22'),
(38, 1, 39, 12, 'Bill of Material', 'BOM-21-00012: Your request has been approved.', 7, 1, 2, 0, '2021-10-18 10:46:47', '2021-12-12 23:49:23'),
(39, 2, 137, 1, 'Inventory Requisition', 'Information Tech Administrator asked for your approval.', 2, 1, 1, 0, '2021-10-18 10:49:13', '2021-11-03 04:49:22'),
(40, 1, 137, 1, 'Inventory Requisition', 'IRF-21-00001: Your request has been approved.', 7, 1, 2, 0, '2021-10-18 10:50:19', '2021-12-12 23:49:23'),
(41, 2, 126, 1, 'Inventory Validation', 'Information Tech Administrator asked for your approval.', 2, 1, 1, 0, '2021-10-18 10:51:56', '2021-11-03 04:49:22'),
(42, 1, 126, 1, 'Inventory Validation', 'IVR-21-00001: Your request has been approved.', 7, 1, 2, 0, '2021-10-18 10:53:37', '2021-12-12 23:49:23'),
(43, 2, 90, 15, 'Project Timeline', 'Information Tech Administrator asked for your approval.', 2, 1, 1, 0, '2021-10-18 10:53:46', '2021-11-03 04:49:22'),
(44, 1, 90, 15, 'Project Timeline', 'PBT-21-00015: Your request has been approved.', 7, 1, 2, 0, '2021-10-18 10:54:47', '2021-12-12 23:49:23'),
(45, 1, 40, 1, 'Bid Recap', 'Arjay Diangzon asked for your approval.', 2, 1, 2, 0, '2021-10-18 10:57:07', '2021-12-12 23:49:23'),
(46, 20, 92, 15, 'Project Management Board', 'Information Tech Administrator asked for your approval.', 2, 0, 1, 0, '2021-10-18 10:59:14', '2021-10-18 10:59:14'),
(47, 2, 40, 1, 'Bid Recap', 'BR-21-00001: Your request has been approved.', 7, 1, 1, 0, '2021-10-18 11:03:12', '2021-11-03 04:49:22'),
(48, 2, 46, 4, 'Purchase Request', 'Information Tech Administrator asked for your approval.', 2, 1, 1, 0, '2021-10-18 11:07:44', '2021-11-03 04:49:22'),
(49, 1, 38, 10, 'Cost Estimate', 'CEF-21-00010: Your request has been approved.', 7, 1, 2, 0, '2021-10-18 11:08:57', '2021-12-12 23:49:23'),
(50, 1, 38, 13, 'Cost Estimate', 'CEF-21-00013: Your request has been approved.', 7, 1, 2, 0, '2021-10-18 11:09:11', '2021-12-12 23:49:23'),
(51, 1, 38, 12, 'Cost Estimate', 'CEF-21-00012: Your request has been approved.', 7, 1, 2, 0, '2021-10-18 11:09:29', '2021-12-12 23:49:23'),
(52, 1, 46, 4, 'Purchase Request', 'PR-21-00004: Your request has been approved.', 7, 1, 2, 0, '2021-10-18 11:09:45', '2021-12-12 23:49:23'),
(53, 2, 39, 15, 'Bill of Material', 'Information Tech Administrator asked for your approval.', 2, 1, 1, 0, '2021-10-18 11:10:34', '2021-11-03 04:49:22'),
(54, 2, 39, 14, 'Bill of Material', 'Information Tech Administrator asked for your approval.', 2, 1, 1, 0, '2021-10-18 11:10:47', '2021-11-03 04:49:22'),
(55, 2, 39, 13, 'Bill of Material', 'Information Tech Administrator asked for your approval.', 2, 1, 1, 0, '2021-10-18 11:11:08', '2021-11-03 04:49:22'),
(56, 1, 39, 15, 'Bill of Material', 'BOM-21-00015: Your request has been approved.', 7, 1, 2, 0, '2021-10-18 11:11:51', '2021-12-12 23:49:23'),
(57, 1, 39, 14, 'Bill of Material', 'BOM-21-00014: Your request has been approved.', 7, 1, 2, 0, '2021-10-18 11:12:03', '2021-12-12 23:49:23'),
(58, 1, 39, 13, 'Bill of Material', 'BOM-21-00013: Your request has been approved.', 7, 1, 2, 0, '2021-10-18 11:12:14', '2021-12-12 23:49:23'),
(59, 2, 137, 2, 'Inventory Requisition', 'Information Tech Administrator asked for your approval.', 2, 1, 1, 0, '2021-10-18 11:12:51', '2021-11-03 04:49:22'),
(60, 2, 137, 3, 'Inventory Requisition', 'Information Tech Administrator asked for your approval.', 2, 1, 1, 0, '2021-10-18 11:13:01', '2021-11-03 04:49:22'),
(61, 2, 137, 4, 'Inventory Requisition', 'Information Tech Administrator asked for your approval.', 2, 1, 1, 0, '2021-10-18 11:13:09', '2021-11-03 04:49:22'),
(62, 1, 137, 2, 'Inventory Requisition', 'IRF-21-00002: Your request has been approved.', 7, 1, 2, 0, '2021-10-18 11:13:53', '2021-12-12 23:49:23'),
(63, 1, 137, 3, 'Inventory Requisition', 'IRF-21-00003: Your request has been approved.', 7, 1, 2, 0, '2021-10-18 11:14:01', '2021-12-12 23:49:23'),
(64, 1, 137, 4, 'Inventory Requisition', 'IRF-21-00004: Your request has been approved.', 7, 1, 2, 0, '2021-10-18 11:14:14', '2021-12-12 23:49:23'),
(65, 2, 126, 2, 'Inventory Validation', 'Information Tech Administrator asked for your approval.', 2, 1, 1, 0, '2021-10-18 11:17:24', '2021-11-03 04:49:22'),
(66, 2, 126, 4, 'Inventory Validation', 'Information Tech Administrator asked for your approval.', 2, 1, 1, 0, '2021-10-18 11:17:39', '2021-11-03 04:49:22'),
(67, 2, 126, 3, 'Inventory Validation', 'Information Tech Administrator asked for your approval.', 2, 1, 1, 0, '2021-10-18 11:19:01', '2021-11-03 04:49:22'),
(68, 2, 90, 16, 'Project Timeline', 'Information Tech Administrator asked for your approval.', 2, 1, 1, 0, '2021-10-18 11:21:44', '2021-11-03 04:49:22'),
(69, 20, 92, 10, 'Project Management Board', 'Information Tech Administrator asked for your approval.', 2, 0, 1, 0, '2021-10-18 11:38:06', '2021-10-18 11:38:06'),
(70, 2, 38, 14, 'Cost Estimate', 'Information Tech Administrator asked for your approval.', 2, 1, 1, 0, '2021-10-18 11:42:04', '2021-11-03 04:49:22'),
(71, 1, 126, 2, 'Inventory Validation', 'IVR-21-00002: Your request has been approved.', 7, 1, 2, 0, '2021-10-18 12:41:16', '2021-12-12 23:49:23'),
(72, 1, 126, 4, 'Inventory Validation', 'IVR-21-00004: Your request has been approved.', 7, 1, 2, 0, '2021-10-18 12:41:43', '2021-12-12 23:49:23'),
(73, 1, 126, 3, 'Inventory Validation', 'IVR-21-00003: Your request has been approved.', 7, 1, 2, 0, '2021-10-18 12:41:59', '2021-12-12 23:49:23'),
(74, 2, 90, 17, 'Project Timeline', 'Information Tech Administrator asked for your approval.', 2, 1, 1, 0, '2021-10-18 13:22:12', '2021-11-03 04:49:22'),
(75, 1, 90, 17, 'Project Timeline', 'PBT-21-00017: Your request has been approved.', 7, 1, 2, 0, '2021-10-18 13:23:34', '2021-12-12 23:49:23'),
(76, 20, 92, 16, 'Project Management Board', 'Information Tech Administrator asked for your approval.', 2, 0, 1, 0, '2021-10-18 13:24:23', '2021-10-18 13:24:23'),
(77, 2, 38, 15, 'Cost Estimate', 'Information Tech Administrator asked for your approval.', 2, 1, 1, 0, '2021-10-18 13:27:25', '2021-11-03 04:49:22'),
(78, 1, 38, 15, 'Cost Estimate', 'CEF-21-00015: Your request has been approved.', 7, 1, 2, 0, '2021-10-18 13:28:58', '2021-12-12 23:49:23'),
(79, 2, 39, 16, 'Bill of Material', 'Information Tech Administrator asked for your approval.', 2, 1, 1, 0, '2021-10-18 13:29:22', '2021-11-03 04:49:22'),
(80, 1, 39, 16, 'Bill of Material', 'BOM-21-00016: Your request has been approved.', 7, 1, 2, 0, '2021-10-18 13:30:17', '2021-12-12 23:49:23'),
(81, 2, 137, 5, 'Inventory Requisition', 'Information Tech Administrator asked for your approval.', 2, 1, 1, 0, '2021-10-18 13:31:07', '2021-11-03 04:49:22'),
(82, 1, 137, 5, 'Inventory Requisition', 'IRF-21-00005: Your request has been approved.', 7, 1, 2, 0, '2021-10-18 13:31:33', '2021-12-12 23:49:23'),
(83, 2, 126, 5, 'Inventory Validation', 'Information Tech Administrator asked for your approval.', 2, 1, 1, 0, '2021-10-18 13:33:14', '2021-11-03 04:49:22'),
(84, 1, 126, 5, 'Inventory Validation', 'IVR-21-00005: Your request has been approved.', 7, 1, 2, 0, '2021-10-18 13:44:24', '2021-12-12 23:49:23'),
(85, 2, 137, 1, 'Inventory Requisition', 'Information Tech Administrator asked for your approval.', 2, 1, 1, 0, '2021-10-18 14:26:18', '2021-11-03 04:49:22'),
(86, 2, 137, 2, 'Inventory Requisition', 'Information Tech Administrator asked for your approval.', 2, 1, 1, 0, '2021-10-18 14:27:17', '2021-11-03 04:49:22'),
(87, 2, 137, 3, 'Inventory Requisition', 'Information Tech Administrator asked for your approval.', 2, 1, 1, 0, '2021-10-18 14:29:27', '2021-11-03 04:49:22'),
(88, 2, 137, 4, 'Inventory Requisition', 'Information Tech Administrator asked for your approval.', 2, 1, 1, 0, '2021-10-18 14:29:59', '2021-11-03 04:49:22'),
(89, 2, 137, 5, 'Inventory Requisition', 'Information Tech Administrator asked for your approval.', 2, 1, 1, 0, '2021-10-18 14:31:11', '2021-11-03 04:49:22'),
(90, 2, 137, 6, 'Inventory Requisition', 'Information Tech Administrator asked for your approval.', 2, 1, 1, 0, '2021-10-18 14:31:50', '2021-11-03 04:49:22'),
(91, 2, 90, 1, 'Project Timeline', 'Information Tech Administrator asked for your approval.', 2, 1, 1, 0, '2021-10-18 14:33:02', '2021-11-03 04:49:22'),
(92, 2, 90, 2, 'Project Timeline', 'Information Tech Administrator asked for your approval.', 2, 1, 1, 0, '2021-10-18 14:33:17', '2021-11-03 04:49:22'),
(93, 2, 90, 3, 'Project Timeline', 'Information Tech Administrator asked for your approval.', 2, 1, 1, 0, '2021-10-18 14:33:39', '2021-11-03 04:49:22'),
(94, 1, 90, 1, 'Project Timeline', 'PBT-21-00001: Your request has been approved.', 7, 1, 2, 0, '2021-10-18 14:34:06', '2021-12-12 23:49:23'),
(95, 1, 90, 2, 'Project Timeline', 'PBT-21-00002: Your request has been approved.', 7, 1, 2, 0, '2021-10-18 14:34:17', '2021-12-12 23:49:23'),
(96, 1, 90, 3, 'Project Timeline', 'PBT-21-00003: Your request has been approved.', 7, 1, 2, 0, '2021-10-18 14:34:26', '2021-12-12 23:49:23'),
(97, 20, 92, 1, 'Project Management Board', 'Information Tech Administrator asked for your approval.', 2, 0, 1, 0, '2021-10-18 14:35:25', '2021-10-18 14:35:25'),
(98, 20, 92, 3, 'Project Management Board', 'Information Tech Administrator asked for your approval.', 2, 0, 1, 0, '2021-10-18 14:37:32', '2021-10-18 14:37:32'),
(99, 20, 92, 2, 'Project Management Board', 'Information Tech Administrator asked for your approval.', 2, 0, 1, 0, '2021-10-18 14:38:06', '2021-10-18 14:38:06'),
(100, 2, 38, 1, 'Cost Estimate', 'Information Tech Administrator asked for your approval.', 2, 1, 1, 0, '2021-10-18 14:47:01', '2021-11-03 04:49:22'),
(101, 2, 38, 3, 'Cost Estimate', 'Information Tech Administrator asked for your approval.', 2, 1, 1, 0, '2021-10-18 14:48:47', '2021-11-03 04:49:22'),
(102, 2, 38, 2, 'Cost Estimate', 'Information Tech Administrator asked for your approval.', 2, 1, 1, 0, '2021-10-18 14:50:26', '2021-11-03 04:49:22'),
(103, 1, 38, 1, 'Cost Estimate', 'CEF-21-00001: Your request has been approved.', 7, 1, 2, 0, '2021-10-18 15:09:57', '2021-12-12 23:49:23'),
(104, 1, 38, 3, 'Cost Estimate', 'CEF-21-00003: Your request has been approved.', 7, 1, 2, 0, '2021-10-18 15:10:06', '2021-12-12 23:49:23'),
(105, 1, 38, 2, 'Cost Estimate', 'CEF-21-00002: Your request has been approved.', 7, 1, 2, 0, '2021-10-18 15:10:27', '2021-12-12 23:49:23'),
(106, 2, 39, 1, 'Bill of Material', 'Information Tech Administrator asked for your approval.', 2, 1, 1, 0, '2021-10-18 15:10:49', '2021-11-03 04:49:22'),
(107, 2, 39, 2, 'Bill of Material', 'Information Tech Administrator asked for your approval.', 2, 1, 1, 0, '2021-10-18 15:10:58', '2021-11-03 04:49:22'),
(108, 2, 39, 3, 'Bill of Material', 'Information Tech Administrator asked for your approval.', 2, 1, 1, 0, '2021-10-18 15:11:11', '2021-11-03 04:49:22'),
(109, 1, 39, 1, 'Bill of Material', 'BOM-21-00001: Your request has been approved.', 7, 1, 2, 0, '2021-10-18 15:11:32', '2021-12-12 23:49:23'),
(110, 1, 39, 2, 'Bill of Material', 'BOM-21-00002: Your request has been approved.', 7, 1, 2, 0, '2021-10-18 15:11:43', '2021-12-12 23:49:23'),
(111, 1, 39, 3, 'Bill of Material', 'BOM-21-00003: Your request has been approved.', 7, 1, 2, 0, '2021-10-18 15:11:55', '2021-12-12 23:49:23'),
(112, 2, 137, 7, 'Inventory Requisition', 'Information Tech Administrator asked for your approval.', 2, 1, 1, 0, '2021-10-18 15:12:21', '2021-11-03 04:49:22'),
(113, 2, 137, 8, 'Inventory Requisition', 'Information Tech Administrator asked for your approval.', 2, 1, 1, 0, '2021-10-18 15:12:30', '2021-11-03 04:49:22'),
(114, 2, 137, 9, 'Inventory Requisition', 'Information Tech Administrator asked for your approval.', 2, 1, 1, 0, '2021-10-18 15:12:41', '2021-11-03 04:49:22'),
(115, 1, 137, 1, 'Inventory Requisition', 'IRF-21-00001: Your request has been approved.', 7, 1, 2, 0, '2021-10-18 15:13:09', '2021-12-12 23:49:23'),
(116, 1, 137, 2, 'Inventory Requisition', 'IRF-21-00002: Your request has been approved.', 7, 1, 2, 0, '2021-10-18 15:13:18', '2021-12-12 23:49:23'),
(117, 1, 137, 3, 'Inventory Requisition', 'IRF-21-00003: Your request has been approved.', 7, 1, 2, 0, '2021-10-18 15:13:27', '2021-12-12 23:49:23'),
(118, 1, 137, 4, 'Inventory Requisition', 'IRF-21-00004: Your request has been approved.', 7, 1, 2, 0, '2021-10-18 15:13:38', '2021-12-12 23:49:23'),
(119, 1, 137, 5, 'Inventory Requisition', 'IRF-21-00005: Your request has been approved.', 7, 1, 2, 0, '2021-10-18 15:13:50', '2021-12-12 23:49:23'),
(120, 1, 137, 6, 'Inventory Requisition', 'IRF-21-00006: Your request has been approved.', 7, 1, 2, 0, '2021-10-18 15:14:01', '2021-12-12 23:49:23'),
(121, 1, 137, 7, 'Inventory Requisition', 'IRF-21-00007: Your request has been approved.', 7, 1, 2, 0, '2021-10-18 15:14:12', '2021-12-12 23:49:23'),
(122, 1, 137, 8, 'Inventory Requisition', 'IRF-21-00008: Your request has been approved.', 7, 1, 2, 0, '2021-10-18 15:14:22', '2021-12-12 23:49:23'),
(123, 1, 137, 9, 'Inventory Requisition', 'IRF-21-00009: Your request has been approved.', 7, 1, 2, 0, '2021-10-18 15:14:32', '2021-12-12 23:49:23'),
(124, 2, 126, 1, 'Inventory Validation', 'Information Tech Administrator asked for your approval.', 2, 1, 1, 0, '2021-10-18 15:15:09', '2021-11-03 04:49:22'),
(125, 2, 126, 7, 'Inventory Validation', 'Information Tech Administrator asked for your approval.', 2, 1, 1, 0, '2021-10-18 15:42:06', '2021-11-03 04:49:22'),
(126, 2, 126, 3, 'Inventory Validation', 'Information Tech Administrator asked for your approval.', 2, 1, 1, 0, '2021-10-18 15:42:38', '2021-11-03 04:49:22'),
(127, 2, 126, 4, 'Inventory Validation', 'Information Tech Administrator asked for your approval.', 2, 1, 1, 0, '2021-10-18 15:43:18', '2021-11-03 04:49:22'),
(128, 2, 126, 9, 'Inventory Validation', 'Information Tech Administrator asked for your approval.', 2, 1, 1, 0, '2021-10-18 16:12:46', '2021-11-03 04:49:22'),
(129, 2, 126, 8, 'Inventory Validation', 'Information Tech Administrator asked for your approval.', 2, 1, 1, 0, '2021-10-18 16:13:08', '2021-11-03 04:49:22'),
(130, 2, 126, 6, 'Inventory Validation', 'Information Tech Administrator asked for your approval.', 2, 1, 1, 0, '2021-10-19 07:12:53', '2021-11-03 04:49:22'),
(131, 2, 126, 5, 'Inventory Validation', 'Information Tech Administrator asked for your approval.', 2, 1, 1, 0, '2021-10-19 07:15:50', '2021-11-03 04:49:22'),
(132, 2, 126, 2, 'Inventory Validation', 'Information Tech Administrator asked for your approval.', 2, 1, 1, 0, '2021-10-19 07:16:03', '2021-11-03 04:49:22'),
(133, 1, 126, 1, 'Inventory Validation', 'IVR-21-00001: Your request has been approved.', 7, 1, 2, 0, '2021-10-19 07:24:27', '2021-12-12 23:49:23'),
(134, 1, 126, 7, 'Inventory Validation', 'IVR-21-00007: Your request has been approved.', 7, 1, 2, 0, '2021-10-19 07:25:17', '2021-12-12 23:49:23'),
(135, 1, 126, 3, 'Inventory Validation', 'IVR-21-00003: Your request has been approved.', 7, 1, 2, 0, '2021-10-19 07:25:27', '2021-12-12 23:49:23'),
(136, 1, 126, 2, 'Inventory Validation', 'IVR-21-00002: Your request has been approved.', 7, 1, 2, 0, '2021-10-19 07:25:41', '2021-12-12 23:49:23'),
(137, 1, 126, 9, 'Inventory Validation', 'IVR-21-00009: Your request has been approved.', 7, 1, 2, 0, '2021-10-19 07:26:00', '2021-12-12 23:49:23'),
(138, 1, 126, 6, 'Inventory Validation', 'IVR-21-00006: Your request has been approved.', 7, 1, 2, 0, '2021-10-19 07:27:37', '2021-12-12 23:49:23'),
(139, 2, 55, 3, 'Leave Request Form', 'Joseph Berongoy asked for your approval.', 2, 1, 20, 0, '2021-10-19 09:34:44', '2021-11-03 04:49:22'),
(140, 20, 55, 3, 'Leave Request Form', 'LRF-21-00003: Your request has been approved.', 7, 0, 2, 0, '2021-10-19 09:35:24', '2021-10-19 09:35:24'),
(141, 2, 60, 12, 'Overtime Request Form', 'Joseph Berongoy asked for your approval.', 2, 1, 20, 0, '2021-10-19 10:14:18', '2021-11-03 04:49:22'),
(142, 20, 60, 12, 'Overtime Request Form', 'OTR-21-00012: Your request has been approved.', 7, 0, 2, 0, '2021-10-19 10:14:46', '2021-10-19 10:14:46'),
(143, 2, 57, 13, 'No Time-in/Time-out', 'Joseph Berongoy asked for your approval.', 2, 1, 20, 0, '2021-10-19 10:18:06', '2021-11-03 04:49:22'),
(144, 20, 57, 13, 'No Time-in/Time-out', 'NTI-21-00013: Your request has been approved.', 7, 0, 2, 0, '2021-10-19 10:18:37', '2021-10-19 10:18:37'),
(145, 1, 60, 10, 'Official Business Form', 'Joseph Berongoy asked for your approval.', 2, 1, 20, 1, '2021-10-19 10:25:30', '2021-10-19 02:25:52'),
(146, 3, 58, 10, 'Official Business', 'Joseph Berongoy asked for your approval.', 2, 1, 1, 3, '2021-10-19 10:26:57', '2021-10-19 02:27:26'),
(147, 20, 58, 10, 'Official Business', 'OBF-21-00010: Your request has been approved.', 7, 0, 3, 0, '2021-10-19 10:29:23', '2021-10-19 10:29:23'),
(148, 2, 92, 6, 'Project Management Board', 'Joseph Berongoy asked for your approval.', 2, 1, 20, 0, '2021-10-19 11:44:56', '2021-11-03 04:49:22'),
(149, 0, 137, 14, 'Inventory Requisition', 'Joseph Berongoy asked for your approval.', 2, 0, 20, 0, '2021-10-19 15:00:19', '2021-10-19 15:00:19'),
(150, 20, 137, 14, 'Inventory Requisition', 'IRF-21-00014: Your request has been approved.', 7, 0, 7, 0, '2021-10-19 15:09:07', '2021-10-19 15:09:07'),
(151, 0, 126, 14, 'Inventory Validation', 'Joseph Berongoy asked for your approval.', 2, 0, 20, 0, '2021-10-19 15:13:30', '2021-10-19 15:13:30'),
(152, 20, 126, 14, 'Inventory Validation', 'IVR-21-00014: Your request has been approved.', 7, 0, 7, 0, '2021-10-19 15:17:05', '2021-10-19 15:17:05'),
(153, 0, 40, 8, 'Bid Recap', 'Joseph Berongoy asked for your approval.', 2, 0, 20, 0, '2021-10-19 15:22:42', '2021-10-19 15:22:42'),
(154, 20, 40, 8, 'Bid Recap', 'BR-21-00008: Your request has been approved.', 7, 0, 7, 0, '2021-10-19 15:26:05', '2021-10-19 15:26:05'),
(155, 7, 46, 3, 'Purchase Request', 'Joseph Berongoy asked for your approval.', 2, 0, 20, 0, '2021-10-19 15:33:19', '2021-10-19 15:33:19'),
(156, 20, 46, 3, 'Purchase Request', 'PR-21-00003: Your request has been approved.', 7, 0, 7, 0, '2021-10-19 15:33:33', '2021-10-19 15:33:33'),
(157, 7, 46, 4, 'Purchase Request', 'Joseph Berongoy asked for your approval.', 2, 0, 20, 0, '2021-10-19 15:33:44', '2021-10-19 15:33:44'),
(158, 20, 46, 4, 'Purchase Request', 'PR-21-00004: Your request has been approved.', 7, 0, 7, 0, '2021-10-19 15:34:00', '2021-10-19 15:34:00'),
(159, 7, 33, 3, 'Inventory Receiving', 'Joseph Berongoy asked for your approval.', 2, 0, 20, 0, '2021-10-19 15:55:09', '2021-10-19 15:55:09'),
(160, 20, 33, 3, 'Inventory Receiving', 'INR-21-00003: Your request has been approved.', 7, 0, 7, 0, '2021-10-19 15:55:21', '2021-10-19 15:55:21'),
(161, 7, 33, 4, 'Inventory Receiving', 'Joseph Berongoy asked for your approval.', 2, 0, 20, 0, '2021-10-19 15:57:29', '2021-10-19 15:57:29'),
(162, 20, 33, 4, 'Inventory Receiving', 'INR-21-00004: Your request has been approved.', 7, 0, 7, 0, '2021-10-19 15:58:06', '2021-10-19 15:58:06'),
(163, 7, 45, 7, 'Material Usage', 'Joseph Berongoy asked for your approval.', 2, 0, 20, 0, '2021-10-19 16:15:46', '2021-10-19 16:15:46'),
(164, 7, 35, 5, 'Return Item', 'Joseph Berongoy asked for your approval.', 2, 0, 20, 0, '2021-10-19 16:19:05', '2021-10-19 16:19:05'),
(165, 20, 35, 5, 'Return Item', 'RI-21-00005: Your request has been approved.', 7, 0, 7, 0, '2021-10-19 16:19:43', '2021-10-19 16:19:43'),
(166, 2, 90, 7, 'Project Timeline', 'Information Tech Administrator asked for your approval.', 2, 1, 1, 0, '2021-10-20 08:35:35', '2021-11-03 04:49:22'),
(167, 1, 90, 7, 'Project Timeline', 'PBT-21-00007: Your request has been approved.', 7, 1, 2, 0, '2021-10-20 08:36:47', '2021-12-12 23:49:23'),
(168, 20, 92, 7, 'Project Management Board', 'Information Tech Administrator asked for your approval.', 2, 0, 1, 0, '2021-10-20 08:38:24', '2021-10-20 08:38:24'),
(169, 2, 38, 5, 'Cost Estimate', 'Information Tech Administrator asked for your approval.', 2, 1, 1, 0, '2021-10-20 08:43:29', '2021-11-03 04:49:22'),
(170, 1, 38, 5, 'Cost Estimate', 'CEF-21-00005: Your request has been approved.', 7, 1, 2, 0, '2021-10-20 08:44:05', '2021-12-12 23:49:23'),
(171, 2, 39, 5, 'Bill of Material', 'Information Tech Administrator asked for your approval.', 2, 1, 1, 0, '2021-10-20 08:44:49', '2021-11-03 04:49:22'),
(172, 1, 39, 5, 'Bill of Material', 'BOM-21-00005: Your request has been approved.', 7, 1, 2, 0, '2021-10-20 08:45:11', '2021-12-12 23:49:23'),
(173, 2, 137, 15, 'Inventory Requisition', 'Information Tech Administrator asked for your approval.', 2, 1, 1, 0, '2021-10-20 08:45:58', '2021-11-03 04:49:22'),
(174, 1, 137, 15, 'Inventory Requisition', 'IRF-21-00015: Your request has been approved.', 7, 1, 2, 0, '2021-10-20 08:46:22', '2021-12-12 23:49:23'),
(175, 2, 126, 15, 'Inventory Validation', 'Information Tech Administrator asked for your approval.', 2, 1, 1, 0, '2021-10-20 08:47:02', '2021-11-03 04:49:22'),
(176, 1, 126, 4, 'Inventory Validation', 'IVR-21-00004: Your request has been approved.', 7, 1, 2, 0, '2021-10-20 08:47:47', '2021-12-12 23:49:23'),
(177, 2, 40, 9, 'Bid Recap', 'Information Tech Administrator asked for your approval.', 2, 1, 1, 0, '2021-10-20 08:57:10', '2021-11-03 04:49:22'),
(178, 1, 40, 9, 'Bid Recap', 'BR-21-00009: Your request has been approved.', 7, 1, 2, 0, '2021-10-20 08:57:47', '2021-12-12 23:49:23'),
(179, 2, 46, 5, 'Purchase Request', 'Information Tech Administrator asked for your approval.', 2, 1, 1, 0, '2021-10-20 08:58:38', '2021-11-03 04:49:22'),
(180, 1, 46, 5, 'Purchase Request', 'PR-21-00005: Your request has been approved.', 7, 1, 2, 0, '2021-10-20 08:59:31', '2021-12-12 23:49:23'),
(181, 2, 90, 8, 'Project Timeline', 'Information Tech Administrator asked for your approval.', 2, 1, 1, 0, '2021-10-20 09:42:37', '2021-11-03 04:49:22'),
(182, 1, 90, 8, 'Project Timeline', 'PBT-21-00008: Your request has been approved.', 7, 1, 2, 0, '2021-10-20 09:43:03', '2021-12-12 23:49:23'),
(183, 20, 92, 8, 'Project Management Board', 'Information Tech Administrator asked for your approval.', 2, 0, 1, 0, '2021-10-20 09:43:41', '2021-10-20 09:43:41'),
(184, 2, 38, 6, 'Cost Estimate', 'Information Tech Administrator asked for your approval.', 2, 1, 1, 0, '2021-10-20 09:46:22', '2021-11-03 04:49:22'),
(185, 1, 38, 6, 'Cost Estimate', 'CEF-21-00006: Your request has been approved.', 7, 1, 2, 0, '2021-10-20 09:47:27', '2021-12-12 23:49:23'),
(186, 2, 39, 6, 'Bill of Material', 'Information Tech Administrator asked for your approval.', 2, 1, 1, 0, '2021-10-20 09:47:48', '2021-11-03 04:49:22'),
(187, 1, 39, 6, 'Bill of Material', 'BOM-21-00006: Your request has been approved.', 7, 1, 2, 0, '2021-10-20 09:48:14', '2021-12-12 23:49:23'),
(188, 2, 137, 16, 'Inventory Requisition', 'Information Tech Administrator asked for your approval.', 2, 1, 1, 0, '2021-10-20 09:48:33', '2021-11-03 04:49:22'),
(189, 1, 137, 16, 'Inventory Requisition', 'IRF-21-00016: Your request has been approved.', 7, 1, 2, 0, '2021-10-20 09:48:55', '2021-12-12 23:49:23'),
(190, 1, 126, 16, 'Inventory Validation', 'Arjay Diangzon asked for your approval.', 2, 1, 2, 0, '2021-10-20 09:49:38', '2021-12-12 23:49:23'),
(191, 2, 126, 16, 'Inventory Validation', 'IVR-21-00016: Your request has been approved.', 7, 1, 1, 0, '2021-10-20 09:50:33', '2021-11-03 04:49:22'),
(192, 2, 33, 5, 'Inventory Receiving', 'Information Tech Administrator asked for your approval.', 2, 1, 1, 0, '2021-10-20 10:01:59', '2021-11-03 04:49:22'),
(193, 1, 33, 5, 'Inventory Receiving', 'INR-21-00005: Your request has been approved.', 7, 1, 2, 0, '2021-10-20 10:07:24', '2021-12-12 23:49:23'),
(194, 2, 35, 7, 'Return Item', 'Information Tech Administrator asked for your approval.', 2, 1, 1, 0, '2021-10-20 10:25:43', '2021-11-03 04:49:22'),
(195, 1, 35, 7, 'Return Item', 'RI-21-00007: Your request has been denied.', 1, 1, 2, 0, '2021-10-20 10:27:44', '2021-12-12 23:49:23'),
(196, 2, 35, 8, 'Return Item', 'Information Tech Administrator asked for your approval.', 2, 1, 1, 0, '2021-10-20 10:28:17', '2021-11-03 04:49:22'),
(197, 1, 35, 8, 'Return Item', 'RI-21-00008: Your request has been approved.', 7, 1, 2, 0, '2021-10-20 10:30:12', '2021-12-12 23:49:23'),
(198, 2, 45, 8, 'Material Usage', 'Information Tech Administrator asked for your approval.', 2, 1, 1, 0, '2021-10-20 10:35:26', '2021-11-03 04:49:22'),
(199, 1, 45, 8, 'Material Usage', 'MUF-21-00008: Your request has been approved.', 7, 1, 2, 0, '2021-10-20 10:36:57', '2021-12-12 23:49:23'),
(200, 2, 90, 9, 'Project Timeline', 'Information Tech Administrator asked for your approval.', 2, 1, 1, 0, '2021-10-20 11:06:01', '2021-11-03 04:49:22'),
(201, 1, 90, 9, 'Project Timeline', 'PBT-21-00009: Your request has been approved.', 7, 1, 2, 0, '2021-10-20 11:06:24', '2021-12-12 23:49:23'),
(202, 20, 92, 9, 'Project Management Board', 'Information Tech Administrator asked for your approval.', 2, 0, 1, 0, '2021-10-20 11:07:04', '2021-10-20 11:07:04'),
(203, 2, 38, 7, 'Cost Estimate', 'Information Tech Administrator asked for your approval.', 2, 1, 1, 0, '2021-10-20 11:11:09', '2021-11-03 04:49:22'),
(204, 1, 38, 7, 'Cost Estimate', 'CEF-21-00007: Your request has been approved.', 7, 1, 2, 0, '2021-10-20 11:12:04', '2021-12-12 23:49:23'),
(205, 2, 39, 7, 'Bill of Material', 'Information Tech Administrator asked for your approval.', 2, 1, 1, 0, '2021-10-20 11:12:25', '2021-11-03 04:49:22'),
(206, 1, 39, 7, 'Bill of Material', 'BOM-21-00007: Your request has been approved.', 7, 1, 2, 0, '2021-10-20 11:13:00', '2021-12-12 23:49:23'),
(207, 2, 90, 10, 'Project Timeline', 'Information Tech Administrator asked for your approval.', 2, 1, 1, 0, '2021-10-20 11:16:49', '2021-11-03 04:49:22'),
(208, 1, 90, 10, 'Project Timeline', 'PBT-21-00010: Your request has been approved.', 7, 1, 2, 0, '2021-10-20 11:17:11', '2021-12-12 23:49:23'),
(209, 20, 92, 10, 'Project Management Board', 'Information Tech Administrator asked for your approval.', 2, 0, 1, 0, '2021-10-20 11:17:57', '2021-10-20 11:17:57'),
(210, 2, 38, 8, 'Cost Estimate', 'Information Tech Administrator asked for your approval.', 2, 1, 1, 0, '2021-10-20 11:19:37', '2021-11-03 04:49:22'),
(211, 2, 137, 17, 'Inventory Requisition', 'Information Tech Administrator asked for your approval.', 2, 1, 1, 0, '2021-10-20 11:23:21', '2021-11-03 04:49:22'),
(212, 1, 38, 8, 'Cost Estimate', 'CEF-21-00008: Your request has been approved.', 7, 1, 2, 0, '2021-10-20 11:23:44', '2021-12-12 23:49:23'),
(213, 1, 137, 17, 'Inventory Requisition', 'IRF-21-00017: Your request has been approved.', 7, 1, 2, 0, '2021-10-20 11:26:32', '2021-12-12 23:49:23'),
(214, 2, 126, 17, 'Inventory Validation', 'Information Tech Administrator asked for your approval.', 2, 1, 1, 0, '2021-10-20 11:27:10', '2021-11-03 04:49:22'),
(215, 1, 126, 17, 'Inventory Validation', 'IVR-21-00017: Your request has been approved.', 7, 1, 2, 0, '2021-10-20 11:28:19', '2021-12-12 23:49:23'),
(216, 2, 45, 9, 'Material Usage', 'Information Tech Administrator asked for your approval.', 2, 1, 1, 0, '2021-10-20 14:24:35', '2021-11-03 04:49:22'),
(217, 1, 45, 9, 'Material Usage', 'MUF-21-00009: Your request has been approved.', 7, 1, 2, 0, '2021-10-20 14:25:25', '2021-12-12 23:49:23'),
(218, 2, 90, 1, 'Project Timeline', 'Information Tech Administrator asked for your approval.', 2, 1, 1, 0, '2021-10-20 15:14:33', '2021-11-03 04:49:22'),
(219, 2, 90, 2, 'Project Timeline', 'Information Tech Administrator asked for your approval.', 2, 1, 1, 0, '2021-10-20 15:14:43', '2021-11-03 04:49:22'),
(220, 2, 90, 3, 'Project Timeline', 'Information Tech Administrator asked for your approval.', 2, 1, 1, 0, '2021-10-20 15:15:06', '2021-11-03 04:49:22'),
(221, 2, 90, 4, 'Project Timeline', 'Information Tech Administrator asked for your approval.', 2, 1, 1, 0, '2021-10-20 15:15:18', '2021-11-03 04:49:22'),
(222, 1, 90, 1, 'Project Timeline', 'PBT-21-00001: Your request has been approved.', 7, 1, 2, 0, '2021-10-20 15:15:47', '2021-12-12 23:49:23'),
(223, 1, 90, 4, 'Project Timeline', 'PBT-21-00004: Your request has been approved.', 7, 1, 2, 0, '2021-10-20 15:15:57', '2021-12-12 23:49:23'),
(224, 1, 90, 3, 'Project Timeline', 'PBT-21-00003: Your request has been approved.', 7, 1, 2, 0, '2021-10-20 15:16:08', '2021-12-12 23:49:23'),
(225, 1, 90, 2, 'Project Timeline', 'PBT-21-00002: Your request has been approved.', 7, 1, 2, 0, '2021-10-20 15:16:15', '2021-12-12 23:49:23'),
(226, 20, 92, 3, 'Project Management Board', 'Information Tech Administrator asked for your approval.', 2, 0, 1, 0, '2021-10-20 15:20:56', '2021-10-20 15:20:56'),
(227, 20, 92, 4, 'Project Management Board', 'Information Tech Administrator asked for your approval.', 2, 0, 1, 0, '2021-10-20 15:25:08', '2021-10-20 15:25:08'),
(228, 20, 92, 2, 'Project Management Board', 'Information Tech Administrator asked for your approval.', 2, 0, 1, 0, '2021-10-20 15:31:53', '2021-10-20 15:31:53'),
(229, 20, 92, 1, 'Project Management Board', 'Information Tech Administrator asked for your approval.', 2, 0, 1, 0, '2021-10-20 15:34:00', '2021-10-20 15:34:00'),
(230, 2, 38, 1, 'Cost Estimate', 'Information Tech Administrator asked for your approval.', 2, 1, 1, 0, '2021-10-20 15:37:52', '2021-11-03 04:49:22'),
(231, 2, 38, 3, 'Cost Estimate', 'Information Tech Administrator asked for your approval.', 2, 1, 1, 0, '2021-10-20 15:39:19', '2021-11-03 04:49:22'),
(232, 2, 38, 2, 'Cost Estimate', 'Information Tech Administrator asked for your approval.', 2, 1, 1, 0, '2021-10-20 15:41:21', '2021-11-03 04:49:22'),
(233, 1, 38, 1, 'Cost Estimate', 'CEF-21-00001: Your request has been approved.', 7, 1, 2, 0, '2021-10-20 15:59:27', '2021-12-12 23:49:23'),
(234, 1, 38, 2, 'Cost Estimate', 'CEF-21-00002: Your request has been approved.', 7, 1, 2, 0, '2021-10-20 15:59:46', '2021-12-12 23:49:23'),
(235, 1, 38, 3, 'Cost Estimate', 'CEF-21-00003: Your request has been approved.', 7, 1, 2, 0, '2021-10-20 16:00:06', '2021-12-12 23:49:23'),
(236, 2, 39, 1, 'Bill of Material', 'Information Tech Administrator asked for your approval.', 2, 1, 1, 0, '2021-10-20 16:01:57', '2021-11-03 04:49:22'),
(237, 2, 39, 3, 'Bill of Material', 'Information Tech Administrator asked for your approval.', 2, 1, 1, 0, '2021-10-20 16:02:10', '2021-11-03 04:49:22'),
(238, 2, 39, 2, 'Bill of Material', 'Information Tech Administrator asked for your approval.', 2, 1, 1, 0, '2021-10-20 16:02:22', '2021-11-03 04:49:22'),
(239, 1, 39, 1, 'Bill of Material', 'BOM-21-00001: Your request has been approved.', 7, 1, 2, 0, '2021-10-20 16:02:56', '2021-12-12 23:49:23'),
(240, 1, 39, 2, 'Bill of Material', 'BOM-21-00002: Your request has been approved.', 7, 1, 2, 0, '2021-10-20 16:03:09', '2021-12-12 23:49:23'),
(241, 1, 39, 3, 'Bill of Material', 'BOM-21-00003: Your request has been approved.', 7, 1, 2, 0, '2021-10-20 16:03:21', '2021-12-12 23:49:23'),
(242, 1, 137, 4, 'Inventory Requisition', 'Arjay Diangzon asked for your approval.', 2, 1, 2, 0, '2021-10-20 16:04:25', '2021-12-12 23:49:23'),
(243, 1, 137, 5, 'Inventory Requisition', 'Arjay Diangzon asked for your approval.', 2, 1, 2, 0, '2021-10-20 16:04:50', '2021-12-12 23:49:23'),
(244, 2, 137, 6, 'Inventory Requisition', 'Information Tech Administrator asked for your approval.', 2, 1, 1, 0, '2021-10-20 16:05:39', '2021-11-03 04:49:22'),
(245, 2, 137, 1, 'Inventory Requisition', 'Information Tech Administrator asked for your approval.', 2, 1, 1, 0, '2021-10-20 16:05:51', '2021-11-03 04:49:22'),
(246, 2, 137, 3, 'Inventory Requisition', 'Information Tech Administrator asked for your approval.', 2, 1, 1, 0, '2021-10-20 16:06:00', '2021-11-03 04:49:22'),
(247, 2, 137, 2, 'Inventory Requisition', 'Information Tech Administrator asked for your approval.', 2, 1, 1, 0, '2021-10-20 16:06:09', '2021-11-03 04:49:22'),
(248, 2, 137, 4, 'Inventory Requisition', 'IRF-21-00004: Your request has been approved.', 7, 1, 1, 0, '2021-10-20 16:06:19', '2021-11-03 04:49:22'),
(249, 2, 137, 5, 'Inventory Requisition', 'IRF-21-00005: Your request has been approved.', 7, 1, 1, 0, '2021-10-20 16:06:26', '2021-11-03 04:49:22'),
(250, 1, 137, 6, 'Inventory Requisition', 'IRF-21-00006: Your request has been approved.', 7, 1, 2, 0, '2021-10-20 16:07:07', '2021-12-12 23:49:23'),
(251, 1, 137, 1, 'Inventory Requisition', 'IRF-21-00001: Your request has been approved.', 7, 1, 2, 0, '2021-10-20 16:07:15', '2021-12-12 23:49:23'),
(252, 1, 137, 3, 'Inventory Requisition', 'IRF-21-00003: Your request has been approved.', 7, 1, 2, 0, '2021-10-20 16:07:26', '2021-12-12 23:49:23'),
(253, 1, 137, 2, 'Inventory Requisition', 'IRF-21-00002: Your request has been approved.', 7, 1, 2, 0, '2021-10-20 16:07:35', '2021-12-12 23:49:23'),
(254, 2, 126, 1, 'Inventory Validation', 'Information Tech Administrator asked for your approval.', 2, 1, 1, 0, '2021-10-20 16:09:43', '2021-11-03 04:49:22'),
(255, 2, 126, 2, 'Inventory Validation', 'Information Tech Administrator asked for your approval.', 2, 1, 1, 0, '2021-10-20 16:09:52', '2021-11-03 04:49:22'),
(256, 2, 126, 3, 'Inventory Validation', 'Information Tech Administrator asked for your approval.', 2, 1, 1, 0, '2021-10-20 16:10:02', '2021-11-03 04:49:22'),
(257, 2, 126, 4, 'Inventory Validation', 'Information Tech Administrator asked for your approval.', 2, 1, 1, 0, '2021-10-20 16:10:11', '2021-11-03 04:49:22'),
(258, 2, 126, 5, 'Inventory Validation', 'Information Tech Administrator asked for your approval.', 2, 1, 1, 0, '2021-10-20 16:10:26', '2021-11-03 04:49:22'),
(259, 2, 126, 6, 'Inventory Validation', 'Information Tech Administrator asked for your approval.', 2, 1, 1, 0, '2021-10-20 16:10:47', '2021-11-03 04:49:22'),
(260, 1, 126, 1, 'Inventory Validation', 'IVR-21-00001: Your request has been approved.', 7, 1, 2, 0, '2021-10-20 16:21:36', '2021-12-12 23:49:23'),
(261, 1, 126, 6, 'Inventory Validation', 'IVR-21-00006: Your request has been approved.', 7, 1, 2, 0, '2021-10-20 16:21:49', '2021-12-12 23:49:23'),
(262, 1, 126, 5, 'Inventory Validation', 'IVR-21-00005: Your request has been approved.', 7, 1, 2, 0, '2021-10-20 16:22:04', '2021-12-12 23:49:23'),
(263, 1, 126, 4, 'Inventory Validation', 'IVR-21-00004: Your request has been approved.', 7, 1, 2, 0, '2021-10-20 16:22:21', '2021-12-12 23:49:23'),
(264, 1, 126, 3, 'Inventory Validation', 'IVR-21-00003: Your request has been approved.', 7, 1, 2, 0, '2021-10-20 16:22:39', '2021-12-12 23:49:23'),
(265, 1, 126, 2, 'Inventory Validation', 'IVR-21-00002: Your request has been approved.', 7, 1, 2, 0, '2021-10-20 16:22:52', '2021-12-12 23:49:23'),
(266, 2, 40, 2, 'Bid Recap', 'Information Tech Administrator asked for your approval.', 2, 1, 1, 0, '2021-10-20 16:31:09', '2021-11-03 04:49:22'),
(267, 2, 40, 6, 'Bid Recap', 'Information Tech Administrator asked for your approval.', 2, 1, 1, 0, '2021-10-20 16:31:38', '2021-11-03 04:49:22'),
(268, 2, 40, 5, 'Bid Recap', 'Information Tech Administrator asked for your approval.', 2, 1, 1, 0, '2021-10-20 16:32:14', '2021-11-03 04:49:22'),
(269, 2, 40, 4, 'Bid Recap', 'Information Tech Administrator asked for your approval.', 2, 1, 1, 0, '2021-10-20 16:33:37', '2021-11-03 04:49:22'),
(270, 2, 40, 3, 'Bid Recap', 'Information Tech Administrator asked for your approval.', 2, 1, 1, 0, '2021-10-20 16:34:48', '2021-11-03 04:49:22'),
(271, 2, 40, 1, 'Bid Recap', 'Information Tech Administrator asked for your approval.', 2, 1, 1, 0, '2021-10-20 16:35:37', '2021-11-03 04:49:22'),
(272, 1, 40, 2, 'Bid Recap', 'BR-21-00002: Your request has been approved.', 7, 1, 2, 0, '2021-10-20 16:36:16', '2021-12-12 23:49:23'),
(273, 1, 40, 1, 'Bid Recap', 'BR-21-00001: Your request has been approved.', 7, 1, 2, 0, '2021-10-20 16:36:37', '2021-12-12 23:49:23'),
(274, 1, 40, 3, 'Bid Recap', 'BR-21-00003: Your request has been approved.', 7, 1, 2, 0, '2021-10-20 16:36:54', '2021-12-12 23:49:23'),
(275, 1, 40, 4, 'Bid Recap', 'BR-21-00004: Your request has been approved.', 7, 1, 2, 0, '2021-10-20 16:37:09', '2021-12-12 23:49:23'),
(276, 1, 40, 5, 'Bid Recap', 'BR-21-00005: Your request has been approved.', 7, 1, 2, 0, '2021-10-20 16:37:23', '2021-12-12 23:49:23'),
(277, 1, 40, 6, 'Bid Recap', 'BR-21-00006: Your request has been approved.', 7, 1, 2, 0, '2021-10-20 16:38:46', '2021-12-12 23:49:23'),
(278, 2, 46, 12, 'Purchase Request', 'Information Tech Administrator asked for your approval.', 2, 1, 1, 0, '2021-10-20 16:42:37', '2021-11-03 04:49:22'),
(279, 2, 137, 7, 'Inventory Requisition', 'Information Tech Administrator asked for your approval.', 2, 1, 1, 0, '2021-10-21 07:55:39', '2021-11-03 04:49:22'),
(280, 2, 137, 8, 'Inventory Requisition', 'Information Tech Administrator asked for your approval.', 2, 1, 1, 0, '2021-10-21 07:57:11', '2021-11-03 04:49:22'),
(281, 1, 137, 7, 'Inventory Requisition', 'IRF-21-00007: Your request has been approved.', 7, 1, 2, 0, '2021-10-21 08:12:41', '2021-12-12 23:49:23'),
(282, 1, 137, 8, 'Inventory Requisition', 'IRF-21-00008: Your request has been approved.', 7, 1, 2, 0, '2021-10-21 08:13:08', '2021-12-12 23:49:23'),
(283, 2, 126, 7, 'Inventory Validation', 'Information Tech Administrator asked for your approval.', 2, 1, 1, 0, '2021-10-21 08:15:15', '2021-11-03 04:49:22'),
(284, 2, 46, 3, 'Purchase Request', 'Information Tech Administrator asked for your approval.', 2, 1, 1, 0, '2021-10-21 08:21:11', '2021-11-03 04:49:22'),
(285, 2, 46, 14, 'Purchase Request', 'Information Tech Administrator asked for your approval.', 2, 1, 1, 0, '2021-10-21 08:24:02', '2021-11-03 04:49:22'),
(286, 2, 49, 8, 'Service Requisition', 'Information Tech Administrator asked for your approval.', 2, 1, 1, 0, '2021-10-21 08:32:05', '2021-11-03 04:49:22'),
(287, 4, 49, 8, 'Service Requisition', 'Information Tech Administrator asked for your approval.', 2, 1, 2, 4, '2021-10-21 08:32:49', '2021-10-21 00:33:11'),
(288, 5, 49, 8, 'Service Requisition', 'Information Tech Administrator asked for your approval.', 2, 1, 4, 5, '2021-10-21 08:33:21', '2021-10-21 00:33:53'),
(289, 1, 49, 8, 'Service Requisition', 'SR-21-00008: Your request has been approved.', 7, 1, 5, 0, '2021-10-21 08:34:09', '2021-12-12 23:49:23'),
(290, 1, 46, 12, 'Purchase Request', 'PR-21-00012: Your request has been approved.', 7, 1, 2, 0, '2021-10-21 08:48:59', '2021-12-12 23:49:23'),
(291, 1, 46, 3, 'Purchase Request', 'PR-21-00003: Your request has been approved.', 7, 1, 2, 0, '2021-10-21 08:49:13', '2021-12-12 23:49:23'),
(292, 1, 46, 14, 'Purchase Request', 'PR-21-00014: Your request has been approved.', 7, 1, 2, 0, '2021-10-21 08:49:27', '2021-12-12 23:49:23'),
(293, 7, 138, 1, 'Change Request', 'Information Tech Administrator asked for your approval.', 2, 1, 1, 7, '2021-10-21 08:54:59', '2021-10-21 02:40:54'),
(294, 1, 138, 1, 'Change Request', 'CRF-21-00001: Your request has been approved.', 7, 1, 7, 0, '2021-10-21 10:41:32', '2021-12-12 23:49:23'),
(295, 2, 40, 7, 'Bid Recap', 'Information Tech Administrator asked for your approval.', 2, 1, 1, 0, '2021-10-21 10:44:18', '2021-11-03 04:49:22'),
(296, 2, 46, 10, 'Purchase Request', 'Information Tech Administrator asked for your approval.', 2, 1, 1, 0, '2021-10-21 10:45:28', '2021-11-03 04:49:22'),
(297, 2, 46, 9, 'Purchase Request', 'Information Tech Administrator asked for your approval.', 2, 1, 1, 2, '2021-10-21 10:45:45', '2021-10-21 02:46:10'),
(298, 1, 46, 9, 'Purchase Request', 'PR-21-00009: Your request has been approved.', 7, 1, 2, 0, '2021-10-21 10:46:56', '2021-12-12 23:49:23'),
(299, 1, 46, 10, 'Purchase Request', 'PR-21-00010: Your request has been approved.', 7, 1, 2, 0, '2021-10-21 10:47:13', '2021-12-12 23:49:23'),
(300, 7, 138, 2, 'Change Request', 'Information Tech Administrator asked for your approval.', 2, 0, 1, 0, '2021-10-21 10:49:40', '2021-10-21 10:49:40'),
(301, 7, 138, 3, 'Change Request', 'Information Tech Administrator asked for your approval.', 2, 1, 1, 7, '2021-10-21 10:50:04', '2021-10-21 02:50:29'),
(302, 1, 138, 3, 'Change Request', 'CRF-21-00003: Your request has been denied.', 1, 1, 7, 0, '2021-10-21 10:50:50', '2021-12-12 23:49:23'),
(303, 7, 138, 4, 'Change Request', 'Information Tech Administrator asked for your approval.', 2, 0, 1, 0, '2021-10-21 11:02:13', '2021-10-21 11:02:13'),
(304, 7, 138, 4, 'Change Request', 'Information Tech Administrator asked for your approval.', 2, 0, 1, 0, '2021-10-21 11:05:10', '2021-10-21 11:05:10'),
(305, 1, 138, 4, 'Change Request', 'CRF-21-00004: Your request has been approved.', 7, 1, 7, 0, '2021-10-21 11:05:48', '2021-12-12 23:49:23'),
(306, 1, 138, 2, 'Change Request', 'CRF-21-00002: Your request has been approved.', 7, 1, 7, 0, '2021-10-21 11:06:21', '2021-12-12 23:49:23'),
(307, 2, 40, 8, 'Bid Recap', 'Information Tech Administrator asked for your approval.', 2, 1, 1, 0, '2021-10-21 11:13:50', '2021-11-03 04:49:22'),
(308, 2, 40, 9, 'Bid Recap', 'Information Tech Administrator asked for your approval.', 2, 1, 1, 2, '2021-10-21 11:14:36', '2021-10-21 03:15:05'),
(309, 1, 40, 9, 'Bid Recap', 'BR-21-00009: Your request has been approved.', 7, 1, 2, 0, '2021-10-21 11:15:17', '2021-12-12 23:49:23'),
(310, 1, 40, 7, 'Bid Recap', 'BR-21-00007: Your request has been approved.', 7, 1, 2, 0, '2021-10-21 11:15:48', '2021-12-12 23:49:23'),
(311, 1, 40, 8, 'Bid Recap', 'BR-21-00008: Your request has been approved.', 7, 1, 2, 0, '2021-10-21 11:16:09', '2021-12-12 23:49:23'),
(312, 2, 46, 17, 'Purchase Request', 'Information Tech Administrator asked for your approval.', 2, 1, 1, 0, '2021-10-21 11:16:55', '2021-11-03 04:49:22'),
(313, 2, 46, 16, 'Purchase Request', 'Information Tech Administrator asked for your approval.', 2, 1, 1, 0, '2021-10-21 11:17:23', '2021-11-03 04:49:22'),
(314, 1, 46, 17, 'Purchase Request', 'PR-21-00017: Your request has been approved.', 7, 1, 2, 0, '2021-10-21 11:18:15', '2021-12-12 23:49:23'),
(315, 1, 46, 16, 'Purchase Request', 'PR-21-00016: Your request has been approved.', 7, 1, 2, 0, '2021-10-21 11:18:27', '2021-12-12 23:49:23'),
(316, 2, 33, 5, 'Inventory Receiving', 'Information Tech Administrator asked for your approval.', 2, 1, 1, 0, '2021-10-21 11:28:30', '2021-11-03 04:49:22'),
(317, 2, 46, 6, 'Purchase Request', 'Information Tech Administrator asked for your approval.', 2, 1, 1, 0, '2021-10-21 12:59:34', '2021-11-03 04:49:22'),
(318, 2, 46, 15, 'Purchase Request', 'Information Tech Administrator asked for your approval.', 2, 1, 1, 0, '2021-10-21 13:00:30', '2021-11-03 04:49:22'),
(319, 1, 46, 15, 'Purchase Request', 'PR-21-00015: Your request has been approved.', 7, 1, 2, 0, '2021-10-21 13:04:25', '2021-12-12 23:49:23'),
(320, 1, 46, 6, 'Purchase Request', 'PR-21-00006: Your request has been approved.', 7, 1, 2, 0, '2021-10-21 13:05:18', '2021-12-12 23:49:23'),
(321, 2, 33, 6, 'Inventory Receiving', 'Information Tech Administrator asked for your approval.', 2, 1, 1, 0, '2021-10-21 13:16:54', '2021-11-03 04:49:22'),
(322, 1, 33, 5, 'Inventory Receiving', 'INR-21-00005: Your request has been approved.', 7, 1, 2, 0, '2021-10-21 13:18:10', '2021-12-12 23:49:23'),
(323, 1, 33, 6, 'Inventory Receiving', 'INR-21-00006: Your request has been approved.', 7, 1, 2, 0, '2021-10-21 13:19:26', '2021-12-12 23:49:23'),
(324, 2, 90, 5, 'Project Timeline', 'Information Tech Administrator asked for your approval.', 2, 1, 1, 0, '2021-10-21 14:35:55', '2021-11-03 04:49:22'),
(325, 1, 90, 5, 'Project Timeline', 'PBT-21-00005: Your request has been approved.', 7, 1, 2, 0, '2021-10-21 14:36:19', '2021-12-12 23:49:23'),
(326, 20, 92, 5, 'Project Management Board', 'Information Tech Administrator asked for your approval.', 2, 0, 1, 0, '2021-10-21 14:36:59', '2021-10-21 14:36:59'),
(327, 2, 38, 5, 'Cost Estimate', 'Information Tech Administrator asked for your approval.', 2, 1, 1, 0, '2021-10-21 14:39:45', '2021-11-03 04:49:22'),
(328, 1, 38, 5, 'Cost Estimate', 'CEF-21-00005: Your request has been approved.', 7, 1, 2, 0, '2021-10-21 14:40:16', '2021-12-12 23:49:23'),
(329, 2, 39, 4, 'Bill of Material', 'Information Tech Administrator asked for your approval.', 2, 1, 1, 0, '2021-10-21 14:40:48', '2021-11-03 04:49:22'),
(330, 1, 39, 4, 'Bill of Material', 'BOM-21-00004: Your request has been approved.', 7, 1, 2, 0, '2021-10-21 14:41:19', '2021-12-12 23:49:23'),
(331, 2, 137, 9, 'Inventory Requisition', 'Information Tech Administrator asked for your approval.', 2, 1, 1, 0, '2021-10-21 14:43:01', '2021-11-03 04:49:22'),
(332, 2, 137, 10, 'Inventory Requisition', 'Information Tech Administrator asked for your approval.', 2, 1, 1, 0, '2021-10-21 14:43:43', '2021-11-03 04:49:22'),
(333, 1, 137, 9, 'Inventory Requisition', 'IRF-21-00009: Your request has been approved.', 7, 1, 2, 0, '2021-10-21 14:44:24', '2021-12-12 23:49:23'),
(334, 1, 137, 10, 'Inventory Requisition', 'IRF-21-00010: Your request has been approved.', 7, 1, 2, 0, '2021-10-21 14:44:46', '2021-12-12 23:49:23'),
(335, 2, 126, 10, 'Inventory Validation', 'Information Tech Administrator asked for your approval.', 2, 1, 1, 0, '2021-10-21 14:45:16', '2021-11-03 04:49:22');
INSERT INTO `gen_system_notification_tbl` (`notificationID`, `employeeID`, `moduleID`, `tableID`, `notificationTitle`, `notificationDescription`, `notificationType`, `markRead`, `createdBy`, `updatedBy`, `createdAt`, `updatedAt`) VALUES
(336, 2, 126, 9, 'Inventory Validation', 'Information Tech Administrator asked for your approval.', 2, 1, 1, 0, '2021-10-21 14:45:29', '2021-11-03 04:49:22'),
(337, 2, 126, 8, 'Inventory Validation', 'Information Tech Administrator asked for your approval.', 2, 1, 1, 0, '2021-10-21 14:46:49', '2021-11-03 04:49:22'),
(338, 1, 126, 9, 'Inventory Validation', 'IVR-21-00009: Your request has been approved.', 7, 1, 2, 0, '2021-10-21 14:51:26', '2021-12-12 23:49:23'),
(339, 2, 126, 7, 'Inventory Validation', 'Information Tech Administrator asked for your approval.', 2, 1, 1, 0, '2021-10-22 08:20:18', '2021-11-03 04:49:22'),
(340, 1, 126, 7, 'Inventory Validation', 'IVR-21-00007: Your request has been approved.', 7, 1, 2, 0, '2021-10-22 08:20:53', '2021-12-12 23:49:23'),
(341, 2, 137, 12, 'Inventory Requisition', 'Information Tech Administrator asked for your approval.', 2, 1, 1, 0, '2021-10-22 12:34:29', '2021-11-03 04:49:22'),
(342, 2, 137, 13, 'Inventory Requisition', 'Information Tech Administrator asked for your approval.', 2, 1, 1, 0, '2021-10-22 12:40:30', '2021-11-03 04:49:22'),
(343, 2, 137, 13, 'Inventory Requisition', 'Information Tech Administrator asked for your approval.', 2, 1, 1, 0, '2021-10-22 12:44:08', '2021-11-03 04:49:22'),
(344, 2, 137, 14, 'Inventory Requisition', 'Information Tech Administrator asked for your approval.', 2, 1, 1, 0, '2021-10-22 13:09:46', '2021-11-03 04:49:22'),
(345, 2, 46, 5, 'Purchase Request', 'Information Tech Administrator asked for your approval.', 2, 1, 1, 0, '2021-10-22 14:02:46', '2021-11-03 04:49:22'),
(346, 1, 46, 5, 'Purchase Request', 'PR-21-00005: Your request has been approved.', 7, 1, 2, 0, '2021-10-22 14:03:13', '2021-12-12 23:49:23'),
(347, 2, 33, 8, 'Inventory Receiving', 'Information Tech Administrator asked for your approval.', 2, 1, 1, 0, '2021-10-22 14:04:08', '2021-11-03 04:49:22'),
(348, 2, 33, 3, 'Inventory Receiving', 'Information Tech Administrator asked for your approval.', 2, 1, 1, 0, '2021-10-22 14:04:56', '2021-11-03 04:49:22'),
(349, 1, 33, 8, 'Inventory Receiving', 'INR-21-00008: Your request has been approved.', 7, 1, 2, 0, '2021-10-22 14:05:16', '2021-12-12 23:49:23'),
(350, 1, 33, 3, 'Inventory Receiving', 'INR-21-00003: Your request has been approved.', 7, 1, 2, 0, '2021-10-22 14:05:26', '2021-12-12 23:49:23'),
(351, 2, 137, 15, 'Inventory Requisition', 'Information Tech Administrator asked for your approval.', 2, 1, 1, 0, '2021-10-22 14:34:05', '2021-11-03 04:49:22'),
(352, 1, 137, 14, 'Inventory Requisition', 'IRF-21-00014: Your request has been approved.', 7, 1, 2, 0, '2021-10-22 14:34:29', '2021-12-12 23:49:23'),
(353, 1, 137, 15, 'Inventory Requisition', 'IRF-21-00015: Your request has been approved.', 7, 1, 2, 0, '2021-10-22 14:34:40', '2021-12-12 23:49:23'),
(354, 2, 126, 12, 'Inventory Validation', 'Information Tech Administrator asked for your approval.', 2, 1, 1, 0, '2021-10-22 14:35:09', '2021-11-03 04:49:22'),
(355, 2, 126, 13, 'Inventory Validation', 'Information Tech Administrator asked for your approval.', 2, 1, 1, 0, '2021-10-22 14:35:26', '2021-11-03 04:49:22'),
(356, 1, 126, 10, 'Inventory Validation', 'IVR-21-00010: Your request has been approved.', 7, 1, 2, 0, '2021-10-22 14:36:25', '2021-12-12 23:49:23'),
(357, 1, 126, 8, 'Inventory Validation', 'IVR-21-00008: Your request has been approved.', 7, 1, 2, 0, '2021-10-22 14:36:36', '2021-12-12 23:49:23'),
(358, 1, 126, 12, 'Inventory Validation', 'IVR-21-00012: Your request has been approved.', 7, 1, 2, 0, '2021-10-22 14:36:49', '2021-12-12 23:49:23'),
(359, 1, 40, 10, 'Bid Recap', 'Arjay Diangzon asked for your approval.', 2, 1, 2, 0, '2021-10-22 14:57:09', '2021-12-12 23:49:23'),
(360, 2, 137, 16, 'Inventory Requisition', 'Information Tech Administrator asked for your approval.', 2, 1, 1, 0, '2021-10-25 07:39:51', '2021-11-03 04:49:22'),
(361, 1, 137, 16, 'Inventory Requisition', 'IRF-21-00016: Your request has been approved.', 7, 1, 2, 0, '2021-10-25 07:42:43', '2021-12-12 23:49:23'),
(362, 2, 126, 14, 'Inventory Validation', 'Information Tech Administrator asked for your approval.', 2, 1, 1, 0, '2021-10-25 07:56:02', '2021-11-03 04:49:22'),
(363, 2, 46, 13, 'Purchase Request', 'Information Tech Administrator asked for your approval.', 2, 1, 1, 0, '2021-10-25 07:56:40', '2021-11-03 04:49:22'),
(364, 2, 46, 11, 'Purchase Request', 'Information Tech Administrator asked for your approval.', 2, 1, 1, 0, '2021-10-25 07:56:57', '2021-11-03 04:49:22'),
(365, 1, 46, 11, 'Purchase Request', 'PR-21-00011: Your request has been approved.', 7, 1, 2, 0, '2021-10-25 07:57:25', '2021-12-12 23:49:23'),
(366, 1, 46, 13, 'Purchase Request', 'PR-21-00013: Your request has been approved.', 7, 1, 2, 0, '2021-10-25 07:57:42', '2021-12-12 23:49:23'),
(367, 2, 46, 1, 'Purchase Request', 'Information Tech Administrator asked for your approval.', 2, 1, 1, 0, '2021-10-25 08:15:11', '2021-11-03 04:49:22'),
(368, 2, 46, 2, 'Purchase Request', 'Information Tech Administrator asked for your approval.', 2, 1, 1, 0, '2021-10-25 08:17:55', '2021-11-03 04:49:22'),
(369, 1, 46, 1, 'Purchase Request', 'PR-21-00001: Your request has been approved.', 7, 1, 2, 0, '2021-10-25 08:18:27', '2021-12-12 23:49:23'),
(370, 1, 46, 2, 'Purchase Request', 'PR-21-00002: Your request has been approved.', 7, 1, 2, 0, '2021-10-25 08:18:42', '2021-12-12 23:49:23'),
(371, 2, 46, 3, 'Purchase Request', 'Information Tech Administrator asked for your approval.', 2, 1, 1, 0, '2021-10-25 08:51:15', '2021-11-03 04:49:22'),
(372, 1, 46, 3, 'Purchase Request', 'PR-21-00003: Your request has been approved.', 7, 1, 2, 0, '2021-10-25 08:51:48', '2021-12-12 23:49:23'),
(373, 1, 33, 1, 'Inventory Receiving', 'INR-21-00001: Your request has been approved.', 7, 1, 2, 0, '2021-10-25 08:56:19', '2021-12-12 23:49:23'),
(374, 1, 33, 3, 'Inventory Receiving', 'INR-21-00003: Your request has been approved.', 7, 1, 2, 0, '2021-10-25 08:56:47', '2021-12-12 23:49:23'),
(375, 2, 90, 1, 'Project Timeline', 'Information Tech Administrator asked for your approval.', 2, 1, 1, 0, '2021-10-25 09:45:25', '2021-11-03 04:49:22'),
(376, 2, 90, 2, 'Project Timeline', 'Information Tech Administrator asked for your approval.', 2, 1, 1, 0, '2021-10-25 09:45:39', '2021-11-03 04:49:22'),
(377, 2, 90, 3, 'Project Timeline', 'Information Tech Administrator asked for your approval.', 2, 1, 1, 0, '2021-10-25 09:45:50', '2021-11-03 04:49:22'),
(378, 1, 90, 1, 'Project Timeline', 'PBT-21-00001: Your request has been approved.', 7, 1, 2, 0, '2021-10-25 09:46:36', '2021-12-12 23:49:23'),
(379, 1, 90, 3, 'Project Timeline', 'PBT-21-00003: Your request has been approved.', 7, 1, 2, 0, '2021-10-25 09:46:59', '2021-12-12 23:49:23'),
(380, 1, 90, 2, 'Project Timeline', 'PBT-21-00002: Your request has been approved.', 7, 1, 2, 0, '2021-10-25 09:47:12', '2021-12-12 23:49:23'),
(381, 2, 46, 4, 'Purchase Request', 'Information Tech Administrator asked for your approval.', 2, 1, 1, 0, '2021-10-25 09:51:16', '2021-11-03 04:49:22'),
(382, 1, 46, 4, 'Purchase Request', 'PR-21-00004: Your request has been approved.', 7, 1, 2, 0, '2021-10-25 09:51:53', '2021-12-12 23:49:23'),
(383, 20, 92, 1, 'Project Management Board', 'Information Tech Administrator asked for your approval.', 2, 0, 1, 0, '2021-10-25 09:59:00', '2021-10-25 09:59:00'),
(384, 20, 92, 3, 'Project Management Board', 'Information Tech Administrator asked for your approval.', 2, 0, 1, 0, '2021-10-25 09:59:33', '2021-10-25 09:59:33'),
(385, 20, 92, 2, 'Project Management Board', 'Information Tech Administrator asked for your approval.', 2, 0, 1, 0, '2021-10-25 10:00:06', '2021-10-25 10:00:06'),
(386, 1, 92, 1, 'Project Management Board', 'PMB-21-00001: Your request has been denied.', 1, 1, 20, 0, '2021-10-25 10:02:54', '2021-12-12 23:49:23'),
(387, 20, 92, 4, 'Project Management Board', 'Information Tech Administrator asked for your approval.', 2, 0, 1, 0, '2021-10-25 10:05:35', '2021-10-25 10:05:35'),
(388, 20, 92, 4, 'Project Management Board', 'Information Tech Administrator asked for your approval.', 2, 0, 1, 0, '2021-10-25 10:07:02', '2021-10-25 10:07:02'),
(389, 2, 38, 3, 'Cost Estimate', 'Information Tech Administrator asked for your approval.', 2, 1, 1, 0, '2021-10-25 10:15:33', '2021-11-03 04:49:22'),
(390, 2, 38, 2, 'Cost Estimate', 'Information Tech Administrator asked for your approval.', 2, 1, 1, 0, '2021-10-25 10:16:18', '2021-11-03 04:49:22'),
(391, 2, 38, 1, 'Cost Estimate', 'Information Tech Administrator asked for your approval.', 2, 1, 1, 0, '2021-10-25 10:17:21', '2021-11-03 04:49:22'),
(392, 1, 38, 3, 'Cost Estimate', 'CEF-21-00003: Your request has been approved.', 7, 1, 2, 0, '2021-10-25 10:18:44', '2021-12-12 23:49:23'),
(393, 1, 38, 1, 'Cost Estimate', 'CEF-21-00001: Your request has been approved.', 7, 1, 2, 0, '2021-10-25 10:19:01', '2021-12-12 23:49:23'),
(394, 1, 38, 2, 'Cost Estimate', 'CEF-21-00002: Your request has been approved.', 7, 1, 2, 0, '2021-10-25 10:19:12', '2021-12-12 23:49:23'),
(395, 2, 39, 3, 'Bill of Material', 'Information Tech Administrator asked for your approval.', 2, 1, 1, 0, '2021-10-25 10:22:45', '2021-11-03 04:49:22'),
(396, 2, 39, 2, 'Bill of Material', 'Information Tech Administrator asked for your approval.', 2, 1, 1, 0, '2021-10-25 10:22:58', '2021-11-03 04:49:22'),
(397, 1, 39, 1, 'Bill of Material', 'BOM-21-00001: Your request has been approved.', 7, 1, 2, 0, '2021-10-25 10:23:37', '2021-12-12 23:49:23'),
(398, 1, 39, 3, 'Bill of Material', 'BOM-21-00003: Your request has been approved.', 7, 1, 2, 0, '2021-10-25 10:23:47', '2021-12-12 23:49:23'),
(399, 1, 39, 2, 'Bill of Material', 'BOM-21-00002: Your request has been approved.', 7, 1, 2, 0, '2021-10-25 10:23:58', '2021-12-12 23:49:23'),
(400, 2, 137, 1, 'Inventory Requisition', 'Information Tech Administrator asked for your approval.', 2, 1, 1, 0, '2021-10-25 10:25:23', '2021-11-03 04:49:22'),
(401, 2, 137, 2, 'Inventory Requisition', 'Information Tech Administrator asked for your approval.', 2, 1, 1, 0, '2021-10-25 10:25:37', '2021-11-03 04:49:22'),
(402, 2, 137, 3, 'Inventory Requisition', 'Information Tech Administrator asked for your approval.', 2, 1, 1, 0, '2021-10-25 10:25:59', '2021-11-03 04:49:22'),
(403, 1, 137, 1, 'Inventory Requisition', 'IRF-21-00001: Your request has been approved.', 7, 1, 2, 0, '2021-10-25 10:27:34', '2021-12-12 23:49:23'),
(404, 1, 137, 2, 'Inventory Requisition', 'IRF-21-00002: Your request has been approved.', 7, 1, 2, 0, '2021-10-25 10:27:52', '2021-12-12 23:49:23'),
(405, 1, 137, 3, 'Inventory Requisition', 'IRF-21-00003: Your request has been approved.', 7, 1, 2, 0, '2021-10-25 10:28:04', '2021-12-12 23:49:23'),
(406, 2, 137, 4, 'Inventory Requisition', 'Information Tech Administrator asked for your approval.', 2, 1, 1, 0, '2021-10-25 10:28:53', '2021-11-03 04:49:22'),
(407, 1, 137, 4, 'Inventory Requisition', 'IRF-21-00004: Your request has been approved.', 7, 1, 2, 0, '2021-10-25 10:29:25', '2021-12-12 23:49:23'),
(408, 2, 126, 4, 'Inventory Validation', 'Information Tech Administrator asked for your approval.', 2, 1, 1, 0, '2021-10-25 10:29:59', '2021-11-03 04:49:22'),
(409, 2, 126, 1, 'Inventory Validation', 'Information Tech Administrator asked for your approval.', 2, 1, 1, 0, '2021-10-25 10:30:12', '2021-11-03 04:49:22'),
(410, 2, 126, 2, 'Inventory Validation', 'Information Tech Administrator asked for your approval.', 2, 1, 1, 0, '2021-10-25 10:30:23', '2021-11-03 04:49:22'),
(411, 2, 126, 3, 'Inventory Validation', 'Information Tech Administrator asked for your approval.', 2, 1, 1, 0, '2021-10-25 10:30:36', '2021-11-03 04:49:22'),
(412, 1, 126, 4, 'Inventory Validation', 'IVR-21-00004: Your request has been approved.', 7, 1, 2, 0, '2021-10-25 10:31:01', '2021-12-12 23:49:23'),
(413, 1, 126, 3, 'Inventory Validation', 'IVR-21-00003: Your request has been approved.', 7, 1, 2, 0, '2021-10-25 10:31:16', '2021-12-12 23:49:23'),
(414, 1, 126, 2, 'Inventory Validation', 'IVR-21-00002: Your request has been approved.', 7, 1, 2, 0, '2021-10-25 10:31:29', '2021-12-12 23:49:23'),
(415, 1, 126, 1, 'Inventory Validation', 'IVR-21-00001: Your request has been approved.', 7, 1, 2, 0, '2021-10-25 10:31:51', '2021-12-12 23:49:23'),
(416, 2, 40, 1, 'Bid Recap', 'Information Tech Administrator asked for your approval.', 2, 1, 1, 0, '2021-10-25 10:34:34', '2021-11-03 04:49:22'),
(417, 2, 40, 4, 'Bid Recap', 'Information Tech Administrator asked for your approval.', 2, 1, 1, 0, '2021-10-25 10:36:00', '2021-11-03 04:49:22'),
(418, 2, 40, 3, 'Bid Recap', 'Information Tech Administrator asked for your approval.', 2, 1, 1, 0, '2021-10-25 10:36:54', '2021-11-03 04:49:22'),
(419, 2, 40, 2, 'Bid Recap', 'Information Tech Administrator asked for your approval.', 2, 1, 1, 0, '2021-10-25 10:37:33', '2021-11-03 04:49:22'),
(420, 1, 40, 1, 'Bid Recap', 'BR-21-00001: Your request has been approved.', 7, 1, 2, 0, '2021-10-25 10:38:06', '2021-12-12 23:49:23'),
(421, 1, 40, 2, 'Bid Recap', 'BR-21-00002: Your request has been approved.', 7, 1, 2, 0, '2021-10-25 10:38:20', '2021-12-12 23:49:23'),
(422, 1, 40, 3, 'Bid Recap', 'BR-21-00003: Your request has been approved.', 7, 1, 2, 0, '2021-10-25 10:38:34', '2021-12-12 23:49:23'),
(423, 1, 40, 4, 'Bid Recap', 'BR-21-00004: Your request has been approved.', 7, 1, 2, 0, '2021-10-25 10:38:53', '2021-12-12 23:49:23'),
(424, 2, 46, 12, 'Purchase Request', 'Information Tech Administrator asked for your approval.', 2, 1, 1, 0, '2021-10-25 10:39:45', '2021-11-03 04:49:22'),
(425, 2, 46, 5, 'Purchase Request', 'Information Tech Administrator asked for your approval.', 2, 1, 1, 0, '2021-10-25 10:40:04', '2021-11-03 04:49:22'),
(426, 2, 46, 6, 'Purchase Request', 'Information Tech Administrator asked for your approval.', 2, 1, 1, 0, '2021-10-25 10:40:22', '2021-11-03 04:49:22'),
(427, 2, 46, 7, 'Purchase Request', 'Information Tech Administrator asked for your approval.', 2, 1, 1, 0, '2021-10-25 10:40:37', '2021-11-03 04:49:22'),
(428, 2, 46, 8, 'Purchase Request', 'Information Tech Administrator asked for your approval.', 2, 1, 1, 0, '2021-10-25 10:40:53', '2021-11-03 04:49:22'),
(429, 1, 46, 12, 'Purchase Request', 'PR-21-00012: Your request has been approved.', 7, 1, 2, 0, '2021-10-25 10:41:52', '2021-12-12 23:49:23'),
(430, 1, 46, 5, 'Purchase Request', 'PR-21-00005: Your request has been approved.', 7, 1, 2, 0, '2021-10-25 10:42:09', '2021-12-12 23:49:23'),
(431, 1, 46, 6, 'Purchase Request', 'PR-21-00006: Your request has been approved.', 7, 1, 2, 0, '2021-10-25 10:42:21', '2021-12-12 23:49:23'),
(432, 1, 46, 7, 'Purchase Request', 'PR-21-00007: Your request has been approved.', 7, 1, 2, 0, '2021-10-25 10:42:42', '2021-12-12 23:49:23'),
(433, 1, 46, 8, 'Purchase Request', 'PR-21-00008: Your request has been approved.', 7, 1, 2, 0, '2021-10-25 10:42:54', '2021-12-12 23:49:23'),
(434, 2, 33, 8, 'Inventory Receiving', 'Information Tech Administrator asked for your approval.', 2, 1, 1, 0, '2021-10-25 10:45:07', '2021-11-03 04:49:22'),
(435, 2, 33, 5, 'Inventory Receiving', 'Information Tech Administrator asked for your approval.', 2, 1, 1, 0, '2021-10-25 10:45:30', '2021-11-03 04:49:22'),
(436, 2, 33, 7, 'Inventory Receiving', 'Information Tech Administrator asked for your approval.', 2, 1, 1, 0, '2021-10-25 10:46:17', '2021-11-03 04:49:22'),
(437, 2, 33, 6, 'Inventory Receiving', 'Information Tech Administrator asked for your approval.', 2, 1, 1, 0, '2021-10-25 10:46:43', '2021-11-03 04:49:22'),
(438, 1, 33, 4, 'Inventory Receiving', 'INR-21-00004: Your request has been approved.', 7, 1, 2, 0, '2021-10-25 10:47:42', '2021-12-12 23:49:23'),
(439, 1, 33, 8, 'Inventory Receiving', 'INR-21-00008: Your request has been approved.', 7, 1, 2, 0, '2021-10-25 10:47:52', '2021-12-12 23:49:23'),
(440, 1, 33, 5, 'Inventory Receiving', 'INR-21-00005: Your request has been approved.', 7, 1, 2, 0, '2021-10-25 10:48:12', '2021-12-12 23:49:23'),
(441, 1, 33, 7, 'Inventory Receiving', 'INR-21-00007: Your request has been approved.', 7, 1, 2, 0, '2021-10-25 10:48:34', '2021-12-12 23:49:23'),
(442, 1, 33, 6, 'Inventory Receiving', 'INR-21-00006: Your request has been approved.', 7, 1, 2, 0, '2021-10-25 10:48:47', '2021-12-12 23:49:23'),
(443, 2, 137, 5, 'Inventory Requisition', 'Information Tech Administrator asked for your approval.', 2, 1, 1, 0, '2021-10-25 12:35:33', '2021-11-03 04:49:22'),
(444, 1, 137, 5, 'Inventory Requisition', 'IRF-21-00005: Your request has been approved.', 7, 1, 2, 0, '2021-10-25 12:36:11', '2021-12-12 23:49:23'),
(445, 2, 126, 5, 'Inventory Validation', 'Information Tech Administrator asked for your approval.', 2, 1, 1, 0, '2021-10-25 12:56:27', '2021-11-03 04:49:22'),
(446, 2, 46, 11, 'Purchase Request', 'Information Tech Administrator asked for your approval.', 2, 1, 1, 0, '2021-10-25 13:55:41', '2021-11-03 04:49:22'),
(447, 2, 46, 10, 'Purchase Request', 'Information Tech Administrator asked for your approval.', 2, 1, 1, 0, '2021-10-25 13:56:05', '2021-11-03 04:49:22'),
(448, 2, 46, 9, 'Purchase Request', 'Information Tech Administrator asked for your approval.', 2, 1, 1, 0, '2021-10-25 13:56:54', '2021-11-03 04:49:22'),
(449, 1, 46, 11, 'Purchase Request', 'PR-21-00011: Your request has been approved.', 7, 1, 2, 0, '2021-10-25 13:57:35', '2021-12-12 23:49:23'),
(450, 1, 46, 10, 'Purchase Request', 'PR-21-00010: Your request has been approved.', 7, 1, 2, 0, '2021-10-25 13:57:51', '2021-12-12 23:49:23'),
(451, 1, 46, 9, 'Purchase Request', 'PR-21-00009: Your request has been approved.', 7, 1, 2, 0, '2021-10-25 13:58:06', '2021-12-12 23:49:23'),
(452, 2, 33, 12, 'Inventory Receiving', 'Information Tech Administrator asked for your approval.', 2, 1, 1, 0, '2021-10-25 14:17:51', '2021-11-03 04:49:22'),
(453, 1, 126, 5, 'Inventory Validation', 'IVR-21-00005: Your request has been approved.', 7, 1, 2, 0, '2021-10-25 14:26:46', '2021-12-12 23:49:23'),
(454, 2, 90, 4, 'Project Timeline', 'Information Tech Administrator asked for your approval.', 2, 1, 1, 0, '2021-10-25 14:42:24', '2021-11-03 04:49:22'),
(455, 2, 90, 5, 'Project Timeline', 'Information Tech Administrator asked for your approval.', 2, 1, 1, 0, '2021-10-25 14:42:39', '2021-11-03 04:49:22'),
(456, 1, 90, 5, 'Project Timeline', 'PBT-21-00005: Your request has been approved.', 7, 1, 2, 0, '2021-10-25 14:43:47', '2021-12-12 23:49:23'),
(457, 1, 90, 4, 'Project Timeline', 'PBT-21-00004: Your request has been approved.', 7, 1, 2, 0, '2021-10-25 14:44:06', '2021-12-12 23:49:23'),
(458, 20, 92, 6, 'Project Management Board', 'Information Tech Administrator asked for your approval.', 2, 0, 1, 0, '2021-10-25 14:52:00', '2021-10-25 14:52:00'),
(459, 20, 92, 5, 'Project Management Board', 'Information Tech Administrator asked for your approval.', 2, 0, 1, 0, '2021-10-25 14:52:54', '2021-10-25 14:52:54'),
(460, 2, 38, 4, 'Cost Estimate', 'Information Tech Administrator asked for your approval.', 2, 1, 1, 0, '2021-10-25 14:54:55', '2021-11-03 04:49:22'),
(461, 1, 38, 4, 'Cost Estimate', 'CEF-21-00004: Your request has been approved.', 7, 1, 2, 0, '2021-10-25 15:00:09', '2021-12-12 23:49:23'),
(462, 2, 39, 4, 'Bill of Material', 'Information Tech Administrator asked for your approval.', 2, 1, 1, 0, '2021-10-25 15:00:35', '2021-11-03 04:49:22'),
(463, 1, 39, 4, 'Bill of Material', 'BOM-21-00004: Your request has been approved.', 7, 1, 2, 0, '2021-10-25 15:12:09', '2021-12-12 23:49:23'),
(464, 2, 137, 6, 'Inventory Requisition', 'Information Tech Administrator asked for your approval.', 2, 1, 1, 0, '2021-10-25 15:12:35', '2021-11-03 04:49:22'),
(465, 2, 137, 7, 'Inventory Requisition', 'Information Tech Administrator asked for your approval.', 2, 1, 1, 0, '2021-10-25 15:13:17', '2021-11-03 04:49:22'),
(466, 2, 137, 8, 'Inventory Requisition', 'Information Tech Administrator asked for your approval.', 2, 1, 1, 0, '2021-10-25 15:13:53', '2021-11-03 04:49:22'),
(467, 1, 137, 6, 'Inventory Requisition', 'IRF-21-00006: Your request has been approved.', 7, 1, 2, 0, '2021-10-25 15:14:17', '2021-12-12 23:49:23'),
(468, 1, 137, 7, 'Inventory Requisition', 'IRF-21-00007: Your request has been approved.', 7, 1, 2, 0, '2021-10-25 15:14:26', '2021-12-12 23:49:23'),
(469, 1, 137, 8, 'Inventory Requisition', 'IRF-21-00008: Your request has been approved.', 7, 1, 2, 0, '2021-10-25 15:14:37', '2021-12-12 23:49:23'),
(470, 2, 126, 6, 'Inventory Validation', 'Information Tech Administrator asked for your approval.', 2, 1, 1, 0, '2021-10-25 15:15:40', '2021-11-03 04:49:22'),
(471, 2, 126, 8, 'Inventory Validation', 'Information Tech Administrator asked for your approval.', 2, 1, 1, 0, '2021-10-25 15:15:55', '2021-11-03 04:49:22'),
(472, 2, 126, 7, 'Inventory Validation', 'Information Tech Administrator asked for your approval.', 2, 1, 1, 0, '2021-10-25 15:16:20', '2021-11-03 04:49:22'),
(473, 2, 137, 9, 'Inventory Requisition', 'Information Tech Administrator asked for your approval.', 2, 1, 1, 0, '2021-10-25 15:17:11', '2021-11-03 04:49:22'),
(474, 1, 137, 9, 'Inventory Requisition', 'IRF-21-00009: Your request has been approved.', 7, 1, 2, 0, '2021-10-25 15:17:53', '2021-12-12 23:49:23'),
(475, 2, 126, 9, 'Inventory Validation', 'Information Tech Administrator asked for your approval.', 2, 1, 1, 0, '2021-10-25 15:18:34', '2021-11-03 04:49:22'),
(476, 2, 137, 10, 'Inventory Requisition', 'Information Tech Administrator asked for your approval.', 2, 1, 1, 0, '2021-10-25 15:19:57', '2021-11-03 04:49:22'),
(477, 1, 137, 10, 'Inventory Requisition', 'IRF-21-00010: Your request has been approved.', 7, 1, 2, 0, '2021-10-25 15:20:34', '2021-12-12 23:49:23'),
(478, 2, 126, 10, 'Inventory Validation', 'Information Tech Administrator asked for your approval.', 2, 1, 1, 0, '2021-10-25 15:21:30', '2021-11-03 04:49:22'),
(479, 2, 137, 11, 'Inventory Requisition', 'Information Tech Administrator asked for your approval.', 2, 1, 1, 0, '2021-10-25 15:22:17', '2021-11-03 04:49:22'),
(480, 1, 137, 11, 'Inventory Requisition', 'IRF-21-00011: Your request has been approved.', 7, 1, 2, 0, '2021-10-25 15:22:44', '2021-12-12 23:49:23'),
(481, 1, 126, 10, 'Inventory Validation', 'IVR-21-00010: Your request has been approved.', 7, 1, 2, 0, '2021-10-25 15:24:24', '2021-12-12 23:49:23'),
(482, 1, 126, 9, 'Inventory Validation', 'IVR-21-00009: Your request has been approved.', 7, 1, 2, 0, '2021-10-25 15:24:40', '2021-12-12 23:49:23'),
(483, 1, 126, 6, 'Inventory Validation', 'IVR-21-00006: Your request has been approved.', 7, 1, 2, 0, '2021-10-25 15:25:03', '2021-12-12 23:49:23'),
(484, 1, 126, 8, 'Inventory Validation', 'IVR-21-00008: Your request has been approved.', 7, 1, 2, 0, '2021-10-25 15:25:35', '2021-12-12 23:49:23'),
(485, 1, 126, 7, 'Inventory Validation', 'IVR-21-00007: Your request has been approved.', 7, 1, 2, 0, '2021-10-25 15:26:30', '2021-12-12 23:49:23'),
(486, 2, 137, 12, 'Inventory Requisition', 'Information Tech Administrator asked for your approval.', 2, 1, 1, 0, '2021-10-25 15:32:05', '2021-11-03 04:49:22'),
(487, 1, 137, 12, 'Inventory Requisition', 'IRF-21-00012: Your request has been approved.', 7, 1, 2, 0, '2021-10-25 15:32:26', '2021-12-12 23:49:23'),
(488, 2, 126, 12, 'Inventory Validation', 'Information Tech Administrator asked for your approval.', 2, 1, 1, 0, '2021-10-25 15:34:37', '2021-11-03 04:49:22'),
(489, 1, 126, 12, 'Inventory Validation', 'IVR-21-00012: Your request has been approved.', 7, 1, 2, 0, '2021-10-25 15:35:22', '2021-12-12 23:49:23'),
(490, 2, 45, 1, 'Material Usage', 'Information Tech Administrator asked for your approval.', 2, 1, 1, 0, '2021-10-25 16:00:33', '2021-11-03 04:49:22'),
(491, 2, 45, 2, 'Material Usage', 'Information Tech Administrator asked for your approval.', 2, 1, 1, 0, '2021-10-25 16:01:15', '2021-11-03 04:49:22'),
(492, 1, 45, 1, 'Material Usage', 'MUF-21-00001: Your request has been approved.', 7, 1, 2, 0, '2021-10-25 16:01:42', '2021-12-12 23:49:23'),
(493, 1, 45, 2, 'Material Usage', 'MUF-21-00002: Your request has been approved.', 7, 1, 2, 0, '2021-10-25 16:01:58', '2021-12-12 23:49:23'),
(494, 2, 46, 13, 'Purchase Request', 'Information Tech Administrator asked for your approval.', 2, 1, 1, 2, '2021-10-26 08:29:32', '2021-10-26 00:30:49'),
(495, 1, 46, 13, 'Purchase Request', 'PR-21-00013: Your request has been approved.', 7, 1, 2, 0, '2021-10-26 08:31:09', '2021-12-12 23:49:23'),
(496, 2, 33, 13, 'Inventory Receiving', 'Information Tech Administrator asked for your approval.', 2, 1, 1, 0, '2021-10-26 08:32:41', '2021-11-03 04:49:22'),
(497, 2, 46, 14, 'Purchase Request', 'Information Tech Administrator asked for your approval.', 2, 1, 1, 0, '2021-10-26 08:34:20', '2021-11-03 04:49:22'),
(498, 1, 46, 14, 'Purchase Request', 'PR-21-00014: Your request has been approved.', 7, 1, 2, 0, '2021-10-26 08:34:57', '2021-12-12 23:49:23'),
(499, 2, 33, 14, 'Inventory Receiving', 'Information Tech Administrator asked for your approval.', 2, 1, 1, 0, '2021-10-26 08:37:45', '2021-11-03 04:49:22'),
(500, 1, 33, 14, 'Inventory Receiving', 'INR-21-00014: Your request has been approved.', 7, 1, 2, 0, '2021-10-26 08:38:26', '2021-12-12 23:49:23'),
(501, 2, 90, 1, 'Project Timeline', 'Yow Lee Rah Me Zares asked for your approval.', 2, 1, 23, 0, '2021-10-26 10:14:28', '2021-11-03 04:49:22'),
(502, 2, 90, 2, 'Project Timeline', 'Yow Lee Rah Me Zares asked for your approval.', 2, 1, 23, 0, '2021-10-26 10:14:37', '2021-11-03 04:49:22'),
(503, 2, 90, 3, 'Project Timeline', 'Yow Lee Rah Me Zares asked for your approval.', 2, 1, 23, 0, '2021-10-26 10:14:46', '2021-11-03 04:49:22'),
(504, 23, 90, 1, 'Project Timeline', 'PBT-21-00001: Your request has been approved.', 7, 0, 2, 0, '2021-10-26 10:15:13', '2021-10-26 10:15:13'),
(505, 23, 90, 2, 'Project Timeline', 'PBT-21-00002: Your request has been approved.', 7, 0, 2, 0, '2021-10-26 10:15:26', '2021-10-26 10:15:26'),
(506, 23, 90, 3, 'Project Timeline', 'PBT-21-00003: Your request has been approved.', 7, 0, 2, 0, '2021-10-26 10:15:45', '2021-10-26 10:15:45'),
(507, 2, 92, 1, 'Project Management Board', 'Yow Lee Rah Me Zares asked for your approval.', 2, 1, 23, 0, '2021-10-26 10:28:18', '2021-11-03 04:49:22'),
(508, 2, 92, 3, 'Project Management Board', 'Yow Lee Rah Me Zares asked for your approval.', 2, 1, 23, 0, '2021-10-26 10:29:10', '2021-11-03 04:49:22'),
(509, 2, 92, 2, 'Project Management Board', 'Yow Lee Rah Me Zares asked for your approval.', 2, 1, 23, 0, '2021-10-26 10:30:45', '2021-11-03 04:49:22'),
(510, 2, 38, 1, 'Cost Estimate', 'Yow Lee Rah Me Zares asked for your approval.', 2, 1, 23, 0, '2021-10-26 10:33:27', '2021-11-03 04:49:22'),
(511, 2, 38, 3, 'Cost Estimate', 'Yow Lee Rah Me Zares asked for your approval.', 2, 1, 23, 0, '2021-10-26 10:35:18', '2021-11-03 04:49:22'),
(512, 2, 38, 2, 'Cost Estimate', 'Yow Lee Rah Me Zares asked for your approval.', 2, 1, 23, 0, '2021-10-26 10:36:56', '2021-11-03 04:49:22'),
(513, 23, 38, 1, 'Cost Estimate', 'CEF-21-00001: Your request has been approved.', 7, 0, 2, 0, '2021-10-26 10:37:29', '2021-10-26 10:37:29'),
(514, 23, 38, 2, 'Cost Estimate', 'CEF-21-00002: Your request has been approved.', 7, 0, 2, 0, '2021-10-26 10:38:26', '2021-10-26 10:38:26'),
(515, 23, 38, 3, 'Cost Estimate', 'CEF-21-00003: Your request has been approved.', 7, 0, 2, 0, '2021-10-26 10:38:38', '2021-10-26 10:38:38'),
(516, 2, 46, 3, 'Purchase Request', 'Information Tech Administrator asked for your approval.', 2, 1, 1, 0, '2021-10-26 12:30:50', '2021-11-03 04:49:22'),
(517, 2, 126, 1, 'Inventory Validation', 'Rodeny Bamba asked for your approval.', 2, 1, 28, 0, '2021-10-26 12:40:12', '2021-11-03 04:49:22'),
(518, 2, 126, 3, 'Inventory Validation', 'Rodeny Bamba asked for your approval.', 2, 1, 28, 0, '2021-10-26 12:40:32', '2021-11-03 04:49:22'),
(519, 2, 126, 2, 'Inventory Validation', 'Rodeny Bamba asked for your approval.', 2, 1, 28, 0, '2021-10-26 12:41:00', '2021-11-03 04:49:22'),
(520, 28, 126, 1, 'Inventory Validation', 'IVR-21-00001: Your request has been approved.', 7, 0, 2, 0, '2021-10-26 12:41:45', '2021-10-26 12:41:45'),
(521, 28, 126, 2, 'Inventory Validation', 'IVR-21-00002: Your request has been approved.', 7, 0, 2, 0, '2021-10-26 12:42:55', '2021-10-26 12:42:55'),
(522, 28, 126, 3, 'Inventory Validation', 'IVR-21-00003: Your request has been approved.', 7, 1, 2, 28, '2021-10-26 12:51:56', '2021-10-26 05:39:38'),
(523, 2, 40, 1, 'Bid Recap', 'Renna Telesforo asked for your approval.', 2, 1, 7, 0, '2021-10-26 12:53:04', '2021-11-03 04:49:22'),
(524, 2, 40, 3, 'Bid Recap', 'Renna Telesforo asked for your approval.', 2, 1, 7, 0, '2021-10-26 12:55:46', '2021-11-03 04:49:22'),
(525, 2, 40, 2, 'Bid Recap', 'Renna Telesforo asked for your approval.', 2, 1, 7, 0, '2021-10-26 12:56:42', '2021-11-03 04:49:22'),
(526, 7, 40, 1, 'Bid Recap', 'BR-21-00001: Your request has been approved.', 7, 0, 2, 0, '2021-10-26 12:57:29', '2021-10-26 12:57:29'),
(527, 7, 40, 2, 'Bid Recap', 'BR-21-00002: Your request has been approved.', 7, 0, 2, 0, '2021-10-26 12:57:54', '2021-10-26 12:57:54'),
(528, 7, 40, 3, 'Bid Recap', 'BR-21-00003: Your request has been approved.', 7, 0, 2, 0, '2021-10-26 12:58:08', '2021-10-26 12:58:08'),
(529, 2, 46, 4, 'Purchase Request', 'Renna Telesforo asked for your approval.', 2, 1, 7, 0, '2021-10-26 12:58:49', '2021-11-03 04:49:22'),
(530, 2, 46, 6, 'Purchase Request', 'Renna Telesforo asked for your approval.', 2, 1, 7, 0, '2021-10-26 12:59:08', '2021-11-03 04:49:22'),
(531, 2, 46, 5, 'Purchase Request', 'Renna Telesforo asked for your approval.', 2, 1, 7, 0, '2021-10-26 12:59:29', '2021-11-03 04:49:22'),
(532, 7, 46, 4, 'Purchase Request', 'PR-21-00004: Your request has been approved.', 7, 0, 2, 0, '2021-10-26 13:00:20', '2021-10-26 13:00:20'),
(533, 7, 46, 5, 'Purchase Request', 'PR-21-00005: Your request has been approved.', 7, 0, 2, 0, '2021-10-26 13:00:33', '2021-10-26 13:00:33'),
(534, 7, 46, 6, 'Purchase Request', 'PR-21-00006: Your request has been approved.', 7, 0, 2, 0, '2021-10-26 13:00:44', '2021-10-26 13:00:44'),
(535, 2, 40, 4, 'Bid Recap', 'Renna Telesforo asked for your approval.', 2, 1, 7, 0, '2021-10-26 13:04:08', '2021-11-03 04:49:22'),
(536, 7, 40, 4, 'Bid Recap', 'BR-21-00004: Your request has been approved.', 7, 0, 2, 0, '2021-10-26 13:04:32', '2021-10-26 13:04:32'),
(537, 2, 46, 7, 'Purchase Request', 'Renna Telesforo asked for your approval.', 2, 1, 7, 0, '2021-10-26 13:05:16', '2021-11-03 04:49:22'),
(538, 7, 46, 7, 'Purchase Request', 'PR-21-00007: Your request has been approved.', 7, 0, 2, 0, '2021-10-26 13:05:37', '2021-10-26 13:05:37'),
(539, 28, 45, 1, 'Material Usage', 'Yow Lee Rah Me Zares asked for your approval.', 2, 0, 23, 0, '2021-10-26 13:57:11', '2021-10-26 13:57:11'),
(540, 23, 45, 1, 'Material Usage', 'MUF-21-00001: Your request has been approved.', 7, 0, 28, 0, '2021-10-26 13:58:56', '2021-10-26 13:58:56'),
(541, 2, 49, 1, 'Service Requisition', 'Information Tech Administrator asked for your approval.', 2, 1, 1, 0, '2021-10-26 14:06:42', '2021-11-03 04:49:22'),
(542, 28, 45, 2, 'Material Usage', 'Yow Lee Rah Me Zares asked for your approval.', 2, 0, 23, 0, '2021-10-26 14:36:52', '2021-10-26 14:36:52'),
(543, 23, 45, 2, 'Material Usage', 'MUF-21-00002: Your request has been approved.', 7, 0, 28, 0, '2021-10-26 14:46:21', '2021-10-26 14:46:21'),
(544, 2, 126, 4, 'Inventory Validation', 'Rodeny Bamba asked for your approval.', 2, 1, 28, 0, '2021-10-26 15:28:14', '2021-11-03 04:49:22'),
(545, 28, 126, 4, 'Inventory Validation', 'IVR-21-00004: Your request has been approved.', 7, 1, 2, 28, '2021-10-26 15:29:04', '2021-10-27 06:16:48'),
(546, 2, 40, 5, 'Bid Recap', 'Renna Telesforo asked for your approval.', 2, 1, 7, 0, '2021-10-26 15:30:20', '2021-11-03 04:49:22'),
(547, 7, 40, 5, 'Bid Recap', 'BR-21-00005: Your request has been approved.', 7, 0, 2, 0, '2021-10-26 15:30:48', '2021-10-26 15:30:48'),
(548, 2, 46, 8, 'Purchase Request', 'Renna Telesforo asked for your approval.', 2, 1, 7, 0, '2021-10-26 15:31:17', '2021-11-03 04:49:22'),
(549, 7, 46, 8, 'Purchase Request', 'PR-21-00008: Your request has been approved.', 7, 0, 2, 0, '2021-10-26 15:31:39', '2021-10-26 15:31:39'),
(550, 2, 90, 4, 'Project Timeline', 'Information Tech Administrator asked for your approval.', 2, 1, 1, 2, '2021-10-27 08:34:05', '2021-10-27 00:36:30'),
(551, 1, 90, 4, 'Project Timeline', 'PBT-21-00004: Your request has been approved.', 7, 1, 2, 0, '2021-10-27 08:36:48', '2021-12-12 23:49:23'),
(552, 2, 90, 5, 'Project Timeline', 'Yow Lee Rah Me Zares asked for your approval.', 2, 1, 23, 0, '2021-10-27 13:25:05', '2021-11-03 04:49:22'),
(553, 2, 90, 6, 'Project Timeline', 'Yow Lee Rah Me Zares asked for your approval.', 2, 1, 23, 0, '2021-10-27 13:25:16', '2021-11-03 04:49:22'),
(554, 2, 90, 7, 'Project Timeline', 'Yow Lee Rah Me Zares asked for your approval.', 2, 1, 23, 0, '2021-10-27 13:25:32', '2021-11-03 04:49:22'),
(555, 23, 90, 5, 'Project Timeline', 'PBT-21-00005: Your request has been approved.', 7, 0, 2, 0, '2021-10-27 13:26:44', '2021-10-27 13:26:44'),
(556, 23, 90, 6, 'Project Timeline', 'PBT-21-00006: Your request has been approved.', 7, 0, 2, 0, '2021-10-27 13:27:00', '2021-10-27 13:27:00'),
(557, 23, 90, 7, 'Project Timeline', 'PBT-21-00007: Your request has been approved.', 7, 0, 2, 0, '2021-10-27 13:27:14', '2021-10-27 13:27:14'),
(558, 2, 92, 7, 'Project Management Board', 'Yow Lee Rah Me Zares asked for your approval.', 2, 1, 23, 0, '2021-10-27 13:36:53', '2021-11-03 04:49:22'),
(559, 2, 92, 5, 'Project Management Board', 'Yow Lee Rah Me Zares asked for your approval.', 2, 1, 23, 0, '2021-10-27 13:37:44', '2021-11-03 04:49:22'),
(560, 2, 90, 8, 'Project Timeline', 'Yow Lee Rah Me Zares asked for your approval.', 2, 1, 23, 0, '2021-10-27 13:40:26', '2021-11-03 04:49:22'),
(561, 23, 90, 8, 'Project Timeline', 'PBT-21-00008: Your request has been approved.', 7, 0, 2, 0, '2021-10-27 13:40:48', '2021-10-27 13:40:48'),
(562, 2, 92, 8, 'Project Management Board', 'Yow Lee Rah Me Zares asked for your approval.', 2, 1, 23, 0, '2021-10-27 13:43:51', '2021-11-03 04:49:22'),
(563, 2, 92, 6, 'Project Management Board', 'Yow Lee Rah Me Zares asked for your approval.', 2, 1, 23, 0, '2021-10-27 13:45:42', '2021-11-03 04:49:22'),
(564, 2, 90, 9, 'Project Timeline', 'Yow Lee Rah Me Zares asked for your approval.', 2, 1, 23, 0, '2021-10-27 13:50:45', '2021-11-03 04:49:22'),
(565, 23, 90, 9, 'Project Timeline', 'PBT-21-00009: Your request has been approved.', 7, 0, 2, 0, '2021-10-27 13:51:16', '2021-10-27 13:51:16'),
(566, 2, 38, 6, 'Cost Estimate', 'Yow Lee Rah Me Zares asked for your approval.', 2, 1, 23, 0, '2021-10-27 13:57:48', '2021-11-03 04:49:22'),
(567, 2, 38, 4, 'Cost Estimate', 'Yow Lee Rah Me Zares asked for your approval.', 2, 1, 23, 0, '2021-10-27 13:58:41', '2021-11-03 04:49:22'),
(568, 2, 38, 5, 'Cost Estimate', 'Yow Lee Rah Me Zares asked for your approval.', 2, 1, 23, 0, '2021-10-27 14:00:14', '2021-11-03 04:49:22'),
(569, 23, 38, 6, 'Cost Estimate', 'CEF-21-00006: Your request has been approved.', 7, 0, 2, 0, '2021-10-27 14:04:18', '2021-10-27 14:04:18'),
(570, 23, 38, 4, 'Cost Estimate', 'CEF-21-00004: Your request has been approved.', 7, 0, 2, 0, '2021-10-27 14:04:34', '2021-10-27 14:04:34'),
(571, 23, 38, 5, 'Cost Estimate', 'CEF-21-00005: Your request has been approved.', 7, 0, 2, 0, '2021-10-27 14:04:50', '2021-10-27 14:04:50'),
(572, 2, 39, 6, 'Bill of Material', 'Yow Lee Rah Me Zares asked for your approval.', 2, 1, 23, 0, '2021-10-27 14:09:37', '2021-11-03 04:49:22'),
(573, 2, 39, 5, 'Bill of Material', 'Yow Lee Rah Me Zares asked for your approval.', 2, 1, 23, 0, '2021-10-27 14:09:48', '2021-11-03 04:49:22'),
(574, 23, 39, 5, 'Bill of Material', 'BOM-21-00005: Your request has been approved.', 7, 0, 2, 0, '2021-10-27 14:11:16', '2021-10-27 14:11:16'),
(575, 23, 39, 4, 'Bill of Material', 'BOM-21-00004: Your request has been approved.', 7, 0, 2, 0, '2021-10-27 14:11:43', '2021-10-27 14:11:43'),
(576, 23, 39, 6, 'Bill of Material', 'BOM-21-00006: Your request has been approved.', 7, 0, 2, 0, '2021-10-27 14:11:59', '2021-10-27 14:11:59'),
(577, 2, 126, 7, 'Inventory Validation', 'Rodeny Bamba asked for your approval.', 2, 1, 28, 0, '2021-10-27 14:19:04', '2021-11-03 04:49:22'),
(578, 2, 126, 5, 'Inventory Validation', 'Rodeny Bamba asked for your approval.', 2, 1, 28, 0, '2021-10-27 14:31:33', '2021-11-03 04:49:22'),
(579, 2, 126, 6, 'Inventory Validation', 'Rodeny Bamba asked for your approval.', 2, 1, 28, 0, '2021-10-27 14:32:06', '2021-11-03 04:49:22'),
(580, 28, 126, 6, 'Inventory Validation', 'IVR-21-00006: Your request has been approved.', 7, 0, 2, 0, '2021-10-27 14:33:17', '2021-10-27 14:33:17'),
(581, 28, 126, 5, 'Inventory Validation', 'IVR-21-00005: Your request has been approved.', 7, 0, 2, 0, '2021-10-27 14:33:39', '2021-10-27 14:33:39'),
(582, 28, 126, 7, 'Inventory Validation', 'IVR-21-00007: Your request has been approved.', 7, 0, 2, 0, '2021-10-27 14:38:56', '2021-10-27 14:38:56'),
(583, 2, 126, 10, 'Inventory Validation', 'Rodeny Bamba asked for your approval.', 2, 1, 28, 0, '2021-10-27 14:49:06', '2021-11-03 04:49:22'),
(584, 2, 126, 13, 'Inventory Validation', 'Rodeny Bamba asked for your approval.', 2, 1, 28, 0, '2021-10-27 14:51:24', '2021-11-03 04:49:22'),
(585, 2, 126, 12, 'Inventory Validation', 'Rodeny Bamba asked for your approval.', 2, 1, 28, 0, '2021-10-27 14:51:40', '2021-11-03 04:49:22'),
(586, 28, 126, 10, 'Inventory Validation', 'IVR-21-00010: Your request has been approved.', 7, 0, 2, 0, '2021-10-27 14:52:58', '2021-10-27 14:52:58'),
(587, 28, 126, 12, 'Inventory Validation', 'IVR-21-00012: Your request has been approved.', 7, 0, 2, 0, '2021-10-27 14:58:23', '2021-10-27 14:58:23'),
(588, 28, 126, 13, 'Inventory Validation', 'IVR-21-00013: Your request has been approved.', 7, 0, 2, 0, '2021-10-27 14:58:35', '2021-10-27 14:58:35'),
(589, 2, 126, 8, 'Inventory Validation', 'Rodeny Bamba asked for your approval.', 2, 1, 28, 0, '2021-10-27 15:02:54', '2021-11-03 04:49:22'),
(590, 2, 126, 9, 'Inventory Validation', 'Rodeny Bamba asked for your approval.', 2, 1, 28, 0, '2021-10-27 15:03:10', '2021-11-03 04:49:22'),
(591, 2, 126, 11, 'Inventory Validation', 'Rodeny Bamba asked for your approval.', 2, 1, 28, 0, '2021-10-27 15:03:24', '2021-11-03 04:49:22'),
(592, 28, 126, 8, 'Inventory Validation', 'IVR-21-00008: Your request has been approved.', 7, 0, 2, 0, '2021-10-27 15:04:05', '2021-10-27 15:04:05'),
(593, 28, 126, 9, 'Inventory Validation', 'IVR-21-00009: Your request has been approved.', 7, 0, 2, 0, '2021-10-27 15:04:38', '2021-10-27 15:04:38'),
(594, 28, 126, 11, 'Inventory Validation', 'IVR-21-00011: Your request has been approved.', 7, 0, 2, 0, '2021-10-27 15:05:08', '2021-10-27 15:05:08'),
(595, 2, 40, 6, 'Bid Recap', 'Renna Telesforo asked for your approval.', 2, 1, 7, 0, '2021-10-27 15:07:09', '2021-11-03 04:49:22'),
(596, 2, 40, 7, 'Bid Recap', 'Renna Telesforo asked for your approval.', 2, 1, 7, 0, '2021-10-27 15:07:31', '2021-11-03 04:49:22'),
(597, 2, 40, 8, 'Bid Recap', 'Renna Telesforo asked for your approval.', 2, 1, 7, 0, '2021-10-27 15:07:57', '2021-11-03 04:49:22'),
(598, 2, 40, 9, 'Bid Recap', 'Renna Telesforo asked for your approval.', 2, 1, 7, 0, '2021-10-27 15:08:39', '2021-11-03 04:49:22'),
(599, 7, 40, 6, 'Bid Recap', 'BR-21-00006: Your request has been approved.', 7, 0, 2, 0, '2021-10-27 15:10:02', '2021-10-27 15:10:02'),
(600, 7, 40, 7, 'Bid Recap', 'BR-21-00007: Your request has been approved.', 7, 0, 2, 0, '2021-10-27 15:10:15', '2021-10-27 15:10:15'),
(601, 7, 40, 8, 'Bid Recap', 'BR-21-00008: Your request has been approved.', 7, 0, 2, 0, '2021-10-27 15:10:28', '2021-10-27 15:10:28'),
(602, 7, 40, 9, 'Bid Recap', 'BR-21-00009: Your request has been approved.', 7, 0, 2, 0, '2021-10-27 15:10:44', '2021-10-27 15:10:44'),
(603, 2, 46, 13, 'Purchase Request', 'Renna Telesforo asked for your approval.', 2, 1, 7, 0, '2021-10-27 15:11:21', '2021-11-03 04:49:22'),
(604, 2, 46, 12, 'Purchase Request', 'Renna Telesforo asked for your approval.', 2, 1, 7, 0, '2021-10-27 15:11:35', '2021-11-03 04:49:22'),
(605, 2, 46, 11, 'Purchase Request', 'Renna Telesforo asked for your approval.', 2, 1, 7, 0, '2021-10-27 15:12:07', '2021-11-03 04:49:22'),
(606, 2, 46, 9, 'Purchase Request', 'Renna Telesforo asked for your approval.', 2, 1, 7, 0, '2021-10-27 15:12:21', '2021-11-03 04:49:22'),
(607, 2, 46, 10, 'Purchase Request', 'Renna Telesforo asked for your approval.', 2, 1, 7, 0, '2021-10-27 15:12:37', '2021-11-03 04:49:22'),
(608, 1, 46, 3, 'Purchase Request', 'PR-21-00003: Your request has been denied.', 1, 1, 2, 0, '2021-10-27 15:13:17', '2021-12-12 23:49:23'),
(609, 7, 46, 13, 'Purchase Request', 'PR-21-00013: Your request has been approved.', 7, 0, 2, 0, '2021-10-27 15:13:30', '2021-10-27 15:13:30'),
(610, 7, 46, 12, 'Purchase Request', 'PR-21-00012: Your request has been approved.', 7, 0, 2, 0, '2021-10-27 15:13:43', '2021-10-27 15:13:43'),
(611, 7, 46, 11, 'Purchase Request', 'PR-21-00011: Your request has been approved.', 7, 0, 2, 0, '2021-10-27 15:13:56', '2021-10-27 15:13:56'),
(612, 7, 46, 9, 'Purchase Request', 'PR-21-00009: Your request has been approved.', 7, 0, 2, 0, '2021-10-27 15:14:06', '2021-10-27 15:14:06'),
(613, 7, 46, 10, 'Purchase Request', 'PR-21-00010: Your request has been approved.', 7, 0, 2, 0, '2021-10-27 15:14:18', '2021-10-27 15:14:18'),
(614, 2, 33, 10, 'Inventory Receiving', 'Renna Telesforo asked for your approval.', 2, 1, 7, 0, '2021-10-27 15:17:09', '2021-11-03 04:49:22'),
(615, 2, 33, 6, 'Inventory Receiving', 'Renna Telesforo asked for your approval.', 2, 1, 7, 0, '2021-10-27 15:17:29', '2021-11-03 04:49:22'),
(616, 7, 33, 10, 'Inventory Receiving', 'INR-21-00010: Your request has been denied.', 1, 0, 2, 0, '2021-10-27 15:23:23', '2021-10-27 15:23:23'),
(617, 7, 33, 6, 'Inventory Receiving', 'INR-21-00006: Your request has been denied.', 1, 1, 2, 7, '2021-10-27 15:23:55', '2021-10-27 07:27:09'),
(618, 2, 126, 16, 'Inventory Validation', 'Rodeny Bamba asked for your approval.', 2, 1, 28, 0, '2021-10-27 15:29:25', '2021-11-03 04:49:22'),
(619, 2, 126, 15, 'Inventory Validation', 'Rodeny Bamba asked for your approval.', 2, 1, 28, 0, '2021-10-27 15:30:01', '2021-11-03 04:49:22'),
(620, 2, 126, 14, 'Inventory Validation', 'Rodeny Bamba asked for your approval.', 2, 1, 28, 0, '2021-10-27 15:30:23', '2021-11-03 04:49:22'),
(621, 28, 126, 14, 'Inventory Validation', 'IVR-21-00014: Your request has been approved.', 7, 0, 2, 0, '2021-10-27 15:31:33', '2021-10-27 15:31:33'),
(622, 2, 33, 8, 'Inventory Receiving', 'Renna Telesforo asked for your approval.', 2, 1, 7, 0, '2021-10-27 15:32:19', '2021-11-03 04:49:22'),
(623, 2, 33, 12, 'Inventory Receiving', 'Renna Telesforo asked for your approval.', 2, 1, 7, 0, '2021-10-27 15:36:35', '2021-11-03 04:49:22'),
(624, 2, 33, 9, 'Inventory Receiving', 'Renna Telesforo asked for your approval.', 2, 1, 7, 0, '2021-10-27 15:37:15', '2021-11-03 04:49:22'),
(625, 7, 33, 8, 'Inventory Receiving', 'INR-21-00008: Your request has been approved.', 7, 0, 2, 0, '2021-10-27 15:41:15', '2021-10-27 15:41:15'),
(626, 7, 33, 12, 'Inventory Receiving', 'INR-21-00012: Your request has been approved.', 7, 0, 2, 0, '2021-10-27 15:41:42', '2021-10-27 15:41:42'),
(627, 7, 33, 9, 'Inventory Receiving', 'INR-21-00009: Your request has been approved.', 7, 0, 2, 0, '2021-10-27 15:42:37', '2021-10-27 15:42:37'),
(628, 2, 33, 13, 'Inventory Receiving', 'Renna Telesforo asked for your approval.', 2, 1, 7, 0, '2021-10-28 09:53:25', '2021-11-03 04:49:22'),
(629, 2, 33, 11, 'Inventory Receiving', 'Renna Telesforo asked for your approval.', 2, 1, 7, 0, '2021-10-28 09:53:39', '2021-11-03 04:49:22'),
(630, 7, 33, 11, 'Inventory Receiving', 'INR-21-00011: Your request has been denied.', 1, 0, 2, 0, '2021-10-28 09:54:55', '2021-10-28 09:54:55'),
(631, 7, 33, 13, 'Inventory Receiving', 'INR-21-00013: Your request has been approved.', 7, 0, 2, 0, '2021-10-28 09:55:49', '2021-10-28 09:55:49'),
(632, 2, 90, 11, 'Project Timeline', 'Yow Lee Rah Me Zares asked for your approval.', 2, 1, 23, 0, '2021-10-28 10:27:21', '2021-11-03 04:49:22'),
(633, 2, 90, 10, 'Project Timeline', 'Yow Lee Rah Me Zares asked for your approval.', 2, 1, 23, 0, '2021-10-28 10:27:33', '2021-11-03 04:49:22'),
(634, 23, 90, 11, 'Project Timeline', 'PBT-21-00011: Your request has been approved.', 7, 0, 2, 0, '2021-10-28 10:29:44', '2021-10-28 10:29:44'),
(635, 23, 90, 10, 'Project Timeline', 'PBT-21-00010: Your request has been approved.', 7, 0, 2, 0, '2021-10-28 10:29:56', '2021-10-28 10:29:56'),
(636, 2, 92, 10, 'Project Management Board', 'Yow Lee Rah Me Zares asked for your approval.', 2, 1, 23, 0, '2021-10-28 10:30:47', '2021-11-03 04:49:22'),
(637, 2, 92, 11, 'Project Management Board', 'Yow Lee Rah Me Zares asked for your approval.', 2, 1, 23, 0, '2021-10-28 10:43:21', '2021-11-03 04:49:22'),
(638, 2, 90, 1, 'Project Timeline', 'Yow Lee Rah Me Zares asked for your approval.', 2, 1, 23, 0, '2021-10-28 12:45:08', '2021-11-03 04:49:22'),
(639, 2, 90, 2, 'Project Timeline', 'Yow Lee Rah Me Zares asked for your approval.', 2, 1, 23, 0, '2021-10-28 12:45:25', '2021-11-03 04:49:22'),
(640, 2, 90, 3, 'Project Timeline', 'Yow Lee Rah Me Zares asked for your approval.', 2, 1, 23, 0, '2021-10-28 12:45:37', '2021-11-03 04:49:22'),
(641, 2, 90, 4, 'Project Timeline', 'Yow Lee Rah Me Zares asked for your approval.', 2, 1, 23, 0, '2021-10-28 12:45:50', '2021-11-03 04:49:22'),
(642, 2, 90, 5, 'Project Timeline', 'Yow Lee Rah Me Zares asked for your approval.', 2, 1, 23, 0, '2021-10-28 12:46:03', '2021-11-03 04:49:22'),
(643, 23, 90, 1, 'Project Timeline', 'PBT-21-00001: Your request has been approved.', 7, 0, 2, 0, '2021-10-28 12:46:48', '2021-10-28 12:46:48'),
(644, 23, 90, 5, 'Project Timeline', 'PBT-21-00005: Your request has been approved.', 7, 0, 2, 0, '2021-10-28 12:47:00', '2021-10-28 12:47:00'),
(645, 23, 90, 4, 'Project Timeline', 'PBT-21-00004: Your request has been approved.', 7, 0, 2, 0, '2021-10-28 12:47:12', '2021-10-28 12:47:12'),
(646, 23, 90, 3, 'Project Timeline', 'PBT-21-00003: Your request has been approved.', 7, 0, 2, 0, '2021-10-28 12:47:29', '2021-10-28 12:47:29'),
(647, 23, 90, 2, 'Project Timeline', 'PBT-21-00002: Your request has been approved.', 7, 0, 2, 0, '2021-10-28 12:47:48', '2021-10-28 12:47:48'),
(648, 2, 92, 1, 'Project Management Board', 'Yow Lee Rah Me Zares asked for your approval.', 2, 1, 23, 0, '2021-10-28 12:49:40', '2021-11-03 04:49:22'),
(649, 2, 92, 5, 'Project Management Board', 'Yow Lee Rah Me Zares asked for your approval.', 2, 1, 23, 0, '2021-10-28 12:51:22', '2021-11-03 04:49:22'),
(650, 2, 92, 4, 'Project Management Board', 'Yow Lee Rah Me Zares asked for your approval.', 2, 1, 23, 0, '2021-10-28 12:53:36', '2021-11-03 04:49:22'),
(651, 2, 92, 3, 'Project Management Board', 'Yow Lee Rah Me Zares asked for your approval.', 2, 1, 23, 0, '2021-10-28 12:54:07', '2021-11-03 04:49:22'),
(652, 2, 92, 2, 'Project Management Board', 'Yow Lee Rah Me Zares asked for your approval.', 2, 1, 23, 0, '2021-10-28 12:56:48', '2021-11-03 04:49:22'),
(653, 2, 38, 1, 'Cost Estimate', 'Yow Lee Rah Me Zares asked for your approval.', 2, 1, 23, 0, '2021-10-28 13:03:22', '2021-11-03 04:49:22'),
(654, 2, 38, 2, 'Cost Estimate', 'Yow Lee Rah Me Zares asked for your approval.', 2, 1, 23, 0, '2021-10-28 13:07:52', '2021-11-03 04:49:22'),
(655, 2, 38, 5, 'Cost Estimate', 'Yow Lee Rah Me Zares asked for your approval.', 2, 1, 23, 0, '2021-10-28 13:09:08', '2021-11-03 04:49:22'),
(656, 2, 38, 4, 'Cost Estimate', 'Yow Lee Rah Me Zares asked for your approval.', 2, 1, 23, 0, '2021-10-28 13:10:17', '2021-11-03 04:49:22'),
(657, 2, 38, 3, 'Cost Estimate', 'Yow Lee Rah Me Zares asked for your approval.', 2, 1, 23, 0, '2021-10-28 13:12:49', '2021-11-03 04:49:22'),
(658, 23, 38, 1, 'Cost Estimate', 'CEF-21-00001: Your request has been approved.', 7, 0, 2, 0, '2021-10-28 13:13:24', '2021-10-28 13:13:24'),
(659, 23, 38, 2, 'Cost Estimate', 'CEF-21-00002: Your request has been approved.', 7, 0, 2, 0, '2021-10-28 13:13:47', '2021-10-28 13:13:47'),
(660, 23, 38, 5, 'Cost Estimate', 'CEF-21-00005: Your request has been approved.', 7, 0, 2, 0, '2021-10-28 13:13:56', '2021-10-28 13:13:56'),
(661, 23, 38, 4, 'Cost Estimate', 'CEF-21-00004: Your request has been approved.', 7, 0, 2, 0, '2021-10-28 13:14:06', '2021-10-28 13:14:06'),
(662, 23, 38, 3, 'Cost Estimate', 'CEF-21-00003: Your request has been approved.', 7, 0, 2, 0, '2021-10-28 13:17:12', '2021-10-28 13:17:12'),
(663, 0, 33, 1, 'Inventory Receiving', 'Arjay Diangzon asked for your approval.', 2, 0, 2, 0, '2021-10-28 13:23:03', '2021-10-28 13:23:03'),
(664, 2, 46, 3, 'Purchase Request', 'Information Tech Administrator asked for your approval.', 2, 1, 1, 2, '2021-10-28 13:28:59', '2021-10-28 05:29:19'),
(665, 1, 46, 3, 'Purchase Request', 'PR-21-00003: Your request has been approved.', 7, 1, 2, 0, '2021-10-28 13:29:29', '2021-12-12 23:49:23'),
(666, 2, 33, 3, 'Inventory Receiving', 'Information Tech Administrator asked for your approval.', 2, 1, 1, 0, '2021-10-28 13:30:17', '2021-11-03 04:49:22'),
(667, 1, 33, 5, 'Inventory Receiving', 'Arjay Diangzon asked for your approval.', 2, 1, 2, 0, '2021-10-28 13:45:40', '2021-12-12 23:49:23'),
(668, 1, 33, 4, 'Inventory Receiving', 'Arjay Diangzon asked for your approval.', 2, 1, 2, 0, '2021-10-28 13:46:23', '2021-12-12 23:49:23'),
(669, 1, 33, 2, 'Inventory Receiving', 'Arjay Diangzon asked for your approval.', 2, 1, 2, 0, '2021-10-28 13:46:51', '2021-12-12 23:49:23'),
(670, 1, 33, 3, 'Inventory Receiving', 'INR-21-00003: Your request has been approved.', 7, 1, 2, 0, '2021-10-28 13:47:09', '2021-12-12 23:49:23'),
(671, 2, 33, 5, 'Inventory Receiving', 'INR-21-00005: Your request has been approved.', 7, 1, 1, 0, '2021-10-28 13:48:28', '2021-11-03 04:49:22'),
(672, 2, 33, 4, 'Inventory Receiving', 'INR-21-00004: Your request has been approved.', 7, 1, 1, 0, '2021-10-28 13:48:41', '2021-11-03 04:49:22'),
(673, 2, 33, 2, 'Inventory Receiving', 'INR-21-00002: Your request has been denied.', 1, 1, 1, 0, '2021-10-28 13:49:06', '2021-11-03 04:49:22'),
(674, 1, 33, 6, 'Inventory Receiving', 'Arjay Diangzon asked for your approval.', 2, 1, 2, 1, '2021-10-28 13:50:04', '2021-10-29 01:50:12'),
(675, 2, 33, 6, 'Inventory Receiving', 'INR-21-00006: Your request has been approved.', 7, 1, 1, 0, '2021-10-28 13:50:44', '2021-11-03 04:49:22'),
(676, 2, 39, 1, 'Bill of Material', 'Yow Lee Rah Me Zares asked for your approval.', 2, 1, 23, 0, '2021-10-28 14:09:29', '2021-11-03 04:49:22');
INSERT INTO `gen_system_notification_tbl` (`notificationID`, `employeeID`, `moduleID`, `tableID`, `notificationTitle`, `notificationDescription`, `notificationType`, `markRead`, `createdBy`, `updatedBy`, `createdAt`, `updatedAt`) VALUES
(677, 2, 39, 5, 'Bill of Material', 'Yow Lee Rah Me Zares asked for your approval.', 2, 1, 23, 0, '2021-10-28 14:10:20', '2021-11-03 04:49:22'),
(678, 2, 39, 4, 'Bill of Material', 'Yow Lee Rah Me Zares asked for your approval.', 2, 1, 23, 0, '2021-10-28 14:10:30', '2021-11-03 04:49:22'),
(679, 2, 39, 3, 'Bill of Material', 'Yow Lee Rah Me Zares asked for your approval.', 2, 1, 23, 0, '2021-10-28 14:10:39', '2021-11-03 04:49:22'),
(680, 23, 39, 1, 'Bill of Material', 'BOM-21-00001: Your request has been approved.', 7, 0, 2, 0, '2021-10-28 14:11:20', '2021-10-28 14:11:20'),
(681, 23, 39, 2, 'Bill of Material', 'BOM-21-00002: Your request has been approved.', 7, 0, 2, 0, '2021-10-28 14:11:32', '2021-10-28 14:11:32'),
(682, 23, 39, 5, 'Bill of Material', 'BOM-21-00005: Your request has been approved.', 7, 0, 2, 0, '2021-10-28 14:11:44', '2021-10-28 14:11:44'),
(683, 23, 39, 4, 'Bill of Material', 'BOM-21-00004: Your request has been approved.', 7, 0, 2, 0, '2021-10-28 14:11:55', '2021-10-28 14:11:55'),
(684, 23, 39, 3, 'Bill of Material', 'BOM-21-00003: Your request has been approved.', 7, 0, 2, 0, '2021-10-28 14:12:07', '2021-10-28 14:12:07'),
(685, 2, 126, 1, 'Inventory Validation', 'Rodeny Bamba asked for your approval.', 2, 1, 28, 0, '2021-10-28 14:15:40', '2021-11-03 04:49:22'),
(686, 2, 126, 2, 'Inventory Validation', 'Rodeny Bamba asked for your approval.', 2, 1, 28, 0, '2021-10-28 14:16:06', '2021-11-03 04:49:22'),
(687, 2, 126, 3, 'Inventory Validation', 'Rodeny Bamba asked for your approval.', 2, 1, 28, 0, '2021-10-28 14:16:19', '2021-11-03 04:49:22'),
(688, 2, 126, 4, 'Inventory Validation', 'Rodeny Bamba asked for your approval.', 2, 1, 28, 0, '2021-10-28 14:16:32', '2021-11-03 04:49:22'),
(689, 2, 126, 5, 'Inventory Validation', 'Rodeny Bamba asked for your approval.', 2, 1, 28, 0, '2021-10-28 14:16:47', '2021-11-03 04:49:22'),
(690, 28, 126, 1, 'Inventory Validation', 'IVR-21-00001: Your request has been approved.', 7, 0, 2, 0, '2021-10-28 14:18:56', '2021-10-28 14:18:56'),
(691, 28, 126, 2, 'Inventory Validation', 'IVR-21-00002: Your request has been approved.', 7, 0, 2, 0, '2021-10-28 14:19:23', '2021-10-28 14:19:23'),
(692, 28, 126, 3, 'Inventory Validation', 'IVR-21-00003: Your request has been approved.', 7, 0, 2, 0, '2021-10-28 14:19:45', '2021-10-28 14:19:45'),
(693, 28, 126, 4, 'Inventory Validation', 'IVR-21-00004: Your request has been approved.', 7, 0, 2, 0, '2021-10-28 14:20:49', '2021-10-28 14:20:49'),
(694, 2, 126, 5, 'Inventory Validation', 'Rodeny Bamba asked for your approval.', 2, 1, 28, 0, '2021-10-28 14:28:45', '2021-11-03 04:49:22'),
(695, 28, 45, 1, 'Material Usage', 'Yow Lee Rah Me Zares asked for your approval.', 2, 0, 23, 0, '2021-10-28 15:01:56', '2021-10-28 15:01:56'),
(696, 28, 45, 2, 'Material Usage', 'Yow Lee Rah Me Zares asked for your approval.', 2, 0, 23, 0, '2021-10-28 15:16:44', '2021-10-28 15:16:44'),
(697, 23, 45, 1, 'Material Usage', 'MUF-21-00001: Your request has been denied.', 1, 0, 28, 0, '2021-10-28 15:21:56', '2021-10-28 15:21:56'),
(698, 28, 45, 3, 'Material Usage', 'Yow Lee Rah Me Zares asked for your approval.', 2, 0, 23, 0, '2021-10-28 15:27:23', '2021-10-28 15:27:23'),
(699, 23, 45, 2, 'Material Usage', 'MUF-21-00002: Your request has been approved.', 7, 0, 28, 0, '2021-10-28 15:28:00', '2021-10-28 15:28:00'),
(700, 28, 45, 3, 'Material Usage', 'Yow Lee Rah Me Zares asked for your approval.', 2, 0, 23, 0, '2021-10-28 15:29:05', '2021-10-28 15:29:05'),
(701, 23, 45, 3, 'Material Usage', 'MUF-21-00003: Your request has been approved.', 7, 0, 28, 0, '2021-10-28 15:29:29', '2021-10-28 15:29:29'),
(702, 2, 40, 1, 'Bid Recap', 'Renna Telesforo asked for your approval.', 2, 1, 7, 0, '2021-10-28 15:52:07', '2021-11-03 04:49:22'),
(703, 7, 40, 1, 'Bid Recap', 'BR-21-00001: Your request has been approved.', 7, 0, 2, 0, '2021-10-28 15:52:52', '2021-10-28 15:52:52'),
(704, 2, 46, 6, 'Purchase Request', 'Renna Telesforo asked for your approval.', 2, 1, 7, 0, '2021-10-28 15:53:30', '2021-11-03 04:49:22'),
(705, 7, 46, 6, 'Purchase Request', 'PR-21-00006: Your request has been approved.', 7, 0, 2, 0, '2021-10-28 15:53:54', '2021-10-28 15:53:54'),
(706, 2, 126, 6, 'Inventory Validation', 'Rodeny Bamba asked for your approval.', 2, 1, 28, 0, '2021-10-29 07:25:12', '2021-11-03 04:49:22'),
(707, 2, 126, 9, 'Inventory Validation', 'Rodeny Bamba asked for your approval.', 2, 1, 28, 0, '2021-10-29 07:25:24', '2021-11-03 04:49:22'),
(708, 2, 126, 8, 'Inventory Validation', 'Rodeny Bamba asked for your approval.', 2, 1, 28, 0, '2021-10-29 07:25:35', '2021-11-03 04:49:22'),
(709, 2, 126, 7, 'Inventory Validation', 'Rodeny Bamba asked for your approval.', 2, 1, 28, 0, '2021-10-29 07:25:48', '2021-11-03 04:49:22'),
(710, 28, 126, 7, 'Inventory Validation', 'IVR-21-00007: Your request has been approved.', 7, 0, 2, 0, '2021-10-29 07:26:44', '2021-10-29 07:26:44'),
(711, 28, 126, 8, 'Inventory Validation', 'IVR-21-00008: Your request has been approved.', 7, 0, 2, 0, '2021-10-29 07:26:58', '2021-10-29 07:26:58'),
(712, 28, 126, 9, 'Inventory Validation', 'IVR-21-00009: Your request has been approved.', 7, 0, 2, 0, '2021-10-29 07:27:11', '2021-10-29 07:27:11'),
(713, 28, 45, 4, 'Material Usage', 'Yow Lee Rah Me Zares asked for your approval.', 2, 0, 23, 0, '2021-10-29 07:48:47', '2021-10-29 07:48:47'),
(714, 23, 45, 4, 'Material Usage', 'MUF-21-00004: Your request has been approved.', 7, 0, 28, 0, '2021-10-29 07:50:55', '2021-10-29 07:50:55'),
(715, 28, 45, 5, 'Material Usage', 'Yow Lee Rah Me Zares asked for your approval.', 2, 0, 23, 0, '2021-10-29 08:01:55', '2021-10-29 08:01:55'),
(716, 23, 45, 5, 'Material Usage', 'MUF-21-00005: Your request has been approved.', 7, 0, 28, 0, '2021-10-29 08:02:24', '2021-10-29 08:02:24'),
(717, 2, 126, 12, 'Inventory Validation', 'Rodeny Bamba asked for your approval.', 2, 1, 28, 0, '2021-10-29 10:44:41', '2021-11-03 04:49:22'),
(718, 2, 126, 11, 'Inventory Validation', 'Rodeny Bamba asked for your approval.', 2, 1, 28, 0, '2021-10-29 10:44:53', '2021-11-03 04:49:22'),
(719, 2, 126, 10, 'Inventory Validation', 'Rodeny Bamba asked for your approval.', 2, 1, 28, 0, '2021-10-29 10:45:06', '2021-11-03 04:49:22'),
(720, 28, 126, 10, 'Inventory Validation', 'IVR-21-00010: Your request has been approved.', 7, 0, 2, 0, '2021-10-29 10:46:34', '2021-10-29 10:46:34'),
(721, 28, 126, 11, 'Inventory Validation', 'IVR-21-00011: Your request has been approved.', 7, 0, 2, 0, '2021-10-29 10:46:46', '2021-10-29 10:46:46'),
(722, 28, 126, 12, 'Inventory Validation', 'IVR-21-00012: Your request has been approved.', 7, 0, 2, 0, '2021-10-29 10:46:57', '2021-10-29 10:46:57'),
(723, 28, 45, 7, 'Material Usage', 'Yow Lee Rah Me Zares asked for your approval.', 2, 0, 23, 0, '2021-10-29 10:53:34', '2021-10-29 10:53:34'),
(724, 28, 45, 6, 'Material Usage', 'Yow Lee Rah Me Zares asked for your approval.', 2, 0, 23, 0, '2021-10-29 10:54:16', '2021-10-29 10:54:16'),
(725, 23, 45, 6, 'Material Usage', 'MUF-21-00006: Your request has been denied.', 1, 0, 28, 0, '2021-10-29 10:55:01', '2021-10-29 10:55:01'),
(726, 23, 45, 7, 'Material Usage', 'MUF-21-00007: Your request has been denied.', 1, 0, 28, 0, '2021-10-29 10:55:34', '2021-10-29 10:55:34'),
(727, 28, 45, 9, 'Material Usage', 'Yow Lee Rah Me Zares asked for your approval.', 2, 0, 23, 0, '2021-10-29 11:16:17', '2021-10-29 11:16:17'),
(728, 2, 46, 7, 'Purchase Request', 'Information Tech Administrator asked for your approval.', 2, 1, 1, 0, '2021-11-02 08:11:50', '2021-11-03 04:49:22'),
(729, 2, 46, 8, 'Purchase Request', 'Information Tech Administrator asked for your approval.', 2, 1, 1, 0, '2021-11-02 08:22:17', '2021-11-03 04:49:22'),
(730, 1, 46, 8, 'Purchase Request', 'PR-21-00008: Your request has been approved.', 7, 1, 2, 0, '2021-11-02 08:23:36', '2021-12-12 23:49:23'),
(731, 1, 46, 7, 'Purchase Request', 'PR-21-00007: Your request has been approved.', 7, 1, 2, 0, '2021-11-02 08:24:13', '2021-12-12 23:49:23'),
(732, 2, 46, 9, 'Purchase Request', 'Information Tech Administrator asked for your approval.', 2, 1, 1, 0, '2021-11-02 08:27:24', '2021-11-03 04:49:22'),
(733, 1, 46, 9, 'Purchase Request', 'PR-21-00009: Your request has been approved.', 7, 1, 2, 0, '2021-11-02 08:27:48', '2021-12-12 23:49:23'),
(734, 2, 33, 10, 'Inventory Receiving', 'Information Tech Administrator asked for your approval.', 2, 1, 1, 0, '2021-11-02 08:31:16', '2021-11-03 04:49:22'),
(735, 1, 33, 10, 'Inventory Receiving', 'INR-21-00010: Your request has been denied.', 1, 1, 2, 0, '2021-11-02 08:32:11', '2021-12-12 23:49:23'),
(736, 2, 33, 11, 'Inventory Receiving', 'Information Tech Administrator asked for your approval.', 2, 1, 1, 0, '2021-11-02 08:32:33', '2021-11-03 04:49:22'),
(737, 2, 33, 9, 'Inventory Receiving', 'Information Tech Administrator asked for your approval.', 2, 1, 1, 0, '2021-11-02 08:35:09', '2021-11-03 04:49:22'),
(738, 1, 33, 9, 'Inventory Receiving', 'INR-21-00009: Your request has been denied.', 1, 1, 2, 0, '2021-11-02 08:36:03', '2021-12-12 23:49:23'),
(739, 2, 33, 12, 'Inventory Receiving', 'Information Tech Administrator asked for your approval.', 2, 1, 1, 0, '2021-11-02 08:38:31', '2021-11-03 04:49:22'),
(740, 1, 33, 12, 'Inventory Receiving', 'INR-21-00012: Your request has been denied.', 1, 1, 2, 0, '2021-11-02 08:38:54', '2021-12-12 23:49:23'),
(741, 2, 126, 13, 'Inventory Validation', 'Information Tech Administrator asked for your approval.', 2, 1, 1, 0, '2021-11-02 08:45:41', '2021-11-03 04:49:22'),
(742, 1, 126, 13, 'Inventory Validation', 'IVR-21-00013: Your request has been approved.', 7, 1, 2, 0, '2021-11-02 08:46:29', '2021-12-12 23:49:23'),
(743, 28, 126, 6, 'Inventory Validation', 'IVR-21-00006: Your request has been approved.', 7, 0, 2, 0, '2021-11-02 08:46:48', '2021-11-02 08:46:48'),
(744, 2, 46, 10, 'Purchase Request', 'Information Tech Administrator asked for your approval.', 2, 1, 1, 0, '2021-11-02 08:56:48', '2021-11-03 04:49:22'),
(745, 1, 46, 10, 'Purchase Request', 'PR-21-00010: Your request has been approved.', 7, 1, 2, 0, '2021-11-02 08:57:24', '2021-12-12 23:49:23'),
(746, 2, 46, 11, 'Purchase Request', 'Information Tech Administrator asked for your approval.', 2, 1, 1, 0, '2021-11-02 09:00:06', '2021-11-03 04:49:22'),
(747, 2, 46, 12, 'Purchase Request', 'Information Tech Administrator asked for your approval.', 2, 1, 1, 0, '2021-11-02 09:01:07', '2021-11-03 04:49:22'),
(748, 1, 46, 11, 'Purchase Request', 'PR-21-00011: Your request has been approved.', 7, 1, 2, 0, '2021-11-02 09:01:21', '2021-12-12 23:49:23'),
(749, 1, 46, 12, 'Purchase Request', 'PR-21-00012: Your request has been approved.', 7, 1, 2, 0, '2021-11-02 09:01:35', '2021-12-12 23:49:23'),
(750, 2, 33, 15, 'Inventory Receiving', 'Information Tech Administrator asked for your approval.', 2, 1, 1, 0, '2021-11-02 09:04:02', '2021-11-03 04:49:22'),
(751, 1, 33, 15, 'Inventory Receiving', 'INR-21-00015: Your request has been approved.', 7, 1, 2, 0, '2021-11-02 09:05:00', '2021-12-12 23:49:23'),
(752, 1, 33, 11, 'Inventory Receiving', 'INR-21-00011: Your request has been approved.', 7, 1, 2, 0, '2021-11-02 09:05:17', '2021-12-12 23:49:23'),
(753, 2, 46, 13, 'Purchase Request', 'Information Tech Administrator asked for your approval.', 2, 1, 1, 0, '2021-11-02 09:24:41', '2021-11-03 04:49:22'),
(754, 2, 46, 14, 'Purchase Request', 'Information Tech Administrator asked for your approval.', 2, 1, 1, 0, '2021-11-02 09:25:17', '2021-11-03 04:49:22'),
(755, 2, 46, 15, 'Purchase Request', 'Information Tech Administrator asked for your approval.', 2, 1, 1, 0, '2021-11-02 09:25:44', '2021-11-03 04:49:22'),
(756, 2, 46, 16, 'Purchase Request', 'Information Tech Administrator asked for your approval.', 2, 1, 1, 0, '2021-11-02 09:26:12', '2021-11-03 04:49:22'),
(757, 2, 46, 17, 'Purchase Request', 'Information Tech Administrator asked for your approval.', 2, 1, 1, 0, '2021-11-02 09:27:10', '2021-11-03 04:49:22'),
(758, 1, 46, 13, 'Purchase Request', 'PR-21-00013: Your request has been approved.', 7, 1, 2, 0, '2021-11-02 09:28:18', '2021-12-12 23:49:23'),
(759, 1, 46, 14, 'Purchase Request', 'PR-21-00014: Your request has been approved.', 7, 1, 2, 0, '2021-11-02 09:28:34', '2021-12-12 23:49:23'),
(760, 1, 46, 15, 'Purchase Request', 'PR-21-00015: Your request has been approved.', 7, 1, 2, 0, '2021-11-02 09:28:45', '2021-12-12 23:49:23'),
(761, 1, 46, 16, 'Purchase Request', 'PR-21-00016: Your request has been approved.', 7, 1, 2, 0, '2021-11-02 09:29:01', '2021-12-12 23:49:23'),
(762, 1, 46, 17, 'Purchase Request', 'PR-21-00017: Your request has been approved.', 7, 1, 2, 0, '2021-11-02 09:29:17', '2021-12-12 23:49:23'),
(763, 2, 35, 3, 'Return Item', 'Information Tech Administrator asked for your approval.', 2, 1, 1, 0, '2021-11-02 09:37:23', '2021-11-03 04:49:22'),
(764, 2, 45, 10, 'Material Usage', 'Information Tech Administrator asked for your approval.', 2, 1, 1, 0, '2021-11-02 09:40:04', '2021-11-03 04:49:22'),
(765, 2, 35, 3, 'Return Item', 'Information Tech Administrator asked for your approval.', 2, 1, 1, 0, '2021-11-02 09:41:21', '2021-11-03 04:49:22'),
(766, 2, 45, 10, 'Material Usage', 'Information Tech Administrator asked for your approval.', 2, 1, 1, 0, '2021-11-02 09:42:25', '2021-11-03 04:49:22'),
(767, 2, 126, 14, 'Inventory Validation', 'Information Tech Administrator asked for your approval.', 2, 1, 1, 0, '2021-11-02 09:52:12', '2021-11-03 04:49:22'),
(768, 1, 126, 14, 'Inventory Validation', 'IVR-21-00014: Your request has been approved.', 7, 1, 2, 0, '2021-11-02 09:52:39', '2021-12-12 23:49:23'),
(769, 2, 35, 5, 'Return Item', 'Information Tech Administrator asked for your approval.', 2, 1, 1, 0, '2021-11-02 09:54:54', '2021-11-03 04:49:22'),
(770, 2, 126, 15, 'Inventory Validation', 'Rodeny Bamba asked for your approval.', 2, 1, 28, 0, '2021-11-02 10:11:29', '2021-11-03 04:49:22'),
(771, 28, 126, 15, 'Inventory Validation', 'IVR-21-00015: Your request has been approved.', 7, 0, 2, 0, '2021-11-02 10:12:10', '2021-11-02 10:12:10'),
(772, 2, 36, 1, 'Item Disposal', 'Information Tech Administrator asked for your approval.', 2, 1, 1, 0, '2021-11-02 10:38:43', '2021-11-03 04:49:22'),
(773, 2, 36, 2, 'Item Disposal', 'Information Tech Administrator asked for your approval.', 2, 1, 1, 0, '2021-11-02 10:41:14', '2021-11-03 04:49:22'),
(774, 2, 36, 3, 'Item Disposal', 'Information Tech Administrator asked for your approval.', 2, 1, 1, 0, '2021-11-02 10:43:12', '2021-11-03 04:49:22'),
(775, 1, 36, 3, 'Disposal Item', 'ADF-21-00003: Your request has been approved.', 7, 1, 2, 0, '2021-11-02 10:43:32', '2021-12-12 23:49:23'),
(776, 2, 36, 4, 'Item Disposal', 'Information Tech Administrator asked for your approval.', 2, 1, 1, 0, '2021-11-02 10:44:45', '2021-11-03 04:49:22'),
(777, 2, 36, 4, 'Item Disposal', 'Information Tech Administrator asked for your approval.', 2, 1, 1, 0, '2021-11-02 10:46:09', '2021-11-03 04:49:22'),
(778, 1, 36, 4, 'Disposal Item', 'ADF-21-00004: Your request has been denied.', 1, 1, 2, 0, '2021-11-02 10:48:51', '2021-12-12 23:49:23'),
(779, 1, 36, 2, 'Disposal Item', 'ADF-21-00002: Your request has been denied.', 1, 1, 2, 0, '2021-11-02 10:56:21', '2021-12-12 23:49:23'),
(780, 2, 36, 5, 'Item Disposal', 'Information Tech Administrator asked for your approval.', 2, 1, 1, 0, '2021-11-02 10:56:56', '2021-11-03 04:49:22'),
(781, 2, 36, 6, 'Item Disposal', 'Information Tech Administrator asked for your approval.', 2, 1, 1, 0, '2021-11-02 10:58:03', '2021-11-03 04:49:22'),
(782, 1, 36, 6, 'Disposal Item', 'ADF-21-00006: Your request has been approved.', 7, 1, 2, 0, '2021-11-02 10:58:38', '2021-12-12 23:49:23'),
(783, 2, 36, 5, 'Item Disposal', 'Information Tech Administrator asked for your approval.', 2, 1, 1, 0, '2021-11-02 11:00:27', '2021-11-03 04:49:22'),
(784, 1, 36, 5, 'Disposal Item', 'ADF-21-00005: Your request has been approved.', 7, 1, 2, 0, '2021-11-02 11:00:48', '2021-12-12 23:49:23'),
(785, 2, 36, 1, 'Item Disposal', 'Information Tech Administrator asked for your approval.', 2, 1, 1, 0, '2021-11-02 11:07:35', '2021-11-03 04:49:22'),
(786, 2, 36, 7, 'Item Disposal', 'Information Tech Administrator asked for your approval.', 2, 1, 1, 0, '2021-11-02 11:08:45', '2021-11-03 04:49:22'),
(787, 1, 36, 7, 'Disposal Item', 'ADF-21-00007: Your request has been approved.', 7, 1, 2, 0, '2021-11-02 11:10:46', '2021-12-12 23:49:23'),
(788, 2, 33, 14, 'Inventory Receiving', 'Information Tech Administrator asked for your approval.', 2, 1, 1, 0, '2021-11-02 12:53:11', '2021-11-03 04:49:22'),
(789, 1, 33, 14, 'Inventory Receiving', 'INR-21-00014: Your request has been approved.', 7, 1, 2, 0, '2021-11-02 12:54:12', '2021-12-12 23:49:23'),
(790, 2, 33, 8, 'Inventory Receiving', 'Information Tech Administrator asked for your approval.', 2, 1, 1, 0, '2021-11-02 12:56:02', '2021-11-03 04:49:22'),
(791, 2, 33, 16, 'Inventory Receiving', 'Information Tech Administrator asked for your approval.', 2, 1, 1, 0, '2021-11-02 12:56:29', '2021-11-03 04:49:22'),
(792, 1, 33, 8, 'Inventory Receiving', 'INR-21-00008: Your request has been approved.', 7, 1, 2, 0, '2021-11-02 12:56:46', '2021-12-12 23:49:23'),
(793, 1, 33, 16, 'Inventory Receiving', 'INR-21-00016: Your request has been approved.', 7, 1, 2, 0, '2021-11-02 12:57:01', '2021-12-12 23:49:23'),
(794, 2, 126, 16, 'Inventory Validation', 'Information Tech Administrator asked for your approval.', 2, 1, 1, 0, '2021-11-02 12:59:31', '2021-11-03 04:49:22'),
(795, 2, 126, 17, 'Inventory Validation', 'Information Tech Administrator asked for your approval.', 2, 1, 1, 0, '2021-11-02 12:59:43', '2021-11-03 04:49:22'),
(796, 1, 126, 17, 'Inventory Validation', 'IVR-21-00017: Your request has been approved.', 7, 1, 2, 0, '2021-11-02 13:00:12', '2021-12-12 23:49:23'),
(797, 1, 126, 16, 'Inventory Validation', 'IVR-21-00016: Your request has been approved.', 7, 1, 2, 0, '2021-11-02 13:00:23', '2021-12-12 23:49:23'),
(798, 28, 126, 5, 'Inventory Validation', 'IVR-21-00005: Your request has been approved.', 7, 0, 2, 0, '2021-11-02 13:00:39', '2021-11-02 13:00:39'),
(799, 2, 55, 4, 'Leave Request Form', 'Joseph Berongoy asked for your approval.', 2, 1, 20, 0, '2021-11-02 14:14:18', '2021-11-03 04:49:22'),
(800, 20, 55, 4, 'Leave Request Form', 'LRF-21-00004: Your request has been approved.', 7, 0, 2, 0, '2021-11-02 14:16:20', '2021-11-02 14:16:20'),
(801, 2, 55, 5, 'Leave Request Form', 'Joseph Berongoy asked for your approval.', 2, 1, 20, 0, '2021-11-02 14:18:00', '2021-11-03 04:49:22'),
(802, 20, 55, 5, 'Leave Request Form', 'LRF-21-00005: Your request has been approved.', 7, 0, 2, 0, '2021-11-02 14:18:13', '2021-11-02 14:18:13'),
(803, 2, 55, 6, 'Leave Request Form', 'Joseph Berongoy asked for your approval.', 2, 1, 20, 0, '2021-11-02 14:20:36', '2021-11-03 04:49:22'),
(804, 20, 55, 6, 'Leave Request Form', 'LRF-21-00006: Your request has been approved.', 7, 0, 2, 0, '2021-11-02 14:21:15', '2021-11-02 14:21:15'),
(805, 4, 60, 13, 'Overtime Request Form', 'Information Tech Administrator asked for your approval.', 2, 0, 1, 0, '2021-11-02 14:33:41', '2021-11-02 14:33:41'),
(806, 2, 90, 6, 'Project Timeline', 'Information Tech Administrator asked for your approval.', 2, 1, 1, 0, '2021-11-02 15:16:41', '2021-11-03 04:49:22'),
(807, 1, 90, 6, 'Project Timeline', 'PBT-21-00006: Your request has been approved.', 7, 1, 2, 0, '2021-11-02 15:17:11', '2021-12-12 23:49:23'),
(808, 2, 49, 2, 'Service Requisition', 'Information Tech Administrator asked for your approval.', 2, 1, 1, 0, '2021-11-02 15:33:04', '2021-11-03 04:49:22'),
(809, 1, 49, 2, 'Service Requisition', 'SR-21-00002: Your request has been approved.', 7, 1, 2, 0, '2021-11-02 15:33:50', '2021-12-12 23:49:23'),
(810, 1, 41, 1, 'Service Order', 'S0-21-00001: Your request has been approved.', 7, 1, 2, 0, '2021-11-02 15:35:38', '2021-12-12 23:49:23'),
(811, 1, 41, 1, 'Service Order', 'S0-21-00001: Your request has been approved.', 7, 1, 2, 0, '2021-11-02 15:42:10', '2021-12-12 23:49:23'),
(812, 1, 41, 1, 'Service Order', 'S0-21-00001: Your request has been approved.', 7, 1, 2, 0, '2021-11-02 15:46:33', '2021-12-12 23:49:23'),
(813, 20, 92, 6, 'Project Management Board', 'Information Tech Administrator asked for your approval.', 2, 0, 1, 0, '2021-11-02 15:52:38', '2021-11-02 15:52:38'),
(814, 1, 41, 1, 'Service Order', 'S0-21-00001: Your request has been approved.', 7, 1, 2, 0, '2021-11-02 15:53:55', '2021-12-12 23:49:23'),
(815, 1, 41, 1, 'Service Order', 'S0-21-00001: Your request has been approved.', 7, 1, 2, 0, '2021-11-02 15:56:44', '2021-12-12 23:49:23'),
(816, 1, 41, 1, 'Service Order', 'S0-21-00001: Your request has been approved.', 7, 1, 2, 0, '2021-11-02 15:59:35', '2021-12-12 23:49:23'),
(817, 1, 41, 1, 'Service Order', 'S0-21-00001: Your request has been approved.', 7, 1, 2, 0, '2021-11-02 16:02:52', '2021-12-12 23:49:23'),
(818, 2, 38, 6, 'Cost Estimate', 'Information Tech Administrator asked for your approval.', 2, 1, 1, 0, '2021-11-02 16:05:03', '2021-11-03 04:49:22'),
(819, 1, 38, 6, 'Cost Estimate', 'CEF-21-00006: Your request has been approved.', 7, 1, 2, 0, '2021-11-02 16:05:29', '2021-12-12 23:49:23'),
(820, 1, 41, 1, 'Service Order', 'S0-21-00001: Your request has been approved.', 7, 1, 2, 0, '2021-11-02 16:06:53', '2021-12-12 23:49:23'),
(821, 2, 39, 6, 'Bill of Material', 'Information Tech Administrator asked for your approval.', 2, 1, 1, 0, '2021-11-02 16:06:56', '2021-11-03 04:49:22'),
(822, 1, 39, 6, 'Bill of Material', 'BOM-21-00006: Your request has been approved.', 7, 1, 2, 0, '2021-11-02 16:07:47', '2021-12-12 23:49:23'),
(823, 2, 128, 1, 'Service Completion', 'Information Tech Administrator asked for your approval.', 2, 1, 1, 0, '2021-11-02 16:10:10', '2021-11-03 04:49:22'),
(824, 1, 128, 1, 'Service Completion', 'SC-21-00001: Your request has been approved.', 7, 1, 2, 0, '2021-11-02 16:11:50', '2021-12-12 23:49:23'),
(825, 2, 49, 3, 'Service Requisition', 'Information Tech Administrator asked for your approval.', 2, 1, 1, 0, '2021-11-02 16:16:33', '2021-11-03 04:49:22'),
(826, 2, 49, 4, 'Service Requisition', 'Information Tech Administrator asked for your approval.', 2, 1, 1, 0, '2021-11-02 16:17:54', '2021-11-03 04:49:22'),
(827, 1, 49, 4, 'Service Requisition', 'SR-21-00004: Your request has been approved.', 7, 1, 2, 0, '2021-11-02 16:18:26', '2021-12-12 23:49:23'),
(828, 1, 41, 2, 'Service Order', 'S0-21-00002: Your request has been approved.', 7, 1, 2, 0, '2021-11-02 16:24:28', '2021-12-12 23:49:23'),
(829, 2, 49, 5, 'Service Requisition', 'Information Tech Administrator asked for your approval.', 2, 1, 1, 0, '2021-11-02 16:26:20', '2021-11-03 04:49:22'),
(830, 1, 49, 5, 'Service Requisition', 'SR-21-00005: Your request has been approved.', 7, 1, 2, 0, '2021-11-02 16:27:04', '2021-12-12 23:49:23'),
(831, 4, 49, 1, 'Service Requisition', 'Information Tech Administrator asked for your approval.', 2, 0, 2, 0, '2021-11-02 16:30:53', '2021-11-02 16:30:53'),
(832, 2, 49, 6, 'Service Requisition', 'Information Tech Administrator asked for your approval.', 2, 1, 1, 0, '2021-11-02 16:31:24', '2021-11-03 04:49:22'),
(833, 1, 49, 6, 'Service Requisition', 'SR-21-00006: Your request has been approved.', 7, 1, 2, 0, '2021-11-02 16:31:34', '2021-12-12 23:49:23'),
(834, 1, 41, 4, 'Service Order', 'S0-21-00004: Your request has been approved.', 7, 1, 2, 0, '2021-11-02 16:33:16', '2021-12-12 23:49:23'),
(835, 2, 90, 7, 'Project Timeline', 'Information Tech Administrator asked for your approval.', 2, 1, 1, 0, '2021-11-03 10:19:57', '2021-11-03 04:49:22'),
(836, 1, 90, 7, 'Project Timeline', 'PBT-21-00007: Your request has been approved.', 7, 1, 2, 0, '2021-11-03 10:21:54', '2021-12-12 23:49:23'),
(837, 2, 36, 8, 'Item Disposal', 'Information Tech Administrator asked for your approval.', 2, 1, 1, 0, '2021-11-03 10:41:05', '2021-11-03 04:49:22'),
(838, 2, 33, 17, 'Inventory Receiving', 'Information Tech Administrator asked for your approval.', 2, 1, 1, 0, '2021-11-04 08:27:11', '2021-12-03 07:49:21'),
(839, 2, 33, 21, 'Inventory Receiving', 'Information Tech Administrator asked for your approval.', 2, 1, 1, 0, '2021-11-04 08:47:51', '2021-12-03 07:49:21'),
(840, 2, 33, 20, 'Inventory Receiving', 'Information Tech Administrator asked for your approval.', 2, 1, 1, 0, '2021-11-05 11:56:49', '2021-12-03 07:49:21'),
(841, 2, 33, 19, 'Inventory Receiving', 'Information Tech Administrator asked for your approval.', 2, 1, 1, 0, '2021-11-05 11:58:53', '2021-12-03 07:49:21'),
(842, 1, 33, 19, 'Inventory Receiving', 'INR-21-00019: Your request has been approved.', 7, 1, 2, 0, '2021-11-05 12:00:04', '2021-12-12 23:49:23'),
(843, 2, 33, 23, 'Inventory Receiving', 'Information Tech Administrator asked for your approval.', 2, 1, 1, 0, '2021-11-05 12:00:53', '2021-12-03 07:49:21'),
(844, 1, 33, 23, 'Inventory Receiving', 'INR-21-00023: Your request has been approved.', 7, 1, 2, 0, '2021-11-05 12:01:34', '2021-12-12 23:49:23'),
(845, 2, 45, 11, 'Material Usage', 'Information Tech Administrator asked for your approval.', 2, 1, 1, 0, '2021-11-05 12:17:07', '2021-12-03 07:49:21'),
(846, 2, 45, 11, 'Material Usage', 'Information Tech Administrator asked for your approval.', 2, 1, 1, 0, '2021-11-05 12:17:58', '2021-12-03 07:49:21'),
(847, 2, 46, 18, 'Purchase Request', 'Renna Telesforo asked for your approval.', 2, 1, 7, 0, '2021-11-05 14:02:42', '2021-12-03 07:49:21'),
(848, 7, 46, 18, 'Purchase Request', 'PR-21-00018: Your request has been approved.', 7, 0, 2, 0, '2021-11-05 14:03:22', '2021-11-05 14:03:22'),
(849, 2, 46, 19, 'Purchase Request', 'Renna Telesforo asked for your approval.', 2, 1, 7, 0, '2021-11-05 14:17:27', '2021-12-03 07:49:21'),
(850, 7, 46, 19, 'Purchase Request', 'PR-21-00019: Your request has been approved.', 7, 0, 2, 0, '2021-11-05 14:18:06', '2021-11-05 14:18:06'),
(851, 2, 33, 25, 'Inventory Receiving', 'Renna Telesforo asked for your approval.', 2, 1, 7, 0, '2021-11-05 14:19:50', '2021-12-03 07:49:21'),
(852, 7, 33, 25, 'Inventory Receiving', 'INR-21-00025: Your request has been approved.', 7, 0, 2, 0, '2021-11-05 14:22:33', '2021-11-05 14:22:33'),
(853, 2, 46, 20, 'Purchase Request', 'Information Tech Administrator asked for your approval.', 2, 1, 1, 0, '2021-11-05 15:18:48', '2021-12-03 07:49:21'),
(854, 2, 46, 21, 'Purchase Request', 'Information Tech Administrator asked for your approval.', 2, 1, 1, 0, '2021-11-05 15:19:18', '2021-12-03 07:49:21'),
(855, 1, 46, 20, 'Purchase Request', 'PR-21-00020: Your request has been approved.', 7, 1, 2, 0, '2021-11-05 15:20:15', '2021-12-12 23:49:23'),
(856, 1, 46, 21, 'Purchase Request', 'PR-21-00021: Your request has been approved.', 7, 1, 2, 0, '2021-11-05 15:20:25', '2021-12-12 23:49:23'),
(857, 2, 126, 1, 'Inventory Validation', 'Information Tech Administrator asked for your approval.', 2, 1, 1, 0, '2021-11-05 17:01:49', '2021-12-03 07:49:21'),
(858, 2, 46, 1, 'Purchase Request', 'Information Tech Administrator asked for your approval.', 2, 1, 1, 0, '2021-11-05 17:03:43', '2021-12-03 07:49:21'),
(859, 1, 46, 1, 'Purchase Request', 'PR-21-00001: Your request has been approved.', 7, 1, 2, 0, '2021-11-05 17:04:26', '2021-12-12 23:49:23'),
(860, 1, 126, 1, 'Inventory Validation', 'IVR-21-00001: Your request has been approved.', 7, 1, 2, 0, '2021-11-05 17:20:13', '2021-12-12 23:49:23'),
(861, 2, 36, 1, 'Asset Disposal', 'Information Tech Administrator asked for your approval.', 2, 1, 1, 0, '2021-11-05 17:50:41', '2021-12-03 07:49:21'),
(862, 2, 36, 2, 'Asset Disposal', 'Information Tech Administrator asked for your approval.', 2, 1, 1, 0, '2021-11-05 17:58:51', '2021-12-03 07:49:21'),
(863, 2, 36, 3, 'Asset Disposal', 'Information Tech Administrator asked for your approval.', 2, 1, 1, 0, '2021-11-06 14:20:27', '2021-12-03 07:49:21'),
(864, 1, 36, 3, 'Disposal Item', 'ADF-21-00003: Your request has been approved.', 7, 1, 2, 0, '2021-11-06 14:21:24', '2021-12-12 23:49:23'),
(865, 2, 46, 3, 'Purchase Request', 'Information Tech Administrator asked for your approval.', 2, 1, 1, 0, '2021-11-06 14:46:32', '2021-12-03 07:49:21'),
(866, 2, 90, 8, 'Project Timeline', 'Information Tech Administrator asked for your approval.', 2, 1, 1, 0, '2021-11-06 15:08:33', '2021-12-03 07:49:21'),
(867, 1, 90, 8, 'Project Timeline', 'PBT-21-00008: Your request has been approved.', 7, 1, 2, 0, '2021-11-06 15:10:07', '2021-12-12 23:49:23'),
(868, 2, 90, 9, 'Project Timeline', 'Information Tech Administrator asked for your approval.', 2, 1, 1, 0, '2021-11-06 15:27:20', '2021-12-03 07:49:21'),
(869, 1, 90, 9, 'Project Timeline', 'PBT-21-00009: Your request has been approved.', 7, 1, 2, 0, '2021-11-06 15:33:30', '2021-12-12 23:49:23'),
(870, 20, 92, 9, 'Project Management Board', 'Information Tech Administrator asked for your approval.', 2, 0, 1, 0, '2021-11-06 15:36:25', '2021-11-06 15:36:25'),
(871, 2, 38, 7, 'Cost Estimate', 'Information Tech Administrator asked for your approval.', 2, 1, 1, 0, '2021-11-06 15:42:02', '2021-12-03 07:49:21'),
(872, 1, 38, 7, 'Cost Estimate', 'CEF-21-00007: Your request has been approved.', 7, 1, 2, 0, '2021-11-06 15:42:34', '2021-12-12 23:49:23'),
(873, 2, 39, 7, 'Bill of Material', 'Information Tech Administrator asked for your approval.', 2, 1, 1, 0, '2021-11-06 15:42:58', '2021-12-03 07:49:21'),
(874, 1, 39, 7, 'Bill of Material', 'BOM-21-00007: Your request has been approved.', 7, 1, 2, 0, '2021-11-06 15:43:25', '2021-12-12 23:49:23'),
(875, 2, 126, 3, 'Inventory Validation', 'Information Tech Administrator asked for your approval.', 2, 1, 1, 0, '2021-11-06 15:50:14', '2021-12-03 07:49:21'),
(876, 1, 126, 3, 'Inventory Validation', 'IVR-21-00003: Your request has been approved.', 7, 1, 2, 0, '2021-11-06 15:59:47', '2021-12-12 23:49:23'),
(877, 2, 126, 1, 'Inventory Validation', 'Information Tech Administrator asked for your approval.', 2, 1, 1, 0, '2021-11-06 16:03:16', '2021-12-03 07:49:21'),
(878, 1, 126, 1, 'Inventory Validation', 'IVR-21-00001: Your request has been approved.', 7, 1, 2, 0, '2021-11-06 16:07:27', '2021-12-12 23:49:23'),
(879, 2, 40, 1, 'Bid Recap', 'Information Tech Administrator asked for your approval.', 2, 1, 1, 0, '2021-11-06 16:22:49', '2021-12-03 07:49:21'),
(880, 1, 40, 1, 'Bid Recap', 'BR-21-00001: Your request has been approved.', 7, 1, 2, 0, '2021-11-06 16:23:20', '2021-12-12 23:49:23'),
(881, 2, 46, 1, 'Purchase Request', 'Information Tech Administrator asked for your approval.', 2, 1, 1, 0, '2021-11-06 16:23:58', '2021-12-03 07:49:21'),
(882, 2, 46, 2, 'Purchase Request', 'Information Tech Administrator asked for your approval.', 2, 1, 1, 0, '2021-11-06 16:24:23', '2021-12-03 07:49:21'),
(883, 1, 46, 1, 'Purchase Request', 'PR-21-00001: Your request has been approved.', 7, 1, 2, 0, '2021-11-06 16:25:00', '2021-12-12 23:49:23'),
(884, 1, 46, 2, 'Purchase Request', 'PR-21-00002: Your request has been approved.', 7, 1, 2, 0, '2021-11-06 16:25:13', '2021-12-12 23:49:23'),
(885, 2, 33, 2, 'Inventory Receiving', 'Information Tech Administrator asked for your approval.', 2, 1, 1, 0, '2021-11-06 16:30:23', '2021-12-03 07:49:21'),
(886, 2, 33, 1, 'Inventory Receiving', 'Information Tech Administrator asked for your approval.', 2, 1, 1, 0, '2021-11-06 16:30:45', '2021-12-03 07:49:21'),
(887, 1, 33, 2, 'Inventory Receiving', 'INR-21-00002: Your request has been approved.', 7, 1, 2, 0, '2021-11-06 16:32:09', '2021-12-12 23:49:23'),
(888, 1, 33, 1, 'Inventory Receiving', 'INR-21-00001: Your request has been approved.', 7, 1, 2, 0, '2021-11-06 16:32:19', '2021-12-12 23:49:23'),
(889, 2, 46, 3, 'Purchase Request', 'Information Tech Administrator asked for your approval.', 2, 1, 1, 0, '2021-11-06 16:50:33', '2021-12-03 07:49:21'),
(890, 2, 46, 4, 'Purchase Request', 'Information Tech Administrator asked for your approval.', 2, 1, 1, 0, '2021-11-06 16:51:42', '2021-12-03 07:49:21'),
(891, 1, 46, 3, 'Purchase Request', 'PR-21-00003: Your request has been approved.', 7, 1, 2, 0, '2021-11-06 16:53:18', '2021-12-12 23:49:23'),
(892, 1, 46, 4, 'Purchase Request', 'PR-21-00004: Your request has been approved.', 7, 1, 2, 0, '2021-11-06 16:53:34', '2021-12-12 23:49:23'),
(893, 2, 33, 4, 'Inventory Receiving', 'Information Tech Administrator asked for your approval.', 2, 1, 1, 0, '2021-11-06 16:56:37', '2021-12-03 07:49:21'),
(894, 2, 33, 3, 'Inventory Receiving', 'Information Tech Administrator asked for your approval.', 2, 1, 1, 0, '2021-11-06 16:57:36', '2021-12-03 07:49:21'),
(895, 1, 33, 4, 'Inventory Receiving', 'INR-21-00004: Your request has been approved.', 7, 1, 2, 0, '2021-11-06 16:58:13', '2021-12-12 23:49:23'),
(896, 1, 33, 3, 'Inventory Receiving', 'INR-21-00003: Your request has been approved.', 7, 1, 2, 0, '2021-11-06 16:58:26', '2021-12-12 23:49:23'),
(897, 2, 45, 1, 'Material Usage', 'Information Tech Administrator asked for your approval.', 2, 1, 1, 0, '2021-11-06 17:25:34', '2021-12-03 07:49:21'),
(898, 2, 35, 1, 'Return Item', 'Information Tech Administrator asked for your approval.', 2, 1, 1, 0, '2021-11-06 17:25:50', '2021-12-03 07:49:21'),
(899, 1, 35, 1, 'Return Item', 'RI-21-00001: Your request has been approved.', 7, 1, 2, 0, '2021-11-06 17:26:55', '2021-12-12 23:49:23'),
(900, 1, 45, 1, 'Material Usage', 'MUF-21-00001: Your request has been approved.', 7, 1, 2, 0, '2021-11-06 17:27:20', '2021-12-12 23:49:23'),
(901, 2, 90, 10, 'Project Timeline', 'Information Tech Administrator asked for your approval.', 2, 1, 1, 0, '2021-11-07 17:04:44', '2021-12-03 07:49:21'),
(902, 2, 90, 11, 'Project Timeline', 'Information Tech Administrator asked for your approval.', 2, 1, 1, 0, '2021-11-07 17:05:09', '2021-12-03 07:49:21'),
(903, 1, 90, 10, 'Project Timeline', 'PBT-21-00010: Your request has been approved.', 7, 1, 2, 0, '2021-11-07 17:06:20', '2021-12-12 23:49:23'),
(904, 1, 90, 11, 'Project Timeline', 'PBT-21-00011: Your request has been approved.', 7, 1, 2, 0, '2021-11-07 17:06:39', '2021-12-12 23:49:23'),
(905, 2, 92, 10, 'Project Management Board', 'Information Tech Administrator asked for your approval.', 2, 1, 1, 0, '2021-11-07 17:08:50', '2021-12-03 07:49:21'),
(906, 2, 92, 11, 'Project Management Board', 'Information Tech Administrator asked for your approval.', 2, 1, 1, 0, '2021-11-07 17:09:55', '2021-12-03 07:49:21'),
(907, 2, 38, 8, 'Cost Estimate', 'Information Tech Administrator asked for your approval.', 2, 1, 1, 0, '2021-11-07 17:22:10', '2021-12-03 07:49:21'),
(908, 2, 38, 9, 'Cost Estimate', 'Information Tech Administrator asked for your approval.', 2, 1, 1, 0, '2021-11-07 17:22:41', '2021-12-03 07:49:21'),
(909, 1, 38, 8, 'Cost Estimate', 'CEF-21-00008: Your request has been approved.', 7, 1, 2, 0, '2021-11-07 17:23:21', '2021-12-12 23:49:23'),
(910, 1, 38, 9, 'Cost Estimate', 'CEF-21-00009: Your request has been approved.', 7, 1, 2, 0, '2021-11-07 17:23:31', '2021-12-12 23:49:23'),
(911, 2, 39, 9, 'Bill of Material', 'Information Tech Administrator asked for your approval.', 2, 1, 1, 0, '2021-11-07 17:24:12', '2021-12-03 07:49:21'),
(912, 2, 39, 8, 'Bill of Material', 'Information Tech Administrator asked for your approval.', 2, 1, 1, 0, '2021-11-07 17:24:49', '2021-12-03 07:49:21'),
(913, 1, 39, 9, 'Bill of Material', 'BOM-21-00009: Your request has been approved.', 7, 1, 2, 0, '2021-11-07 17:26:07', '2021-12-12 23:49:23'),
(914, 1, 39, 8, 'Bill of Material', 'BOM-21-00008: Your request has been approved.', 7, 1, 2, 0, '2021-11-07 17:26:19', '2021-12-12 23:49:23'),
(915, 2, 126, 3, 'Inventory Validation', 'Information Tech Administrator asked for your approval.', 2, 1, 1, 0, '2021-11-07 17:41:59', '2021-12-03 07:49:21'),
(916, 2, 126, 2, 'Inventory Validation', 'Information Tech Administrator asked for your approval.', 2, 1, 1, 0, '2021-11-07 17:42:51', '2021-12-03 07:49:21'),
(917, 1, 126, 3, 'Inventory Validation', 'IVR-21-00003: Your request has been approved.', 7, 1, 2, 0, '2021-11-07 17:44:41', '2021-12-12 23:49:23'),
(918, 1, 126, 2, 'Inventory Validation', 'IVR-21-00002: Your request has been approved.', 7, 1, 2, 0, '2021-11-07 17:45:07', '2021-12-12 23:49:23'),
(919, 2, 40, 2, 'Bid Recap', 'Information Tech Administrator asked for your approval.', 2, 1, 1, 0, '2021-11-07 17:48:19', '2021-12-03 07:49:21'),
(920, 2, 40, 3, 'Bid Recap', 'Information Tech Administrator asked for your approval.', 2, 1, 1, 0, '2021-11-07 17:48:50', '2021-12-03 07:49:21'),
(921, 1, 40, 2, 'Bid Recap', 'BR-21-00002: Your request has been approved.', 7, 1, 2, 0, '2021-11-07 17:49:28', '2021-12-12 23:49:23'),
(922, 1, 40, 3, 'Bid Recap', 'BR-21-00003: Your request has been approved.', 7, 1, 2, 0, '2021-11-07 17:49:45', '2021-12-12 23:49:23'),
(923, 2, 46, 5, 'Purchase Request', 'Information Tech Administrator asked for your approval.', 2, 1, 1, 0, '2021-11-07 17:50:25', '2021-12-03 07:49:21'),
(924, 2, 46, 6, 'Purchase Request', 'Information Tech Administrator asked for your approval.', 2, 1, 1, 0, '2021-11-07 17:50:47', '2021-12-03 07:49:21'),
(925, 2, 46, 8, 'Purchase Request', 'Information Tech Administrator asked for your approval.', 2, 1, 1, 0, '2021-11-07 17:51:01', '2021-12-03 07:49:21'),
(926, 2, 46, 7, 'Purchase Request', 'Information Tech Administrator asked for your approval.', 2, 1, 1, 0, '2021-11-07 17:51:23', '2021-12-03 07:49:21'),
(927, 1, 46, 5, 'Purchase Request', 'PR-21-00005: Your request has been approved.', 7, 1, 2, 0, '2021-11-07 17:52:24', '2021-12-12 23:49:23'),
(928, 1, 46, 6, 'Purchase Request', 'PR-21-00006: Your request has been approved.', 7, 1, 2, 0, '2021-11-07 17:52:38', '2021-12-12 23:49:23'),
(929, 1, 46, 8, 'Purchase Request', 'PR-21-00008: Your request has been approved.', 7, 1, 2, 0, '2021-11-07 17:52:56', '2021-12-12 23:49:23'),
(930, 1, 46, 7, 'Purchase Request', 'PR-21-00007: Your request has been approved.', 7, 1, 2, 0, '2021-11-07 17:53:27', '2021-12-12 23:49:23'),
(931, 2, 33, 5, 'Inventory Receiving', 'Information Tech Administrator asked for your approval.', 2, 1, 1, 0, '2021-11-07 17:56:32', '2021-12-03 07:49:21'),
(932, 2, 33, 8, 'Inventory Receiving', 'Information Tech Administrator asked for your approval.', 2, 1, 1, 0, '2021-11-07 17:57:20', '2021-12-03 07:49:21'),
(933, 2, 33, 7, 'Inventory Receiving', 'Information Tech Administrator asked for your approval.', 2, 1, 1, 0, '2021-11-07 17:57:46', '2021-12-03 07:49:21'),
(934, 2, 33, 6, 'Inventory Receiving', 'Information Tech Administrator asked for your approval.', 2, 1, 1, 0, '2021-11-07 17:58:14', '2021-12-03 07:49:21'),
(935, 1, 33, 5, 'Inventory Receiving', 'INR-21-00005: Your request has been approved.', 7, 1, 2, 0, '2021-11-07 17:58:46', '2021-12-12 23:49:23'),
(936, 1, 33, 6, 'Inventory Receiving', 'INR-21-00006: Your request has been approved.', 7, 1, 2, 0, '2021-11-07 17:59:01', '2021-12-12 23:49:23'),
(937, 1, 33, 7, 'Inventory Receiving', 'INR-21-00007: Your request has been approved.', 7, 1, 2, 0, '2021-11-07 17:59:31', '2021-12-12 23:49:23'),
(938, 1, 33, 8, 'Inventory Receiving', 'INR-21-00008: Your request has been approved.', 7, 1, 2, 0, '2021-11-07 17:59:59', '2021-12-12 23:49:23'),
(939, 2, 33, 9, 'Inventory Receiving', 'Information Tech Administrator asked for your approval.', 2, 1, 1, 0, '2021-11-07 18:01:31', '2021-12-03 07:49:21'),
(940, 1, 33, 9, 'Inventory Receiving', 'INR-21-00009: Your request has been approved.', 7, 1, 2, 0, '2021-11-07 18:02:12', '2021-12-12 23:49:23'),
(941, 2, 90, 12, 'Project Timeline', 'Information Tech Administrator asked for your approval.', 2, 1, 1, 0, '2021-11-08 13:28:05', '2021-12-03 07:49:21'),
(942, 2, 90, 13, 'Project Timeline', 'Information Tech Administrator asked for your approval.', 2, 1, 1, 0, '2021-11-08 13:28:14', '2021-12-03 07:49:21'),
(943, 2, 90, 14, 'Project Timeline', 'Information Tech Administrator asked for your approval.', 2, 1, 1, 0, '2021-11-08 13:28:23', '2021-12-03 07:49:21'),
(944, 1, 90, 12, 'Project Timeline', 'PBT-21-00012: Your request has been approved.', 7, 1, 2, 0, '2021-11-08 13:28:43', '2021-12-12 23:49:23'),
(945, 1, 90, 13, 'Project Timeline', 'PBT-21-00013: Your request has been approved.', 7, 1, 2, 0, '2021-11-08 13:28:54', '2021-12-12 23:49:23'),
(946, 1, 90, 14, 'Project Timeline', 'PBT-21-00014: Your request has been approved.', 7, 1, 2, 0, '2021-11-08 13:29:02', '2021-12-12 23:49:23'),
(947, 2, 92, 12, 'Project Management Board', 'Information Tech Administrator asked for your approval.', 2, 1, 1, 0, '2021-11-08 13:37:28', '2021-12-03 07:49:21'),
(948, 2, 92, 14, 'Project Management Board', 'Information Tech Administrator asked for your approval.', 2, 1, 1, 0, '2021-11-08 13:38:24', '2021-12-03 07:49:21'),
(949, 2, 92, 13, 'Project Management Board', 'Information Tech Administrator asked for your approval.', 2, 1, 1, 0, '2021-11-08 13:39:02', '2021-12-03 07:49:21'),
(950, 2, 38, 10, 'Cost Estimate', 'Information Tech Administrator asked for your approval.', 2, 1, 1, 0, '2021-11-08 13:42:20', '2021-12-03 07:49:21'),
(951, 2, 38, 12, 'Cost Estimate', 'Information Tech Administrator asked for your approval.', 2, 1, 1, 0, '2021-11-08 13:46:11', '2021-12-03 07:49:21'),
(952, 2, 38, 11, 'Cost Estimate', 'Information Tech Administrator asked for your approval.', 2, 1, 1, 0, '2021-11-08 13:47:30', '2021-12-03 07:49:21'),
(953, 1, 38, 10, 'Cost Estimate', 'CEF-21-00010: Your request has been approved.', 7, 1, 2, 0, '2021-11-08 13:48:02', '2021-12-12 23:49:23'),
(954, 1, 38, 12, 'Cost Estimate', 'CEF-21-00012: Your request has been approved.', 7, 1, 2, 0, '2021-11-08 13:48:32', '2021-12-12 23:49:23'),
(955, 1, 38, 11, 'Cost Estimate', 'CEF-21-00011: Your request has been approved.', 7, 1, 2, 0, '2021-11-08 13:48:42', '2021-12-12 23:49:23'),
(956, 2, 39, 12, 'Bill of Material', 'Information Tech Administrator asked for your approval.', 2, 1, 1, 0, '2021-11-08 13:49:06', '2021-12-03 07:49:21'),
(957, 2, 39, 11, 'Bill of Material', 'Information Tech Administrator asked for your approval.', 2, 1, 1, 0, '2021-11-08 13:49:16', '2021-12-03 07:49:21'),
(958, 2, 39, 10, 'Bill of Material', 'Information Tech Administrator asked for your approval.', 2, 1, 1, 0, '2021-11-08 13:49:26', '2021-12-03 07:49:21'),
(959, 1, 39, 12, 'Bill of Material', 'BOM-21-00012: Your request has been approved.', 7, 1, 2, 0, '2021-11-08 13:49:50', '2021-12-12 23:49:23'),
(960, 1, 39, 11, 'Bill of Material', 'BOM-21-00011: Your request has been approved.', 7, 1, 2, 0, '2021-11-08 13:50:00', '2021-12-12 23:49:23'),
(961, 1, 39, 10, 'Bill of Material', 'BOM-21-00010: Your request has been approved.', 7, 1, 2, 0, '2021-11-08 13:50:10', '2021-12-12 23:49:23'),
(962, 2, 126, 1, 'Inventory Validation', 'Information Tech Administrator asked for your approval.', 2, 1, 1, 0, '2021-11-08 13:53:31', '2021-12-03 07:49:21'),
(963, 2, 126, 3, 'Inventory Validation', 'Information Tech Administrator asked for your approval.', 2, 1, 1, 0, '2021-11-08 13:55:18', '2021-12-03 07:49:21'),
(964, 2, 126, 2, 'Inventory Validation', 'Information Tech Administrator asked for your approval.', 2, 1, 1, 0, '2021-11-08 13:55:37', '2021-12-03 07:49:21'),
(965, 1, 126, 1, 'Inventory Validation', 'IVR-21-00001: Your request has been approved.', 7, 1, 2, 0, '2021-11-08 14:01:35', '2021-12-12 23:49:23'),
(966, 1, 126, 3, 'Inventory Validation', 'IVR-21-00003: Your request has been approved.', 7, 1, 2, 0, '2021-11-08 14:01:51', '2021-12-12 23:49:23'),
(967, 1, 126, 2, 'Inventory Validation', 'IVR-21-00002: Your request has been approved.', 7, 1, 2, 0, '2021-11-08 14:02:07', '2021-12-12 23:49:23'),
(968, 2, 40, 1, 'Bid Recap', 'Information Tech Administrator asked for your approval.', 2, 1, 1, 0, '2021-11-08 14:10:56', '2021-12-03 07:49:21'),
(969, 2, 40, 2, 'Bid Recap', 'Information Tech Administrator asked for your approval.', 2, 1, 1, 0, '2021-11-08 14:11:44', '2021-12-03 07:49:21'),
(970, 2, 40, 3, 'Bid Recap', 'Information Tech Administrator asked for your approval.', 2, 1, 1, 0, '2021-11-08 14:12:25', '2021-12-03 07:49:21'),
(971, 1, 40, 1, 'Bid Recap', 'BR-21-00001: Your request has been approved.', 7, 1, 2, 0, '2021-11-08 14:13:30', '2021-12-12 23:49:23'),
(972, 1, 40, 3, 'Bid Recap', 'BR-21-00003: Your request has been approved.', 7, 1, 2, 0, '2021-11-08 14:13:46', '2021-12-12 23:49:23'),
(973, 1, 40, 2, 'Bid Recap', 'BR-21-00002: Your request has been approved.', 7, 1, 2, 0, '2021-11-08 14:13:59', '2021-12-12 23:49:23'),
(974, 2, 46, 2, 'Purchase Request', 'Information Tech Administrator asked for your approval.', 2, 1, 1, 0, '2021-11-08 14:14:57', '2021-12-03 07:49:21'),
(975, 2, 46, 6, 'Purchase Request', 'Information Tech Administrator asked for your approval.', 2, 1, 1, 0, '2021-11-08 14:16:32', '2021-12-03 07:49:21'),
(976, 2, 46, 5, 'Purchase Request', 'Information Tech Administrator asked for your approval.', 2, 1, 1, 0, '2021-11-08 14:17:03', '2021-12-03 07:49:21'),
(977, 2, 46, 4, 'Purchase Request', 'Information Tech Administrator asked for your approval.', 2, 1, 1, 0, '2021-11-08 14:17:27', '2021-12-03 07:49:21'),
(978, 2, 46, 3, 'Purchase Request', 'Information Tech Administrator asked for your approval.', 2, 1, 1, 0, '2021-11-08 14:17:48', '2021-12-03 07:49:21'),
(979, 1, 46, 2, 'Purchase Request', 'PR-21-00002: Your request has been approved.', 7, 1, 2, 0, '2021-11-08 14:18:26', '2021-12-12 23:49:23'),
(980, 1, 46, 6, 'Purchase Request', 'PR-21-00006: Your request has been approved.', 7, 1, 2, 0, '2021-11-08 14:18:36', '2021-12-12 23:49:23'),
(981, 1, 46, 5, 'Purchase Request', 'PR-21-00005: Your request has been approved.', 7, 1, 2, 0, '2021-11-08 14:18:47', '2021-12-12 23:49:23'),
(982, 1, 46, 4, 'Purchase Request', 'PR-21-00004: Your request has been approved.', 7, 1, 2, 0, '2021-11-08 14:18:58', '2021-12-12 23:49:23'),
(983, 1, 46, 3, 'Purchase Request', 'PR-21-00003: Your request has been approved.', 7, 1, 2, 0, '2021-11-08 14:19:10', '2021-12-12 23:49:23'),
(984, 2, 126, 4, 'Inventory Validation', 'Information Tech Administrator asked for your approval.', 2, 1, 1, 0, '2021-11-09 06:55:08', '2021-12-03 07:49:21'),
(985, 1, 126, 4, 'Inventory Validation', 'IVR-21-00004: Your request has been approved.', 7, 1, 2, 0, '2021-11-09 06:55:39', '2021-12-12 23:49:23'),
(986, 2, 126, 5, 'Inventory Validation', 'Information Tech Administrator asked for your approval.', 2, 1, 1, 0, '2021-11-09 07:47:28', '2021-12-03 07:49:21'),
(987, 1, 126, 5, 'Inventory Validation', 'IVR-21-00005: Your request has been approved.', 7, 1, 2, 0, '2021-11-09 07:48:08', '2021-12-12 23:49:23'),
(988, 2, 126, 6, 'Inventory Validation', 'Information Tech Administrator asked for your approval.', 2, 1, 1, 0, '2021-11-09 08:01:59', '2021-12-03 07:49:21'),
(989, 1, 126, 6, 'Inventory Validation', 'IVR-21-00006: Your request has been approved.', 7, 1, 2, 0, '2021-11-09 08:02:18', '2021-12-12 23:49:23'),
(990, 2, 46, 4, 'Purchase Request', 'Information Tech Administrator asked for your approval.', 2, 1, 1, 0, '2021-11-10 10:24:37', '2021-12-03 07:49:21'),
(991, 1, 46, 4, 'Purchase Request', 'PR-21-00004: Your request has been approved.', 7, 1, 2, 0, '2021-11-10 10:25:13', '2021-12-12 23:49:23'),
(992, 2, 33, 4, 'Inventory Receiving', 'Information Tech Administrator asked for your approval.', 2, 1, 1, 0, '2021-11-10 10:26:22', '2021-12-03 07:49:21'),
(993, 2, 33, 4, 'Inventory Receiving', 'Information Tech Administrator asked for your approval.', 2, 1, 1, 0, '2021-11-10 10:59:01', '2021-12-03 07:49:21'),
(994, 1, 33, 4, 'Inventory Receiving', 'INR-21-00004: Your request has been approved.', 7, 1, 2, 0, '2021-11-10 10:59:23', '2021-12-12 23:49:23'),
(995, 2, 126, 16, 'Inventory Validation', 'Information Tech Administrator asked for your approval.', 2, 1, 1, 0, '2021-11-10 11:15:40', '2021-12-03 07:49:21'),
(996, 1, 126, 16, 'Inventory Validation', 'IVR-21-00016: Your request has been approved.', 7, 1, 2, 0, '2021-11-10 11:16:13', '2021-12-12 23:49:23'),
(997, 2, 46, 1, 'Purchase Request', 'Information Tech Administrator asked for your approval.', 2, 1, 1, 0, '2021-11-11 07:30:49', '2021-12-03 07:49:21'),
(998, 2, 46, 2, 'Purchase Request', 'Information Tech Administrator asked for your approval.', 2, 1, 1, 0, '2021-11-11 07:32:51', '2021-12-03 07:49:21'),
(999, 1, 46, 1, 'Purchase Request', 'PR-21-00001: Your request has been approved.', 7, 1, 2, 0, '2021-11-11 07:34:18', '2021-12-12 23:49:23'),
(1000, 1, 46, 2, 'Purchase Request', 'PR-21-00002: Your request has been approved.', 7, 1, 2, 0, '2021-11-11 07:34:28', '2021-12-12 23:49:23'),
(1001, 2, 90, 16, 'Project Timeline', 'Yow Lee Rah Me Zares asked for your approval.', 2, 1, 23, 0, '2021-11-11 09:07:04', '2021-12-03 07:49:21'),
(1002, 23, 90, 16, 'Project Timeline', 'PBT-21-00016: Your request has been approved.', 7, 0, 2, 0, '2021-11-11 09:18:09', '2021-11-11 09:18:09'),
(1003, 2, 92, 16, 'Project Management Board', 'Yow Lee Rah Me Zares asked for your approval.', 2, 1, 23, 0, '2021-11-11 09:19:29', '2021-12-03 07:49:21'),
(1004, 2, 38, 13, 'Cost Estimate', 'Yow Lee Rah Me Zares asked for your approval.', 2, 1, 23, 0, '2021-11-11 09:22:11', '2021-12-03 07:49:21'),
(1005, 23, 38, 13, 'Cost Estimate', 'CEF-21-00013: Your request has been approved.', 7, 0, 2, 0, '2021-11-11 09:22:54', '2021-11-11 09:22:54'),
(1006, 2, 39, 13, 'Bill of Material', 'Yow Lee Rah Me Zares asked for your approval.', 2, 1, 23, 0, '2021-11-11 09:23:31', '2021-12-03 07:49:21'),
(1007, 23, 39, 13, 'Bill of Material', 'BOM-21-00013: Your request has been approved.', 7, 1, 2, 23, '2021-11-11 09:24:03', '2021-11-11 02:15:51'),
(1008, 2, 126, 1, 'Inventory Validation', 'Rodeny Bamba asked for your approval.', 2, 1, 28, 0, '2021-11-11 10:20:04', '2021-12-03 07:49:21'),
(1009, 2, 126, 3, 'Inventory Validation', 'Rodeny Bamba asked for your approval.', 2, 1, 28, 2, '2021-11-11 10:21:47', '2021-11-11 02:22:17'),
(1010, 28, 126, 3, 'Inventory Validation', 'IVR-21-00003: Your request has been approved.', 7, 0, 2, 0, '2021-11-11 10:23:11', '2021-11-11 10:23:11'),
(1011, 28, 126, 1, 'Inventory Validation', 'IVR-21-00001: Your request has been approved.', 7, 0, 2, 0, '2021-11-11 10:23:22', '2021-11-11 10:23:22'),
(1012, 2, 40, 1, 'Bid Recap', 'Renna Telesforo asked for your approval.', 2, 1, 7, 0, '2021-11-11 10:30:48', '2021-12-03 07:49:21'),
(1013, 2, 40, 2, 'Bid Recap', 'Renna Telesforo asked for your approval.', 2, 1, 7, 0, '2021-11-11 10:33:22', '2021-12-03 07:49:21'),
(1014, 7, 40, 1, 'Bid Recap', 'BR-21-00001: Your request has been approved.', 7, 0, 2, 0, '2021-11-11 10:33:55', '2021-11-11 10:33:55'),
(1015, 7, 40, 2, 'Bid Recap', 'BR-21-00002: Your request has been approved.', 7, 0, 2, 0, '2021-11-11 10:34:09', '2021-11-11 10:34:09');
INSERT INTO `gen_system_notification_tbl` (`notificationID`, `employeeID`, `moduleID`, `tableID`, `notificationTitle`, `notificationDescription`, `notificationType`, `markRead`, `createdBy`, `updatedBy`, `createdAt`, `updatedAt`) VALUES
(1016, 2, 46, 1, 'Purchase Request', 'Renna Telesforo asked for your approval.', 2, 1, 7, 0, '2021-11-11 10:44:33', '2021-12-03 07:49:21'),
(1017, 2, 46, 2, 'Purchase Request', 'Renna Telesforo asked for your approval.', 2, 1, 7, 0, '2021-11-11 10:44:56', '2021-12-03 07:49:21'),
(1018, 2, 46, 7, 'Purchase Request', 'Renna Telesforo asked for your approval.', 2, 1, 7, 0, '2021-11-11 10:45:21', '2021-12-03 07:49:21'),
(1019, 2, 46, 6, 'Purchase Request', 'Renna Telesforo asked for your approval.', 2, 1, 7, 0, '2021-11-11 10:45:58', '2021-12-03 07:49:21'),
(1020, 2, 46, 5, 'Purchase Request', 'Renna Telesforo asked for your approval.', 2, 1, 7, 0, '2021-11-11 10:46:15', '2021-12-03 07:49:21'),
(1021, 2, 46, 4, 'Purchase Request', 'Renna Telesforo asked for your approval.', 2, 1, 7, 0, '2021-11-11 10:46:31', '2021-12-03 07:49:21'),
(1022, 2, 46, 3, 'Purchase Request', 'Renna Telesforo asked for your approval.', 2, 1, 7, 0, '2021-11-11 10:46:46', '2021-12-03 07:49:21'),
(1023, 7, 46, 1, 'Purchase Request', 'PR-21-00001: Your request has been approved.', 7, 0, 2, 0, '2021-11-11 10:47:07', '2021-11-11 10:47:07'),
(1024, 7, 46, 2, 'Purchase Request', 'PR-21-00002: Your request has been approved.', 7, 0, 2, 0, '2021-11-11 10:47:17', '2021-11-11 10:47:17'),
(1025, 7, 46, 7, 'Purchase Request', 'PR-21-00007: Your request has been approved.', 7, 0, 2, 0, '2021-11-11 10:47:27', '2021-11-11 10:47:27'),
(1026, 7, 46, 6, 'Purchase Request', 'PR-21-00006: Your request has been approved.', 7, 0, 2, 0, '2021-11-11 10:47:41', '2021-11-11 10:47:41'),
(1027, 7, 46, 5, 'Purchase Request', 'PR-21-00005: Your request has been approved.', 7, 0, 2, 0, '2021-11-11 10:48:00', '2021-11-11 10:48:00'),
(1028, 7, 46, 4, 'Purchase Request', 'PR-21-00004: Your request has been approved.', 7, 0, 2, 0, '2021-11-11 10:48:13', '2021-11-11 10:48:13'),
(1029, 7, 46, 3, 'Purchase Request', 'PR-21-00003: Your request has been approved.', 7, 0, 2, 0, '2021-11-11 10:48:30', '2021-11-11 10:48:30'),
(1030, 2, 40, 3, 'Bid Recap', 'Renna Telesforo asked for your approval.', 2, 1, 7, 0, '2021-11-11 10:52:23', '2021-12-03 07:49:21'),
(1031, 2, 33, 1, 'Inventory Receiving', 'Renna Telesforo asked for your approval.', 2, 1, 7, 0, '2021-11-11 10:57:40', '2021-12-03 07:49:21'),
(1032, 2, 33, 3, 'Inventory Receiving', 'Renna Telesforo asked for your approval.', 2, 1, 7, 0, '2021-11-11 10:58:38', '2021-12-03 07:49:21'),
(1033, 2, 33, 2, 'Inventory Receiving', 'Renna Telesforo asked for your approval.', 2, 1, 7, 0, '2021-11-11 10:59:46', '2021-12-03 07:49:21'),
(1034, 7, 33, 1, 'Inventory Receiving', 'INR-21-00001: Your request has been approved.', 7, 0, 2, 0, '2021-11-11 11:00:11', '2021-11-11 11:00:11'),
(1035, 7, 33, 2, 'Inventory Receiving', 'INR-21-00002: Your request has been approved.', 7, 0, 2, 0, '2021-11-11 11:00:19', '2021-11-11 11:00:19'),
(1036, 7, 33, 3, 'Inventory Receiving', 'INR-21-00003: Your request has been approved.', 7, 0, 2, 0, '2021-11-11 11:00:28', '2021-11-11 11:00:28'),
(1037, 2, 33, 4, 'Inventory Receiving', 'Renna Telesforo asked for your approval.', 2, 1, 7, 0, '2021-11-11 11:03:50', '2021-12-03 07:49:21'),
(1038, 7, 33, 4, 'Inventory Receiving', 'INR-21-00004: Your request has been approved.', 7, 0, 2, 0, '2021-11-11 11:04:05', '2021-11-11 11:04:05'),
(1039, 2, 40, 4, 'Bid Recap', 'Information Tech Administrator asked for your approval.', 2, 1, 1, 0, '2021-11-15 08:04:40', '2021-12-03 07:49:21'),
(1040, 2, 126, 8, 'Inventory Validation', 'Information Tech Administrator asked for your approval.', 2, 1, 1, 0, '2021-11-15 08:06:14', '2021-12-03 07:49:21'),
(1041, 20, 50, 1, 'Personnel Requisition', 'Information Tech Administrator asked for your approval.', 2, 0, 1, 0, '2021-11-24 15:30:56', '2021-11-24 15:30:56'),
(1042, 2, 126, 9, 'Inventory Validation', 'Renna Telesforo asked for your approval.', 2, 1, 7, 2, '2021-11-25 14:48:53', '2021-11-25 06:49:41'),
(1043, 7, 126, 9, 'Inventory Validation', 'IVR-21-00009: Your request has been approved.', 7, 0, 2, 0, '2021-11-25 14:50:03', '2021-11-25 14:50:03'),
(1044, 2, 126, 10, 'Inventory Validation', 'Renna Telesforo asked for your approval.', 2, 1, 7, 0, '2021-11-25 14:51:11', '2021-12-03 07:49:21'),
(1045, 1, 126, 8, 'Inventory Validation', 'IVR-21-00008: Your request has been approved.', 7, 1, 2, 0, '2021-11-25 14:51:28', '2021-12-12 23:49:23'),
(1046, 7, 126, 10, 'Inventory Validation', 'IVR-21-00010: Your request has been approved.', 7, 0, 2, 0, '2021-11-25 14:51:36', '2021-11-25 14:51:36'),
(1047, 2, 40, 6, 'Bid Recap', 'Renna Telesforo asked for your approval.', 2, 1, 7, 0, '2021-11-25 14:55:25', '2021-12-03 07:49:21'),
(1048, 7, 40, 6, 'Bid Recap', 'BR-21-00006: Your request has been approved.', 7, 0, 2, 0, '2021-11-25 14:56:30', '2021-11-25 14:56:30'),
(1049, 2, 46, 10, 'Purchase Request', 'Renna Telesforo asked for your approval.', 2, 1, 7, 0, '2021-11-25 14:58:32', '2021-12-03 07:49:21'),
(1050, 7, 46, 10, 'Purchase Request', 'PR-21-00010: Your request has been approved.', 7, 0, 2, 0, '2021-11-25 14:59:56', '2021-11-25 14:59:56'),
(1051, 2, 33, 10, 'Inventory Receiving', 'Renna Telesforo asked for your approval.', 2, 1, 7, 2, '2021-11-25 15:04:59', '2021-11-25 07:05:32'),
(1052, 7, 33, 10, 'Inventory Receiving', 'INR-21-00010: Your request has been approved.', 7, 0, 2, 0, '2021-11-25 15:05:45', '2021-11-25 15:05:45'),
(1053, 1, 55, 6, 'Leave Request Form', 'Arjay Diangzon asked for your approval.', 2, 1, 2, 0, '2021-11-29 08:07:23', '2021-12-12 23:49:23'),
(1054, 1, 55, 7, 'Leave Request Form', 'Arjay Diangzon asked for your approval.', 2, 1, 2, 0, '2021-11-29 08:08:04', '2021-12-12 23:49:23'),
(1055, 2, 55, 6, 'Leave Request Form', 'LRF-21-00006: Your request has been approved.', 7, 1, 1, 0, '2021-11-29 08:13:24', '2021-12-03 07:49:21'),
(1056, 2, 55, 7, 'Leave Request Form', 'LRF-21-00007: Your request has been approved.', 7, 1, 1, 0, '2021-11-29 08:13:35', '2021-12-03 07:49:21'),
(1057, 20, 50, 2, 'Personnel Requisition', 'Information Tech Administrator asked for your approval.', 2, 1, 1, 20, '2021-11-29 13:21:28', '2021-11-29 05:22:15'),
(1058, 4, 50, 2, 'Personnel Requisition', 'Information Tech Administrator asked for your approval.', 2, 0, 20, 0, '2021-11-29 13:22:33', '2021-11-29 13:22:33'),
(1059, 4, 50, 1, 'Personnel Requisition', 'Information Tech Administrator asked for your approval.', 2, 0, 20, 0, '2021-11-29 13:22:44', '2021-11-29 13:22:44'),
(1060, 2, 50, 1, 'Personnel Requisition', 'Information Tech Administrator asked for your approval.', 2, 1, 4, 0, '2021-11-29 13:24:04', '2021-12-03 07:49:21'),
(1061, 2, 50, 2, 'Personnel Requisition', 'Information Tech Administrator asked for your approval.', 2, 1, 4, 2, '2021-11-29 13:24:15', '2021-11-29 05:24:31'),
(1062, 1, 50, 2, 'Personnel Requisition', 'PRF-21-00002: Your request has been approved.', 7, 1, 2, 0, '2021-11-29 13:25:05', '2021-12-12 23:49:23'),
(1063, 1, 50, 1, 'Personnel Requisition', 'PRF-21-00001: Your request has been approved.', 7, 1, 2, 0, '2021-11-29 13:25:15', '2021-12-12 23:49:23'),
(1064, 4, 60, 1, 'Overtime Request Form', 'Information Tech Administrator asked for your approval.', 2, 0, 1, 0, '2021-12-01 11:20:41', '2021-12-01 11:20:41'),
(1065, 1, 60, 5, 'Overtime Request Form', 'Arjay Diangzon asked for your approval.', 2, 1, 2, 0, '2021-12-01 14:13:54', '2021-12-12 23:49:23'),
(1066, 2, 60, 5, 'Overtime Request Form', 'OTR-21-00005: Your request has been denied.', 1, 1, 1, 0, '2021-12-01 14:15:05', '2021-12-03 07:49:21'),
(1067, 1, 55, 8, 'Leave Request Form', 'Arjay Diangzon asked for your approval.', 2, 1, 2, 0, '2021-12-01 14:21:24', '2021-12-12 23:49:23'),
(1068, 2, 55, 8, 'Leave Request Form', 'LRF-21-00008: Your request has been approved.', 7, 1, 1, 0, '2021-12-01 14:22:17', '2021-12-03 07:49:21'),
(1069, 1, 55, 9, 'Leave Request Form', 'Arjay Diangzon asked for your approval.', 2, 1, 2, 0, '2021-12-01 14:22:53', '2021-12-12 23:49:23'),
(1070, 2, 55, 9, 'Leave Request Form', 'LRF-21-00009: Your request has been denied.', 1, 1, 1, 0, '2021-12-01 14:23:18', '2021-12-03 07:49:21'),
(1071, 1, 55, 10, 'Leave Request Form', 'Arjay Diangzon asked for your approval.', 2, 1, 2, 0, '2021-12-01 14:24:42', '2021-12-12 23:49:23'),
(1072, 1, 55, 10, 'Leave Request Form', 'Arjay Diangzon asked for your approval.', 2, 1, 2, 0, '2021-12-01 14:25:31', '2021-12-12 23:49:23'),
(1073, 1, 60, 6, 'Overtime Request Form', 'Arjay Diangzon asked for your approval.', 2, 1, 2, 0, '2021-12-01 14:27:33', '2021-12-12 23:49:23'),
(1074, 1, 60, 7, 'Overtime Request Form', 'Arjay Diangzon asked for your approval.', 2, 1, 2, 0, '2021-12-01 14:32:08', '2021-12-12 23:49:23'),
(1075, 1, 60, 8, 'Overtime Request Form', 'Arjay Diangzon asked for your approval.', 2, 1, 2, 0, '2021-12-01 14:43:02', '2021-12-12 23:49:23'),
(1076, 1, 60, 9, 'Overtime Request Form', 'Arjay Diangzon asked for your approval.', 2, 1, 2, 0, '2021-12-01 15:03:04', '2021-12-12 23:49:23'),
(1077, 2, 126, 14, 'Inventory Validation', 'Renna Telesforo asked for your approval.', 2, 1, 7, 2, '2021-12-02 11:30:12', '2021-12-02 03:31:15'),
(1078, 7, 126, 14, 'Inventory Validation', 'IVR-21-00014: Your request has been approved.', 7, 0, 2, 0, '2021-12-02 11:31:43', '2021-12-02 11:31:43'),
(1079, 2, 40, 7, 'Bid Recap', 'Renna Telesforo asked for your approval.', 2, 1, 7, 0, '2021-12-02 11:36:46', '2021-12-03 07:49:21'),
(1080, 7, 40, 7, 'Bid Recap', 'BR-21-00007: Your request has been approved.', 7, 0, 2, 0, '2021-12-02 11:38:03', '2021-12-02 11:38:03'),
(1081, 2, 46, 11, 'Purchase Request', 'Renna Telesforo asked for your approval.', 2, 1, 7, 2, '2021-12-02 11:39:19', '2021-12-02 03:39:41'),
(1082, 7, 46, 11, 'Purchase Request', 'PR-21-00011: Your request has been approved.', 7, 0, 2, 0, '2021-12-02 11:39:55', '2021-12-02 11:39:55'),
(1083, 2, 33, 11, 'Inventory Receiving', 'Renna Telesforo asked for your approval.', 2, 1, 7, 0, '2021-12-02 11:42:44', '2021-12-03 07:49:21'),
(1084, 7, 33, 11, 'Inventory Receiving', 'INR-21-00011: Your request has been approved.', 7, 0, 2, 0, '2021-12-02 11:43:57', '2021-12-02 11:43:57'),
(1085, 2, 143, 3, 'Production Report', 'Joseph Berongoy asked for your approval.', 2, 1, 20, 0, '2021-12-02 11:49:19', '2021-12-03 07:49:21'),
(1086, 2, 143, 4, 'Production Report', 'Joseph Berongoy asked for your approval.', 2, 1, 20, 0, '2021-12-02 13:29:25', '2021-12-03 07:49:21'),
(1087, 20, 143, 4, 'Production Report', 'PRD-21-00004: Your request has been approved.', 7, 0, 2, 0, '2021-12-02 13:42:53', '2021-12-02 13:42:53'),
(1088, 2, 143, 5, 'Production Report', 'Joseph Berongoy asked for your approval.', 2, 1, 20, 0, '2021-12-02 14:02:03', '2021-12-03 07:49:21'),
(1089, 2, 109, 3, 'Timekeeping Module', 'Joseph Berongoy asked for your approval.', 2, 1, 20, 0, '2021-12-03 14:16:05', '2021-12-03 07:49:21'),
(1090, 4, 109, 3, 'Timekeeping Module', 'Joseph Berongoy asked for your approval.', 2, 0, 2, 0, '2021-12-03 14:37:51', '2021-12-03 14:37:51'),
(1091, 20, 109, 3, 'Timekeeping', 'TK-21-00003: Your request has been denied.', 1, 0, 4, 0, '2021-12-03 14:41:25', '2021-12-03 14:41:25'),
(1092, 2, 109, 1, 'Timekeeping Module', 'Joseph Berongoy asked for your approval.', 2, 1, 20, 0, '2021-12-03 14:55:41', '2021-12-03 07:49:21'),
(1093, 4, 109, 1, 'Timekeeping Module', 'Joseph Berongoy asked for your approval.', 2, 0, 2, 0, '2021-12-03 14:57:29', '2021-12-03 14:57:29'),
(1094, 20, 109, 1, 'Timekeeping Module', 'TK-21-00001: Your request has been approved.', 7, 0, 4, 0, '2021-12-03 14:58:41', '2021-12-03 14:58:41'),
(1095, 2, 60, 10, 'Overtime Request Form', 'Information Tech Administrator asked for your approval.', 2, 1, 1, 2, '2021-12-03 15:47:24', '2021-12-03 07:48:53'),
(1096, 2, 60, 11, 'Overtime Request Form', 'Information Tech Administrator asked for your approval.', 2, 1, 1, 2, '2021-12-03 15:53:17', '2021-12-03 07:53:44'),
(1097, 1, 60, 10, 'Overtime Request Form', 'OTR-21-00010: Your request has been approved.', 7, 1, 2, 0, '2021-12-03 15:59:33', '2021-12-12 23:49:23'),
(1098, 1, 60, 11, 'Overtime Request Form', 'OTR-21-00011: Your request has been approved.', 7, 1, 2, 0, '2021-12-03 15:59:56', '2021-12-12 23:49:23'),
(1099, 1, 60, 12, 'Overtime Request Form', 'Arjay Diangzon asked for your approval.', 2, 1, 2, 1, '2021-12-06 07:38:52', '2021-12-05 23:42:25'),
(1100, 2, 60, 12, 'Overtime Request Form', 'OTR-21-00012: Your request has been approved.', 7, 0, 1, 0, '2021-12-06 07:45:54', '2021-12-06 07:45:54'),
(1101, 2, 109, 1, 'Timekeeping Module', 'Joseph Berongoy asked for your approval.', 2, 0, 20, 0, '2021-12-06 10:06:22', '2021-12-06 10:06:22'),
(1102, 4, 109, 1, 'Timekeeping Module', 'Joseph Berongoy asked for your approval.', 2, 0, 2, 0, '2021-12-06 10:09:25', '2021-12-06 10:09:25'),
(1103, 20, 109, 1, 'Timekeeping Module', 'TK-21-00001: Your request has been approved.', 7, 0, 4, 0, '2021-12-06 10:10:51', '2021-12-06 10:10:51'),
(1104, 20, 50, 3, 'Personnel Requisition', 'Information Tech Administrator asked for your approval.', 2, 0, 1, 0, '2021-12-06 10:30:28', '2021-12-06 10:30:28'),
(1105, 20, 50, 4, 'Personnel Requisition', 'Information Tech Administrator asked for your approval.', 2, 0, 1, 0, '2021-12-06 10:32:06', '2021-12-06 10:32:06'),
(1106, 2, 50, 5, 'Personnel Requisition', 'Information Tech Administrator asked for your approval.', 2, 0, 1, 0, '2021-12-06 10:32:43', '2021-12-06 10:32:43'),
(1107, 1, 50, 5, 'Personnel Requisition', 'PRF-21-00005: Your request has been approved.', 7, 1, 2, 0, '2021-12-06 10:33:26', '2021-12-12 23:49:23'),
(1108, 1, 60, 13, 'Overtime Request Form', 'Arjay Diangzon asked for your approval.', 2, 1, 2, 0, '2021-12-06 14:20:16', '2021-12-12 23:49:23'),
(1109, 2, 60, 13, 'Overtime Request Form', 'OTR-21-00013: Your request has been denied.', 1, 0, 1, 0, '2021-12-06 14:23:14', '2021-12-06 14:23:14'),
(1110, 2, 60, 8, 'Overtime Request Form', 'OTR-21-00008: Your request has been approved.', 7, 0, 1, 0, '2021-12-06 14:23:39', '2021-12-06 14:23:39'),
(1111, 2, 60, 7, 'Overtime Request Form', 'OTR-21-00007: Your request has been approved.', 7, 0, 1, 0, '2021-12-06 14:24:50', '2021-12-06 14:24:50'),
(1112, 1, 55, 10, 'Leave Request Form', 'Arjay Diangzon asked for your approval.', 2, 1, 2, 0, '2021-12-06 14:31:18', '2021-12-12 23:49:23'),
(1113, 1, 55, 12, 'Leave Request Form', 'Arjay Diangzon asked for your approval.', 2, 1, 2, 1, '2021-12-06 14:34:52', '2021-12-09 02:23:49'),
(1114, 2, 55, 10, 'Leave Request Form', 'LRF-21-00010: Your request has been approved.', 7, 0, 1, 0, '2021-12-06 14:35:43', '2021-12-06 14:35:43'),
(1115, 2, 109, 1, 'Timekeeping Module', 'Joseph Berongoy asked for your approval.', 2, 0, 20, 0, '2021-12-06 14:52:29', '2021-12-06 14:52:29'),
(1116, 4, 109, 1, 'Timekeeping Module', 'Joseph Berongoy asked for your approval.', 2, 0, 2, 0, '2021-12-06 14:54:14', '2021-12-06 14:54:14'),
(1117, 20, 109, 1, 'Timekeeping Module', 'TK-21-00001: Your request has been approved.', 7, 0, 4, 0, '2021-12-06 14:55:53', '2021-12-06 14:55:53'),
(1118, 2, 109, 1, 'Timekeeping Module', 'Joseph Berongoy asked for your approval.', 2, 0, 20, 0, '2021-12-07 09:30:28', '2021-12-07 09:30:28'),
(1119, 4, 109, 1, 'Timekeeping Module', 'Joseph Berongoy asked for your approval.', 2, 0, 2, 0, '2021-12-07 09:31:27', '2021-12-07 09:31:27'),
(1120, 20, 109, 1, 'Timekeeping Module', 'TK-21-00001: Your request has been approved.', 7, 0, 4, 0, '2021-12-07 09:32:40', '2021-12-07 09:32:40'),
(1121, 2, 109, 1, 'Timekeeping Module', 'Joseph Berongoy asked for your approval.', 2, 0, 20, 0, '2021-12-07 09:46:55', '2021-12-07 09:46:55'),
(1122, 4, 109, 1, 'Timekeeping Module', 'Joseph Berongoy asked for your approval.', 2, 0, 2, 0, '2021-12-07 09:47:31', '2021-12-07 09:47:31'),
(1123, 20, 109, 1, 'Timekeeping Module', 'TK-21-00001: Your request has been approved.', 7, 0, 4, 0, '2021-12-07 09:48:14', '2021-12-07 09:48:14'),
(1124, 2, 109, 1, 'Timekeeping Module', 'Joseph Berongoy asked for your approval.', 2, 0, 20, 0, '2021-12-07 15:15:38', '2021-12-07 15:15:38'),
(1125, 4, 109, 1, 'Timekeeping Module', 'Joseph Berongoy asked for your approval.', 2, 0, 2, 0, '2021-12-07 15:18:00', '2021-12-07 15:18:00'),
(1126, 20, 109, 1, 'Timekeeping Module', 'TK-21-00001: Your request has been approved.', 7, 0, 4, 0, '2021-12-07 15:18:44', '2021-12-07 15:18:44'),
(1127, 2, 110, 1, 'Payroll Module', 'Joseph Berongoy asked for your approval.', 2, 0, 20, 0, '2021-12-07 16:03:12', '2021-12-07 16:03:12'),
(1128, 4, 110, 1, 'Payroll Module', 'Joseph Berongoy asked for your approval.', 2, 0, 2, 0, '2021-12-07 16:06:09', '2021-12-07 16:06:09'),
(1129, 20, 110, 1, 'Payroll Module', 'PAY-21-00001: Your request has been approved.', 7, 0, 4, 0, '2021-12-09 09:14:17', '2021-12-09 09:14:17'),
(1130, 2, 109, 2, 'Timekeeping Module', 'Joseph Berongoy asked for your approval.', 2, 0, 20, 0, '2021-12-09 10:25:16', '2021-12-09 10:25:16'),
(1131, 4, 109, 2, 'Timekeeping Module', 'Joseph Berongoy asked for your approval.', 2, 0, 2, 0, '2021-12-09 10:29:06', '2021-12-09 10:29:06'),
(1132, 20, 109, 2, 'Timekeeping Module', 'TK-21-00002: Your request has been approved.', 7, 0, 4, 0, '2021-12-09 10:30:35', '2021-12-09 10:30:35'),
(1133, 2, 126, 15, 'Inventory Validation', 'Information Tech Administrator asked for your approval.', 2, 1, 1, 2, '2021-12-09 10:32:21', '2021-12-09 02:33:31'),
(1134, 1, 126, 15, 'Inventory Validation', 'IVR-21-00015: Your request has been approved.', 7, 1, 2, 0, '2021-12-09 10:34:21', '2021-12-12 23:49:23'),
(1135, 2, 35, 1, 'Return Item', 'Information Tech Administrator asked for your approval.', 2, 0, 1, 0, '2021-12-09 11:10:58', '2021-12-09 11:10:58'),
(1136, 2, 35, 1, 'Return Item', 'Information Tech Administrator asked for your approval.', 2, 0, 1, 0, '2021-12-09 11:12:11', '2021-12-09 11:12:11'),
(1137, 2, 45, 2, 'Material Usage', 'Information Tech Administrator asked for your approval.', 2, 1, 1, 2, '2021-12-09 11:13:32', '2021-12-09 03:14:13'),
(1138, 1, 45, 2, 'Material Usage', 'MUF-21-00002: Your request has been denied.', 1, 1, 2, 0, '2021-12-09 11:15:18', '2021-12-12 23:49:23'),
(1139, 2, 45, 3, 'Material Usage', 'Information Tech Administrator asked for your approval.', 2, 0, 1, 0, '2021-12-09 11:16:02', '2021-12-09 11:16:02'),
(1140, 1, 45, 3, 'Material Usage', 'MUF-21-00003: Your request has been approved.', 7, 1, 2, 0, '2021-12-09 11:17:03', '2021-12-12 23:49:23'),
(1141, 1, 35, 1, 'Return Item', 'RI-21-00001: Your request has been approved.', 7, 1, 2, 0, '2021-12-09 11:19:12', '2021-12-12 23:49:23'),
(1142, 2, 110, 2, 'Payroll Module', 'Joseph Berongoy asked for your approval.', 2, 0, 20, 0, '2021-12-09 13:19:45', '2021-12-09 13:19:45'),
(1143, 4, 110, 2, 'Payroll Module', 'Joseph Berongoy asked for your approval.', 2, 0, 2, 0, '2021-12-09 13:20:54', '2021-12-09 13:20:54'),
(1144, 20, 110, 2, 'Payroll Module', 'PAY-21-00002: Your request has been approved.', 7, 0, 4, 0, '2021-12-09 13:21:29', '2021-12-09 13:21:29'),
(1145, 2, 109, 3, 'Timekeeping Module', 'Joseph Berongoy asked for your approval.', 2, 0, 20, 0, '2021-12-09 13:44:44', '2021-12-09 13:44:44'),
(1146, 4, 109, 3, 'Timekeeping Module', 'Joseph Berongoy asked for your approval.', 2, 0, 2, 0, '2021-12-09 13:50:22', '2021-12-09 13:50:22'),
(1147, 20, 109, 3, 'Timekeeping', 'TK-21-00003: Your request has been denied.', 1, 0, 4, 0, '2021-12-09 13:53:46', '2021-12-09 13:53:46'),
(1148, 2, 109, 4, 'Timekeeping Module', 'Joseph Berongoy asked for your approval.', 2, 0, 20, 0, '2021-12-09 14:00:58', '2021-12-09 14:00:58'),
(1149, 20, 109, 4, 'Timekeeping', 'TK-21-00004: Your request has been denied.', 1, 0, 2, 0, '2021-12-09 14:01:50', '2021-12-09 14:01:50'),
(1150, 2, 60, 17, 'Overtime Request Form', 'Joseph Berongoy asked for your approval.', 2, 0, 20, 0, '2021-12-09 14:34:40', '2021-12-09 14:34:40'),
(1151, 4, 60, 17, 'Overtime Request Form', 'Joseph Berongoy asked for your approval.', 2, 0, 2, 0, '2021-12-09 14:35:07', '2021-12-09 14:35:07'),
(1152, 20, 60, 17, 'Overtime Request Form', 'OTR-21-00017: Your request has been approved.', 7, 0, 4, 0, '2021-12-09 14:36:10', '2021-12-09 14:36:10'),
(1153, 2, 60, 18, 'Overtime Request Form', 'Joseph Berongoy asked for your approval.', 2, 0, 20, 0, '2021-12-09 15:20:34', '2021-12-09 15:20:34'),
(1154, 4, 50, 6, 'Personnel Requisition', 'Joseph Berongoy asked for your approval.', 2, 0, 20, 0, '2021-12-09 15:20:36', '2021-12-09 15:20:36'),
(1155, 4, 60, 18, 'Overtime Request Form', 'Joseph Berongoy asked for your approval.', 2, 0, 2, 0, '2021-12-09 15:21:18', '2021-12-09 15:21:18'),
(1156, 20, 60, 18, 'Overtime Request Form', 'OTR-21-00018: Your request has been approved.', 7, 0, 4, 0, '2021-12-09 15:21:58', '2021-12-09 15:21:58'),
(1157, 2, 109, 6, 'Timekeeping Module', 'Joseph Berongoy asked for your approval.', 2, 0, 20, 0, '2021-12-09 15:27:58', '2021-12-09 15:27:58'),
(1158, 4, 109, 6, 'Timekeeping Module', 'Joseph Berongoy asked for your approval.', 2, 0, 2, 0, '2021-12-09 15:29:38', '2021-12-09 15:29:38'),
(1159, 20, 109, 6, 'Timekeeping Module', 'TK-21-00006: Your request has been approved.', 7, 0, 4, 0, '2021-12-09 15:30:40', '2021-12-09 15:30:40'),
(1160, 2, 60, 19, 'Overtime Request Form', 'Joseph Berongoy asked for your approval.', 2, 0, 20, 0, '2021-12-09 15:32:19', '2021-12-09 15:32:19'),
(1161, 2, 60, 21, 'Overtime Request Form', 'Joseph Berongoy asked for your approval.', 2, 0, 20, 0, '2021-12-09 15:32:45', '2021-12-09 15:32:45'),
(1162, 20, 60, 21, 'Overtime Request Form', 'OTR-21-00021: Your request has been denied.', 1, 0, 2, 0, '2021-12-09 15:33:26', '2021-12-09 15:33:26'),
(1163, 2, 110, 3, 'Payroll Module', 'Joseph Berongoy asked for your approval.', 2, 0, 20, 0, '2021-12-09 16:07:28', '2021-12-09 16:07:28'),
(1164, 4, 110, 3, 'Payroll Module', 'Joseph Berongoy asked for your approval.', 2, 0, 2, 0, '2021-12-09 16:08:10', '2021-12-09 16:08:10'),
(1165, 20, 110, 3, 'Payroll Module', 'PAY-21-00003: Your request has been approved.', 7, 0, 4, 0, '2021-12-09 16:08:52', '2021-12-09 16:08:52'),
(1166, 2, 109, 1, 'Timekeeping Module', 'Joseph Berongoy asked for your approval.', 2, 0, 20, 0, '2021-12-10 08:07:47', '2021-12-10 08:07:47'),
(1167, 4, 109, 1, 'Timekeeping Process', 'Joseph Berongoy asked for your approval.', 2, 0, 2, 0, '2021-12-10 08:20:47', '2021-12-10 08:20:47'),
(1168, 2, 109, 1, 'Timekeeping Process', 'Joseph Berongoy asked for your approval.', 2, 0, 20, 0, '2021-12-10 09:37:27', '2021-12-10 09:37:27'),
(1169, 4, 109, 1, 'Timekeeping Process', 'Joseph Berongoy asked for your approval.', 2, 0, 2, 0, '2021-12-10 09:46:54', '2021-12-10 09:46:54'),
(1170, 2, 109, 1, 'Timekeeping Process', 'Joseph Berongoy asked for your approval.', 2, 0, 20, 0, '2021-12-10 10:05:19', '2021-12-10 10:05:19'),
(1171, 4, 109, 1, 'Timekeeping Process', 'Joseph Berongoy asked for your approval.', 2, 0, 2, 0, '2021-12-10 10:07:39', '2021-12-10 10:07:39'),
(1172, 20, 109, 1, 'Timekeeping Process', 'TMK-21-00001: Your request has been approved.', 7, 1, 4, 20, '2021-12-10 10:08:23', '2021-12-10 03:09:48'),
(1173, 2, 90, 20, 'Project Timeline', 'Information Tech Administrator asked for your approval.', 2, 0, 1, 0, '2021-12-10 10:38:47', '2021-12-10 10:38:47'),
(1174, 2, 90, 19, 'Project Timeline', 'Information Tech Administrator asked for your approval.', 2, 0, 1, 0, '2021-12-10 10:39:01', '2021-12-10 10:39:01'),
(1175, 1, 90, 19, 'Project Timeline', 'PBT-21-00019: Your request has been approved.', 7, 1, 2, 0, '2021-12-10 10:39:40', '2021-12-12 23:49:23'),
(1176, 1, 90, 20, 'Project Timeline', 'PBT-21-00020: Your request has been approved.', 7, 1, 2, 0, '2021-12-10 10:39:50', '2021-12-12 23:49:23'),
(1177, 2, 92, 18, 'Project Management Board', 'Information Tech Administrator asked for your approval.', 2, 0, 1, 0, '2021-12-10 10:40:43', '2021-12-10 10:40:43'),
(1178, 2, 92, 17, 'Project Management Board', 'Information Tech Administrator asked for your approval.', 2, 0, 1, 0, '2021-12-10 10:42:03', '2021-12-10 10:42:03'),
(1179, 2, 50, 7, 'Personnel Requisition', 'Information Tech Administrator asked for your approval.', 2, 0, 1, 0, '2021-12-10 11:09:07', '2021-12-10 11:09:07'),
(1180, 4, 50, 4, 'Personnel Requisition', 'Information Tech Administrator asked for your approval.', 2, 0, 20, 0, '2021-12-10 11:10:42', '2021-12-10 11:10:42'),
(1181, 4, 50, 3, 'Personnel Requisition', 'Information Tech Administrator asked for your approval.', 2, 0, 20, 0, '2021-12-10 11:10:54', '2021-12-10 11:10:54'),
(1182, 2, 50, 3, 'Personnel Requisition', 'Information Tech Administrator asked for your approval.', 2, 0, 4, 0, '2021-12-10 11:12:28', '2021-12-10 11:12:28'),
(1183, 2, 50, 4, 'Personnel Requisition', 'Information Tech Administrator asked for your approval.', 2, 0, 4, 0, '2021-12-10 11:12:39', '2021-12-10 11:12:39'),
(1184, 1, 50, 3, 'Personnel Requisition', 'PRF-21-00003: Your request has been approved.', 7, 1, 2, 0, '2021-12-10 11:14:03', '2021-12-12 23:49:23'),
(1185, 1, 50, 4, 'Personnel Requisition', 'PRF-21-00004: Your request has been approved.', 7, 1, 2, 0, '2021-12-10 11:14:13', '2021-12-12 23:49:23'),
(1186, 1, 50, 7, 'Personnel Requisition', 'PRF-21-00007: Your request has been approved.', 7, 1, 2, 0, '2021-12-10 11:14:25', '2021-12-12 23:49:23'),
(1187, 2, 111, 1, 'Payroll Adjustment', 'Joseph Berongoy asked for your approval.', 2, 0, 20, 0, '2021-12-10 13:31:31', '2021-12-10 13:31:31'),
(1188, 4, 111, 1, 'Payroll Adjustment', 'Joseph Berongoy asked for your approval.', 2, 0, 2, 0, '2021-12-10 13:34:04', '2021-12-10 13:34:04'),
(1189, 20, 111, 1, 'Payroll Adjustment', 'PRA-21-00001: Your request has been denied.', 1, 0, 4, 0, '2021-12-10 13:36:40', '2021-12-10 13:36:40'),
(1190, 2, 111, 2, 'Payroll Adjustment', 'Joseph Berongoy asked for your approval.', 2, 0, 20, 0, '2021-12-10 13:38:22', '2021-12-10 13:38:22'),
(1191, 4, 111, 2, 'Payroll Adjustment', 'Joseph Berongoy asked for your approval.', 2, 0, 2, 0, '2021-12-10 13:49:27', '2021-12-10 13:49:27'),
(1192, 20, 111, 2, 'Payroll Adjustment', 'PRA-21-00002: Your request has been approved.', 7, 0, 4, 0, '2021-12-10 13:50:02', '2021-12-10 13:50:02'),
(1193, 2, 126, 11, 'Inventory Validation', 'Information Tech Administrator asked for your approval.', 2, 0, 1, 0, '2021-12-13 08:10:52', '2021-12-13 08:10:52'),
(1194, 2, 126, 12, 'Inventory Validation', 'Information Tech Administrator asked for your approval.', 2, 0, 1, 0, '2021-12-13 08:11:10', '2021-12-13 08:11:10'),
(1195, 2, 126, 13, 'Inventory Validation', 'Information Tech Administrator asked for your approval.', 2, 0, 1, 0, '2021-12-13 08:11:23', '2021-12-13 08:11:23'),
(1196, 2, 126, 16, 'Inventory Validation', 'Information Tech Administrator asked for your approval.', 2, 0, 1, 0, '2021-12-13 08:11:35', '2021-12-13 08:11:35'),
(1197, 2, 126, 17, 'Inventory Validation', 'Information Tech Administrator asked for your approval.', 2, 1, 1, 2, '2021-12-13 08:11:46', '2021-12-13 00:12:46'),
(1198, 1, 126, 17, 'Inventory Validation', 'IVR-21-00017: Your request has been approved.', 7, 0, 2, 0, '2021-12-13 08:13:00', '2021-12-13 08:13:00'),
(1199, 1, 126, 11, 'Inventory Validation', 'IVR-21-00011: Your request has been approved.', 7, 0, 2, 0, '2021-12-13 08:13:11', '2021-12-13 08:13:11'),
(1200, 1, 126, 12, 'Inventory Validation', 'IVR-21-00012: Your request has been approved.', 7, 0, 2, 0, '2021-12-13 08:13:30', '2021-12-13 08:13:30'),
(1201, 1, 126, 13, 'Inventory Validation', 'IVR-21-00013: Your request has been approved.', 7, 0, 2, 0, '2021-12-13 08:13:44', '2021-12-13 08:13:44'),
(1202, 1, 126, 16, 'Inventory Validation', 'IVR-21-00016: Your request has been approved.', 7, 0, 2, 0, '2021-12-13 08:14:00', '2021-12-13 08:14:00'),
(1203, 2, 90, 17, 'Project Timeline', 'Information Tech Administrator asked for your approval.', 2, 0, 1, 0, '2021-12-13 08:35:19', '2021-12-13 08:35:19'),
(1204, 2, 90, 18, 'Project Timeline', 'Information Tech Administrator asked for your approval.', 2, 0, 1, 0, '2021-12-13 08:36:05', '2021-12-13 08:36:05'),
(1205, 1, 90, 17, 'Project Timeline', 'PBT-21-00017: Your request has been approved.', 7, 1, 2, 1, '2021-12-13 08:37:14', '2021-12-13 02:17:11'),
(1206, 1, 90, 18, 'Project Timeline', 'PBT-21-00018: Your request has been approved.', 7, 0, 2, 0, '2021-12-13 08:37:34', '2021-12-13 08:37:34'),
(1207, 2, 90, 21, 'Project Timeline', 'Information Tech Administrator asked for your approval.', 2, 0, 1, 0, '2021-12-13 08:41:36', '2021-12-13 08:41:36'),
(1208, 2, 57, 15, 'NO TIME-IN / TIME-OUT', 'Joseph Berongoy asked for your approval.', 2, 0, 20, 0, '2021-12-13 09:55:34', '2021-12-13 09:55:34'),
(1209, 20, 57, 15, 'No Time-in/Time-out', 'NTI-21-00015: Your request has been approved.', 7, 0, 2, 0, '2021-12-13 10:03:17', '2021-12-13 10:03:17'),
(1210, 2, 40, 5, 'Bid Recap', 'Information Tech Administrator asked for your approval.', 2, 0, 1, 0, '2021-12-13 10:21:00', '2021-12-13 10:21:00'),
(1211, 2, 40, 11, 'Bid Recap', 'Information Tech Administrator asked for your approval.', 2, 0, 1, 0, '2021-12-13 10:21:19', '2021-12-13 10:21:19'),
(1212, 2, 40, 10, 'Bid Recap', 'Information Tech Administrator asked for your approval.', 2, 0, 1, 0, '2021-12-13 10:21:36', '2021-12-13 10:21:36'),
(1213, 7, 40, 3, 'Bid Recap', 'BR-21-00003: Your request has been approved.', 7, 0, 2, 0, '2021-12-13 10:22:28', '2021-12-13 10:22:28'),
(1214, 1, 40, 4, 'Bid Recap', 'BR-21-00004: Your request has been approved.', 7, 0, 2, 0, '2021-12-13 10:22:41', '2021-12-13 10:22:41'),
(1215, 1, 40, 5, 'Bid Recap', 'BR-21-00005: Your request has been approved.', 7, 0, 2, 0, '2021-12-13 10:22:54', '2021-12-13 10:22:54'),
(1216, 1, 40, 11, 'Bid Recap', 'BR-21-00011: Your request has been approved.', 7, 0, 2, 0, '2021-12-13 10:23:08', '2021-12-13 10:23:08'),
(1217, 2, 57, 16, 'NO TIME-IN / TIME-OUT', 'Joseph Berongoy asked for your approval.', 2, 0, 20, 0, '2021-12-13 10:47:05', '2021-12-13 10:47:05'),
(1218, 20, 57, 16, 'No Time-in/Time-out', 'NTI-21-00016: Your request has been approved.', 7, 0, 2, 0, '2021-12-13 10:50:35', '2021-12-13 10:50:35'),
(1219, 2, 109, 2, 'Timekeeping Process', 'Joseph Berongoy asked for your approval.', 2, 0, 20, 0, '2021-12-13 10:53:30', '2021-12-13 10:53:30'),
(1220, 4, 109, 2, 'Timekeeping Process', 'Joseph Berongoy asked for your approval.', 2, 0, 2, 0, '2021-12-13 10:54:35', '2021-12-13 10:54:35'),
(1221, 20, 109, 2, 'Timekeeping Process', 'TMK-21-00002: Your request has been approved.', 7, 0, 4, 0, '2021-12-13 10:55:11', '2021-12-13 10:55:11'),
(1222, 2, 109, 3, 'Timekeeping Process', 'Joseph Berongoy asked for your approval.', 2, 0, 20, 0, '2021-12-13 13:57:09', '2021-12-13 13:57:09'),
(1223, 4, 109, 3, 'Timekeeping Process', 'Joseph Berongoy asked for your approval.', 2, 0, 2, 0, '2021-12-13 14:07:55', '2021-12-13 14:07:55'),
(1224, 20, 109, 3, 'Timekeeping Process', 'TMK-21-00003: Your request has been approved.', 7, 0, 4, 0, '2021-12-13 14:08:29', '2021-12-13 14:08:29'),
(1225, 2, 36, 6, 'Asset Disposal', 'Information Tech Administrator asked for your approval.', 2, 0, 1, 0, '2021-12-13 15:15:15', '2021-12-13 15:15:15'),
(1226, 1, 36, 6, 'Disposal Item', 'ADF-21-00006: Your request has been approved.', 7, 0, 2, 0, '2021-12-13 15:16:10', '2021-12-13 15:16:10'),
(1227, 1, 38, 16, 'Cost Estimate', 'Arjay Diangzon asked for your approval.', 2, 1, 2, 1, '2021-12-14 09:24:00', '2021-12-14 01:26:14'),
(1228, 2, 38, 16, 'Cost Estimate', 'CEF-21-00016: Your request has been approved.', 7, 0, 1, 0, '2021-12-14 09:26:30', '2021-12-14 09:26:30'),
(1229, 20, 143, 6, 'Production Report', 'PDN-21-00006: Your request has been approved.', 7, 0, 2, 0, '2021-12-14 13:20:41', '2021-12-14 13:20:41'),
(1230, 1, 53, 3, 'Petty Cash Request', 'Arjay Diangzon asked for your approval.', 2, 0, 2, 0, '2021-12-14 13:23:51', '2021-12-14 13:23:51'),
(1231, 2, 54, 1, 'Client Fund Request', 'Information Tech Administrator asked for your approval.', 2, 0, 1, 0, '2021-12-14 13:34:07', '2021-12-14 13:34:07'),
(1232, 20, 143, 6, 'Production', 'PDN-21-00006: Your request has been denied.', 1, 0, 2, 0, '2021-12-14 13:47:23', '2021-12-14 13:47:23'),
(1233, 0, 143, 6, 'Production', 'Joseph Berongoy asked for your approval.', 2, 0, 20, 0, '2021-12-14 14:50:16', '2021-12-14 14:50:16'),
(1234, 4, 55, 22, 'Leave Request Form', 'Information Tech Administrator asked for your approval.', 2, 0, 1, 0, '2021-12-14 15:43:33', '2021-12-14 15:43:33'),
(1235, 2, 55, 22, 'Leave Request Form', 'Information Tech Administrator asked for your approval.', 2, 0, 4, 0, '2021-12-14 15:46:18', '2021-12-14 15:46:18'),
(1236, 6, 55, 22, 'Leave Request Form', 'Information Tech Administrator asked for your approval.', 2, 0, 2, 0, '2021-12-14 15:47:30', '2021-12-14 15:47:30'),
(1237, 2, 55, 23, 'Leave Request Form', 'Joseph Berongoy asked for your approval.', 2, 0, 20, 0, '2021-12-14 15:50:08', '2021-12-14 15:50:08'),
(1238, 2, 55, 24, 'Leave Request Form', 'Joseph Berongoy asked for your approval.', 2, 0, 20, 0, '2021-12-14 15:50:36', '2021-12-14 15:50:36'),
(1239, 20, 55, 23, 'Leave Request Form', 'LRF-21-00023: Your request has been approved.', 7, 0, 2, 0, '2021-12-14 15:51:29', '2021-12-14 15:51:29'),
(1240, 2, 55, 25, 'Leave Request Form', 'Rodeny Bamba asked for your approval.', 2, 0, 28, 0, '2021-12-14 16:04:49', '2021-12-14 16:04:49'),
(1241, 2, 55, 26, 'Leave Request Form', 'Rodeny Bamba asked for your approval.', 2, 0, 28, 0, '2021-12-14 16:05:05', '2021-12-14 16:05:05'),
(1242, 2, 55, 27, 'Leave Request Form', 'Rodeny Bamba asked for your approval.', 2, 0, 28, 0, '2021-12-14 16:05:21', '2021-12-14 16:05:21'),
(1243, 2, 55, 28, 'Leave Request Form', 'Rodeny Bamba asked for your approval.', 2, 0, 28, 0, '2021-12-14 16:05:38', '2021-12-14 16:05:38'),
(1244, 2, 55, 29, 'Leave Request Form', 'Rodeny Bamba asked for your approval.', 2, 0, 28, 0, '2021-12-14 16:05:50', '2021-12-14 16:05:50'),
(1245, 2, 55, 30, 'Leave Request Form', 'Rodeny Bamba asked for your approval.', 2, 0, 28, 0, '2021-12-14 16:06:06', '2021-12-14 16:06:06'),
(1246, 2, 55, 31, 'Leave Request Form', 'Rodeny Bamba asked for your approval.', 2, 0, 28, 0, '2021-12-14 16:06:18', '2021-12-14 16:06:18'),
(1247, 28, 55, 25, 'Leave Request Form', 'LRF-21-00025: Your request has been approved.', 7, 0, 2, 0, '2021-12-14 16:08:17', '2021-12-14 16:08:17'),
(1248, 28, 55, 26, 'Leave Request Form', 'LRF-21-00026: Your request has been approved.', 7, 0, 2, 0, '2021-12-14 16:08:33', '2021-12-14 16:08:33'),
(1249, 28, 55, 27, 'Leave Request Form', 'LRF-21-00027: Your request has been approved.', 7, 0, 2, 0, '2021-12-14 16:08:50', '2021-12-14 16:08:50'),
(1250, 28, 55, 28, 'Leave Request Form', 'LRF-21-00028: Your request has been approved.', 7, 0, 2, 0, '2021-12-14 16:09:04', '2021-12-14 16:09:04'),
(1251, 28, 55, 29, 'Leave Request Form', 'LRF-21-00029: Your request has been approved.', 7, 0, 2, 0, '2021-12-14 16:09:17', '2021-12-14 16:09:17'),
(1252, 28, 55, 30, 'Leave Request Form', 'LRF-21-00030: Your request has been approved.', 7, 0, 2, 0, '2021-12-14 16:09:29', '2021-12-14 16:09:29'),
(1253, 2, 55, 32, 'Leave Request Form', 'Rodeny Bamba asked for your approval.', 2, 0, 28, 0, '2021-12-15 09:23:31', '2021-12-15 09:23:31'),
(1254, 1, 55, 32, 'Leave Request Form', 'Rodeny Bamba asked for your approval.', 2, 1, 2, 1, '2021-12-15 09:24:17', '2021-12-15 01:24:36'),
(1255, 28, 55, 32, 'Leave Request Form', 'LRF-21-00032: Your request has been approved.', 7, 0, 1, 0, '2021-12-15 09:24:48', '2021-12-15 09:24:48'),
(1256, 28, 55, 31, 'Leave Request Form', 'LRF-21-00031: Your request has been approved.', 7, 0, 2, 0, '2021-12-15 09:25:52', '2021-12-15 09:25:52'),
(1257, 4, 55, 33, 'Leave Request Form', 'Information Tech Administrator asked for your approval.', 2, 0, 1, 0, '2021-12-15 09:36:54', '2021-12-15 09:36:54'),
(1258, 2, 55, 12, 'Leave Request Form', 'LRF-21-00012: Your request has been approved.', 7, 0, 1, 0, '2021-12-15 09:38:13', '2021-12-15 09:38:13'),
(1259, 2, 143, 12, 'Production', 'Information Tech Administrator asked for your approval.', 2, 0, 1, 0, '2021-12-15 13:23:15', '2021-12-15 13:23:15'),
(1260, 2, 143, 13, 'Production', 'Information Tech Administrator asked for your approval.', 2, 0, 1, 0, '2021-12-15 13:23:27', '2021-12-15 13:23:27'),
(1261, 2, 60, 25, 'Overtime Request Form', 'Information Tech Administrator asked for your approval.', 2, 0, 1, 0, '2021-12-15 13:41:31', '2021-12-15 13:41:31'),
(1262, 2, 109, 1, 'Timekeeping Process', 'Joseph Berongoy asked for your approval.', 2, 0, 20, 0, '2021-12-15 13:55:43', '2021-12-15 13:55:43'),
(1263, 4, 109, 1, 'Timekeeping Process', 'Joseph Berongoy asked for your approval.', 2, 0, 2, 0, '2021-12-15 13:56:49', '2021-12-15 13:56:49'),
(1264, 20, 109, 1, 'Timekeeping Process', 'TMK-21-00001: Your request has been approved.', 7, 0, 4, 0, '2021-12-15 14:01:42', '2021-12-15 14:01:42'),
(1265, 2, 60, 26, 'Overtime Request', 'Information Tech Administrator asked for your approval.', 2, 0, 1, 0, '2021-12-15 14:38:07', '2021-12-15 14:38:07'),
(1266, 4, 55, 37, 'Leave Request Form', 'Information Tech Administrator asked for your approval.', 2, 0, 1, 0, '2021-12-15 14:38:50', '2021-12-15 14:38:50'),
(1267, 2, 60, 29, 'Overtime Request', 'Charles Verdadero asked for your approval.', 2, 0, 4, 0, '2021-12-15 14:45:00', '2021-12-15 14:45:00'),
(1268, 2, 60, 29, 'Overtime Request', 'Charles Verdadero asked for your approval.', 2, 1, 4, 2, '2021-12-15 14:45:34', '2021-12-15 06:53:21'),
(1269, 2, 60, 31, 'Overtime Request', 'Charles Verdadero asked for your approval.', 2, 1, 4, 2, '2021-12-15 14:48:11', '2021-12-15 06:52:49'),
(1270, 2, 60, 32, 'Overtime Request', 'Charles Verdadero asked for your approval.', 2, 1, 4, 2, '2021-12-15 14:53:56', '2021-12-15 06:54:13'),
(1271, 2, 60, 33, 'Overtime Request', 'Information Tech Administrator asked for your approval.', 2, 1, 4, 2, '2021-12-15 14:54:54', '2021-12-15 06:55:07'),
(1272, 4, 60, 34, 'Overtime Request', 'Arjay Diangzon asked for your approval.', 2, 0, 2, 0, '2021-12-15 15:46:30', '2021-12-15 15:46:30'),
(1273, 20, 55, 24, 'Leave Request Form', 'LRF-21-00024: Your request has been approved.', 7, 0, 2, 0, '2021-12-15 15:47:55', '2021-12-15 15:47:55'),
(1274, 2, 110, 1, 'Payroll Process', 'Joseph Berongoy asked for your approval.', 2, 0, 20, 0, '2021-12-15 15:48:27', '2021-12-15 15:48:27'),
(1275, 2, 55, 37, 'Leave Request Form', 'Information Tech Administrator asked for your approval.', 2, 0, 4, 0, '2021-12-15 15:49:50', '2021-12-15 15:49:50'),
(1276, 2, 55, 33, 'Leave Request Form', 'Information Tech Administrator asked for your approval.', 2, 0, 4, 0, '2021-12-15 15:50:05', '2021-12-15 15:50:05'),
(1277, 4, 110, 1, 'Payroll Process', 'Joseph Berongoy asked for your approval.', 2, 0, 2, 0, '2021-12-15 15:52:29', '2021-12-15 15:52:29'),
(1278, 20, 110, 1, 'Payroll Process', 'PRL-21-00001: Your request has been approved.', 7, 0, 4, 0, '2021-12-15 15:54:19', '2021-12-15 15:54:19'),
(1279, 2, 109, 1, 'Timekeeping Process', 'Joseph Berongoy asked for your approval.', 2, 0, 20, 0, '2021-12-16 07:17:26', '2021-12-16 07:17:26'),
(1280, 4, 109, 1, 'Timekeeping Process', 'Joseph Berongoy asked for your approval.', 2, 0, 2, 0, '2021-12-16 07:21:03', '2021-12-16 07:21:03'),
(1281, 20, 109, 1, 'Timekeeping Process', 'TMK-21-00001: Your request has been approved.', 7, 0, 4, 0, '2021-12-16 07:22:59', '2021-12-16 07:22:59'),
(1282, 2, 109, 2, 'Timekeeping Process', 'Joseph Berongoy asked for your approval.', 2, 0, 20, 0, '2021-12-16 07:42:06', '2021-12-16 07:42:06'),
(1283, 20, 109, 2, 'Timekeeping', 'TMK-21-00002: Your request has been denied.', 1, 0, 2, 0, '2021-12-16 07:42:59', '2021-12-16 07:42:59'),
(1284, 2, 110, 1, 'Payroll Process', 'Joseph Berongoy asked for your approval.', 2, 0, 20, 0, '2021-12-16 08:01:53', '2021-12-16 08:01:53'),
(1285, 4, 56, 36, 'Overtime Request', 'Arjay Diangzon asked for your approval.', 2, 1, 2, 4, '2021-12-16 08:40:06', '2021-12-16 00:41:39'),
(1286, 2, 60, 36, 'Overtime Request', 'OTR-21-00036: Your request has been approved.', 7, 0, 4, 0, '2021-12-16 08:41:53', '2021-12-16 08:41:53'),
(1287, 2, 60, 34, 'Overtime Request', 'OTR-21-00034: Your request has been approved.', 7, 0, 4, 0, '2021-12-16 08:42:03', '2021-12-16 08:42:03'),
(1288, 4, 56, 37, 'Overtime Request', 'Arjay Diangzon asked for your approval.', 2, 0, 2, 0, '2021-12-16 08:42:55', '2021-12-16 08:42:55'),
(1289, 2, 56, 37, 'Overtime Request', 'OTR-21-00037: Your request has been approved.', 7, 0, 4, 0, '2021-12-16 08:43:22', '2021-12-16 08:43:22'),
(1290, 2, 55, 41, 'Leave Request Form', 'Rodeny Bamba asked for your approval.', 2, 0, 28, 0, '2021-12-16 08:46:16', '2021-12-16 08:46:16'),
(1291, 2, 55, 42, 'Leave Request Form', 'Rodeny Bamba asked for your approval.', 2, 0, 28, 0, '2021-12-16 08:46:45', '2021-12-16 08:46:45'),
(1292, 1, 55, 41, 'Leave Request Form', 'Rodeny Bamba asked for your approval.', 2, 0, 2, 0, '2021-12-16 08:47:36', '2021-12-16 08:47:36'),
(1293, 1, 55, 42, 'Leave Request Form', 'Rodeny Bamba asked for your approval.', 2, 1, 2, 1, '2021-12-16 08:48:17', '2021-12-16 00:48:42'),
(1294, 28, 55, 42, 'Leave Request Form', 'LRF-21-00042: Your request has been approved.', 7, 0, 1, 0, '2021-12-16 08:48:55', '2021-12-16 08:48:55'),
(1295, 28, 55, 41, 'Leave Request Form', 'LRF-21-00041: Your request has been approved.', 7, 0, 1, 0, '2021-12-16 08:49:50', '2021-12-16 08:49:50'),
(1296, 4, 110, 1, 'Payroll Process', 'Joseph Berongoy asked for your approval.', 2, 0, 2, 0, '2021-12-16 08:51:54', '2021-12-16 08:51:54'),
(1297, 20, 110, 1, 'Payroll', 'PRL-21-00001: Your request has been denied.', 1, 0, 4, 0, '2021-12-16 08:52:44', '2021-12-16 08:52:44'),
(1298, 2, 55, 43, 'Leave Request Form', 'Rodeny Bamba asked for your approval.', 2, 0, 28, 0, '2021-12-16 08:55:03', '2021-12-16 08:55:03'),
(1299, 2, 55, 44, 'Leave Request Form', 'Rodeny Bamba asked for your approval.', 2, 0, 28, 0, '2021-12-16 08:55:18', '2021-12-16 08:55:18'),
(1300, 2, 55, 45, 'Leave Request Form', 'Rodeny Bamba asked for your approval.', 2, 0, 28, 0, '2021-12-16 08:55:36', '2021-12-16 08:55:36'),
(1301, 2, 55, 46, 'Leave Request Form', 'Rodeny Bamba asked for your approval.', 2, 0, 28, 0, '2021-12-16 08:55:52', '2021-12-16 08:55:52'),
(1302, 1, 55, 46, 'Leave Request Form', 'Rodeny Bamba asked for your approval.', 2, 0, 2, 0, '2021-12-16 08:57:09', '2021-12-16 08:57:09'),
(1303, 1, 55, 45, 'Leave Request Form', 'Rodeny Bamba asked for your approval.', 2, 0, 2, 0, '2021-12-16 08:57:22', '2021-12-16 08:57:22'),
(1304, 1, 55, 44, 'Leave Request Form', 'Rodeny Bamba asked for your approval.', 2, 0, 2, 0, '2021-12-16 08:57:33', '2021-12-16 08:57:33'),
(1305, 1, 55, 43, 'Leave Request Form', 'Rodeny Bamba asked for your approval.', 2, 0, 2, 0, '2021-12-16 08:57:44', '2021-12-16 08:57:44'),
(1306, 28, 55, 46, 'Leave Request Form', 'LRF-21-00046: Your request has been approved.', 7, 0, 1, 0, '2021-12-16 08:58:18', '2021-12-16 08:58:18'),
(1307, 28, 55, 45, 'Leave Request Form', 'LRF-21-00045: Your request has been approved.', 7, 0, 1, 0, '2021-12-16 08:58:32', '2021-12-16 08:58:32'),
(1308, 28, 55, 44, 'Leave Request Form', 'LRF-21-00044: Your request has been approved.', 7, 0, 1, 0, '2021-12-16 08:58:48', '2021-12-16 08:58:48'),
(1309, 28, 55, 43, 'Leave Request Form', 'LRF-21-00043: Your request has been approved.', 7, 0, 1, 0, '2021-12-16 08:58:59', '2021-12-16 08:58:59'),
(1310, 4, 55, 47, 'Leave Request Form', 'Information Tech Administrator asked for your approval.', 2, 0, 1, 0, '2021-12-16 10:06:41', '2021-12-16 10:06:41'),
(1311, 2, 111, 1, 'Payroll Adjustment', 'Joseph Berongoy asked for your approval.', 2, 0, 20, 0, '2021-12-16 10:08:19', '2021-12-16 10:08:19'),
(1312, 4, 111, 1, 'Payroll Adjustment', 'Joseph Berongoy asked for your approval.', 2, 0, 2, 0, '2021-12-16 10:14:37', '2021-12-16 10:14:37'),
(1313, 20, 111, 1, 'Payroll Adjustment', 'PRA-21-00001: Your request has been approved.', 7, 0, 4, 0, '2021-12-16 10:15:52', '2021-12-16 10:15:52'),
(1314, 2, 55, 48, 'Leave Request Form', 'Rodeny Bamba asked for your approval.', 2, 0, 28, 0, '2021-12-16 11:29:33', '2021-12-16 11:29:33'),
(1315, 1, 55, 48, 'Leave Request Form', 'Rodeny Bamba asked for your approval.', 2, 1, 2, 1, '2021-12-16 11:30:33', '2021-12-16 03:30:58'),
(1316, 28, 55, 48, 'Leave Request Form', 'LRF-21-00048: Your request has been approved.', 7, 0, 1, 0, '2021-12-16 11:31:12', '2021-12-16 11:31:12'),
(1317, 2, 110, 2, 'Payroll Process', 'Joseph Berongoy asked for your approval.', 2, 0, 20, 0, '2021-12-16 11:37:28', '2021-12-16 11:37:28'),
(1318, 4, 110, 2, 'Payroll Process', 'Joseph Berongoy asked for your approval.', 2, 0, 2, 0, '2021-12-16 11:40:08', '2021-12-16 11:40:08'),
(1319, 20, 110, 2, 'Payroll Process', 'PRL-21-00002: Your request has been approved.', 7, 0, 4, 0, '2021-12-16 11:41:34', '2021-12-16 11:41:34'),
(1320, 2, 55, 50, 'Leave Request Form', 'Rodeny Bamba asked for your approval.', 2, 0, 28, 0, '2021-12-16 16:27:15', '2021-12-16 16:27:15'),
(1321, 2, 55, 51, 'Leave Request Form', 'Rodeny Bamba asked for your approval.', 2, 0, 28, 0, '2021-12-16 16:29:20', '2021-12-16 16:29:20'),
(1322, 1, 55, 51, 'Leave Request Form', 'Rodeny Bamba asked for your approval.', 2, 0, 2, 0, '2021-12-16 16:29:43', '2021-12-16 16:29:43'),
(1323, 28, 55, 51, 'Leave Request Form', 'LRF-21-00051: Your request has been approved.', 7, 0, 1, 0, '2021-12-16 16:30:36', '2021-12-16 16:30:36'),
(1324, 2, 143, 16, 'Production', 'Joseph Berongoy asked for your approval.', 2, 0, 20, 0, '2021-12-16 16:32:59', '2021-12-16 16:32:59'),
(1325, 20, 143, 16, 'Production', 'PDN-21-00016: Your request has been denied.', 1, 0, 2, 0, '2021-12-16 16:38:36', '2021-12-16 16:38:36'),
(1326, 1, 55, 54, 'Leave Request Form', 'Arjay Diangzon asked for your approval.', 2, 0, 2, 0, '2021-12-16 16:43:22', '2021-12-16 16:43:22'),
(1327, 1, 56, 25, 'Overtime Request', 'OTR-21-00025: Your request has been denied.', 1, 0, 2, 0, '2021-12-16 16:45:54', '2021-12-16 16:45:54'),
(1328, 2, 56, 38, 'Overtime Request', 'Information Tech Administrator asked for your approval.', 2, 0, 1, 0, '2021-12-16 16:46:25', '2021-12-16 16:46:25'),
(1329, 2, 109, 6, 'Timekeeping Process', 'Information Tech Administrator asked for your approval.', 2, 0, 1, 0, '2021-12-16 18:34:42', '2021-12-16 18:34:42'),
(1330, 2, 110, 6, 'Payroll Process', 'Joseph Berongoy asked for your approval.', 2, 0, 20, 0, '2021-12-17 07:06:39', '2021-12-17 07:06:39'),
(1331, 20, 110, 6, 'Payroll Process', 'PRL-21-00006: Your request has been approved.', 7, 0, 2, 0, '2021-12-17 07:08:44', '2021-12-17 07:08:44'),
(1332, 2, 111, 2, 'Payroll Adjustment', 'Joseph Berongoy asked for your approval.', 2, 0, 20, 0, '2021-12-17 07:17:03', '2021-12-17 07:17:03'),
(1333, 4, 111, 2, 'Payroll Adjustment', 'Joseph Berongoy asked for your approval.', 2, 0, 2, 0, '2021-12-17 07:23:15', '2021-12-17 07:23:15'),
(1334, 2, 109, 9, 'Timekeeping Process', 'Joseph Berongoy asked for your approval.', 2, 0, 20, 0, '2021-12-17 07:24:58', '2021-12-17 07:24:58'),
(1335, 20, 111, 2, 'Payroll Adjustment', 'PRA-21-00002: Your request has been approved.', 7, 0, 4, 0, '2021-12-17 07:34:17', '2021-12-17 07:34:17'),
(1336, 2, 110, 7, 'Payroll Process', 'Joseph Berongoy asked for your approval.', 2, 0, 20, 0, '2021-12-17 07:37:42', '2021-12-17 07:37:42'),
(1337, 20, 110, 7, 'Payroll Process', 'PRL-21-00007: Your request has been approved.', 7, 0, 2, 0, '2021-12-17 07:39:34', '2021-12-17 07:39:34'),
(1338, 20, 109, 9, 'Timekeeping Process', 'TMK-21-00009: Your request has been approved.', 7, 0, 2, 0, '2021-12-17 07:57:58', '2021-12-17 07:57:58'),
(1339, 2, 110, 8, 'Payroll Process', 'Joseph Berongoy asked for your approval.', 2, 0, 20, 0, '2021-12-17 07:58:59', '2021-12-17 07:58:59'),
(1340, 20, 110, 8, 'Payroll Process', 'PRL-21-00008: Your request has been approved.', 7, 0, 2, 0, '2021-12-17 07:59:14', '2021-12-17 07:59:14'),
(1341, 2, 109, 1, 'Timekeeping Process', 'Joseph Berongoy asked for your approval.', 2, 0, 20, 0, '2021-12-17 09:50:29', '2021-12-17 09:50:29'),
(1342, 20, 109, 1, 'Timekeeping Process', 'TMK-21-00001: Your request has been approved.', 7, 0, 2, 0, '2021-12-17 09:50:56', '2021-12-17 09:50:56'),
(1343, 2, 111, 1, 'Payroll Adjustment', 'Joseph Berongoy asked for your approval.', 2, 0, 20, 0, '2021-12-17 09:58:38', '2021-12-17 09:58:38'),
(1344, 4, 111, 1, 'Payroll Adjustment', 'Joseph Berongoy asked for your approval.', 2, 0, 2, 0, '2021-12-17 09:59:09', '2021-12-17 09:59:09'),
(1345, 20, 111, 1, 'Payroll Adjustment', 'PRA-21-00001: Your request has been approved.', 7, 0, 4, 0, '2021-12-17 09:59:36', '2021-12-17 09:59:36'),
(1346, 2, 110, 1, 'Payroll Process', 'Joseph Berongoy asked for your approval.', 2, 0, 20, 0, '2021-12-17 10:02:11', '2021-12-17 10:02:11'),
(1347, 20, 110, 1, 'Payroll Process', 'PRL-21-00001: Your request has been approved.', 7, 0, 2, 0, '2021-12-17 10:02:53', '2021-12-17 10:02:53'),
(1348, 2, 95, 2, 'Back Pay', 'Joseph Berongoy asked for your approval.', 2, 0, 20, 0, '2021-12-17 13:05:05', '2021-12-17 13:05:05'),
(1349, 2, 112, 2, '13th Month', 'Joseph Berongoy asked for your approval.', 2, 0, 20, 0, '2021-12-17 14:34:21', '2021-12-17 14:34:21'),
(1350, 2, 109, 1, 'Timekeeping Process', 'Joseph Berongoy asked for your approval.', 2, 0, 20, 0, '2021-12-19 22:42:30', '2021-12-19 22:42:30'),
(1351, 20, 109, 1, 'Timekeeping Process', 'TMK-21-00001: Your request has been approved.', 7, 0, 2, 0, '2021-12-19 22:46:37', '2021-12-19 22:46:37'),
(1352, 2, 111, 1, 'Payroll Adjustment', 'Joseph Berongoy asked for your approval.', 2, 0, 20, 0, '2021-12-19 22:59:37', '2021-12-19 22:59:37'),
(1353, 4, 111, 1, 'Payroll Adjustment', 'Joseph Berongoy asked for your approval.', 2, 0, 2, 0, '2021-12-19 23:01:12', '2021-12-19 23:01:12'),
(1354, 20, 111, 1, 'Payroll Adjustment', 'PRA-21-00001: Your request has been approved.', 7, 0, 4, 0, '2021-12-19 23:02:39', '2021-12-19 23:02:39'),
(1355, 2, 110, 1, 'Payroll Process', 'Joseph Berongoy asked for your approval.', 2, 0, 20, 0, '2021-12-19 23:03:25', '2021-12-19 23:03:25'),
(1356, 20, 110, 1, 'Payroll Process', 'PRL-21-00001: Your request has been approved.', 7, 0, 2, 0, '2021-12-19 23:04:08', '2021-12-19 23:04:08'),
(1357, 2, 109, 2, 'Timekeeping Process', 'Joseph Berongoy asked for your approval.', 2, 0, 20, 0, '2021-12-20 08:25:38', '2021-12-20 08:25:38'),
(1358, 20, 109, 2, 'Timekeeping Process', 'TMK-21-00002: Your request has been approved.', 7, 0, 2, 0, '2021-12-20 08:29:32', '2021-12-20 08:29:32'),
(1359, 2, 110, 2, 'Payroll Process', 'Joseph Berongoy asked for your approval.', 2, 0, 20, 0, '2021-12-20 08:34:41', '2021-12-20 08:34:41');
INSERT INTO `gen_system_notification_tbl` (`notificationID`, `employeeID`, `moduleID`, `tableID`, `notificationTitle`, `notificationDescription`, `notificationType`, `markRead`, `createdBy`, `updatedBy`, `createdAt`, `updatedAt`) VALUES
(1360, 20, 110, 2, 'Payroll Process', 'PRL-21-00002: Your request has been approved.', 7, 0, 2, 0, '2021-12-20 08:34:56', '2021-12-20 08:34:56'),
(1361, 2, 109, 3, 'Timekeeping Process', 'Joseph Berongoy asked for your approval.', 2, 0, 20, 0, '2021-12-20 08:54:28', '2021-12-20 08:54:28'),
(1362, 20, 109, 3, 'Timekeeping Process', 'TMK-21-00003: Your request has been approved.', 7, 0, 2, 0, '2021-12-20 08:54:58', '2021-12-20 08:54:58'),
(1363, 2, 110, 3, 'Payroll Process', 'Joseph Berongoy asked for your approval.', 2, 0, 20, 0, '2021-12-20 08:55:28', '2021-12-20 08:55:28'),
(1364, 20, 110, 3, 'Payroll Process', 'PRL-21-00003: Your request has been approved.', 7, 0, 2, 0, '2021-12-20 08:55:47', '2021-12-20 08:55:47'),
(1365, 2, 112, 5, '13th Month', 'Joseph Berongoy asked for your approval.', 2, 0, 20, 0, '2021-12-20 08:58:30', '2021-12-20 08:58:30'),
(1366, 2, 50, 8, 'Personnel Requisition', 'Information Tech Administrator asked for your approval.', 2, 0, 1, 0, '2021-12-20 09:41:51', '2021-12-20 09:41:51'),
(1367, 1, 50, 8, 'Personnel Requisition', 'PRF-21-00008: Your request has been approved.', 7, 0, 2, 0, '2021-12-20 09:43:11', '2021-12-20 09:43:11'),
(1368, 2, 50, 1, 'Personnel Requisition', 'Information Tech Administrator asked for your approval.', 2, 0, 1, 0, '2021-12-20 10:42:58', '2021-12-20 10:42:58'),
(1369, 2, 50, 2, 'Personnel Requisition', 'Information Tech Administrator asked for your approval.', 2, 0, 1, 0, '2021-12-20 10:43:57', '2021-12-20 10:43:57'),
(1370, 1, 50, 1, 'Personnel Requisition', 'PRF-21-00001: Your request has been approved.', 7, 0, 2, 0, '2021-12-20 10:44:54', '2021-12-20 10:44:54'),
(1371, 1, 50, 2, 'Personnel Requisition', 'PRF-21-00002: Your request has been approved.', 7, 0, 2, 0, '2021-12-20 10:45:05', '2021-12-20 10:45:05'),
(1372, 2, 109, 1, 'Timekeeping Process', 'Joseph Berongoy asked for your approval.', 2, 0, 20, 0, '2021-12-20 11:38:58', '2021-12-20 11:38:58'),
(1373, 20, 109, 1, 'Timekeeping Process', 'TMK-21-00001: Your request has been approved.', 7, 0, 2, 0, '2021-12-20 11:39:32', '2021-12-20 11:39:32'),
(1374, 2, 111, 1, 'Payroll Adjustment', 'Joseph Berongoy asked for your approval.', 2, 0, 20, 0, '2021-12-20 13:08:39', '2021-12-20 13:08:39'),
(1375, 4, 111, 1, 'Payroll Adjustment', 'Joseph Berongoy asked for your approval.', 2, 0, 2, 0, '2021-12-20 13:22:21', '2021-12-20 13:22:21'),
(1376, 20, 111, 1, 'Payroll Adjustment', 'PRA-21-00001: Your request has been approved.', 7, 0, 4, 0, '2021-12-20 13:24:18', '2021-12-20 13:24:18'),
(1377, 2, 110, 1, 'Payroll Process', 'Joseph Berongoy asked for your approval.', 2, 0, 20, 0, '2021-12-20 13:25:11', '2021-12-20 13:25:11'),
(1378, 20, 110, 1, 'Payroll Process', 'PRL-21-00001: Your request has been approved.', 7, 0, 2, 0, '2021-12-20 13:29:12', '2021-12-20 13:29:12'),
(1379, 1, 55, 57, 'Leave Request Form', 'Arjay Diangzon asked for your approval.', 2, 0, 2, 0, '2021-12-20 14:35:05', '2021-12-20 14:35:05'),
(1380, 2, 55, 57, 'Leave Request Form', 'LRF-21-00057: Your request has been approved.', 7, 0, 1, 0, '2021-12-20 14:37:39', '2021-12-20 14:37:39'),
(1381, 1, 55, 58, 'Leave Request Form', 'Arjay Diangzon asked for your approval.', 2, 0, 2, 0, '2021-12-20 14:38:54', '2021-12-20 14:38:54'),
(1382, 2, 55, 58, 'Leave Request Form', 'LRF-21-00058: Your request has been approved.', 7, 0, 1, 0, '2021-12-20 14:39:12', '2021-12-20 14:39:12'),
(1383, 2, 109, 2, 'Timekeeping Process', 'Joseph Berongoy asked for your approval.', 2, 0, 20, 0, '2021-12-20 16:02:28', '2021-12-20 16:02:28'),
(1384, 20, 109, 2, 'Timekeeping Process', 'TMK-21-00002: Your request has been approved.', 7, 0, 2, 0, '2021-12-20 16:25:58', '2021-12-20 16:25:58'),
(1385, 2, 111, 2, 'Payroll Adjustment', 'Joseph Berongoy asked for your approval.', 2, 0, 20, 0, '2021-12-20 16:42:47', '2021-12-20 16:42:47'),
(1386, 4, 111, 2, 'Payroll Adjustment', 'Joseph Berongoy asked for your approval.', 2, 0, 2, 0, '2021-12-20 16:43:46', '2021-12-20 16:43:46'),
(1387, 20, 111, 2, 'Payroll Adjustment', 'PRA-21-00002: Your request has been approved.', 7, 0, 4, 0, '2021-12-20 16:44:49', '2021-12-20 16:44:49'),
(1388, 2, 110, 2, 'Payroll Process', 'Joseph Berongoy asked for your approval.', 2, 0, 20, 0, '2021-12-20 16:45:53', '2021-12-20 16:45:53'),
(1389, 20, 110, 2, 'Payroll Process', 'PRL-21-00002: Your request has been approved.', 7, 0, 2, 0, '2021-12-20 16:46:44', '2021-12-20 16:46:44'),
(1390, 4, 56, 19, 'Overtime Request', 'Joseph Berongoy asked for your approval.', 2, 0, 2, 0, '2021-12-21 08:01:58', '2021-12-21 08:01:58'),
(1391, 20, 56, 19, 'Overtime Request', 'OTR-21-00019: Your request has been approved.', 7, 0, 4, 0, '2021-12-21 08:02:33', '2021-12-21 08:02:33'),
(1392, 2, 109, 4, 'Timekeeping Process', 'Joseph Berongoy asked for your approval.', 2, 0, 20, 0, '2021-12-21 08:09:39', '2021-12-21 08:09:39'),
(1393, 20, 109, 4, 'Timekeeping Process', 'TMK-21-00004: Your request has been approved.', 7, 0, 2, 0, '2021-12-21 08:10:09', '2021-12-21 08:10:09'),
(1394, 2, 109, 1, 'Timekeeping Process', 'Joseph Berongoy asked for your approval.', 2, 0, 20, 0, '2021-12-21 13:29:42', '2021-12-21 13:29:42'),
(1395, 20, 109, 1, 'Timekeeping Process', 'TMK-21-00001: Your request has been approved.', 7, 0, 2, 0, '2021-12-21 13:33:56', '2021-12-21 13:33:56'),
(1396, 2, 110, 1, 'Payroll Process', 'Joseph Berongoy asked for your approval.', 2, 0, 20, 0, '2021-12-21 14:11:19', '2021-12-21 14:11:19'),
(1397, 20, 110, 1, 'Payroll Process', 'PRL-21-00001: Your request has been approved.', 7, 0, 2, 0, '2021-12-21 14:12:08', '2021-12-21 14:12:08'),
(1398, 2, 112, 1, '13th Month', 'Joseph Berongoy asked for your approval.', 2, 0, 20, 0, '2021-12-21 15:16:08', '2021-12-21 15:16:08'),
(1399, 20, 112, 1, '13th Month', 'TMP-21-00001: Your request has been approved.', 7, 0, 2, 0, '2021-12-21 15:18:02', '2021-12-21 15:18:02'),
(1400, 4, 50, 3, 'Personnel Requisition', 'Joseph Berongoy asked for your approval.', 2, 0, 20, 0, '2021-12-21 16:40:12', '2021-12-21 16:40:12'),
(1401, 2, 50, 3, 'Personnel Requisition', 'Joseph Berongoy asked for your approval.', 2, 0, 4, 0, '2021-12-21 16:40:48', '2021-12-21 16:40:48'),
(1402, 20, 50, 3, 'Personnel Requisition', 'PRF-21-00003: Your request has been approved.', 7, 0, 2, 0, '2021-12-21 16:41:24', '2021-12-21 16:41:24'),
(1403, 1, 55, 59, 'Leave Request Form', 'Arjay Diangzon asked for your approval.', 2, 0, 2, 0, '2021-12-22 13:07:16', '2021-12-22 13:07:16'),
(1404, 4, 50, 6, 'Personnel Requisition', 'Joseph Berongoy asked for your approval.', 2, 0, 20, 0, '2021-12-23 07:51:35', '2021-12-23 07:51:35'),
(1405, 2, 50, 6, 'Personnel Requisition', 'Joseph Berongoy asked for your approval.', 2, 0, 4, 0, '2021-12-23 07:56:09', '2021-12-23 07:56:09'),
(1406, 20, 50, 6, 'Personnel Requisition', 'PRF-21-00006: Your request has been approved.', 7, 0, 2, 0, '2021-12-23 07:57:04', '2021-12-23 07:57:04'),
(1407, 2, 109, 1, 'Timekeeping Process', 'Joseph Berongoy asked for your approval.', 2, 0, 20, 0, '2021-12-23 08:35:13', '2021-12-23 08:35:13'),
(1408, 20, 109, 1, 'Timekeeping Process', 'TMK-21-00001: Your request has been approved.', 7, 0, 2, 0, '2021-12-23 08:36:07', '2021-12-23 08:36:07'),
(1409, 2, 110, 1, 'Payroll Process', 'Joseph Berongoy asked for your approval.', 2, 0, 20, 0, '2021-12-23 08:57:50', '2021-12-23 08:57:50'),
(1410, 20, 110, 1, 'Payroll Process', 'PRL-21-00001: Your request has been approved.', 7, 0, 2, 0, '2021-12-23 09:02:19', '2021-12-23 09:02:19'),
(1411, 2, 50, 7, 'Personnel Requisition', 'Joseph Berongoy asked for your approval.', 2, 0, 20, 0, '2021-12-23 10:06:44', '2021-12-23 10:06:44'),
(1412, 1, 56, 26, 'Overtime Request', 'OTR-21-00026: Your request has been approved.', 7, 0, 2, 0, '2021-12-24 08:45:03', '2021-12-24 08:45:03'),
(1413, 2, 55, 61, 'Leave Request Form', 'Renna Telesforo asked for your approval.', 2, 0, 7, 0, '2021-12-24 08:53:00', '2021-12-24 08:53:00'),
(1414, 7, 55, 61, 'Leave Request Form', 'LRF-21-00061: Your request has been approved.', 7, 0, 2, 0, '2021-12-24 08:54:42', '2021-12-24 08:54:42'),
(1415, 2, 55, 62, 'Leave Request Form', 'Renna Telesforo asked for your approval.', 2, 0, 7, 0, '2021-12-24 08:57:53', '2021-12-24 08:57:53'),
(1416, 7, 55, 62, 'Leave Request Form', 'LRF-21-00062: Your request has been approved.', 7, 0, 2, 0, '2021-12-24 09:00:47', '2021-12-24 09:00:47'),
(1417, 2, 55, 63, 'Leave Request Form', 'Renna Telesforo asked for your approval.', 2, 0, 7, 0, '2021-12-24 09:10:45', '2021-12-24 09:10:45'),
(1418, 7, 55, 63, 'Leave Request Form', 'LRF-21-00063: Your request has been approved.', 7, 0, 2, 0, '2021-12-24 09:11:26', '2021-12-24 09:11:26'),
(1419, 2, 55, 64, 'Leave Request Form', 'Renna Telesforo asked for your approval.', 2, 0, 7, 0, '2021-12-24 09:13:53', '2021-12-24 09:13:53'),
(1420, 7, 55, 64, 'Leave Request Form', 'LRF-21-00064: Your request has been approved.', 7, 0, 2, 0, '2021-12-24 09:14:47', '2021-12-24 09:14:47'),
(1421, 2, 56, 41, 'Overtime Request', 'Information Tech Administrator asked for your approval.', 2, 0, 1, 0, '2021-12-27 07:52:06', '2021-12-27 07:52:06'),
(1422, 2, 109, 2, 'Timekeeping Process', 'Information Tech Administrator asked for your approval.', 2, 0, 1, 0, '2021-12-27 08:46:07', '2021-12-27 08:46:07'),
(1423, 1, 109, 2, 'Timekeeping Process', 'TMK-21-00002: Your request has been approved.', 7, 0, 2, 0, '2021-12-27 09:06:19', '2021-12-27 09:06:19'),
(1424, 1, 55, 2, 'Leave Request Form', 'Arjay Diangzon asked for your approval.', 2, 0, 2, 0, '2021-12-27 12:47:22', '2021-12-27 12:47:22'),
(1425, 2, 55, 2, 'Leave Request Form', 'LRF-21-00002: Your request has been approved.', 7, 0, 1, 0, '2021-12-27 12:48:53', '2021-12-27 12:48:53'),
(1426, 2, 56, 1, 'Overtime Request', 'Joseph Berongoy asked for your approval.', 2, 0, 20, 0, '2021-12-27 13:30:14', '2021-12-27 13:30:14'),
(1427, 20, 56, 1, 'Overtime Request', 'OTR-21-00001: Your request has been approved.', 7, 0, 2, 0, '2021-12-27 13:30:48', '2021-12-27 13:30:48'),
(1428, 2, 109, 1, 'Timekeeping Process', 'Joseph Berongoy asked for your approval.', 2, 0, 20, 0, '2021-12-27 14:18:05', '2021-12-27 14:18:05'),
(1429, 20, 109, 1, 'Timekeeping Process', 'TMK-21-00001: Your request has been approved.', 7, 0, 2, 0, '2021-12-27 14:18:28', '2021-12-27 14:18:28'),
(1430, 2, 111, 1, 'Payroll Adjustment', 'Joseph Berongoy asked for your approval.', 2, 0, 20, 0, '2021-12-27 14:25:16', '2021-12-27 14:25:16'),
(1431, 4, 111, 1, 'Payroll Adjustment', 'Joseph Berongoy asked for your approval.', 2, 0, 2, 0, '2021-12-27 14:25:36', '2021-12-27 14:25:36'),
(1432, 20, 111, 1, 'Payroll Adjustment', 'PRA-21-00001: Your request has been approved.', 7, 0, 4, 0, '2021-12-27 14:26:15', '2021-12-27 14:26:15'),
(1433, 2, 110, 1, 'Payroll Process', 'Joseph Berongoy asked for your approval.', 2, 0, 20, 0, '2021-12-27 14:28:02', '2021-12-27 14:28:02'),
(1434, 20, 110, 1, 'Payroll Process', 'PRL-21-00001: Your request has been approved.', 7, 0, 2, 0, '2021-12-27 14:28:18', '2021-12-27 14:28:18'),
(1435, 2, 109, 2, 'Timekeeping Process', 'Joseph Berongoy asked for your approval.', 2, 0, 20, 0, '2021-12-27 14:28:55', '2021-12-27 14:28:55'),
(1436, 20, 109, 2, 'Timekeeping Process', 'TMK-21-00002: Your request has been approved.', 7, 0, 2, 0, '2021-12-27 14:40:56', '2021-12-27 14:40:56'),
(1437, 2, 111, 2, 'Payroll Adjustment', 'Joseph Berongoy asked for your approval.', 2, 0, 20, 0, '2021-12-27 14:45:16', '2021-12-27 14:45:16'),
(1438, 20, 111, 2, 'Payroll Adjustment', 'PRA-21-00002: Your request has been approved.', 7, 0, 2, 0, '2021-12-27 14:45:51', '2021-12-27 14:45:51'),
(1439, 2, 110, 2, 'Payroll Process', 'Joseph Berongoy asked for your approval.', 2, 0, 20, 0, '2021-12-27 14:46:10', '2021-12-27 14:46:10'),
(1440, 20, 110, 2, 'Payroll Process', 'PRL-21-00002: Your request has been approved.', 7, 0, 2, 0, '2021-12-27 14:46:22', '2021-12-27 14:46:22'),
(1441, 2, 112, 1, '13th Month', 'Joseph Berongoy asked for your approval.', 2, 0, 20, 0, '2021-12-27 14:58:02', '2021-12-27 14:58:02'),
(1442, 20, 112, 1, '13th Month', 'TMP-21-00001: Your request has been approved.', 7, 0, 2, 0, '2021-12-27 15:06:22', '2021-12-27 15:06:22'),
(1443, 2, 112, 2, '13th Month', 'Joseph Berongoy asked for your approval.', 2, 0, 20, 0, '2021-12-27 15:07:31', '2021-12-27 15:07:31'),
(1444, 20, 112, 2, '13th Month', 'TMP-21-00002: Your request has been approved.', 7, 0, 2, 0, '2021-12-27 15:08:36', '2021-12-27 15:08:36'),
(1445, 2, 109, 3, 'Timekeeping Process', 'Joseph Berongoy asked for your approval.', 2, 0, 20, 0, '2021-12-27 15:21:30', '2021-12-27 15:21:30'),
(1446, 20, 109, 3, 'Timekeeping Process', 'TMK-21-00003: Your request has been approved.', 7, 0, 2, 0, '2021-12-27 15:31:48', '2021-12-27 15:31:48'),
(1447, 2, 59, 1, 'Loan Form', 'Joseph Berongoy asked for your approval.', 2, 0, 20, 0, '2021-12-27 15:54:36', '2021-12-27 15:54:36'),
(1448, 20, 59, 1, 'Loan Form', 'LNF-21-00001: Your request has been approved.', 7, 0, 2, 0, '2021-12-27 15:54:55', '2021-12-27 15:54:55'),
(1449, 2, 59, 1, 'Loan Form', 'Joseph Berongoy asked for your approval.', 2, 0, 20, 0, '2021-12-27 16:02:30', '2021-12-27 16:02:30'),
(1450, 20, 59, 1, 'Loan Form', 'LNF-21-00001: Your request has been approved.', 7, 0, 2, 0, '2021-12-27 16:02:48', '2021-12-27 16:02:48'),
(1451, 2, 109, 1, 'Timekeeping Process', 'Joseph Berongoy asked for your approval.', 2, 0, 20, 0, '2021-12-27 16:03:03', '2021-12-27 16:03:03'),
(1452, 20, 109, 1, 'Timekeeping Process', 'TMK-21-00001: Your request has been approved.', 7, 0, 2, 0, '2021-12-27 16:03:23', '2021-12-27 16:03:23'),
(1453, 2, 111, 1, 'Payroll Adjustment', 'Joseph Berongoy asked for your approval.', 2, 0, 20, 0, '2021-12-28 08:56:37', '2021-12-28 08:56:37'),
(1454, 20, 111, 1, 'Payroll Adjustment', 'PRA-21-00001: Your request has been approved.', 7, 0, 2, 0, '2021-12-28 08:57:41', '2021-12-28 08:57:41'),
(1455, 2, 110, 1, 'Payroll Process', 'Joseph Berongoy asked for your approval.', 2, 0, 20, 0, '2021-12-28 08:58:59', '2021-12-28 08:58:59'),
(1456, 20, 110, 1, 'Payroll Process', 'PRL-21-00001: Your request has been approved.', 7, 0, 2, 0, '2021-12-28 08:59:49', '2021-12-28 08:59:49'),
(1457, 4, 56, 2, 'Overtime Request', 'Arjay Diangzon asked for your approval.', 2, 0, 2, 0, '2021-12-28 09:17:11', '2021-12-28 09:17:11'),
(1458, 2, 56, 2, 'Overtime Request', 'OTR-21-00002: Your request has been approved.', 7, 0, 4, 0, '2021-12-28 09:18:33', '2021-12-28 09:18:33'),
(1459, 4, 55, 3, 'Leave Request Form', 'Arjay Diangzon asked for your approval.', 2, 0, 2, 0, '2021-12-28 09:49:36', '2021-12-28 09:49:36'),
(1460, 4, 56, 3, 'Overtime Request', 'Arjay Diangzon asked for your approval.', 2, 0, 2, 0, '2021-12-28 09:50:40', '2021-12-28 09:50:40'),
(1461, 2, 56, 3, 'Overtime Request', 'OTR-21-00003: Your request has been approved.', 7, 0, 4, 0, '2021-12-28 10:00:37', '2021-12-28 10:00:37'),
(1462, 2, 55, 3, 'Leave Request Form', 'LRF-21-00003: Your request has been approved.', 7, 0, 4, 0, '2021-12-28 10:20:07', '2021-12-28 10:20:07'),
(1463, 2, 112, 3, '13th Month', 'Joseph Berongoy asked for your approval.', 2, 0, 20, 0, '2021-12-28 12:52:19', '2021-12-28 12:52:19'),
(1464, 4, 50, 2, 'Personnel Requisition', 'Arjay Diangzon asked for your approval.', 2, 0, 2, 0, '2021-12-28 12:54:48', '2021-12-28 12:54:48'),
(1465, 2, 50, 2, 'Personnel Requisition', 'PRF-21-00002: Your request has been approved.', 7, 0, 4, 0, '2021-12-28 12:55:57', '2021-12-28 12:55:57'),
(1466, 2, 55, 5, 'Leave Request Form', 'Joseph Berongoy asked for your approval.', 2, 0, 20, 0, '2021-12-29 07:49:53', '2021-12-29 07:49:53'),
(1467, 20, 55, 5, 'Leave Request Form', 'LRF-21-00005: Your request has been approved.', 7, 0, 2, 0, '2021-12-29 07:51:23', '2021-12-29 07:51:23'),
(1468, 2, 55, 6, 'Leave Request Form', 'Joseph Berongoy asked for your approval.', 2, 0, 20, 0, '2021-12-29 07:52:07', '2021-12-29 07:52:07'),
(1469, 20, 55, 6, 'Leave Request Form', 'LRF-21-00006: Your request has been approved.', 7, 0, 2, 0, '2021-12-29 07:53:00', '2021-12-29 07:53:00'),
(1470, 2, 55, 7, 'Leave Request Form', 'Joseph Berongoy asked for your approval.', 2, 0, 20, 0, '2021-12-29 07:54:05', '2021-12-29 07:54:05'),
(1471, 20, 55, 7, 'Leave Request Form', 'LRF-21-00007: Your request has been approved.', 7, 0, 2, 0, '2021-12-29 07:54:28', '2021-12-29 07:54:28'),
(1472, 2, 109, 2, 'Timekeeping Process', 'Joseph Berongoy asked for your approval.', 2, 0, 20, 0, '2021-12-29 08:17:47', '2021-12-29 08:17:47'),
(1473, 20, 109, 2, 'Timekeeping Process', 'TMK-21-00002: Your request has been approved.', 7, 0, 2, 0, '2021-12-29 08:18:07', '2021-12-29 08:18:07'),
(1474, 2, 110, 2, 'Payroll Process', 'Joseph Berongoy asked for your approval.', 2, 0, 20, 0, '2021-12-29 08:19:00', '2021-12-29 08:19:00'),
(1475, 20, 110, 2, 'Payroll Process', 'PRL-21-00002: Your request has been approved.', 7, 0, 2, 0, '2021-12-29 08:19:13', '2021-12-29 08:19:13'),
(1476, 2, 112, 4, '13th Month', 'Joseph Berongoy asked for your approval.', 2, 0, 20, 0, '2021-12-29 08:35:16', '2021-12-29 08:35:16'),
(1477, 4, 55, 8, 'Leave Request Form', 'Arjay Diangzon asked for your approval.', 2, 0, 2, 0, '2021-12-29 08:47:03', '2021-12-29 08:47:03'),
(1478, 2, 55, 8, 'Leave Request Form', 'LRF-21-00008: Your request has been approved.', 7, 0, 4, 0, '2021-12-29 08:48:59', '2021-12-29 08:48:59'),
(1479, 4, 55, 9, 'Leave Request Form', 'Arjay Diangzon asked for your approval.', 2, 0, 2, 0, '2021-12-29 08:51:03', '2021-12-29 08:51:03'),
(1480, 2, 55, 9, 'Leave Request Form', 'LRF-21-00009: Your request has been approved.', 7, 0, 4, 0, '2021-12-29 08:51:40', '2021-12-29 08:51:40'),
(1481, 2, 56, 4, 'Overtime Request', 'Joseph Berongoy asked for your approval.', 2, 0, 20, 0, '2021-12-29 08:52:33', '2021-12-29 08:52:33'),
(1482, 20, 56, 4, 'Overtime Request', 'OTR-21-00004: Your request has been approved.', 7, 0, 2, 0, '2021-12-29 08:52:52', '2021-12-29 08:52:52');

-- --------------------------------------------------------

--
-- Table structure for table `gen_system_setting_tbl`
--

CREATE TABLE `gen_system_setting_tbl` (
  `systemSettingID` int(11) NOT NULL,
  `minimumToApprove` int(2) NOT NULL,
  `maximumToApprove` int(2) NOT NULL,
  `firstCutOffDateStart` int(11) DEFAULT NULL,
  `firstCutOffDateEnd` int(11) DEFAULT NULL,
  `firstCutOffPayOut` int(11) DEFAULT NULL,
  `firstCutOffDeduction` int(11) DEFAULT NULL,
  `secondCutOffDateStart` int(11) DEFAULT NULL,
  `secondCutOffDateEnd` int(11) DEFAULT NULL,
  `secondCutOffPayOut` int(11) DEFAULT NULL,
  `secondCutOffDeduction` int(11) DEFAULT NULL,
  `thirdCutOffDateStart` int(11) DEFAULT NULL,
  `thirdCutOffDateEnd` int(11) DEFAULT NULL,
  `thirdCutOffPayOut` int(11) DEFAULT NULL,
  `thirdCutOffDeduction` int(11) DEFAULT NULL,
  `fourthCutOffDateStart` int(11) DEFAULT NULL,
  `fourthCutOffDateEnd` int(11) DEFAULT NULL,
  `fourthCutOffPayOut` int(11) DEFAULT NULL,
  `fourthCutOffDeduction` int(11) DEFAULT NULL,
  `pettyCashReplenishmentLimit` text COLLATE utf8mb4_unicode_ci DEFAULT NULL,
  `clientFundReplenishmentLimit` text COLLATE utf8mb4_unicode_ci DEFAULT NULL,
  `createdBy` bigint(20) DEFAULT NULL,
  `createdAt` timestamp NOT NULL DEFAULT current_timestamp() ON UPDATE current_timestamp(),
  `updatedBy` bigint(20) NOT NULL,
  `updatedAt` timestamp NOT NULL DEFAULT current_timestamp() ON UPDATE current_timestamp()
) ENGINE=InnoDB DEFAULT CHARSET=utf8mb4 COLLATE=utf8mb4_unicode_ci;

--
-- Dumping data for table `gen_system_setting_tbl`
--

INSERT INTO `gen_system_setting_tbl` (`systemSettingID`, `minimumToApprove`, `maximumToApprove`, `firstCutOffDateStart`, `firstCutOffDateEnd`, `firstCutOffPayOut`, `firstCutOffDeduction`, `secondCutOffDateStart`, `secondCutOffDateEnd`, `secondCutOffPayOut`, `secondCutOffDeduction`, `thirdCutOffDateStart`, `thirdCutOffDateEnd`, `thirdCutOffPayOut`, `thirdCutOffDeduction`, `fourthCutOffDateStart`, `fourthCutOffDateEnd`, `fourthCutOffPayOut`, `fourthCutOffDeduction`, `pettyCashReplenishmentLimit`, `clientFundReplenishmentLimit`, `createdBy`, `createdAt`, `updatedBy`, `updatedAt`) VALUES
(1, 2, 2, 21, 5, 15, 1, 6, 20, 30, NULL, NULL, NULL, NULL, NULL, NULL, NULL, NULL, NULL, '21,512.00', '1,241.00', NULL, '2022-01-05 18:35:05', 1, '2022-01-05 18:35:05');

-- --------------------------------------------------------

--
-- Table structure for table `gen_user_account_tbl`
--

CREATE TABLE `gen_user_account_tbl` (
  `userAccountID` bigint(20) NOT NULL,
  `role` varchar(100) NOT NULL,
  `firstname` varchar(100) NOT NULL,
  `lastname` varchar(100) NOT NULL,
  `email` varchar(200) NOT NULL,
  `mobile` varchar(50) NOT NULL,
  `telephone` varchar(50) NOT NULL,
  `address` text NOT NULL,
  `gender` varchar(20) NOT NULL,
  `birthday` date NOT NULL,
  `link` text NOT NULL,
  `username` varchar(100) NOT NULL,
  `password` text NOT NULL,
  `amount` decimal(15,2) DEFAULT NULL,
  `skills` text DEFAULT NULL,
  `file` text DEFAULT NULL,
  `userType` bigint(20) NOT NULL,
  `status` int(11) NOT NULL,
  `createdAt` timestamp NOT NULL DEFAULT current_timestamp(),
  `updatedAt` timestamp NOT NULL DEFAULT current_timestamp() ON UPDATE current_timestamp()
) ENGINE=InnoDB DEFAULT CHARSET=utf8mb4;

--
-- Dumping data for table `gen_user_account_tbl`
--

INSERT INTO `gen_user_account_tbl` (`userAccountID`, `role`, `firstname`, `lastname`, `email`, `mobile`, `telephone`, `address`, `gender`, `birthday`, `link`, `username`, `password`, `amount`, `skills`, `file`, `userType`, `status`, `createdAt`, `updatedAt`) VALUES
(1, '1', 'Ako To Si', 'Natoy', 'rjpinca@gmail.com', '(+63) 099 0908 595', '(32) 1321 423', '1709 Antel Bldg, Julia Vargas', 'Male', '2021-02-03', 'http://theblackcoders.com', 'admin', 'admin', '0.00', '', '01614667776.svg', 1, 1, '2021-02-26 05:19:00', '2021-03-22 01:45:34'),
(2, '2', 'Akosi', 'RJ', 'hakdog123@gmail.com', '(+63) 545 8987 987', '(54) 6545 646', '1709 Antel Bldg, Julia Vargas', 'Male', '2021-03-05', 'http://theblackcoders.com', 'arjay', 'arjay', '999.95', 'CSS|JS', '01614668556.svg|11614668556.svg|21614668556.svg|31614668556.svg|41614668556.svg|51614668556.svg', 1, 1, '2021-02-26 05:25:07', '2021-03-23 03:40:47'),
(3, '3', 'Charles', 'Vincent', 'charlesvincent@gmail.com', '(+63) 123 2141 242', '(53) 2432 423', 'Quezon City', 'Male', '2021-03-09', 'http://theblackcoders.com', 'charles', 'charles', '0.00', 'CSS|HTML|JS', '01614668026.svg|11614668026.svg|21614668026.svg|31614668026.svg|41614668026.svg|51614668026.svg', 1, 1, '2021-03-02 06:52:07', '2021-03-23 03:40:50'),
(4, '4', 'Joseph', 'Berongoy', 'joseph@gmail.com', '0909900905965', '556565956', 'Pasig City', 'Male', '2021-03-10', 'theblackcoders.com', 'joseph', 'joseph', NULL, NULL, NULL, 1, 1, '2021-03-21 23:56:09', '2021-03-23 03:40:53');

-- --------------------------------------------------------

--
-- Table structure for table `gen_user_role_tbl`
--

CREATE TABLE `gen_user_role_tbl` (
  `roleID` bigint(20) NOT NULL,
  `roleName` varchar(100) NOT NULL,
  `roleStatus` int(11) NOT NULL,
  `createdAt` timestamp NOT NULL DEFAULT current_timestamp(),
  `updatedAt` timestamp NOT NULL DEFAULT current_timestamp()
) ENGINE=InnoDB DEFAULT CHARSET=utf8mb4;

--
-- Dumping data for table `gen_user_role_tbl`
--

INSERT INTO `gen_user_role_tbl` (`roleID`, `roleName`, `roleStatus`, `createdAt`, `updatedAt`) VALUES
(1, 'Administrator', 1, '2021-03-08 00:29:00', '2021-03-08 00:44:40'),
(2, 'Network Engineer', 1, '2021-03-08 02:14:34', '2021-03-08 04:02:49'),
(3, 'Human Resources', 1, '2021-03-08 02:14:55', '2021-03-08 05:02:10'),
(4, 'Junior Developer', 1, '2021-03-08 03:17:38', '2021-03-08 03:17:38'),
(5, 'Senior Developer', 1, '2021-03-08 03:18:39', '2021-03-08 05:17:41'),
(6, 'Finance', 1, '2021-03-08 03:19:57', '2021-03-08 03:19:57'),
(7, 'Installer', 0, '2021-03-08 03:46:14', '2021-03-08 04:03:08'),
(8, 'IT Admin', 1, '2021-03-08 03:46:45', '2021-03-08 03:46:45'),
(9, 'Quality Analyst', 1, '2021-03-09 23:31:46', '2021-03-09 23:31:46'),
(10, 'Marketing', 1, '2021-03-09 23:33:00', '2021-03-09 23:33:00');

-- --------------------------------------------------------

--
-- Table structure for table `hris_13month_details_tbl`
--

CREATE TABLE `hris_13month_details_tbl` (
  `monthDetailsID` bigint(20) NOT NULL,
  `monthID` bigint(20) NOT NULL,
  `monthEmployeeID` bigint(20) NOT NULL,
  `basicSalary` decimal(10,2) NOT NULL,
  `totalGrossPay` decimal(10,2) NOT NULL,
  `monthHoldStatus` int(50) NOT NULL,
  `monthTotalPayAmount` decimal(10,2) NOT NULL,
  `createdAt` timestamp NULL DEFAULT NULL,
  `createdBy` bigint(20) DEFAULT NULL
) ENGINE=InnoDB DEFAULT CHARSET=utf8mb4;

--
-- Dumping data for table `hris_13month_details_tbl`
--

INSERT INTO `hris_13month_details_tbl` (`monthDetailsID`, `monthID`, `monthEmployeeID`, `basicSalary`, `totalGrossPay`, `monthHoldStatus`, `monthTotalPayAmount`, `createdAt`, `createdBy`) VALUES
(1, 1, 2, '9000.00', '0.00', 1, '372.04', '2021-12-27 02:58:01', 20),
(2, 1, 4, '1050.00', '0.00', 1, '37.67', '2021-12-27 02:58:01', 20),
(3, 1, 5, '950.00', '0.00', 0, '39.44', '2021-12-27 02:58:01', 20),
(4, 1, 7, '6250.00', '0.00', 1, '259.48', '2021-12-27 02:58:01', 20),
(5, 1, 20, '25000.00', '0.00', 1, '790.69', '2021-12-27 02:58:01', 20),
(6, 1, 22, '6500.00', '0.00', 0, '0.00', '2021-12-27 02:58:01', 20),
(7, 1, 23, '10500.00', '0.00', 0, '0.01', '2021-12-27 02:58:01', 20),
(8, 2, 2, '9000.00', '0.00', 0, '0.00', '2021-12-27 03:07:29', 20),
(9, 2, 4, '1050.00', '0.00', 0, '0.00', '2021-12-27 03:07:29', 20),
(10, 2, 5, '950.00', '0.00', 1, '0.00', '2021-12-27 03:07:29', 20),
(11, 2, 7, '6250.00', '0.00', 0, '0.00', '2021-12-27 03:07:29', 20),
(12, 2, 20, '25000.00', '0.00', 1, '0.00', '2021-12-27 03:07:29', 20),
(13, 2, 22, '6500.00', '0.00', 1, '0.00', '2021-12-27 03:07:29', 20),
(14, 2, 23, '10500.00', '0.00', 1, '0.00', '2021-12-27 03:07:29', 20),
(15, 3, 2, '9000.00', '0.00', 1, '5653.73', '2021-12-28 12:52:18', 20),
(16, 3, 4, '1050.00', '0.00', 1, '617.26', '2021-12-28 12:52:18', 20),
(17, 3, 5, '950.00', '0.00', 1, '596.41', '2021-12-28 12:52:18', 20),
(18, 3, 7, '6250.00', '0.00', 1, '3924.80', '2021-12-28 12:52:18', 20),
(19, 3, 20, '25000.00', '0.00', 1, '14693.72', '2021-12-28 12:52:18', 20),
(20, 3, 22, '6500.00', '0.00', 1, '0.26', '2021-12-28 12:52:18', 20),
(21, 3, 23, '10500.00', '0.00', 1, '0.00', '2021-12-28 12:52:18', 20),
(22, 4, 2, '9000.00', '0.00', 1, '8928.93', '2021-12-29 08:35:14', 20),
(23, 4, 4, '1050.00', '0.00', 1, '904.16', '2021-12-29 08:35:14', 20),
(24, 4, 5, '950.00', '0.00', 0, '946.57', '2021-12-29 08:35:14', 20),
(25, 4, 7, '6250.00', '0.00', 1, '6227.43', '2021-12-29 08:35:14', 20),
(26, 4, 20, '25000.00', '0.00', 1, '18976.58', '2021-12-29 08:35:14', 20),
(27, 4, 22, '6500.00', '0.00', 0, '0.00', '2021-12-29 08:35:14', 20),
(28, 4, 23, '10500.00', '0.00', 0, '0.14', '2021-12-29 08:35:14', 20);

-- --------------------------------------------------------

--
-- Table structure for table `hris_13month_gross_pay_list_tbl`
--

CREATE TABLE `hris_13month_gross_pay_list_tbl` (
  `grossPayID` bigint(20) NOT NULL,
  `payrollID` bigint(20) DEFAULT NULL,
  `payrollCode` text DEFAULT NULL,
  `payrollItemID` bigint(20) DEFAULT NULL,
  `payrollSubmittedAt` timestamp NULL DEFAULT NULL,
  `monthID` bigint(20) DEFAULT NULL,
  `monthEmployeeID` bigint(20) DEFAULT NULL,
  `grossPayAmount` decimal(10,2) DEFAULT NULL,
  `createdAt` timestamp NULL DEFAULT NULL,
  `createdBy` bigint(20) DEFAULT NULL
) ENGINE=InnoDB DEFAULT CHARSET=utf8mb4;

--
-- Dumping data for table `hris_13month_gross_pay_list_tbl`
--

INSERT INTO `hris_13month_gross_pay_list_tbl` (`grossPayID`, `payrollID`, `payrollCode`, `payrollItemID`, `payrollSubmittedAt`, `monthID`, `monthEmployeeID`, `grossPayAmount`, `createdAt`, `createdBy`) VALUES
(1, 1, 'PRL-21-00001', 1, '2021-12-27 14:27:59', 1, 2, '8877.85', '2021-12-27 02:58:01', 20),
(2, 2, 'PRL-21-00002', 8, '2021-12-27 14:46:08', 1, 2, '8928.93', '2021-12-27 02:58:01', 20),
(3, 1, 'PRL-21-00001', 2, '2021-12-27 14:27:59', 1, 4, '880.32', '2021-12-27 02:58:01', 20),
(4, 2, 'PRL-21-00002', 9, '2021-12-27 14:46:08', 1, 4, '904.16', '2021-12-27 02:58:01', 20),
(5, 1, 'PRL-21-00001', 3, '2021-12-27 14:27:59', 1, 5, '942.71', '2021-12-27 02:58:01', 20),
(6, 2, 'PRL-21-00002', 10, '2021-12-27 14:46:08', 1, 5, '946.57', '2021-12-27 02:58:01', 20),
(7, 1, 'PRL-21-00001', 4, '2021-12-27 14:27:59', 1, 7, '6048.00', '2021-12-27 02:58:01', 20),
(8, 2, 'PRL-21-00002', 11, '2021-12-27 14:46:08', 1, 7, '6227.43', '2021-12-27 02:58:01', 20),
(9, 1, 'PRL-21-00001', 5, '2021-12-27 14:27:59', 1, 20, '18012.77', '2021-12-27 02:58:01', 20),
(10, 2, 'PRL-21-00002', 12, '2021-12-27 14:46:08', 1, 20, '18976.58', '2021-12-27 02:58:01', 20),
(11, 1, 'PRL-21-00001', 6, '2021-12-27 14:27:59', 1, 22, '0.09', '2021-12-27 02:58:01', 20),
(12, 2, 'PRL-21-00002', 13, '2021-12-27 14:46:08', 1, 22, '0.00', '2021-12-27 02:58:01', 20),
(13, 1, 'PRL-21-00001', 7, '2021-12-27 14:27:59', 1, 23, '0.00', '2021-12-27 02:58:01', 20),
(14, 2, 'PRL-21-00002', 14, '2021-12-27 14:46:08', 1, 23, '0.14', '2021-12-27 02:58:01', 20),
(15, 1, 'PRL-21-00001', 1, '2021-12-27 14:27:59', 2, 2, '8877.85', '2021-12-27 03:07:29', 20),
(16, 2, 'PRL-21-00002', 8, '2021-12-27 14:46:08', 2, 2, '8928.93', '2021-12-27 03:07:29', 20),
(17, 1, 'PRL-21-00001', 2, '2021-12-27 14:27:59', 2, 4, '880.32', '2021-12-27 03:07:29', 20),
(18, 2, 'PRL-21-00002', 9, '2021-12-27 14:46:08', 2, 4, '904.16', '2021-12-27 03:07:29', 20),
(19, 1, 'PRL-21-00001', 3, '2021-12-27 14:27:59', 2, 5, '942.71', '2021-12-27 03:07:29', 20),
(20, 2, 'PRL-21-00002', 10, '2021-12-27 14:46:08', 2, 5, '946.57', '2021-12-27 03:07:29', 20),
(21, 1, 'PRL-21-00001', 4, '2021-12-27 14:27:59', 2, 7, '6048.00', '2021-12-27 03:07:29', 20),
(22, 2, 'PRL-21-00002', 11, '2021-12-27 14:46:08', 2, 7, '6227.43', '2021-12-27 03:07:29', 20),
(23, 1, 'PRL-21-00001', 5, '2021-12-27 14:27:59', 2, 20, '18012.77', '2021-12-27 03:07:29', 20),
(24, 2, 'PRL-21-00002', 12, '2021-12-27 14:46:08', 2, 20, '18976.58', '2021-12-27 03:07:29', 20),
(25, 1, 'PRL-21-00001', 6, '2021-12-27 14:27:59', 2, 22, '0.09', '2021-12-27 03:07:29', 20),
(26, 2, 'PRL-21-00002', 13, '2021-12-27 14:46:08', 2, 22, '0.00', '2021-12-27 03:07:29', 20),
(27, 1, 'PRL-21-00001', 7, '2021-12-27 14:27:59', 2, 23, '0.00', '2021-12-27 03:07:29', 20),
(28, 2, 'PRL-21-00002', 14, '2021-12-27 14:46:08', 2, 23, '0.14', '2021-12-27 03:07:29', 20),
(29, 1, 'PRL-21-00001', 1, '2021-12-28 08:58:54', 3, 2, '5653.73', '2021-12-28 12:52:18', 20),
(30, 1, 'PRL-21-00001', 2, '2021-12-28 08:58:54', 3, 4, '617.26', '2021-12-28 12:52:18', 20),
(31, 1, 'PRL-21-00001', 3, '2021-12-28 08:58:54', 3, 5, '596.41', '2021-12-28 12:52:18', 20),
(32, 1, 'PRL-21-00001', 4, '2021-12-28 08:58:54', 3, 7, '3924.80', '2021-12-28 12:52:18', 20),
(33, 1, 'PRL-21-00001', 5, '2021-12-28 08:58:54', 3, 20, '14693.72', '2021-12-28 12:52:18', 20),
(34, 1, 'PRL-21-00001', 6, '2021-12-28 08:58:54', 3, 22, '0.26', '2021-12-28 12:52:18', 20),
(35, 1, 'PRL-21-00001', 7, '2021-12-28 08:58:54', 3, 23, '0.00', '2021-12-28 12:52:18', 20),
(36, 1, 'PRL-21-00001', 1, '2021-12-28 08:58:54', 4, 2, '5653.73', '2021-12-29 08:35:14', 20),
(37, 2, 'PRL-21-00002', 8, '2021-12-29 08:18:59', 4, 2, '8928.93', '2021-12-29 08:35:14', 20),
(38, 1, 'PRL-21-00001', 2, '2021-12-28 08:58:54', 4, 4, '617.26', '2021-12-29 08:35:14', 20),
(39, 2, 'PRL-21-00002', 9, '2021-12-29 08:18:59', 4, 4, '904.16', '2021-12-29 08:35:14', 20),
(40, 1, 'PRL-21-00001', 3, '2021-12-28 08:58:54', 4, 5, '596.41', '2021-12-29 08:35:14', 20),
(41, 2, 'PRL-21-00002', 10, '2021-12-29 08:18:59', 4, 5, '946.57', '2021-12-29 08:35:14', 20),
(42, 1, 'PRL-21-00001', 4, '2021-12-28 08:58:54', 4, 7, '3924.80', '2021-12-29 08:35:14', 20),
(43, 2, 'PRL-21-00002', 11, '2021-12-29 08:18:59', 4, 7, '6227.43', '2021-12-29 08:35:14', 20),
(44, 1, 'PRL-21-00001', 5, '2021-12-28 08:58:54', 4, 20, '14693.72', '2021-12-29 08:35:14', 20),
(45, 2, 'PRL-21-00002', 12, '2021-12-29 08:18:59', 4, 20, '18976.58', '2021-12-29 08:35:14', 20),
(46, 1, 'PRL-21-00001', 6, '2021-12-28 08:58:54', 4, 22, '0.26', '2021-12-29 08:35:14', 20),
(47, 2, 'PRL-21-00002', 13, '2021-12-29 08:18:59', 4, 22, '0.00', '2021-12-29 08:35:14', 20),
(48, 1, 'PRL-21-00001', 7, '2021-12-28 08:58:54', 4, 23, '0.00', '2021-12-29 08:35:14', 20),
(49, 2, 'PRL-21-00002', 14, '2021-12-29 08:18:59', 4, 23, '0.14', '2021-12-29 08:35:14', 20);

-- --------------------------------------------------------

--
-- Table structure for table `hris_13month_tbl`
--

CREATE TABLE `hris_13month_tbl` (
  `monthID` bigint(20) NOT NULL,
  `monthCode` text DEFAULT NULL,
  `revisemonthID` bigint(20) DEFAULT NULL,
  `monthStatus` int(50) NOT NULL,
  `monthReleaseStatus` int(50) NOT NULL,
  `monthRemarks` longtext DEFAULT NULL,
  `employeeID` bigint(20) NOT NULL,
  `monthDescription` longtext DEFAULT NULL,
  `monthDateStart` date DEFAULT NULL,
  `monthDateEnd` date DEFAULT NULL,
  `approversID` text DEFAULT NULL,
  `approversDate` text DEFAULT NULL,
  `approversStatus` text DEFAULT NULL,
  `submittedAt` timestamp NULL DEFAULT NULL,
  `createdBy` bigint(20) DEFAULT NULL,
  `updatedBy` bigint(20) DEFAULT NULL,
  `createdAt` timestamp NOT NULL DEFAULT current_timestamp(),
  `updatedAt` timestamp NULL DEFAULT NULL ON UPDATE current_timestamp()
) ENGINE=InnoDB DEFAULT CHARSET=utf8mb4;

--
-- Dumping data for table `hris_13month_tbl`
--

INSERT INTO `hris_13month_tbl` (`monthID`, `monthCode`, `revisemonthID`, `monthStatus`, `monthReleaseStatus`, `monthRemarks`, `employeeID`, `monthDescription`, `monthDateStart`, `monthDateEnd`, `approversID`, `approversDate`, `approversStatus`, `submittedAt`, `createdBy`, `updatedBy`, `createdAt`, `updatedAt`) VALUES
(1, 'TMP-21-00001', NULL, 2, 0, NULL, 20, 'for testing purposes only.', '2020-11-01', '2021-11-30', '2', '2021-12-27 15:06:19', '2', '2021-12-27 14:57:58', 20, 2, '2021-12-27 14:57:58', '2021-12-27 07:06:20'),
(2, 'TMP-21-00002', NULL, 2, 0, NULL, 20, 'for testing', '2020-12-01', '2021-12-31', '2', '2021-12-27 15:07:49', '2', '2021-12-27 15:07:28', 20, 2, '2021-12-27 15:07:28', '2021-12-27 07:08:34'),
(3, 'TMP-21-00003', NULL, 1, 0, NULL, 20, 'qteste', '2020-12-01', '2021-12-31', '2', NULL, NULL, '2021-12-28 12:52:15', 20, 20, '2021-12-28 12:52:15', '2021-12-28 04:52:18'),
(4, 'TMP-21-00004', NULL, 1, 0, NULL, 20, 'for testing', '2020-11-01', '2021-12-31', '2', NULL, NULL, '2021-12-29 08:34:57', 20, 20, '2021-12-29 08:34:57', '2021-12-29 00:35:14');

-- --------------------------------------------------------

--
-- Table structure for table `hris_applicant_interviewer_tbl`
--

CREATE TABLE `hris_applicant_interviewer_tbl` (
  `applicantInterviewerID` bigint(20) NOT NULL,
  `applicantID` bigint(20) NOT NULL,
  `applicantInterviewerProgression` text COLLATE utf8mb4_unicode_ci NOT NULL,
  `employeeID` bigint(20) NOT NULL,
  `personInCharge` text COLLATE utf8mb4_unicode_ci NOT NULL,
  `applicantInterviewerDateTime` text COLLATE utf8mb4_unicode_ci DEFAULT NULL,
  `applicantInterviewerNote` text COLLATE utf8mb4_unicode_ci DEFAULT NULL,
  `applicantInterviewerStatus` text COLLATE utf8mb4_unicode_ci DEFAULT NULL,
  `createdBy` bigint(20) NOT NULL,
  `createdAt` timestamp NOT NULL DEFAULT current_timestamp(),
  `updatedBy` bigint(20) NOT NULL,
  `updatedAt` timestamp NOT NULL DEFAULT current_timestamp() ON UPDATE current_timestamp()
) ENGINE=InnoDB DEFAULT CHARSET=utf8mb4 COLLATE=utf8mb4_unicode_ci;

--
-- Dumping data for table `hris_applicant_interviewer_tbl`
--

INSERT INTO `hris_applicant_interviewer_tbl` (`applicantInterviewerID`, `applicantID`, `applicantInterviewerProgression`, `employeeID`, `personInCharge`, `applicantInterviewerDateTime`, `applicantInterviewerNote`, `applicantInterviewerStatus`, `createdBy`, `createdAt`, `updatedBy`, `updatedAt`) VALUES
(58, 1, 'Initial Interview', 2, 'Diangzon, Arjay ', 'December 29, 2021 07:31:32 AM', 'Good Communication Skill', 'Passed', 0, '2021-12-29 00:16:51', 0, '2021-12-29 00:22:56'),
(59, 1, 'Technical Interview', 2, 'Diangzon, Arjay ', 'December 29, 2021 07:31:46 AM', 'Good portfolio', 'Passed', 0, '2021-12-29 00:16:51', 0, '2021-12-29 00:22:30'),
(60, 1, 'Technical Exam', 2, 'Diangzon, Arjay ', 'December 29, 2021 07:31:52 AM', 'Perfect in exam', 'Passed', 0, '2021-12-29 00:16:51', 0, '2021-12-29 00:22:34'),
(61, 1, 'Final Interview', 2, 'Diangzon, Arjay ', 'December 29, 2021 07:31:55 AM', 'Has a knowledge in PHP and Java', 'Passed', 0, '2021-12-29 00:16:51', 0, '2021-12-29 00:22:25'),
(62, 1, 'Job Order', 2, 'Diangzon, Arjay ', 'December 29, 2021 07:31:58 AM', 'Hired', 'Passed', 0, '2021-12-29 00:16:51', 0, '2021-12-29 00:22:21');

-- --------------------------------------------------------

--
-- Table structure for table `hris_attendance_break_tbl`
--

CREATE TABLE `hris_attendance_break_tbl` (
  `breakID` bigint(21) NOT NULL,
  `employeeID` bigint(21) DEFAULT NULL,
  `breakIn` datetime DEFAULT NULL,
  `breakOut` datetime DEFAULT NULL,
  `breakDuration` decimal(10,2) DEFAULT NULL,
  `createdAt` timestamp NULL DEFAULT current_timestamp(),
  `updatedAt` timestamp NULL DEFAULT current_timestamp() ON UPDATE current_timestamp()
) ENGINE=InnoDB DEFAULT CHARSET=utf8mb4 COLLATE=utf8mb4_unicode_ci;

-- --------------------------------------------------------

--
-- Table structure for table `hris_award_tbl`
--

CREATE TABLE `hris_award_tbl` (
  `awardID` bigint(20) NOT NULL,
  `awardTitle` text NOT NULL,
  `awardDescription` text NOT NULL,
  `awardSignatories` text NOT NULL,
  `awardStatus` int(10) NOT NULL,
  `createdBy` bigint(20) NOT NULL,
  `updatedBy` bigint(20) NOT NULL,
  `createdAt` timestamp NOT NULL DEFAULT current_timestamp(),
  `updatedAt` timestamp NOT NULL DEFAULT current_timestamp() ON UPDATE current_timestamp()
) ENGINE=InnoDB DEFAULT CHARSET=utf8mb4;

--
-- Dumping data for table `hris_award_tbl`
--

INSERT INTO `hris_award_tbl` (`awardID`, `awardTitle`, `awardDescription`, `awardSignatories`, `awardStatus`, `createdBy`, `updatedBy`, `createdAt`, `updatedAt`) VALUES
(1, 'Employee of the Month', 'Outstanding employee for the month', '3', 1, 1, 1, '2021-04-15 02:48:17', '2021-04-15 02:48:17'),
(2, 'Employee of the Year', 'Outstanding employee for the year', '3', 1, 1, 1, '2021-04-15 02:48:58', '2021-04-15 02:48:58'),
(3, 'Certificate of Appreciation', 'Early Bird Award', '2|4|5', 1, 1, 1, '2021-06-18 02:20:43', '2021-06-18 02:20:43'),
(4, 'Certificate of Participation', 'Champion in Bicycle Race', '4|6|19', 1, 1, 1, '2021-06-18 02:23:00', '2021-06-18 02:23:00'),
(5, 'Testing', 'Test', '4', 1, 2, 2, '2021-12-15 02:12:52', '2021-12-15 02:13:20');

-- --------------------------------------------------------

--
-- Table structure for table `hris_back_pay_details_tbl`
--

CREATE TABLE `hris_back_pay_details_tbl` (
  `backPayDetailsID` bigint(20) NOT NULL,
  `backPayID` bigint(20) NOT NULL,
  `salaryReleaseID` bigint(20) DEFAULT NULL,
  `monthID` bigint(20) DEFAULT NULL,
  `othersAmountStatus` int(50) NOT NULL,
  `otherReference` text DEFAULT NULL,
  `amount` decimal(10,2) NOT NULL
) ENGINE=InnoDB DEFAULT CHARSET=utf8mb4;

-- --------------------------------------------------------

--
-- Table structure for table `hris_back_pay_tbl`
--

CREATE TABLE `hris_back_pay_tbl` (
  `backPayID` bigint(20) NOT NULL,
  `backPayCode` text DEFAULT NULL,
  `reviseBackPayID` bigint(20) DEFAULT NULL,
  `backPayEmployeeID` bigint(20) NOT NULL,
  `employeeID` bigint(20) NOT NULL,
  `backPayRemarks` longtext DEFAULT NULL,
  `backPayDescription` longtext DEFAULT NULL,
  `backPayStatus` int(50) NOT NULL,
  `releaseStatus` int(50) NOT NULL,
  `approversID` text DEFAULT NULL,
  `approversStatus` text DEFAULT NULL,
  `approversDate` text DEFAULT NULL,
  `submittedAt` timestamp NULL DEFAULT NULL,
  `createdBy` bigint(20) DEFAULT NULL,
  `updatedBy` bigint(20) DEFAULT NULL,
  `createdAt` timestamp NOT NULL DEFAULT current_timestamp(),
  `updatedAt` timestamp NULL DEFAULT NULL ON UPDATE current_timestamp()
) ENGINE=InnoDB DEFAULT CHARSET=utf8mb4;

--
-- Dumping data for table `hris_back_pay_tbl`
--

INSERT INTO `hris_back_pay_tbl` (`backPayID`, `backPayCode`, `reviseBackPayID`, `backPayEmployeeID`, `employeeID`, `backPayRemarks`, `backPayDescription`, `backPayStatus`, `releaseStatus`, `approversID`, `approversStatus`, `approversDate`, `submittedAt`, `createdBy`, `updatedBy`, `createdAt`, `updatedAt`) VALUES
(1, 'BPY-21-00001', NULL, 7, 20, NULL, NULL, 0, 0, NULL, NULL, NULL, NULL, 20, NULL, '2021-12-23 00:19:24', '2021-12-23 00:19:24'),
(2, 'BPY-21-00002', NULL, 7, 20, NULL, NULL, 0, 0, NULL, NULL, NULL, NULL, 20, NULL, '2021-12-28 00:25:07', '2021-12-28 00:25:07');

-- --------------------------------------------------------

--
-- Table structure for table `hris_branch_tbl`
--

CREATE TABLE `hris_branch_tbl` (
  `branchID` bigint(20) NOT NULL,
  `branchCode` text NOT NULL,
  `branchName` text NOT NULL,
  `branchStatus` int(10) NOT NULL,
  `createdBy` bigint(20) NOT NULL,
  `updatedBy` bigint(20) NOT NULL,
  `createdAt` timestamp NOT NULL DEFAULT current_timestamp(),
  `updatedAt` timestamp NOT NULL DEFAULT current_timestamp() ON UPDATE current_timestamp()
) ENGINE=InnoDB DEFAULT CHARSET=utf8mb4;

--
-- Dumping data for table `hris_branch_tbl`
--

INSERT INTO `hris_branch_tbl` (`branchID`, `branchCode`, `branchName`, `branchStatus`, `createdBy`, `updatedBy`, `createdAt`, `updatedAt`) VALUES
(1, 'BRC-21-00001', 'Ortigas Branch', 1, 1, 1, '2021-04-15 01:09:13', '2021-04-15 01:09:13'),
(2, 'BRC-21-00002', 'La Union Branch', 1, 1, 1, '2021-04-15 01:09:47', '2021-04-15 01:09:47');

-- --------------------------------------------------------

--
-- Table structure for table `hris_change_schedule_tbl`
--

CREATE TABLE `hris_change_schedule_tbl` (
  `changeScheduleID` bigint(20) NOT NULL,
  `reviseChangeScheduleID` bigint(20) DEFAULT NULL,
  `employeeID` bigint(20) NOT NULL,
  `changeScheduleDate` date NOT NULL,
  `changeScheduleTimeIn` time NOT NULL,
  `changeScheduleTimeOut` time NOT NULL,
  `changeScheduleReason` text DEFAULT NULL,
  `approversID` text DEFAULT NULL,
  `approversStatus` text DEFAULT NULL,
  `approversDate` text DEFAULT NULL,
  `changeScheduleStatus` int(11) NOT NULL,
  `changeScheduleRemarks` text DEFAULT NULL,
  `submittedAt` timestamp NULL DEFAULT NULL,
  `createdBy` bigint(20) NOT NULL,
  `updatedBy` bigint(20) NOT NULL,
  `createdAt` timestamp NOT NULL DEFAULT current_timestamp(),
  `updatedAt` timestamp NOT NULL DEFAULT current_timestamp() ON UPDATE current_timestamp()
) ENGINE=InnoDB DEFAULT CHARSET=utf8mb4;

--
-- Dumping data for table `hris_change_schedule_tbl`
--

INSERT INTO `hris_change_schedule_tbl` (`changeScheduleID`, `reviseChangeScheduleID`, `employeeID`, `changeScheduleDate`, `changeScheduleTimeIn`, `changeScheduleTimeOut`, `changeScheduleReason`, `approversID`, `approversStatus`, `approversDate`, `changeScheduleStatus`, `changeScheduleRemarks`, `submittedAt`, `createdBy`, `updatedBy`, `createdAt`, `updatedAt`) VALUES
(1, NULL, 1, '2021-04-15', '09:00:00', '19:00:00', 'For Check up', '1', '2', '2021-04-15 11:27:31', 2, NULL, '2021-04-15 11:27:31', 1, 1, '2021-04-15 11:01:43', '2021-04-15 03:27:35'),
(2, NULL, 1, '2021-04-15', '00:00:00', '17:00:00', 'Sample Change Schedule', '4|6|5', '2', '2021-04-19 16:44:55', 1, NULL, '2021-04-19 16:39:22', 1, 4, '2021-04-15 11:23:06', '2021-04-19 08:44:57'),
(3, NULL, 1, '2021-04-16', '09:00:00', '19:00:00', 'Attending event.', '4|6|5', '2|2|3', '2021-04-15 11:32:58|2021-04-15 11:33:54|2021-04-15 11:35:33', 3, 'Need to report on time.', '2021-04-15 11:30:24', 1, 5, '2021-04-15 11:30:24', '2021-04-15 03:35:38'),
(4, NULL, 1, '2021-04-14', '08:00:00', '17:00:00', 'Testing Change Schedule', '4|6|5', NULL, NULL, 4, NULL, '2021-04-15 11:45:23', 1, 1, '2021-04-15 11:36:29', '2021-04-15 03:47:44'),
(5, NULL, 1, '2021-04-26', '08:00:00', '17:00:00', 'Testing ', '4|6|5', NULL, NULL, 4, NULL, '2021-04-15 11:55:38', 1, 1, '2021-04-15 11:55:38', '2021-04-15 03:56:55'),
(6, NULL, 1, '2021-04-30', '08:00:00', '17:00:00', 'Testing duplicate', '4|6|5', '2', '2021-04-15 14:58:11', 1, NULL, '2021-04-15 11:56:25', 1, 4, '2021-04-15 11:56:25', '2021-04-15 07:35:31'),
(7, NULL, 1, '2021-04-18', '08:00:00', '17:00:00', 'tesing langs', '4|6|5', '2', '2021-04-19 16:43:55', 1, NULL, '2021-04-15 11:57:38', 1, 4, '2021-04-15 11:57:38', '2021-04-19 08:44:01'),
(8, NULL, 1, '2021-05-12', '08:00:00', '17:00:00', 'Testing', '4|6|5', '3', '2021-04-19 16:44:24', 3, 'Ayoko', '2021-04-15 13:05:59', 1, 4, '2021-04-15 13:01:43', '2021-04-19 08:44:26'),
(9, NULL, 1, '2021-04-15', '08:00:00', '17:00:00', 'Try DUplication', NULL, NULL, NULL, 4, NULL, NULL, 1, 1, '2021-04-15 13:04:50', '2021-05-05 07:45:11'),
(10, NULL, 1, '2021-04-15', '08:00:00', '17:00:00', '', NULL, NULL, NULL, 0, NULL, NULL, 1, 1, '2021-04-15 13:06:25', '2021-04-15 05:06:27'),
(11, NULL, 4, '2021-04-15', '08:00:00', '17:00:00', 'Change Schedule', '4', '2', '2021-04-19 16:41:22', 2, NULL, '2021-04-19 16:41:22', 4, 4, '2021-04-15 15:39:42', '2021-04-19 08:41:25'),
(12, NULL, 1, '2021-04-20', '08:00:00', '17:00:00', '', NULL, NULL, NULL, 4, NULL, NULL, 1, 1, '2021-04-19 16:37:21', '2021-04-20 07:28:29'),
(13, NULL, 4, '2021-04-19', '08:00:00', '17:00:00', 'Sample Change Request', '1|3|6', '2', '2021-04-19 16:45:58', 1, NULL, '2021-04-19 16:42:42', 4, 1, '2021-04-19 16:42:42', '2021-04-19 08:46:00'),
(14, NULL, 4, '2021-04-30', '08:00:00', '17:00:00', 'Sample reason', '1|3|6', '3', '2021-04-19 16:46:15', 3, 'Ayoko', '2021-04-19 16:43:14', 4, 1, '2021-04-19 16:43:14', '2021-04-19 08:46:17'),
(15, NULL, 1, '2021-04-01', '08:00:00', '17:00:00', 'Test', '4|6|5', NULL, NULL, 4, NULL, '2021-04-19 17:55:35', 1, 1, '2021-04-19 17:55:35', '2021-04-21 00:59:42'),
(16, NULL, 1, '2021-04-16', '08:00:00', '17:00:00', 'Sample Duplication', NULL, NULL, NULL, 0, NULL, NULL, 1, 1, '2021-04-20 15:32:20', '2021-04-20 07:32:22'),
(17, NULL, 1, '2021-04-27', '08:00:00', '17:00:00', '', NULL, NULL, NULL, 0, NULL, NULL, 1, 1, '2021-04-27 13:36:18', '2021-04-27 05:36:17'),
(18, NULL, 1, '2021-05-31', '17:00:00', '02:00:00', 'trip ko lang', '4|6|5', NULL, NULL, 1, NULL, '2021-05-20 13:29:53', 1, 1, '2021-05-20 13:29:53', '2021-05-20 05:29:56'),
(19, NULL, 1, '2021-05-25', '08:00:00', '17:00:00', 'test', '4|6|5', '2|2|2', '2021-05-25 16:01:27|2021-05-25 16:04:41|2021-05-25 16:05:10', 5, NULL, '2021-05-25 16:00:21', 1, 1, '2021-05-25 16:00:21', '2021-05-26 05:47:41'),
(20, NULL, 1, '2021-05-26', '08:00:00', '17:00:00', 'test', '4|6|5', NULL, NULL, 4, NULL, '2021-05-25 16:06:57', 1, 1, '2021-05-25 16:06:57', '2021-05-25 08:07:12'),
(21, 3, 1, '2021-04-16', '09:00:00', '19:00:00', 'Attending event sana', '4|6|5', NULL, NULL, 1, NULL, '2021-05-26 13:57:40', 1, 1, '2021-05-26 07:47:20', '2021-05-26 05:57:51'),
(22, NULL, 1, '2021-05-27', '08:00:00', '17:00:00', 'test', '4|6|5', '3', '2021-05-26 14:00:53', 3, 'test', '2021-05-26 13:59:32', 1, 4, '2021-05-26 13:58:58', '2021-05-26 06:00:54'),
(23, 22, 1, '2021-05-27', '08:00:00', '17:00:00', 'test', '4|6|5', NULL, NULL, 1, NULL, '2021-05-26 14:03:16', 1, 1, '2021-05-26 14:03:16', '2021-05-26 06:03:17'),
(24, NULL, 20, '2021-10-28', '10:00:00', '21:00:00', 'client meeting', '20', '2', '2021-10-19 10:53:56', 2, NULL, '2021-10-19 10:53:56', 20, 20, '2021-10-19 10:53:56', '2021-10-19 02:53:57'),
(25, NULL, 2, '2021-11-08', '01:00:00', '21:00:00', 'Change Sched', '2', '2', '2021-11-03 11:54:22', 2, NULL, '2021-11-03 11:54:22', 2, 2, '2021-11-03 11:54:22', '2021-11-03 03:54:24');

-- --------------------------------------------------------

--
-- Table structure for table `hris_checklist_tbl`
--

CREATE TABLE `hris_checklist_tbl` (
  `checklistID` bigint(50) NOT NULL,
  `checklistTitle` varchar(250) COLLATE utf8mb4_unicode_ci NOT NULL,
  `checklistDescription` text COLLATE utf8mb4_unicode_ci NOT NULL,
  `createdBy` int(11) NOT NULL,
  `updatedBy` int(11) NOT NULL
) ENGINE=InnoDB DEFAULT CHARSET=utf8mb4 COLLATE=utf8mb4_unicode_ci;

--
-- Dumping data for table `hris_checklist_tbl`
--

INSERT INTO `hris_checklist_tbl` (`checklistID`, `checklistTitle`, `checklistDescription`, `createdBy`, `updatedBy`) VALUES
(1, 'Checklist 1', 'sample description.', 1, 1),
(2, 'Checklist 2', 'sample description.', 1, 1),
(3, 'Checklist 3', 'Test', 1, 1);

-- --------------------------------------------------------

--
-- Table structure for table `hris_code_conduct_category_tbl`
--

CREATE TABLE `hris_code_conduct_category_tbl` (
  `codeConductCategoryID` bigint(20) NOT NULL,
  `codeConductCategoryName` text NOT NULL,
  `codeConductCategoryStatus` int(10) NOT NULL,
  `createdBy` bigint(20) NOT NULL,
  `updatedBy` bigint(20) NOT NULL,
  `createdAt` timestamp NOT NULL DEFAULT current_timestamp() ON UPDATE current_timestamp(),
  `updatedAt` timestamp NOT NULL DEFAULT current_timestamp()
) ENGINE=InnoDB DEFAULT CHARSET=utf8mb4;

--
-- Dumping data for table `hris_code_conduct_category_tbl`
--

INSERT INTO `hris_code_conduct_category_tbl` (`codeConductCategoryID`, `codeConductCategoryName`, `codeConductCategoryStatus`, `createdBy`, `updatedBy`, `createdAt`, `updatedAt`) VALUES
(1, 'Late and Absences', 1, 1, 1, '2021-05-24 06:59:19', '2021-05-06 03:08:49'),
(2, 'asdasdasd', 1, 1, 1, '2021-05-26 08:28:05', '2021-05-25 06:55:14');

-- --------------------------------------------------------

--
-- Table structure for table `hris_code_conduct_section_tbl`
--

CREATE TABLE `hris_code_conduct_section_tbl` (
  `codeConductSectionID` bigint(20) NOT NULL,
  `codeConductCategoryID` bigint(20) NOT NULL,
  `codeConductSection` varchar(10) NOT NULL,
  `codeConductSectionDescription` text NOT NULL,
  `codeConductSectionStatus` int(10) NOT NULL,
  `createdBy` bigint(20) NOT NULL,
  `updatedBy` bigint(20) NOT NULL,
  `createdAt` timestamp NOT NULL DEFAULT current_timestamp(),
  `updatedAt` timestamp NOT NULL DEFAULT current_timestamp() ON UPDATE current_timestamp()
) ENGINE=InnoDB DEFAULT CHARSET=utf8mb4;

--
-- Dumping data for table `hris_code_conduct_section_tbl`
--

INSERT INTO `hris_code_conduct_section_tbl` (`codeConductSectionID`, `codeConductCategoryID`, `codeConductSection`, `codeConductSectionDescription`, `codeConductSectionStatus`, `createdBy`, `updatedBy`, `createdAt`, `updatedAt`) VALUES
(1, 1, '1.1', 'To test', 1, 1, 2, '2021-05-06 06:41:34', '2021-05-06 06:41:53'),
(2, 2, '2.1', 'asdsadsad', 1, 1, 1, '2021-05-26 08:28:13', '2021-05-26 08:28:13');

-- --------------------------------------------------------

--
-- Table structure for table `hris_department_tbl`
--

CREATE TABLE `hris_department_tbl` (
  `departmentID` bigint(20) NOT NULL,
  `departmentCode` varchar(255) NOT NULL,
  `departmentName` varchar(255) NOT NULL,
  `departmentStatus` int(50) NOT NULL,
  `datecreated` text NOT NULL DEFAULT current_timestamp(),
  `createdBy` bigint(20) NOT NULL,
  `updatedBy` bigint(20) NOT NULL,
  `createdAt` timestamp NOT NULL DEFAULT current_timestamp(),
  `updatedAt` timestamp NOT NULL DEFAULT current_timestamp() ON UPDATE current_timestamp()
) ENGINE=InnoDB DEFAULT CHARSET=utf8mb4;

--
-- Dumping data for table `hris_department_tbl`
--

INSERT INTO `hris_department_tbl` (`departmentID`, `departmentCode`, `departmentName`, `departmentStatus`, `datecreated`, `createdBy`, `updatedBy`, `createdAt`, `updatedAt`) VALUES
(1, 'DPT-21-00001', 'Human Resource Department', 1, '2021-04-14 23:30:27', 1, 1, '2021-04-14 23:30:27', '0000-00-00 00:00:00'),
(2, 'DPT-21-00002', 'Finance Department', 1, '2021-04-14 23:30:52', 1, 1, '2021-04-14 23:30:52', '0000-00-00 00:00:00'),
(3, 'DPT-21-00003', 'Operations Department', 1, '2021-04-14 23:31:20', 1, 1, '2021-04-14 23:31:20', '0000-00-00 00:00:00'),
(4, 'DPT-21-00004', 'Admin Department', 1, '2021-04-14 23:32:51', 1, 1, '2021-04-14 23:32:51', '0000-00-00 00:00:00'),
(5, 'DPT-21-00005', 'Marketing Department', 1, '2021-04-14 23:35:50', 1, 1, '2021-04-14 23:35:50', '0000-00-00 00:00:00'),
(6, 'DPT-21-00006', 'Accounting Department', 1, '2021-04-28 08:04:38', 1, 1, '2021-04-28 08:04:38', '2021-09-22 00:46:23'),
(7, 'DPT-21-00006', 'Purchasing Department', 1, '2021-10-13 01:28:37', 1, 1, '2021-10-13 01:28:37', '2021-10-13 01:28:37'),
(8, 'DPT-21-00007', 'Warehouse Department', 1, '2021-10-26 01:16:35', 2, 2, '2021-10-26 01:16:35', '2021-10-26 01:16:46'),
(9, 'DPT-21-00008', 'Test Department', 0, '2021-12-15 02:21:59', 2, 20, '2021-12-15 02:21:59', '2021-12-15 08:17:48');

-- --------------------------------------------------------

--
-- Table structure for table `hris_designation_tbl`
--

CREATE TABLE `hris_designation_tbl` (
  `designationID` bigint(20) NOT NULL,
  `designationCode` varchar(255) NOT NULL,
  `departmentID` bigint(20) NOT NULL,
  `designationName` varchar(255) NOT NULL,
  `designationHourlyRate` decimal(19,2) NOT NULL,
  `designationStatus` int(50) NOT NULL,
  `datecreated` date NOT NULL DEFAULT current_timestamp(),
  `createdBy` bigint(20) NOT NULL,
  `updatedBy` bigint(20) NOT NULL,
  `createdAt` timestamp NOT NULL DEFAULT current_timestamp(),
  `updatedAt` timestamp NOT NULL DEFAULT current_timestamp() ON UPDATE current_timestamp()
) ENGINE=InnoDB DEFAULT CHARSET=utf8mb4;

--
-- Dumping data for table `hris_designation_tbl`
--

INSERT INTO `hris_designation_tbl` (`designationID`, `designationCode`, `departmentID`, `designationName`, `designationHourlyRate`, `designationStatus`, `datecreated`, `createdBy`, `updatedBy`, `createdAt`, `updatedAt`) VALUES
(1, 'DSN-21-00001', 4, 'Administrator', '150.00', 1, '2021-03-24', 1, 1, '2021-03-24 05:07:13', '2021-07-29 05:33:47'),
(2, 'DSN-21-00002', 4, 'Network Engineer', '200.00', 1, '2021-03-26', 1, 1, '2021-03-26 05:43:25', '2021-07-29 05:33:56'),
(3, 'DSN-21-00003', 1, 'Human Resources', '150.00', 1, '2021-03-24', 1, 1, '2021-03-24 05:07:13', '2021-07-29 05:34:03'),
(4, 'DSN-21-00004', 3, 'Junior Developer', '300.00', 1, '2021-03-26', 1, 1, '2021-03-26 05:43:25', '2021-07-29 05:34:16'),
(5, 'DSN-21-00005', 3, 'Senior Developer', '350.00', 1, '2021-03-24', 1, 1, '2021-03-24 05:07:13', '2021-07-29 05:34:37'),
(6, 'DSN-21-00006', 2, 'Finance', '150.00', 1, '2021-03-26', 1, 1, '2021-03-26 05:43:25', '2021-07-29 05:34:55'),
(7, 'DSN-21-00007', 1, 'Installer', '100.00', 1, '2021-03-24', 1, 1, '2021-03-24 05:07:13', '2021-07-29 05:38:17'),
(8, 'DSN-21-00008', 4, 'IT Admin', '200.00', 1, '2021-03-26', 1, 1, '2021-03-26 05:43:25', '2021-07-29 05:38:29'),
(9, 'DSN-21-00009', 3, 'Quality Analyst', '250.00', 1, '2021-03-24', 1, 1, '2021-03-24 05:07:13', '2021-07-29 05:38:45'),
(10, 'DSN-21-00010', 5, 'Marketing', '150.00', 1, '2021-03-26', 1, 1, '2021-03-26 05:43:25', '2021-09-22 02:07:01'),
(11, 'DSN-21-00003', 5, 'Digital Marketing Specialist', '150.00', 1, '2021-04-22', 1, 1, '2021-04-22 02:24:08', '2021-07-29 05:34:09'),
(12, 'DSN-21-00004', 3, 'UI/UX Designer', '300.00', 1, '2021-05-14', 1, 1, '2021-05-14 06:49:52', '2021-08-25 00:06:52'),
(13, 'DSN-21-00005', 2, 'Finance Officer', '200.00', 1, '2021-05-24', 1, 1, '2021-05-24 00:24:35', '2021-07-29 05:34:47'),
(14, 'DSN-21-00006', 3, 'Front-end Developer', '300.00', 1, '2021-06-14', 1, 1, '2021-06-14 07:45:16', '2021-08-25 00:05:09'),
(15, 'DSN-21-00011', 3, 'Junior Developer II', '275.00', 1, '2021-07-15', 1, 1, '2021-07-15 06:10:11', '2021-07-29 05:39:35'),
(16, 'DSN-21-00015', 7, 'Purchaser', '80.00', 1, '2021-10-13', 1, 1, '2021-10-13 01:29:03', '2021-10-13 01:29:03'),
(17, 'DSN-21-00016', 8, 'Warehouse Man Assistant', '80.00', 1, '2021-10-26', 2, 2, '2021-10-26 01:17:14', '2021-10-26 01:17:14');

-- --------------------------------------------------------

--
-- Table structure for table `hris_employee_attendance_tbl`
--

CREATE TABLE `hris_employee_attendance_tbl` (
  `attendanceID` bigint(21) NOT NULL,
  `employeeID` bigint(21) NOT NULL,
  `scheduleDate` date DEFAULT NULL,
  `scheduleIn` datetime DEFAULT NULL,
  `scheduleOut` datetime DEFAULT NULL,
  `scheduleBreakDuration` decimal(10,2) DEFAULT NULL,
  `scheduleDuration` decimal(10,2) DEFAULT NULL,
  `checkIn` datetime DEFAULT NULL,
  `checkOut` datetime DEFAULT NULL,
  `checkDuration` decimal(10,2) DEFAULT NULL,
  `lateDuration` decimal(10,2) DEFAULT NULL,
  `undertimeDuration` decimal(10,2) DEFAULT NULL,
  `overtimeIn` datetime DEFAULT NULL,
  `overtimeOut` datetime DEFAULT NULL,
  `overtimeDuration` decimal(10,2) DEFAULT NULL,
  `createdBy` bigint(21) DEFAULT NULL,
  `updatedBy` bigint(21) DEFAULT NULL,
  `createdAt` timestamp NULL DEFAULT current_timestamp(),
  `updatedAt` timestamp NULL DEFAULT current_timestamp() ON UPDATE current_timestamp()
) ENGINE=InnoDB DEFAULT CHARSET=utf8mb4;

--
-- Dumping data for table `hris_employee_attendance_tbl`
--

INSERT INTO `hris_employee_attendance_tbl` (`attendanceID`, `employeeID`, `scheduleDate`, `scheduleIn`, `scheduleOut`, `scheduleBreakDuration`, `scheduleDuration`, `checkIn`, `checkOut`, `checkDuration`, `lateDuration`, `undertimeDuration`, `overtimeIn`, `overtimeOut`, `overtimeDuration`, `createdBy`, `updatedBy`, `createdAt`, `updatedAt`) VALUES
(1, 1, '2021-11-15', '2021-11-15 07:00:00', '2021-11-15 16:00:00', '1.00', '8.00', '2021-11-15 07:13:10', '2021-11-15 16:01:01', '7.78', '0.22', '0.00', '2021-11-15 16:00:00', '2021-11-15 16:01:01', '0.02', 1, 1, '2021-11-14 17:45:48', '2021-11-15 15:27:04'),
(2, 2, '2021-11-15', '2021-11-15 07:00:00', '2021-11-15 16:00:00', '1.00', '8.00', '2021-11-15 07:13:08', '2021-11-15 15:55:07', '7.70', '0.22', '0.08', NULL, NULL, NULL, 1, 1, '2021-11-14 17:45:48', '2021-11-15 15:27:04'),
(3, 3, '2021-11-15', '2021-11-15 07:00:00', '2021-11-15 16:00:00', '1.00', '8.00', '2021-11-15 07:13:12', '2021-11-15 16:01:05', '7.78', '0.22', '0.00', '2021-11-15 16:00:00', '2021-11-15 16:01:05', '0.02', 1, 1, '2021-11-14 17:45:48', '2021-11-15 15:27:05'),
(4, 4, '2021-11-15', '2021-11-15 06:00:00', '2021-11-15 17:00:00', '1.00', '10.00', '2021-11-15 07:13:14', '2021-11-15 16:01:08', '8.80', '1.22', '0.98', NULL, NULL, NULL, 1, 1, '2021-11-14 17:45:48', '2021-11-15 15:27:05'),
(5, 5, '2021-11-15', '2021-11-15 07:00:00', '2021-11-15 16:00:00', '1.00', '8.00', '2021-11-15 07:13:20', '2021-11-15 15:55:18', '7.70', '0.22', '0.08', NULL, NULL, NULL, 1, 1, '2021-11-14 17:45:48', '2021-11-15 15:27:05'),
(6, 6, '2021-11-15', '2021-11-15 07:00:00', '2021-11-15 16:00:00', '1.00', '8.00', '2021-11-15 07:13:22', '2021-11-15 16:01:13', '7.78', '0.22', '0.00', '2021-11-15 16:00:00', '2021-11-15 16:01:13', '0.02', 1, 1, '2021-11-14 17:45:48', '2021-11-15 15:27:05'),
(7, 7, '2021-11-15', '2021-11-15 07:00:00', '2021-11-15 16:00:00', '1.00', '8.00', '2021-11-15 07:13:25', '2021-11-15 15:55:23', '7.70', '0.22', '0.08', NULL, NULL, NULL, 1, 1, '2021-11-14 17:45:48', '2021-11-15 15:27:06'),
(8, 9, '2021-11-15', '2021-11-15 07:00:00', '2021-11-15 16:00:00', '1.00', '8.00', '2021-11-15 07:13:28', '2021-11-15 16:01:16', '7.78', '0.22', '0.00', '2021-11-15 16:00:00', '2021-11-15 16:01:16', '0.02', 1, 1, '2021-11-14 17:45:48', '2021-11-15 15:27:06'),
(9, 19, '2021-11-15', '2021-11-15 07:00:00', '2021-11-15 16:00:00', '1.00', '8.00', NULL, NULL, '0.00', '0.00', '0.00', NULL, NULL, NULL, 1, 1, '2021-11-14 17:45:48', '2021-11-14 17:46:33'),
(10, 20, '2021-11-15', '2021-11-15 06:00:00', '2021-11-15 17:00:00', '1.00', '10.00', '2021-11-15 07:13:31', '2021-11-15 16:01:24', '8.80', '1.23', '0.98', NULL, NULL, NULL, 1, 1, '2021-11-14 17:45:48', '2021-11-15 15:27:04'),
(11, 21, '2021-11-15', '2021-11-15 07:00:00', '2021-11-15 16:00:00', '1.00', '8.00', NULL, NULL, NULL, NULL, NULL, NULL, NULL, NULL, 1, 1, '2021-11-14 17:45:48', '2021-11-14 17:45:48'),
(12, 22, '2021-11-15', '2021-11-15 07:00:00', '2021-11-15 16:00:00', '1.00', '8.00', NULL, NULL, NULL, NULL, NULL, NULL, NULL, NULL, 1, 1, '2021-11-14 17:45:48', '2021-11-14 17:45:48'),
(13, 23, '2021-11-15', '2021-11-15 07:00:00', '2021-11-15 16:00:00', '1.00', '8.00', NULL, NULL, NULL, NULL, NULL, NULL, NULL, NULL, 1, 1, '2021-11-14 17:45:48', '2021-11-14 17:45:48'),
(14, 1, '2021-11-09', '2021-11-09 07:00:00', '2021-11-09 16:00:00', '1.00', '8.00', '2021-11-09 14:21:06', '2021-11-09 15:27:10', '1.10', '7.35', '0.55', NULL, NULL, NULL, 1, 1, '2021-11-14 17:46:32', '2021-11-14 17:46:32'),
(15, 1, '2021-11-10', '2021-11-10 08:00:00', '2021-11-10 16:00:00', '1.00', '7.00', '2021-11-10 07:14:54', '2021-11-10 15:34:34', '6.58', '0.00', '0.42', NULL, NULL, NULL, 1, 1, '2021-11-14 17:46:32', '2021-11-14 17:46:32'),
(16, 1, '2021-11-11', '2021-11-11 07:00:00', '2021-11-11 16:00:00', '1.00', '8.00', '2021-11-11 07:20:42', '2021-11-11 16:07:23', '7.66', '0.35', '0.00', '2021-11-11 16:00:00', '2021-11-11 16:07:23', '0.12', 1, 1, '2021-11-14 17:46:32', '2021-11-14 17:46:32'),
(17, 1, '2021-11-12', '2021-11-12 07:00:00', '2021-11-12 16:00:00', '1.00', '8.00', '2021-11-12 07:02:15', NULL, '0.00', '0.04', '0.00', NULL, NULL, NULL, 1, 1, '2021-11-14 17:46:32', '2021-11-14 17:46:32'),
(18, 2, '2021-11-09', '2021-11-09 07:00:00', '2021-11-09 16:00:00', '1.00', '8.00', '2021-11-09 14:27:12', NULL, '0.00', '7.45', '0.00', NULL, NULL, NULL, 1, 1, '2021-11-14 17:46:32', '2021-11-14 17:46:33'),
(19, 2, '2021-11-10', '2021-11-10 08:00:00', '2021-11-10 16:00:00', '1.00', '7.00', '2021-11-10 07:14:57', '2021-11-10 15:34:37', '6.58', '0.00', '0.42', NULL, NULL, NULL, 1, 1, '2021-11-14 17:46:32', '2021-11-14 17:46:33'),
(20, 2, '2021-11-11', '2021-11-11 07:00:00', '2021-11-11 16:00:00', '1.00', '8.00', '2021-11-11 07:20:40', '2021-11-11 16:07:19', '7.66', '0.34', '0.00', '2021-11-11 16:00:00', '2021-11-11 16:07:19', '0.12', 1, 1, '2021-11-14 17:46:32', '2021-11-14 17:46:33'),
(21, 2, '2021-11-12', '2021-11-12 07:00:00', '2021-11-12 16:00:00', '1.00', '8.00', '2021-11-12 07:02:13', NULL, '0.00', '0.04', '0.00', NULL, NULL, NULL, 1, 1, '2021-11-14 17:46:32', '2021-12-14 18:06:58'),
(22, 3, '2021-11-09', '2021-11-09 07:00:00', '2021-11-09 16:00:00', '1.00', '8.00', '2021-11-09 14:27:15', NULL, '0.00', '7.45', '0.00', NULL, NULL, NULL, 1, 1, '2021-11-14 17:46:32', '2021-11-14 17:46:34'),
(23, 3, '2021-11-10', '2021-11-10 08:00:00', '2021-11-10 16:00:00', '1.00', '7.00', '2021-11-10 07:14:59', '2021-11-10 15:01:49', '6.03', '0.00', '0.97', NULL, NULL, NULL, 1, 1, '2021-11-14 17:46:32', '2021-11-14 17:46:34'),
(24, 3, '2021-11-11', '2021-11-11 07:00:00', '2021-11-11 16:00:00', '1.00', '8.00', '2021-11-11 07:20:44', '2021-11-11 16:07:26', '7.65', '0.35', '0.00', '2021-11-11 16:00:00', '2021-11-11 16:07:26', '0.12', 1, 1, '2021-11-14 17:46:32', '2021-11-14 17:46:34'),
(25, 3, '2021-11-12', '2021-11-12 07:00:00', '2021-11-12 16:00:00', '1.00', '8.00', '2021-11-12 07:02:16', NULL, '0.00', '0.04', '0.00', NULL, NULL, NULL, 1, 1, '2021-11-14 17:46:32', '2021-11-14 17:46:34'),
(26, 4, '2021-11-09', '2021-11-09 06:00:00', '2021-11-09 17:00:00', '1.00', '10.00', '2021-11-09 14:27:16', NULL, '0.00', '8.45', '0.00', NULL, NULL, NULL, 1, 1, '2021-11-14 17:46:32', '2021-11-14 17:46:35'),
(27, 4, '2021-11-10', '2021-11-10 00:00:00', '2021-11-10 00:00:00', '0.00', '0.00', '2021-11-10 07:15:01', '2021-11-11 16:07:29', '0.00', NULL, NULL, NULL, NULL, NULL, 1, 1, '2021-11-14 17:46:32', '2021-12-14 18:06:59'),
(28, 4, '2021-11-11', '2021-11-11 17:00:00', '2021-11-12 08:00:00', '1.00', '14.00', '2021-11-11 07:21:06', '2021-11-11 16:07:29', '0.00', '0.00', '15.88', NULL, NULL, NULL, 1, 1, '2021-11-14 17:46:32', '2021-11-14 17:46:35'),
(29, 4, '2021-11-12', '2021-11-12 06:00:00', '2021-11-12 17:00:00', '1.00', '10.00', '2021-11-12 07:02:18', '2021-11-12 12:55:50', '5.89', '1.04', '4.07', NULL, NULL, NULL, 1, 1, '2021-11-14 17:46:32', '2021-11-14 17:46:35'),
(30, 5, '2021-11-09', '2021-11-09 07:00:00', '2021-11-09 16:00:00', '1.00', '8.00', '2021-11-10 07:15:06', NULL, '0.00', '24.25', '0.00', NULL, NULL, NULL, 1, 1, '2021-11-14 17:46:32', '2021-12-14 18:07:00'),
(31, 5, '2021-11-10', '2021-11-10 08:00:00', '2021-11-10 16:00:00', '1.00', '7.00', '2021-11-10 07:15:06', '2021-11-10 13:11:55', '5.20', '0.00', '2.80', NULL, NULL, NULL, 1, 1, '2021-11-14 17:46:32', '2021-11-14 17:46:35'),
(32, 5, '2021-11-11', '2021-11-11 07:00:00', '2021-11-11 16:00:00', '1.00', '8.00', '2021-11-11 07:21:09', NULL, '0.00', '0.35', '0.00', NULL, NULL, NULL, 1, 1, '2021-11-14 17:46:32', '2021-11-14 17:46:35'),
(33, 5, '2021-11-12', '2021-11-12 07:00:00', '2021-11-12 16:00:00', '1.00', '8.00', '2021-11-12 07:02:20', NULL, '0.00', '0.04', '0.00', NULL, NULL, NULL, 1, 1, '2021-11-14 17:46:32', '2021-11-14 17:46:36'),
(34, 6, '2021-11-09', '2021-11-09 07:00:00', '2021-11-09 16:00:00', '1.00', '8.00', '2021-11-09 14:27:30', NULL, '0.00', '7.46', '0.00', NULL, NULL, NULL, 1, 1, '2021-11-14 17:46:32', '2021-11-14 17:46:36'),
(35, 6, '2021-11-10', '2021-11-10 08:00:00', '2021-11-10 16:00:00', '1.00', '7.00', '2021-11-10 09:54:36', '2021-11-10 13:12:08', '3.29', '1.91', '2.80', NULL, NULL, NULL, 1, 1, '2021-11-14 17:46:32', '2021-11-14 17:46:36'),
(36, 6, '2021-11-11', '2021-11-11 07:00:00', '2021-11-11 16:00:00', '1.00', '8.00', '2021-11-11 07:21:14', '2021-11-11 16:07:34', '7.65', '0.35', '0.00', '2021-11-11 16:00:00', '2021-11-11 16:07:34', '0.13', 1, 1, '2021-11-14 17:46:32', '2021-11-14 17:46:36'),
(37, 6, '2021-11-12', '2021-11-12 07:00:00', '2021-11-12 16:00:00', '1.00', '8.00', '2021-11-12 07:02:22', NULL, '0.00', '0.04', '0.00', NULL, NULL, NULL, 1, 1, '2021-11-14 17:46:32', '2021-11-14 17:46:36'),
(38, 7, '2021-11-09', '2021-11-09 07:00:00', '2021-11-09 16:00:00', '1.00', '8.00', '2021-11-09 14:27:28', NULL, '0.00', '7.46', '0.00', NULL, NULL, NULL, 1, 1, '2021-11-14 17:46:32', '2021-11-14 17:46:36'),
(39, 7, '2021-11-10', '2021-11-10 08:00:00', '2021-11-10 16:00:00', '1.00', '7.00', '2021-11-10 09:54:39', '2021-11-10 13:12:04', '3.29', '1.91', '2.80', NULL, NULL, NULL, 1, 1, '2021-11-14 17:46:32', '2021-11-14 17:46:36'),
(40, 7, '2021-11-11', '2021-11-11 07:00:00', '2021-11-11 16:00:00', '1.00', '8.00', '2021-11-11 07:21:16', '2021-11-11 16:07:36', '7.65', '0.35', '0.00', '2021-11-11 16:00:00', '2021-11-11 16:07:36', '0.13', 1, 1, '2021-11-14 17:46:32', '2021-11-14 17:46:37'),
(41, 7, '2021-11-12', '2021-11-12 07:00:00', '2021-11-12 16:00:00', '1.00', '8.00', '2021-11-12 07:02:24', NULL, '0.00', '0.04', '0.00', NULL, NULL, NULL, 1, 1, '2021-11-14 17:46:32', '2021-11-14 17:46:37'),
(42, 9, '2021-11-09', '2021-11-09 07:00:00', '2021-11-09 16:00:00', '1.00', '8.00', '2021-11-09 14:27:26', NULL, '0.00', '7.46', '0.00', NULL, NULL, NULL, 1, 1, '2021-11-14 17:46:32', '2021-11-14 17:46:37'),
(43, 9, '2021-11-10', '2021-11-10 08:00:00', '2021-11-10 16:00:00', '1.00', '7.00', '2021-11-10 09:54:44', '2021-11-10 13:12:01', '3.29', '1.91', '2.80', NULL, NULL, NULL, 1, 1, '2021-11-14 17:46:32', '2021-11-14 17:46:37'),
(44, 9, '2021-11-11', '2021-11-11 07:00:00', '2021-11-11 16:00:00', '1.00', '8.00', '2021-11-11 07:21:21', '2021-11-11 16:07:40', '7.64', '0.36', '0.00', '2021-11-11 16:00:00', '2021-11-11 16:07:40', '0.13', 1, 1, '2021-11-14 17:46:32', '2021-11-14 17:46:37'),
(45, 9, '2021-11-12', '2021-11-12 07:00:00', '2021-11-12 16:00:00', '1.00', '8.00', '2021-11-12 07:02:28', NULL, '0.00', '0.04', '0.00', NULL, NULL, NULL, 1, 1, '2021-11-14 17:46:32', '2021-11-14 17:46:37'),
(46, 19, '2021-11-09', '2021-11-09 07:00:00', '2021-11-09 16:00:00', '1.00', '8.00', '2021-11-09 14:27:19', NULL, '0.00', '7.46', '0.00', NULL, NULL, NULL, 1, 1, '2021-11-14 17:46:32', '2021-11-14 17:46:32'),
(47, 19, '2021-11-10', '2021-11-10 08:00:00', '2021-11-10 16:00:00', '1.00', '7.00', '2021-11-10 09:54:47', '2021-11-10 13:11:58', '3.29', '1.91', '2.80', NULL, NULL, NULL, 1, 1, '2021-11-14 17:46:32', '2021-11-14 17:46:32'),
(48, 19, '2021-11-11', '2021-11-11 07:00:00', '2021-11-11 16:00:00', '1.00', '8.00', '2021-11-11 07:21:24', NULL, '0.00', '0.36', '0.00', NULL, NULL, NULL, 1, 1, '2021-11-14 17:46:32', '2021-11-14 17:46:33'),
(49, 19, '2021-11-12', '2021-11-12 07:00:00', '2021-11-12 16:00:00', '1.00', '8.00', NULL, NULL, '0.00', '0.00', '0.00', NULL, NULL, NULL, 1, 1, '2021-11-14 17:46:32', '2021-11-14 17:46:33'),
(50, 20, '2021-11-09', '2021-11-09 06:00:00', '2021-11-09 17:00:00', '1.00', '10.00', NULL, NULL, '0.00', '0.00', '0.00', NULL, NULL, NULL, 1, 1, '2021-11-14 17:46:32', '2021-11-14 17:46:34'),
(51, 20, '2021-11-10', '2021-11-10 00:00:00', '2021-11-10 00:00:00', '0.00', '0.00', '2021-11-11 12:45:10', '2021-11-11 16:07:44', '0.00', NULL, NULL, NULL, NULL, NULL, 1, 1, '2021-11-14 17:46:32', '2021-12-14 18:06:59'),
(52, 20, '2021-11-11', '2021-11-11 08:00:00', '2021-11-11 17:00:00', '1.00', '8.00', '2021-11-11 12:45:10', '2021-11-11 16:07:44', '3.38', '4.75', '0.87', NULL, NULL, NULL, 1, 1, '2021-11-14 17:46:32', '2021-11-14 17:46:34'),
(53, 20, '2021-11-12', '2021-11-12 06:00:00', '2021-11-12 17:00:00', '1.00', '10.00', '2021-11-12 07:02:30', NULL, '0.00', '1.04', '0.00', NULL, NULL, NULL, 1, 1, '2021-11-14 17:46:32', '2021-11-14 17:46:34'),
(54, 21, '2021-11-09', '2021-11-09 07:00:00', '2021-11-09 16:00:00', '1.00', '8.00', NULL, NULL, NULL, NULL, NULL, NULL, NULL, NULL, 1, 1, '2021-11-14 17:46:32', '2021-11-14 17:46:32'),
(55, 21, '2021-11-10', '2021-11-10 08:00:00', '2021-11-10 16:00:00', '1.00', '7.00', NULL, NULL, NULL, NULL, NULL, NULL, NULL, NULL, 1, 1, '2021-11-14 17:46:32', '2021-11-14 17:46:32'),
(56, 21, '2021-11-11', '2021-11-11 07:00:00', '2021-11-11 16:00:00', '1.00', '8.00', NULL, NULL, NULL, NULL, NULL, NULL, NULL, NULL, 1, 1, '2021-11-14 17:46:32', '2021-11-14 17:46:32'),
(57, 21, '2021-11-12', '2021-11-12 07:00:00', '2021-11-12 16:00:00', '1.00', '8.00', NULL, NULL, NULL, NULL, NULL, NULL, NULL, NULL, 1, 1, '2021-11-14 17:46:32', '2021-11-14 17:46:32'),
(58, 22, '2021-11-09', '2021-11-09 07:00:00', '2021-11-09 16:00:00', '1.00', '8.00', NULL, NULL, NULL, NULL, NULL, NULL, NULL, NULL, 1, 1, '2021-11-14 17:46:32', '2021-11-14 17:46:32'),
(59, 22, '2021-11-10', '2021-11-10 08:00:00', '2021-11-10 16:00:00', '1.00', '7.00', NULL, NULL, NULL, NULL, NULL, NULL, NULL, NULL, 1, 1, '2021-11-14 17:46:32', '2021-11-14 17:46:32'),
(60, 22, '2021-11-11', '2021-11-11 07:00:00', '2021-11-11 16:00:00', '1.00', '8.00', NULL, NULL, NULL, NULL, NULL, NULL, NULL, NULL, 1, 1, '2021-11-14 17:46:32', '2021-11-14 17:46:32'),
(61, 22, '2021-11-12', '2021-11-12 07:00:00', '2021-11-12 16:00:00', '1.00', '8.00', NULL, NULL, NULL, NULL, NULL, NULL, NULL, NULL, 1, 1, '2021-11-14 17:46:32', '2021-11-14 17:46:32'),
(62, 23, '2021-11-09', '2021-11-09 07:00:00', '2021-11-09 16:00:00', '1.00', '8.00', NULL, NULL, NULL, NULL, NULL, NULL, NULL, NULL, 1, 1, '2021-11-14 17:46:32', '2021-11-14 17:46:32'),
(63, 23, '2021-11-10', '2021-11-10 08:00:00', '2021-11-10 16:00:00', '1.00', '7.00', NULL, NULL, NULL, NULL, NULL, NULL, NULL, NULL, 1, 1, '2021-11-14 17:46:32', '2021-11-14 17:46:32'),
(64, 23, '2021-11-11', '2021-11-11 07:00:00', '2021-11-11 16:00:00', '1.00', '8.00', NULL, NULL, NULL, NULL, NULL, NULL, NULL, NULL, 1, 1, '2021-11-14 17:46:32', '2021-11-14 17:46:32'),
(65, 23, '2021-11-12', '2021-11-12 07:00:00', '2021-11-12 16:00:00', '1.00', '8.00', NULL, NULL, NULL, NULL, NULL, NULL, NULL, NULL, 1, 1, '2021-11-14 17:46:32', '2021-11-14 17:46:32'),
(66, 1, '2021-11-16', '2021-11-16 07:00:00', '2021-11-16 16:00:00', '1.00', '8.00', '2021-11-16 07:02:53', '2021-11-16 16:14:21', '7.95', '0.05', '0.00', '2021-11-16 16:00:00', '2021-11-16 16:14:21', '0.24', 0, 0, '2021-11-15 15:27:03', '2021-11-17 15:15:30'),
(67, 2, '2021-11-16', '2021-11-16 07:00:00', '2021-11-16 16:00:00', '1.00', '8.00', '2021-11-16 07:02:50', '2021-11-16 16:14:32', '7.95', '0.05', '0.00', '2021-11-16 16:00:00', '2021-11-16 16:14:32', '0.24', 0, 0, '2021-11-15 15:27:03', '2021-11-17 15:15:30'),
(68, 3, '2021-11-16', '2021-11-16 07:00:00', '2021-11-16 16:00:00', '1.00', '8.00', '2021-11-16 07:02:56', '2021-11-16 16:14:24', '7.95', '0.05', '0.00', '2021-11-16 16:00:00', '2021-11-16 16:14:24', '0.24', 0, 0, '2021-11-15 15:27:03', '2021-11-17 15:15:30'),
(69, 4, '2021-11-16', '2021-11-16 06:00:00', '2021-11-16 17:00:00', '1.00', '10.00', '2021-11-16 07:03:02', '2021-11-16 16:14:27', '9.19', '1.05', '0.76', NULL, NULL, NULL, 0, 0, '2021-11-15 15:27:03', '2021-11-17 15:15:30'),
(70, 5, '2021-11-16', '2021-11-16 07:00:00', '2021-11-16 16:00:00', '1.00', '8.00', '2021-11-16 07:03:04', '2021-11-16 16:14:29', '7.95', '0.05', '0.00', '2021-11-16 16:00:00', '2021-11-16 16:14:29', '0.24', 0, 0, '2021-11-15 15:27:03', '2021-11-17 15:15:31'),
(71, 6, '2021-11-16', '2021-11-16 07:00:00', '2021-11-16 16:00:00', '1.00', '8.00', '2021-11-16 07:02:35', '2021-11-16 16:14:34', '7.96', '0.04', '0.00', '2021-11-16 16:00:00', '2021-11-16 16:14:34', '0.24', 0, 0, '2021-11-15 15:27:03', '2021-11-17 15:15:31'),
(72, 7, '2021-11-16', '2021-11-16 07:00:00', '2021-11-16 16:00:00', '1.00', '8.00', '2021-11-16 07:02:37', '2021-11-16 16:14:37', '7.96', '0.04', '0.00', '2021-11-16 16:00:00', '2021-11-16 16:14:37', '0.24', 0, 0, '2021-11-15 15:27:03', '2021-11-17 15:15:31'),
(73, 9, '2021-11-16', '2021-11-16 07:00:00', '2021-11-16 16:00:00', '1.00', '8.00', '2021-11-16 07:02:42', '2021-11-16 16:14:42', '7.96', '0.05', '0.00', '2021-11-16 16:00:00', '2021-11-16 16:14:42', '0.25', 0, 0, '2021-11-15 15:27:03', '2021-11-17 15:15:31'),
(74, 19, '2021-11-16', '2021-11-16 07:00:00', '2021-11-16 16:00:00', '1.00', '8.00', NULL, NULL, '0.00', '0.00', '0.00', NULL, NULL, NULL, 0, 0, '2021-11-15 15:27:03', '2021-12-14 18:06:57'),
(75, 20, '2021-11-16', '2021-11-16 06:00:00', '2021-11-16 17:00:00', '1.00', '10.00', '2021-11-16 07:02:48', '2021-11-16 16:14:45', '9.20', '1.05', '0.75', NULL, NULL, NULL, 0, 0, '2021-11-15 15:27:03', '2021-11-17 15:15:30'),
(76, 21, '2021-11-16', '2021-11-16 07:00:00', '2021-11-16 16:00:00', '1.00', '8.00', NULL, NULL, NULL, NULL, NULL, NULL, NULL, NULL, 0, 0, '2021-11-15 15:27:03', '2021-11-15 15:27:03'),
(77, 22, '2021-11-16', '2021-11-16 07:00:00', '2021-11-16 16:00:00', '1.00', '8.00', NULL, NULL, NULL, NULL, NULL, NULL, NULL, NULL, 0, 0, '2021-11-15 15:27:03', '2021-11-15 15:27:03'),
(78, 23, '2021-11-16', '2021-11-16 07:00:00', '2021-11-16 16:00:00', '1.00', '8.00', NULL, NULL, NULL, NULL, NULL, NULL, NULL, NULL, 0, 0, '2021-11-15 15:27:03', '2021-11-15 15:27:03'),
(79, 1, '2021-11-18', '2021-11-18 07:00:00', '2021-11-18 16:00:00', '1.00', '8.00', '2021-11-18 07:09:13', '2021-11-18 16:25:01', '7.85', '0.15', '0.00', '2021-11-18 16:00:00', '2021-11-18 16:25:01', '0.42', 0, 0, '2021-11-17 15:15:30', '2021-12-14 18:06:57'),
(80, 2, '2021-11-18', '2021-11-18 07:00:00', '2021-11-18 16:00:00', '1.00', '8.00', '2021-11-18 07:09:11', '2021-11-18 16:42:36', '7.85', '0.15', '0.00', '2021-11-18 16:00:00', '2021-11-18 16:42:36', '0.71', 0, 0, '2021-11-17 15:15:30', '2021-12-14 18:06:58'),
(81, 3, '2021-11-18', '2021-11-18 07:00:00', '2021-11-18 16:00:00', '1.00', '8.00', '2021-11-18 07:09:16', '2021-11-18 16:44:12', '7.85', '0.15', '0.00', '2021-11-18 16:00:00', '2021-11-18 16:44:12', '0.74', 0, 0, '2021-11-17 15:15:30', '2021-11-18 00:44:15'),
(82, 4, '2021-11-18', '2021-11-18 17:00:00', '2021-11-19 08:00:00', '1.00', '14.00', '2021-11-18 07:09:19', '2021-11-18 16:44:29', '0.00', '0.00', '15.26', NULL, NULL, NULL, 0, 0, '2021-11-17 15:15:30', '2021-11-18 00:44:48'),
(83, 5, '2021-11-18', '2021-11-18 07:00:00', '2021-11-18 16:00:00', '1.00', '8.00', '2021-11-18 07:09:22', '2021-11-18 16:44:31', '7.84', '0.16', '0.00', '2021-11-18 16:00:00', '2021-11-18 16:44:31', '0.74', 0, 0, '2021-11-17 15:15:30', '2021-11-18 00:44:49'),
(84, 6, '2021-11-18', '2021-11-18 07:00:00', '2021-11-18 16:00:00', '1.00', '8.00', '2021-11-18 07:09:25', '2021-11-18 16:44:33', '7.84', '0.16', '0.00', '2021-11-18 16:00:00', '2021-11-18 16:44:33', '0.74', 0, 0, '2021-11-17 15:15:30', '2021-11-18 00:44:49'),
(85, 7, '2021-11-18', '2021-11-18 07:00:00', '2021-11-18 16:00:00', '1.00', '8.00', '2021-11-18 07:09:27', '2021-11-18 16:44:36', '7.84', '0.16', '0.00', '2021-11-18 16:00:00', '2021-11-18 16:44:36', '0.74', 0, 0, '2021-11-17 15:15:30', '2021-11-18 00:44:49'),
(86, 9, '2021-11-18', '2021-11-18 07:00:00', '2021-11-18 16:00:00', '1.00', '8.00', '2021-11-18 07:09:32', '2021-11-18 16:44:41', '7.84', '0.16', '0.00', '2021-11-18 16:00:00', '2021-11-18 16:44:41', '0.74', 0, 0, '2021-11-17 15:15:30', '2021-11-18 00:44:49'),
(87, 19, '2021-11-18', '2021-11-18 07:00:00', '2021-11-18 16:00:00', '1.00', '8.00', NULL, NULL, '0.00', '0.00', '0.00', NULL, NULL, NULL, 0, 0, '2021-11-17 15:15:30', '2021-12-14 18:06:57'),
(88, 20, '2021-11-18', '2021-11-18 17:00:00', '2021-11-19 08:00:00', '1.00', '14.00', '2021-11-18 07:09:34', '2021-11-18 16:44:43', '0.00', '0.00', '15.25', NULL, NULL, NULL, 0, 0, '2021-11-17 15:15:30', '2021-11-18 00:44:48'),
(89, 21, '2021-11-18', '2021-11-18 07:00:00', '2021-11-18 16:00:00', '1.00', '8.00', NULL, NULL, NULL, NULL, NULL, NULL, NULL, NULL, 0, 0, '2021-11-17 15:15:30', '2021-11-17 15:15:30'),
(90, 22, '2021-11-18', '2021-11-18 07:00:00', '2021-11-18 16:00:00', '1.00', '8.00', NULL, NULL, NULL, NULL, NULL, NULL, NULL, NULL, 0, 0, '2021-11-17 15:15:30', '2021-11-17 15:15:30'),
(91, 23, '2021-11-18', '2021-11-18 07:00:00', '2021-11-18 16:00:00', '1.00', '8.00', NULL, NULL, NULL, NULL, NULL, NULL, NULL, NULL, 0, 0, '2021-11-17 15:15:30', '2021-11-17 15:15:30'),
(92, 1, '2021-11-22', '2021-11-22 07:00:00', '2021-11-22 16:00:00', '1.00', '8.00', '2021-11-22 07:16:17', NULL, '0.00', '0.27', '0.00', NULL, NULL, NULL, 0, 0, '2021-11-21 16:00:23', '2021-11-21 16:00:23'),
(93, 2, '2021-11-22', '2021-11-22 15:00:00', '2021-11-22 23:00:00', '1.00', '7.00', '2021-11-22 15:16:14', '2021-11-22 23:11:44', '7.93', '0.27', '6.80', '2021-11-22 23:00:00', '2021-11-22 23:11:44', '0.20', 0, 0, '2021-11-21 16:00:23', '2021-12-15 10:40:38'),
(94, 3, '2021-11-22', '2021-11-22 07:00:00', '2021-11-22 16:00:00', '1.00', '8.00', '2021-11-22 07:16:19', '2021-11-22 16:11:45', '7.73', '0.27', '0.00', '2021-11-22 16:00:00', '2021-11-22 16:11:45', '0.20', 0, 0, '2021-11-21 16:00:23', '2021-11-23 18:31:47'),
(95, 4, '2021-11-22', '2021-11-22 06:00:00', '2021-11-22 17:00:00', '1.00', '10.00', NULL, '2021-11-22 16:11:47', '0.00', '0.00', '0.00', NULL, NULL, NULL, 0, 0, '2021-11-21 16:00:23', '2021-11-23 18:31:47'),
(96, 5, '2021-11-22', '2021-11-22 07:00:00', '2021-11-22 16:00:00', '1.00', '8.00', NULL, '2021-11-22 16:11:50', '0.00', '0.00', '0.00', '2021-11-22 16:00:00', '2021-11-22 16:11:50', '0.20', 0, 0, '2021-11-21 16:00:23', '2021-11-23 18:31:48'),
(97, 6, '2021-11-22', '2021-11-22 07:00:00', '2021-11-22 16:00:00', '1.00', '8.00', NULL, '2021-11-22 16:11:53', '0.00', '0.00', '0.00', '2021-11-22 16:00:00', '2021-11-22 16:11:53', '0.20', 0, 0, '2021-11-21 16:00:23', '2021-11-23 18:31:49'),
(98, 7, '2021-11-22', '2021-11-22 07:00:00', '2021-11-22 16:00:00', '1.00', '8.00', NULL, '2021-11-22 16:11:55', '0.00', '0.00', '0.00', '2021-11-22 16:00:00', '2021-11-22 16:11:55', '0.20', 0, 0, '2021-11-21 16:00:23', '2021-11-23 18:31:49'),
(99, 9, '2021-11-22', '2021-11-22 07:00:00', '2021-11-22 16:00:00', '1.00', '8.00', NULL, '2021-11-22 16:11:58', '0.00', '0.00', '0.00', '2021-11-22 16:00:00', '2021-11-22 16:11:58', '0.20', 0, 0, '2021-11-21 16:00:23', '2021-11-23 18:31:51'),
(100, 19, '2021-11-22', '2021-11-22 07:00:00', '2021-11-22 16:00:00', '1.00', '8.00', NULL, NULL, '0.00', '0.00', '0.00', NULL, NULL, NULL, 0, 0, '2021-11-21 16:00:23', '2021-12-14 18:06:57'),
(101, 20, '2021-11-22', '2021-11-22 06:00:00', '2021-11-22 17:00:00', '1.00', '10.00', NULL, '2021-11-22 08:05:23', '0.00', '0.00', '0.00', NULL, NULL, NULL, 0, 0, '2021-11-21 16:00:23', '2021-11-21 16:05:28'),
(102, 21, '2021-11-22', '2021-11-22 07:00:00', '2021-11-22 16:00:00', '1.00', '8.00', NULL, NULL, NULL, NULL, NULL, NULL, NULL, NULL, 0, 0, '2021-11-21 16:00:23', '2021-11-21 16:00:23'),
(103, 22, '2021-11-22', '2021-11-22 07:00:00', '2021-11-22 16:00:00', '1.00', '8.00', NULL, NULL, NULL, NULL, NULL, NULL, NULL, NULL, 0, 0, '2021-11-21 16:00:23', '2021-11-21 16:00:23'),
(104, 23, '2021-11-22', '2021-11-22 07:00:00', '2021-11-22 16:00:00', '1.00', '8.00', NULL, NULL, NULL, NULL, NULL, NULL, NULL, NULL, 0, 0, '2021-11-21 16:00:23', '2021-11-21 16:00:23'),
(105, 1, '2021-11-23', '2021-11-23 07:00:00', '2021-11-23 16:00:00', '1.00', '8.00', '2021-11-23 07:06:21', '2021-11-23 16:35:07', '7.89', '0.11', '0.00', '2021-11-23 16:00:00', '2021-11-23 16:35:07', '0.59', 0, 0, '2021-11-22 15:07:11', '2021-11-23 18:31:45'),
(106, 2, '2021-11-23', '2021-11-23 07:00:00', '2021-11-23 16:00:00', '1.00', '8.00', '2021-11-23 07:06:19', '2021-11-23 16:35:04', '7.89', '0.11', '0.00', '2021-11-23 16:00:00', '2021-11-23 16:35:04', '0.58', 0, 0, '2021-11-22 15:07:11', '2021-11-23 18:31:46'),
(107, 3, '2021-11-23', '2021-11-23 07:00:00', '2021-11-23 16:00:00', '1.00', '8.00', '2021-11-23 07:06:23', '2021-11-23 16:35:10', '7.89', '0.11', '0.00', '2021-11-23 16:00:00', '2021-11-23 16:35:10', '0.59', 0, 0, '2021-11-22 15:07:11', '2021-11-23 18:31:47'),
(108, 4, '2021-11-23', '2021-11-23 06:00:00', '2021-11-23 17:00:00', '1.00', '10.00', '2021-11-23 07:06:26', '2021-11-23 16:35:15', '9.48', '1.11', '0.41', NULL, NULL, NULL, 0, 0, '2021-11-22 15:07:11', '2021-11-23 18:31:47'),
(109, 5, '2021-11-23', '2021-11-23 07:00:00', '2021-11-23 16:00:00', '1.00', '8.00', '2021-11-23 07:06:28', '2021-11-23 16:35:19', '7.89', '0.11', '0.00', '2021-11-23 16:00:00', '2021-11-23 16:35:19', '0.59', 0, 0, '2021-11-22 15:07:11', '2021-11-23 18:31:48'),
(110, 6, '2021-11-23', '2021-11-23 07:00:00', '2021-11-23 16:00:00', '1.00', '8.00', '2021-11-23 07:06:31', '2021-11-23 16:35:21', '7.89', '0.11', '0.00', '2021-11-23 16:00:00', '2021-11-23 16:35:21', '0.59', 0, 0, '2021-11-22 15:07:11', '2021-11-23 18:31:49'),
(111, 7, '2021-11-23', '2021-11-23 07:00:00', '2021-11-23 16:00:00', '1.00', '8.00', '2021-11-23 07:06:33', '2021-11-23 16:35:23', '7.89', '0.11', '0.00', '2021-11-23 16:00:00', '2021-11-23 16:35:23', '0.59', 0, 0, '2021-11-22 15:07:11', '2021-11-23 18:31:51'),
(112, 9, '2021-11-23', '2021-11-23 07:00:00', '2021-11-23 16:00:00', '1.00', '8.00', '2021-11-23 07:06:38', '2021-11-23 16:35:27', '7.89', '0.11', '0.00', '2021-11-23 16:00:00', '2021-11-23 16:35:27', '0.59', 0, 0, '2021-11-22 15:07:11', '2021-11-23 18:31:51'),
(113, 19, '2021-11-23', '2021-11-23 07:00:00', '2021-11-23 16:00:00', '1.00', '8.00', NULL, NULL, '0.00', '0.00', '0.00', NULL, NULL, NULL, 0, 0, '2021-11-22 15:07:11', '2021-12-14 18:06:57'),
(114, 20, '2021-11-23', '2021-11-23 06:00:00', '2021-11-23 17:00:00', '1.00', '10.00', '2021-11-23 07:06:40', '2021-11-23 16:35:30', '9.48', '1.11', '0.41', NULL, NULL, NULL, 0, 0, '2021-11-22 15:07:11', '2021-11-23 18:31:46'),
(115, 21, '2021-11-23', '2021-11-23 07:00:00', '2021-11-23 16:00:00', '1.00', '8.00', NULL, NULL, NULL, NULL, NULL, NULL, NULL, NULL, 0, 0, '2021-11-22 15:07:11', '2021-11-22 15:07:11'),
(116, 22, '2021-11-23', '2021-11-23 07:00:00', '2021-11-23 16:00:00', '1.00', '8.00', NULL, NULL, NULL, NULL, NULL, NULL, NULL, NULL, 0, 0, '2021-11-22 15:07:11', '2021-11-22 15:07:11'),
(117, 23, '2021-11-23', '2021-11-23 07:00:00', '2021-11-23 16:00:00', '1.00', '8.00', NULL, NULL, NULL, NULL, NULL, NULL, NULL, NULL, 0, 0, '2021-11-22 15:07:11', '2021-11-22 15:07:11'),
(118, 1, '2021-11-24', '2021-11-24 08:00:00', '2021-11-24 16:00:00', '1.00', '7.00', '2021-11-24 07:01:59', '2021-11-24 16:01:02', '7.00', '0.00', '0.00', '2021-11-24 16:00:00', '2021-11-24 16:01:02', '0.02', 0, 0, '2021-11-23 15:08:11', '2021-11-25 18:48:57'),
(119, 2, '2021-11-24', '2021-11-24 08:00:00', '2021-11-24 16:00:00', '1.00', '7.00', '2021-11-24 07:01:57', '2021-11-24 16:01:00', '7.00', '0.00', '0.00', '2021-11-24 16:00:00', '2021-11-24 16:01:00', '0.02', 0, 0, '2021-11-23 15:08:11', '2021-11-25 18:48:57'),
(120, 3, '2021-11-24', '2021-11-24 08:00:00', '2021-11-24 16:00:00', '1.00', '7.00', '2021-11-24 07:02:01', '2021-11-24 16:01:04', '7.00', '0.00', '0.00', '2021-11-24 16:00:00', '2021-11-24 16:01:04', '0.02', 0, 0, '2021-11-23 15:08:11', '2021-11-25 18:48:58'),
(121, 4, '2021-11-24', '2021-11-24 00:00:00', '2021-11-24 00:00:00', '0.00', '0.00', '2021-11-24 07:02:03', '2021-11-25 16:27:40', '0.00', NULL, NULL, NULL, NULL, NULL, 0, 0, '2021-11-23 15:08:11', '2021-11-25 18:48:59'),
(122, 5, '2021-11-24', '2021-11-24 08:00:00', '2021-11-24 16:00:00', '1.00', '7.00', '2021-11-24 07:02:19', '2021-11-24 16:01:08', '7.00', '0.00', '0.00', '2021-11-24 16:00:00', '2021-11-24 16:01:08', '0.02', 0, 0, '2021-11-23 15:08:11', '2021-11-25 18:48:59'),
(123, 6, '2021-11-24', '2021-11-24 08:00:00', '2021-11-24 16:00:00', '1.00', '7.00', '2021-11-24 07:02:22', '2021-11-24 16:01:10', '7.00', '0.00', '0.00', '2021-11-24 16:00:00', '2021-11-24 16:01:10', '0.02', 0, 0, '2021-11-23 15:08:11', '2021-11-25 18:49:00'),
(124, 7, '2021-11-24', '2021-11-24 08:00:00', '2021-11-24 16:00:00', '1.00', '7.00', '2021-11-24 07:02:24', '2021-11-24 16:01:13', '7.00', '0.00', '0.00', '2021-11-24 16:00:00', '2021-11-24 16:01:13', '0.02', 0, 0, '2021-11-23 15:08:11', '2021-11-25 18:49:00'),
(125, 9, '2021-11-24', '2021-11-24 08:00:00', '2021-11-24 16:00:00', '1.00', '7.00', '2021-11-24 07:02:29', '2021-11-24 16:01:17', '7.00', '0.00', '0.00', '2021-11-24 16:00:00', '2021-11-24 16:01:17', '0.02', 0, 0, '2021-11-23 15:08:11', '2021-11-25 18:49:00'),
(126, 19, '2021-11-24', '2021-11-24 08:00:00', '2021-11-24 16:00:00', '1.00', '7.00', NULL, NULL, '0.00', '0.00', '0.00', NULL, NULL, NULL, 0, 0, '2021-11-23 15:08:11', '2021-12-14 18:06:57'),
(127, 20, '2021-11-24', '2021-11-24 00:00:00', '2021-11-24 00:00:00', '0.00', '0.00', '2021-11-24 07:02:31', '2021-11-25 16:27:32', '0.00', NULL, NULL, NULL, NULL, NULL, 0, 0, '2021-11-23 15:08:11', '2021-11-25 18:48:58'),
(128, 21, '2021-11-24', '2021-11-24 08:00:00', '2021-11-24 16:00:00', '1.00', '7.00', NULL, NULL, NULL, NULL, NULL, NULL, NULL, NULL, 0, 0, '2021-11-23 15:08:11', '2021-11-23 15:08:11'),
(129, 22, '2021-11-24', '2021-11-24 08:00:00', '2021-11-24 16:00:00', '1.00', '7.00', NULL, NULL, NULL, NULL, NULL, NULL, NULL, NULL, 0, 0, '2021-11-23 15:08:11', '2021-11-23 15:08:11'),
(130, 23, '2021-11-24', '2021-11-24 08:00:00', '2021-11-24 16:00:00', '1.00', '7.00', NULL, NULL, NULL, NULL, NULL, NULL, NULL, NULL, 0, 0, '2021-11-23 15:08:11', '2021-11-23 15:08:11'),
(131, 1, '2021-11-25', '2021-11-25 07:00:00', '2021-11-25 16:00:00', '1.00', '8.00', '2021-11-25 07:02:54', '2021-11-25 16:27:36', '7.95', '0.05', '0.00', '2021-11-25 16:00:00', '2021-11-25 16:27:36', '0.46', 0, 0, '2021-11-24 15:09:34', '2021-11-25 18:48:57'),
(132, 2, '2021-11-25', '2021-11-25 07:00:00', '2021-11-25 16:00:00', '1.00', '8.00', '2021-11-25 07:02:45', '2021-11-25 16:27:34', '7.95', '0.05', '0.00', '2021-11-25 16:00:00', '2021-11-25 16:27:34', '0.46', 0, 0, '2021-11-24 15:09:34', '2021-11-25 18:48:58'),
(133, 3, '2021-11-25', '2021-11-25 07:00:00', '2021-11-25 16:00:00', '1.00', '8.00', '2021-11-25 07:02:56', '2021-11-25 16:27:38', '7.95', '0.05', '0.00', '2021-11-25 16:00:00', '2021-11-25 16:27:38', '0.46', 0, 0, '2021-11-24 15:09:34', '2021-11-25 18:48:58'),
(134, 4, '2021-11-25', '2021-11-25 17:00:00', '2021-11-26 08:00:00', '1.00', '14.00', '2021-11-25 07:02:58', '2021-11-25 16:27:40', '0.00', '0.00', '15.54', NULL, NULL, NULL, 0, 0, '2021-11-24 15:09:34', '2021-11-25 18:48:59'),
(135, 5, '2021-11-25', '2021-11-25 07:00:00', '2021-11-25 16:00:00', '1.00', '8.00', '2021-11-25 07:03:07', '2021-11-25 16:27:41', '7.95', '0.05', '0.00', '2021-11-25 16:00:00', '2021-11-25 16:27:41', '0.46', 0, 0, '2021-11-24 15:09:34', '2021-11-25 18:48:59'),
(136, 6, '2021-11-25', '2021-11-25 07:00:00', '2021-11-25 16:00:00', '1.00', '8.00', '2021-11-25 07:03:09', '2021-11-25 16:27:24', '7.95', '0.05', '0.00', '2021-11-25 16:00:00', '2021-11-25 16:27:24', '0.46', 0, 0, '2021-11-24 15:09:34', '2021-11-25 18:49:00'),
(137, 7, '2021-11-25', '2021-11-25 07:00:00', '2021-11-25 16:00:00', '1.00', '8.00', '2021-11-25 07:03:14', '2021-11-25 16:27:26', '7.95', '0.05', '0.00', '2021-11-25 16:00:00', '2021-11-25 16:27:26', '0.46', 0, 0, '2021-11-24 15:09:34', '2021-11-25 18:49:00'),
(138, 9, '2021-11-25', '2021-11-25 07:00:00', '2021-11-25 16:00:00', '1.00', '8.00', '2021-11-25 07:03:22', '2021-11-25 16:27:30', '7.94', '0.06', '0.00', '2021-11-25 16:00:00', '2021-11-25 16:27:30', '0.46', 0, 0, '2021-11-24 15:09:34', '2021-11-25 18:49:01'),
(139, 19, '2021-11-25', '2021-11-25 07:00:00', '2021-11-25 16:00:00', '1.00', '8.00', NULL, NULL, '0.00', '0.00', '0.00', NULL, NULL, NULL, 0, 0, '2021-11-24 15:09:34', '2021-12-14 18:06:57'),
(140, 20, '2021-11-25', '2021-11-25 17:00:00', '2021-11-26 08:00:00', '1.00', '14.00', '2021-11-25 07:03:37', '2021-11-25 16:27:32', '0.00', '0.00', '15.54', NULL, NULL, NULL, 0, 0, '2021-11-24 15:09:34', '2021-11-25 18:48:58'),
(141, 21, '2021-11-25', '2021-11-25 07:00:00', '2021-11-25 16:00:00', '1.00', '8.00', NULL, NULL, NULL, NULL, NULL, NULL, NULL, NULL, 0, 0, '2021-11-24 15:09:34', '2021-11-24 15:09:34'),
(142, 22, '2021-11-25', '2021-11-25 07:00:00', '2021-11-25 16:00:00', '1.00', '8.00', NULL, NULL, NULL, NULL, NULL, NULL, NULL, NULL, 0, 0, '2021-11-24 15:09:34', '2021-11-24 15:09:34'),
(143, 23, '2021-11-25', '2021-11-25 07:00:00', '2021-11-25 16:00:00', '1.00', '8.00', NULL, NULL, NULL, NULL, NULL, NULL, NULL, NULL, 0, 0, '2021-11-24 15:09:34', '2021-11-24 15:09:34'),
(144, 1, '2021-11-26', '2021-11-26 07:00:00', '2021-11-26 16:00:00', '1.00', '8.00', '2021-11-26 07:05:48', '2021-11-26 18:09:45', '7.90', '0.10', '0.00', '2021-11-26 16:00:00', '2021-11-26 18:09:45', '2.16', 0, 0, '2021-11-25 15:09:22', '2021-11-28 15:53:39'),
(145, 2, '2021-11-26', '2021-11-26 07:00:00', '2021-11-26 16:00:00', '1.00', '8.00', '2021-11-26 07:05:57', '2021-11-26 18:09:42', '7.90', '0.10', '0.00', '2021-11-26 16:00:00', '2021-11-26 18:09:42', '2.16', 0, 0, '2021-11-25 15:09:22', '2021-11-28 15:53:40'),
(146, 3, '2021-11-26', '2021-11-26 07:00:00', '2021-11-26 16:00:00', '1.00', '8.00', '2021-11-26 07:05:58', '2021-11-26 18:09:47', '7.90', '0.10', '0.00', '2021-11-26 16:00:00', '2021-11-26 18:09:47', '2.16', 0, 0, '2021-11-25 15:09:22', '2021-11-28 15:53:40'),
(147, 4, '2021-11-26', '2021-11-26 06:00:00', '2021-11-26 17:00:00', '1.00', '10.00', '2021-11-26 07:06:03', '2021-11-26 18:09:49', '9.90', '1.10', '0.00', '2021-11-26 17:00:00', '2021-11-26 18:09:49', '1.16', 0, 0, '2021-11-25 15:09:22', '2021-11-28 15:53:41'),
(148, 5, '2021-11-26', '2021-11-26 07:00:00', '2021-11-26 16:00:00', '1.00', '8.00', '2021-11-26 07:06:05', '2021-11-26 18:09:56', '7.90', '0.10', '0.00', '2021-11-26 16:00:00', '2021-11-26 18:09:56', '2.17', 0, 0, '2021-11-25 15:09:22', '2021-11-28 15:53:41'),
(149, 6, '2021-11-26', '2021-11-26 07:00:00', '2021-11-26 16:00:00', '1.00', '8.00', '2021-11-26 07:06:08', '2021-11-26 18:09:59', '7.90', '0.10', '0.00', '2021-11-26 16:00:00', '2021-11-26 18:09:59', '2.17', 0, 0, '2021-11-25 15:09:22', '2021-11-28 15:53:41'),
(150, 7, '2021-11-26', '2021-11-26 07:00:00', '2021-11-26 16:00:00', '1.00', '8.00', '2021-11-26 07:06:10', '2021-11-26 18:10:01', '7.90', '0.10', '0.00', '2021-11-26 16:00:00', '2021-11-26 18:10:01', '2.17', 0, 0, '2021-11-25 15:09:22', '2021-11-28 15:53:42'),
(151, 9, '2021-11-26', '2021-11-26 07:00:00', '2021-11-26 16:00:00', '1.00', '8.00', '2021-11-26 07:06:14', '2021-11-26 18:10:05', '7.90', '0.10', '0.00', '2021-11-26 16:00:00', '2021-11-26 18:10:05', '2.17', 0, 0, '2021-11-25 15:09:22', '2021-11-28 15:53:42'),
(152, 19, '2021-11-26', '2021-11-26 07:00:00', '2021-11-26 16:00:00', '1.00', '8.00', NULL, NULL, '0.00', '0.00', '0.00', NULL, NULL, NULL, 0, 0, '2021-11-25 15:09:22', '2021-12-14 18:06:57'),
(153, 20, '2021-11-26', '2021-11-26 06:00:00', '2021-11-26 17:00:00', '1.00', '10.00', '2021-11-26 07:06:17', '2021-11-26 18:10:07', '9.90', '1.10', '0.00', '2021-11-26 17:00:00', '2021-11-26 18:10:07', '1.17', 0, 0, '2021-11-25 15:09:22', '2021-11-28 15:53:40'),
(154, 21, '2021-11-26', '2021-11-26 07:00:00', '2021-11-26 16:00:00', '1.00', '8.00', NULL, NULL, NULL, NULL, NULL, NULL, NULL, NULL, 0, 0, '2021-11-25 15:09:22', '2021-11-25 15:09:22'),
(155, 22, '2021-11-26', '2021-11-26 07:00:00', '2021-11-26 16:00:00', '1.00', '8.00', NULL, NULL, NULL, NULL, NULL, NULL, NULL, NULL, 0, 0, '2021-11-25 15:09:22', '2021-11-25 15:09:22'),
(156, 23, '2021-11-26', '2021-11-26 07:00:00', '2021-11-26 16:00:00', '1.00', '8.00', NULL, NULL, NULL, NULL, NULL, NULL, NULL, NULL, 0, 0, '2021-11-25 15:09:22', '2021-11-25 15:09:22'),
(157, 1, '2021-11-29', '2021-11-29 07:00:00', '2021-11-29 16:00:00', '1.00', '8.00', '2021-11-29 07:00:02', '2021-11-29 16:16:47', '8.00', '0.00', '0.00', '2021-11-29 16:00:00', '2021-11-29 16:16:47', '0.28', 0, 0, '2021-11-28 15:45:59', '2021-11-30 15:22:11'),
(158, 2, '2021-11-29', '2021-11-29 07:00:00', '2021-11-29 16:00:00', '1.00', '8.00', '2021-11-29 06:59:59', '2021-11-29 16:16:45', '8.00', '0.00', '0.00', '2021-11-29 16:00:00', '2021-11-29 16:16:45', '0.28', 0, 0, '2021-11-28 15:45:59', '2021-11-30 15:19:51'),
(159, 3, '2021-11-29', '2021-11-29 07:00:00', '2021-11-29 16:00:00', '1.00', '8.00', '2021-11-29 07:00:04', '2021-11-29 16:16:49', '8.00', '0.00', '0.00', '2021-11-29 16:00:00', '2021-11-29 16:16:49', '0.28', 0, 0, '2021-11-28 15:45:59', '2021-11-30 15:22:11'),
(160, 4, '2021-11-29', '2021-11-29 06:00:00', '2021-11-29 17:00:00', '1.00', '10.00', '2021-11-29 07:00:06', '2021-11-29 16:16:52', '9.28', '1.00', '0.72', NULL, NULL, NULL, 0, 0, '2021-11-28 15:45:59', '2021-11-30 15:22:12'),
(161, 5, '2021-11-29', '2021-11-29 07:00:00', '2021-11-29 16:00:00', '1.00', '8.00', '2021-11-29 07:00:09', '2021-11-29 16:16:56', '8.00', '0.00', '0.00', '2021-11-29 16:00:00', '2021-11-29 16:16:56', '0.28', 0, 0, '2021-11-28 15:45:59', '2021-11-30 15:22:12'),
(162, 6, '2021-11-29', '2021-11-29 07:00:00', '2021-11-29 16:00:00', '1.00', '8.00', '2021-11-29 07:00:11', '2021-11-29 16:16:58', '8.00', '0.00', '0.00', '2021-11-29 16:00:00', '2021-11-29 16:16:58', '0.28', 0, 0, '2021-11-28 15:45:59', '2021-11-30 15:22:12'),
(163, 7, '2021-11-29', '2021-11-29 07:00:00', '2021-11-29 16:00:00', '1.00', '8.00', '2021-11-29 07:00:13', '2021-11-29 16:17:01', '8.00', '0.00', '0.00', '2021-11-29 16:00:00', '2021-11-29 16:17:01', '0.28', 0, 0, '2021-11-28 15:45:59', '2021-11-30 15:22:12'),
(164, 9, '2021-11-29', '2021-11-29 07:00:00', '2021-11-29 16:00:00', '1.00', '8.00', '2021-11-29 07:00:18', '2021-11-29 16:17:06', '8.00', '0.01', '0.00', '2021-11-29 16:00:00', '2021-11-29 16:17:06', '0.29', 0, 0, '2021-11-28 15:45:59', '2021-11-30 15:22:12'),
(165, 19, '2021-11-29', '2021-11-29 07:00:00', '2021-11-29 16:00:00', '1.00', '8.00', NULL, NULL, '0.00', '0.00', '0.00', NULL, NULL, NULL, 0, 0, '2021-11-28 15:45:59', '2021-12-14 18:06:58'),
(166, 20, '2021-11-29', '2021-11-29 06:00:00', '2021-11-29 17:00:00', '1.00', '10.00', '2021-11-29 07:00:21', '2021-11-29 16:17:08', '9.28', '1.01', '0.71', NULL, NULL, NULL, 0, 0, '2021-11-28 15:45:59', '2021-11-30 15:22:11'),
(167, 21, '2021-11-29', '2021-11-29 07:00:00', '2021-11-29 16:00:00', '1.00', '8.00', NULL, NULL, NULL, NULL, NULL, NULL, NULL, NULL, 0, 0, '2021-11-28 15:45:59', '2021-11-28 15:45:59'),
(168, 22, '2021-11-29', '2021-11-29 07:00:00', '2021-11-29 16:00:00', '1.00', '8.00', NULL, NULL, NULL, NULL, NULL, NULL, NULL, NULL, 0, 0, '2021-11-28 15:45:59', '2021-11-28 15:45:59'),
(169, 23, '2021-11-29', '2021-11-29 07:00:00', '2021-11-29 16:00:00', '1.00', '8.00', NULL, NULL, NULL, NULL, NULL, NULL, NULL, NULL, 0, 0, '2021-11-28 15:45:59', '2021-11-28 15:45:59'),
(170, 1, '2021-12-01', '2021-12-01 08:00:00', '2021-12-01 16:00:00', '1.00', '7.00', '2021-12-01 06:56:41', '2021-12-01 17:30:36', '7.00', '0.00', '0.00', '2021-12-01 16:00:00', '2021-12-01 17:30:36', '1.51', 0, 0, '2021-11-30 15:19:51', '2021-12-01 14:58:53'),
(171, 2, '2021-12-01', '2021-12-01 08:00:00', '2021-12-01 16:00:00', '1.00', '7.00', '2021-12-01 06:56:36', '2021-12-01 17:30:33', '7.00', '0.00', '0.00', '2021-12-01 16:00:00', '2021-12-01 17:30:33', '1.51', 0, 0, '2021-11-30 15:19:51', '2021-12-01 14:58:54'),
(172, 3, '2021-12-01', '2021-12-01 08:00:00', '2021-12-01 16:00:00', '1.00', '7.00', '2021-12-01 06:56:44', '2021-12-01 17:30:38', '7.00', '0.00', '0.00', '2021-12-01 16:00:00', '2021-12-01 17:30:38', '1.51', 0, 0, '2021-11-30 15:19:51', '2021-12-01 14:58:54'),
(173, 4, '2021-12-01', '2021-12-01 00:00:00', '2021-12-01 00:00:00', '0.00', '0.00', '2021-12-01 06:56:47', '2021-12-01 17:30:40', '0.00', NULL, NULL, NULL, NULL, NULL, 0, 0, '2021-11-30 15:19:51', '2021-12-01 14:58:54'),
(174, 5, '2021-12-01', '2021-12-01 08:00:00', '2021-12-01 16:00:00', '1.00', '7.00', '2021-12-01 06:56:49', '2021-12-01 17:30:44', '7.00', '0.00', '0.00', '2021-12-01 16:00:00', '2021-12-01 17:30:44', '1.51', 0, 0, '2021-11-30 15:19:51', '2021-12-01 14:58:54'),
(175, 6, '2021-12-01', '2021-12-01 08:00:00', '2021-12-01 16:00:00', '1.00', '7.00', '2021-12-01 06:56:53', '2021-12-01 17:30:46', '7.00', '0.00', '0.00', '2021-12-01 16:00:00', '2021-12-01 17:30:46', '1.51', 0, 0, '2021-11-30 15:19:51', '2021-12-01 14:58:55'),
(176, 7, '2021-12-01', '2021-12-01 08:00:00', '2021-12-01 16:00:00', '1.00', '7.00', '2021-12-01 06:56:55', '2021-12-01 17:30:49', '7.00', '0.00', '0.00', '2021-12-01 16:00:00', '2021-12-01 17:30:49', '1.51', 0, 0, '2021-11-30 15:19:51', '2021-12-01 14:58:55'),
(177, 9, '2021-12-01', '2021-12-01 08:00:00', '2021-12-01 16:00:00', '1.00', '7.00', '2021-12-01 06:57:00', '2021-12-01 17:30:53', '7.00', '0.00', '0.00', '2021-12-01 16:00:00', '2021-12-01 17:30:53', '1.51', 0, 0, '2021-11-30 15:19:51', '2021-12-01 14:58:55'),
(178, 19, '2021-12-01', '2021-12-01 08:00:00', '2021-12-01 16:00:00', '1.00', '7.00', NULL, NULL, '0.00', '0.00', '0.00', NULL, NULL, NULL, 0, 0, '2021-11-30 15:19:51', '2021-12-14 18:06:58'),
(179, 20, '2021-12-01', '2021-12-01 00:00:00', '2021-12-01 00:00:00', '0.00', '0.00', '2021-12-01 06:57:02', '2021-12-01 17:30:55', '0.00', NULL, NULL, NULL, NULL, NULL, 0, 0, '2021-11-30 15:19:51', '2021-12-01 14:58:54'),
(180, 21, '2021-12-01', '2021-12-01 08:00:00', '2021-12-01 16:00:00', '1.00', '7.00', NULL, NULL, NULL, NULL, NULL, NULL, NULL, NULL, 0, 0, '2021-11-30 15:19:51', '2021-11-30 15:19:51'),
(181, 22, '2021-12-01', '2021-12-01 08:00:00', '2021-12-01 16:00:00', '1.00', '7.00', NULL, NULL, NULL, NULL, NULL, NULL, NULL, NULL, 0, 0, '2021-11-30 15:19:51', '2021-11-30 15:19:51'),
(182, 23, '2021-12-01', '2021-12-01 08:00:00', '2021-12-01 16:00:00', '1.00', '7.00', NULL, NULL, NULL, NULL, NULL, NULL, NULL, NULL, 0, 0, '2021-11-30 15:19:51', '2021-11-30 15:19:51'),
(183, 1, '2021-12-02', '2021-12-02 07:00:00', '2021-12-02 16:00:00', '1.00', '8.00', '2021-12-02 06:57:16', '2021-12-02 19:29:42', '8.00', '0.00', '0.00', '2021-12-02 16:00:00', '2021-12-02 19:29:42', '3.50', 0, 0, '2021-12-01 14:58:53', '2021-12-05 16:07:48'),
(184, 2, '2021-12-02', '2021-12-02 07:00:00', '2021-12-02 16:00:00', '1.00', '8.00', '2021-12-02 06:57:14', '2021-12-02 19:29:40', '8.00', '0.00', '0.00', '2021-12-02 16:00:00', '2021-12-02 19:29:40', '3.49', 0, 0, '2021-12-01 14:58:53', '2021-12-05 16:07:49'),
(185, 3, '2021-12-02', '2021-12-02 07:00:00', '2021-12-02 16:00:00', '1.00', '8.00', '2021-12-02 06:57:19', '2021-12-02 19:29:45', '8.00', '0.00', '0.00', '2021-12-02 16:00:00', '2021-12-02 19:29:45', '3.50', 0, 0, '2021-12-01 14:58:53', '2021-12-05 16:07:49'),
(186, 4, '2021-12-02', '2021-12-02 17:00:00', '2021-12-03 08:00:00', '1.00', '14.00', '2021-12-02 06:57:21', '2021-12-02 19:29:47', '2.50', '0.00', '12.50', NULL, NULL, NULL, 0, 0, '2021-12-01 14:58:53', '2021-12-05 16:07:50'),
(187, 5, '2021-12-02', '2021-12-02 07:00:00', '2021-12-02 16:00:00', '1.00', '8.00', '2021-12-02 06:57:23', '2021-12-02 19:29:51', '8.00', '0.00', '0.00', '2021-12-02 16:00:00', '2021-12-02 19:29:51', '3.50', 0, 0, '2021-12-01 14:58:53', '2021-12-05 16:07:50'),
(188, 6, '2021-12-02', '2021-12-02 07:00:00', '2021-12-02 16:00:00', '1.00', '8.00', '2021-12-02 06:57:30', '2021-12-02 19:29:55', '8.00', '0.00', '0.00', '2021-12-02 16:00:00', '2021-12-02 19:29:55', '3.50', 0, 0, '2021-12-01 14:58:53', '2021-12-05 16:07:50'),
(189, 7, '2021-12-02', '2021-12-02 07:00:00', '2021-12-02 16:00:00', '1.00', '8.00', '2021-12-02 06:57:35', '2021-12-02 19:29:57', '8.00', '0.00', '0.00', '2021-12-02 16:00:00', '2021-12-02 19:29:57', '3.50', 0, 0, '2021-12-01 14:58:53', '2021-12-05 16:07:51'),
(190, 9, '2021-12-02', '2021-12-02 07:00:00', '2021-12-02 16:00:00', '1.00', '8.00', '2021-12-02 06:57:39', '2021-12-02 19:30:03', '8.00', '0.00', '0.00', '2021-12-02 16:00:00', '2021-12-02 19:30:03', '3.50', 0, 0, '2021-12-01 14:58:53', '2021-12-05 16:07:51'),
(191, 19, '2021-12-02', '2021-12-02 07:00:00', '2021-12-02 16:00:00', '1.00', '8.00', NULL, NULL, '0.00', '0.00', '0.00', NULL, NULL, NULL, 0, 0, '2021-12-01 14:58:53', '2021-12-14 18:06:58'),
(192, 20, '2021-12-02', '2021-12-02 17:00:00', '2021-12-03 08:00:00', '1.00', '14.00', '2021-12-02 06:57:41', '2021-12-02 19:30:13', '2.50', '0.00', '12.50', NULL, NULL, NULL, 0, 0, '2021-12-01 14:58:53', '2021-12-05 16:07:49'),
(193, 21, '2021-12-02', '2021-12-02 07:00:00', '2021-12-02 16:00:00', '1.00', '8.00', NULL, NULL, NULL, NULL, NULL, NULL, NULL, NULL, 0, 0, '2021-12-01 14:58:53', '2021-12-01 14:58:53'),
(194, 22, '2021-12-02', '2021-12-02 07:00:00', '2021-12-02 16:00:00', '1.00', '8.00', NULL, NULL, NULL, NULL, NULL, NULL, NULL, NULL, 0, 0, '2021-12-01 14:58:53', '2021-12-01 14:58:53'),
(195, 23, '2021-12-02', '2021-12-02 07:00:00', '2021-12-02 16:00:00', '1.00', '8.00', NULL, NULL, NULL, NULL, NULL, NULL, NULL, NULL, 0, 0, '2021-12-01 14:58:53', '2021-12-01 14:58:53'),
(196, 1, '2021-12-03', '2021-12-03 07:00:00', '2021-12-03 16:00:00', '1.00', '8.00', '2021-12-03 06:49:44', '2021-12-03 16:18:39', '8.00', '0.00', '0.00', '2021-12-03 16:00:00', '2021-12-03 16:18:39', '0.31', 0, 0, '2021-12-02 16:05:28', '2021-12-05 16:07:49'),
(197, 2, '2021-12-03', '2021-12-03 07:00:00', '2021-12-03 16:00:00', '1.00', '8.00', '2021-12-03 06:49:38', '2021-12-03 16:18:37', '8.00', '0.00', '0.00', '2021-12-03 16:00:00', '2021-12-03 16:18:37', '0.31', 0, 0, '2021-12-02 16:05:28', '2021-12-05 16:07:49'),
(198, 3, '2021-12-03', '2021-12-03 07:00:00', '2021-12-03 16:00:00', '1.00', '8.00', '2021-12-03 06:49:46', '2021-12-03 16:18:41', '8.00', '0.00', '0.00', '2021-12-03 16:00:00', '2021-12-03 16:18:41', '0.31', 0, 0, '2021-12-02 16:05:28', '2021-12-05 16:07:49'),
(199, 4, '2021-12-03', '2021-12-03 06:00:00', '2021-12-03 17:00:00', '1.00', '10.00', '2021-12-03 06:49:48', '2021-12-03 16:18:42', '9.48', '0.83', '0.69', NULL, NULL, NULL, 0, 0, '2021-12-02 16:05:28', '2021-12-05 16:07:50'),
(200, 5, '2021-12-03', '2021-12-03 07:00:00', '2021-12-03 16:00:00', '1.00', '8.00', '2021-12-03 06:50:47', '2021-12-03 16:18:47', '8.00', '0.00', '0.00', '2021-12-03 16:00:00', '2021-12-03 16:18:47', '0.31', 0, 0, '2021-12-02 16:05:28', '2021-12-05 16:07:50'),
(201, 6, '2021-12-03', '2021-12-03 07:00:00', '2021-12-03 16:00:00', '1.00', '8.00', '2021-12-03 06:50:49', '2021-12-03 16:18:49', '8.00', '0.00', '0.00', '2021-12-03 16:00:00', '2021-12-03 16:18:49', '0.31', 0, 0, '2021-12-02 16:05:28', '2021-12-05 16:07:50'),
(202, 7, '2021-12-03', '2021-12-03 07:00:00', '2021-12-03 16:00:00', '1.00', '8.00', '2021-12-03 06:50:57', '2021-12-03 16:18:51', '8.00', '0.00', '0.00', '2021-12-03 16:00:00', '2021-12-03 16:18:51', '0.31', 0, 0, '2021-12-02 16:05:28', '2021-12-05 16:07:51'),
(203, 9, '2021-12-03', '2021-12-03 07:00:00', '2021-12-03 16:00:00', '1.00', '8.00', '2021-12-03 06:51:02', '2021-12-03 16:18:56', '8.00', '0.00', '0.00', '2021-12-03 16:00:00', '2021-12-03 16:18:56', '0.32', 0, 0, '2021-12-02 16:05:28', '2021-12-05 16:07:51'),
(204, 19, '2021-12-03', '2021-12-03 07:00:00', '2021-12-03 16:00:00', '1.00', '8.00', NULL, NULL, '0.00', '0.00', '0.00', NULL, NULL, NULL, 0, 0, '2021-12-02 16:05:28', '2021-12-14 18:06:58'),
(205, 20, '2021-12-03', '2021-12-03 06:00:00', '2021-12-03 17:00:00', '1.00', '10.00', '2021-12-03 06:51:04', '2021-12-03 16:18:59', '9.47', '0.85', '0.68', NULL, NULL, NULL, 0, 0, '2021-12-02 16:05:28', '2021-12-05 16:07:49'),
(206, 21, '2021-12-03', '2021-12-03 07:00:00', '2021-12-03 16:00:00', '1.00', '8.00', NULL, NULL, NULL, NULL, NULL, NULL, NULL, NULL, 0, 0, '2021-12-02 16:05:28', '2021-12-02 16:05:28'),
(207, 22, '2021-12-03', '2021-12-03 07:00:00', '2021-12-03 16:00:00', '1.00', '8.00', NULL, NULL, NULL, NULL, NULL, NULL, NULL, NULL, 0, 0, '2021-12-02 16:05:28', '2021-12-02 16:05:28'),
(208, 23, '2021-12-03', '2021-12-03 07:00:00', '2021-12-03 16:00:00', '1.00', '8.00', NULL, NULL, NULL, NULL, NULL, NULL, NULL, NULL, 0, 0, '2021-12-02 16:05:28', '2021-12-02 16:05:28'),
(209, 1, '2021-12-06', '2021-12-06 07:00:00', '2021-12-06 16:00:00', '1.00', '8.00', '2021-12-06 06:40:40', '2021-12-06 16:07:35', '8.00', '0.00', '0.00', '2021-12-06 16:00:00', '2021-12-06 16:07:35', '0.13', 0, 0, '2021-12-05 15:31:59', '2021-12-14 18:08:12'),
(210, 2, '2021-12-06', '2021-12-06 07:00:00', '2021-12-06 16:00:00', '1.00', '8.00', '2021-12-06 06:40:38', '2021-12-06 16:07:33', '8.00', '0.00', '0.00', '2021-12-06 16:00:00', '2021-12-06 16:07:33', '0.13', 0, 0, '2021-12-05 15:31:59', '2021-12-14 18:08:13'),
(211, 3, '2021-12-06', '2021-12-06 07:00:00', '2021-12-06 16:00:00', '1.00', '8.00', '2021-12-06 06:40:42', '2021-12-06 16:07:37', '8.00', '0.00', '0.00', '2021-12-06 16:00:00', '2021-12-06 16:07:37', '0.13', 0, 0, '2021-12-05 15:31:59', '2021-12-14 18:08:16'),
(212, 4, '2021-12-06', '2021-12-06 06:00:00', '2021-12-06 17:00:00', '1.00', '10.00', '2021-12-06 06:40:44', '2021-12-06 16:07:42', '9.45', '0.68', '0.87', NULL, NULL, NULL, 0, 0, '2021-12-05 15:31:59', '2021-12-14 18:08:17'),
(213, 5, '2021-12-06', '2021-12-06 07:00:00', '2021-12-06 16:00:00', '1.00', '8.00', '2021-12-06 06:40:47', '2021-12-06 16:07:44', '8.00', '0.00', '0.00', '2021-12-06 16:00:00', '2021-12-06 16:07:44', '0.13', 0, 0, '2021-12-05 15:31:59', '2021-12-14 18:08:18'),
(214, 6, '2021-12-06', '2021-12-06 07:00:00', '2021-12-06 16:00:00', '1.00', '8.00', '2021-12-06 06:41:03', '2021-12-06 16:07:47', '8.00', '0.00', '0.00', '2021-12-06 16:00:00', '2021-12-06 16:07:47', '0.13', 0, 0, '2021-12-05 15:31:59', '2021-12-14 18:08:19'),
(215, 7, '2021-12-06', '2021-12-06 07:00:00', '2021-12-06 16:00:00', '1.00', '8.00', '2021-12-06 06:41:05', '2021-12-06 16:07:49', '8.00', '0.00', '0.00', '2021-12-06 16:00:00', '2021-12-06 16:07:49', '0.13', 0, 0, '2021-12-05 15:31:59', '2021-12-14 18:08:20'),
(216, 9, '2021-12-06', '2021-12-06 07:00:00', '2021-12-06 16:00:00', '1.00', '8.00', '2021-12-06 06:41:09', '2021-12-06 16:07:54', '8.00', '0.00', '0.00', '2021-12-06 16:00:00', '2021-12-06 16:07:54', '0.13', 0, 0, '2021-12-05 15:31:59', '2021-12-14 18:08:22'),
(217, 19, '2021-12-06', '2021-12-06 07:00:00', '2021-12-06 16:00:00', '1.00', '8.00', NULL, NULL, '0.00', '0.00', '0.00', NULL, NULL, NULL, 0, 0, '2021-12-05 15:31:59', '2021-12-14 18:06:58'),
(218, 20, '2021-12-06', '2021-12-06 06:00:00', '2021-12-06 17:00:00', '1.00', '10.00', '2021-12-06 06:41:11', '2021-12-06 16:07:56', '9.45', '0.69', '0.87', NULL, NULL, NULL, 0, 0, '2021-12-05 15:31:59', '2021-12-14 18:08:14'),
(219, 21, '2021-12-06', '2021-12-06 07:00:00', '2021-12-06 16:00:00', '1.00', '8.00', NULL, NULL, NULL, NULL, NULL, NULL, NULL, NULL, 0, 0, '2021-12-05 15:31:59', '2021-12-05 15:31:59');
INSERT INTO `hris_employee_attendance_tbl` (`attendanceID`, `employeeID`, `scheduleDate`, `scheduleIn`, `scheduleOut`, `scheduleBreakDuration`, `scheduleDuration`, `checkIn`, `checkOut`, `checkDuration`, `lateDuration`, `undertimeDuration`, `overtimeIn`, `overtimeOut`, `overtimeDuration`, `createdBy`, `updatedBy`, `createdAt`, `updatedAt`) VALUES
(220, 22, '2021-12-06', '2021-12-06 07:00:00', '2021-12-06 16:00:00', '1.00', '8.00', NULL, NULL, NULL, NULL, NULL, NULL, NULL, NULL, 0, 0, '2021-12-05 15:31:59', '2021-12-05 15:31:59'),
(221, 23, '2021-12-06', '2021-12-06 07:00:00', '2021-12-06 16:00:00', '1.00', '8.00', NULL, NULL, NULL, NULL, NULL, NULL, NULL, NULL, 0, 0, '2021-12-05 15:31:59', '2021-12-05 15:31:59'),
(222, 1, '2021-12-07', '2021-12-07 07:00:00', '2021-12-07 16:00:00', '1.00', '8.00', '2021-12-07 06:49:27', '2021-12-07 16:07:46', '8.00', '0.00', '0.00', '2021-12-07 16:00:00', '2021-12-07 16:07:46', '0.13', 0, 0, '2021-12-06 15:20:41', '2021-12-14 18:08:12'),
(223, 2, '2021-12-07', '2021-12-07 07:00:00', '2021-12-07 16:00:00', '1.00', '8.00', '2021-12-07 06:49:25', '2021-12-07 16:07:44', '8.00', '0.00', '0.00', '2021-12-07 16:00:00', '2021-12-07 16:07:44', '0.13', 0, 0, '2021-12-06 15:20:41', '2021-12-14 18:08:13'),
(224, 3, '2021-12-07', '2021-12-07 07:00:00', '2021-12-07 16:00:00', '1.00', '8.00', '2021-12-07 06:49:29', '2021-12-07 16:07:48', '8.00', '0.00', '0.00', '2021-12-07 16:00:00', '2021-12-07 16:07:48', '0.13', 0, 0, '2021-12-06 15:20:41', '2021-12-14 18:08:16'),
(225, 4, '2021-12-07', '2021-12-07 06:00:00', '2021-12-07 17:00:00', '1.00', '10.00', '2021-12-07 06:49:32', '2021-12-07 16:07:50', '9.31', '0.83', '0.87', NULL, NULL, NULL, 0, 0, '2021-12-06 15:20:41', '2021-12-14 18:08:18'),
(226, 5, '2021-12-07', '2021-12-07 07:00:00', '2021-12-07 16:00:00', '1.00', '8.00', '2021-12-07 06:49:39', '2021-12-07 16:10:35', '8.00', '0.00', '0.00', '2021-12-07 16:00:00', '2021-12-07 16:10:35', '0.18', 0, 0, '2021-12-06 15:20:41', '2021-12-14 18:08:18'),
(227, 6, '2021-12-07', '2021-12-07 07:00:00', '2021-12-07 16:00:00', '1.00', '8.00', '2021-12-07 06:49:41', '2021-12-07 16:07:54', '8.00', '0.00', '0.00', '2021-12-07 16:00:00', '2021-12-07 16:07:54', '0.13', 0, 0, '2021-12-06 15:20:41', '2021-12-14 18:08:19'),
(228, 7, '2021-12-07', '2021-12-07 07:00:00', '2021-12-07 16:00:00', '1.00', '8.00', '2021-12-07 06:49:43', '2021-12-07 16:07:57', '8.00', '0.00', '0.00', '2021-12-07 16:00:00', '2021-12-07 16:07:57', '0.13', 0, 0, '2021-12-06 15:20:41', '2021-12-14 18:08:21'),
(229, 9, '2021-12-07', '2021-12-07 07:00:00', '2021-12-07 16:00:00', '1.00', '8.00', '2021-12-07 06:49:51', '2021-12-07 16:08:01', '8.00', '0.00', '0.00', '2021-12-07 16:00:00', '2021-12-07 16:08:01', '0.13', 0, 0, '2021-12-06 15:20:41', '2021-12-14 18:08:22'),
(230, 19, '2021-12-07', '2021-12-07 07:00:00', '2021-12-07 16:00:00', '1.00', '8.00', NULL, NULL, '0.00', '0.00', '0.00', NULL, NULL, NULL, 0, 0, '2021-12-06 15:20:41', '2021-12-14 18:19:38'),
(231, 20, '2021-12-07', '2021-12-07 06:00:00', '2021-12-07 17:00:00', '1.00', '10.00', '2021-12-07 06:49:54', '2021-12-07 16:08:03', '9.30', '0.83', '0.87', NULL, NULL, NULL, 0, 0, '2021-12-06 15:20:41', '2021-12-14 18:08:14'),
(232, 21, '2021-12-07', '2021-12-07 07:00:00', '2021-12-07 16:00:00', '1.00', '8.00', NULL, NULL, NULL, NULL, NULL, NULL, NULL, NULL, 0, 0, '2021-12-06 15:20:41', '2021-12-06 15:20:41'),
(233, 22, '2021-12-07', '2021-12-07 07:00:00', '2021-12-07 16:00:00', '1.00', '8.00', NULL, NULL, NULL, NULL, NULL, NULL, NULL, NULL, 0, 0, '2021-12-06 15:20:41', '2021-12-06 15:20:41'),
(234, 23, '2021-12-07', '2021-12-07 07:00:00', '2021-12-07 16:00:00', '1.00', '8.00', NULL, NULL, NULL, NULL, NULL, NULL, NULL, NULL, 0, 0, '2021-12-06 15:20:41', '2021-12-06 15:20:41'),
(235, 1, '2021-12-09', '2021-12-09 07:00:00', '2021-12-09 16:00:00', '1.00', '8.00', '2021-12-09 06:49:57', '2021-12-09 16:12:46', '8.00', '0.00', '0.00', '2021-12-09 16:00:00', '2021-12-09 16:12:46', '0.21', 0, 0, '2021-12-08 16:06:34', '2021-12-14 18:08:13'),
(236, 2, '2021-12-09', '2021-12-09 07:00:00', '2021-12-09 16:00:00', '1.00', '8.00', '2021-12-09 06:49:54', '2021-12-09 16:12:44', '8.00', '0.00', '0.00', '2021-12-09 16:00:00', '2021-12-09 16:12:44', '0.21', 0, 0, '2021-12-08 16:06:34', '2021-12-14 18:08:14'),
(237, 3, '2021-12-09', '2021-12-09 07:00:00', '2021-12-09 16:00:00', '1.00', '8.00', '2021-12-09 06:49:59', '2021-12-09 16:12:48', '8.00', '0.00', '0.00', '2021-12-09 16:00:00', '2021-12-09 16:12:48', '0.21', 0, 0, '2021-12-08 16:06:34', '2021-12-14 18:08:17'),
(238, 4, '2021-12-09', '2021-12-09 17:00:00', '2021-12-10 08:00:00', '1.00', '14.00', '2021-12-09 06:50:01', '2021-12-09 16:12:51', '0.00', '0.00', '15.79', NULL, NULL, NULL, 0, 0, '2021-12-08 16:06:34', '2021-12-14 18:08:18'),
(239, 5, '2021-12-09', '2021-12-09 07:00:00', '2021-12-09 16:00:00', '1.00', '8.00', '2021-12-09 06:50:03', '2021-12-09 16:12:52', '8.00', '0.00', '0.00', '2021-12-09 16:00:00', '2021-12-09 16:12:52', '0.21', 0, 0, '2021-12-08 16:06:34', '2021-12-14 18:08:18'),
(240, 6, '2021-12-09', '2021-12-09 07:00:00', '2021-12-09 16:00:00', '1.00', '8.00', '2021-12-09 06:50:07', '2021-12-09 16:12:55', '8.00', '0.00', '0.00', '2021-12-09 16:00:00', '2021-12-09 16:12:55', '0.22', 0, 0, '2021-12-08 16:06:34', '2021-12-14 18:08:19'),
(241, 7, '2021-12-09', '2021-12-09 07:00:00', '2021-12-09 16:00:00', '1.00', '8.00', '2021-12-09 06:50:09', '2021-12-09 16:12:57', '8.00', '0.00', '0.00', '2021-12-09 16:00:00', '2021-12-09 16:12:57', '0.22', 0, 0, '2021-12-08 16:06:34', '2021-12-14 18:08:21'),
(242, 9, '2021-12-09', '2021-12-09 07:00:00', '2021-12-09 16:00:00', '1.00', '8.00', '2021-12-09 06:50:18', '2021-12-09 16:13:01', '8.00', '0.00', '0.00', '2021-12-09 16:00:00', '2021-12-09 16:13:01', '0.22', 0, 0, '2021-12-08 16:06:34', '2021-12-14 18:08:22'),
(243, 19, '2021-12-09', '2021-12-09 07:00:00', '2021-12-09 16:00:00', '1.00', '8.00', NULL, NULL, '0.00', '0.00', '0.00', NULL, NULL, NULL, 0, 0, '2021-12-08 16:06:34', '2021-12-14 18:19:38'),
(244, 20, '2021-12-09', '2021-12-09 17:00:00', '2021-12-10 08:00:00', '1.00', '14.00', '2021-12-09 06:51:06', '2021-12-09 16:13:08', '0.00', '0.00', '15.78', NULL, NULL, NULL, 0, 0, '2021-12-08 16:06:34', '2021-12-14 18:08:15'),
(245, 21, '2021-12-09', '2021-12-09 07:00:00', '2021-12-09 16:00:00', '1.00', '8.00', NULL, NULL, NULL, NULL, NULL, NULL, NULL, NULL, 0, 0, '2021-12-08 16:06:34', '2021-12-08 16:06:34'),
(246, 22, '2021-12-09', '2021-12-09 07:00:00', '2021-12-09 16:00:00', '1.00', '8.00', NULL, NULL, NULL, NULL, NULL, NULL, NULL, NULL, 0, 0, '2021-12-08 16:06:34', '2021-12-08 16:06:34'),
(247, 23, '2021-12-09', '2021-12-09 07:00:00', '2021-12-09 16:00:00', '1.00', '8.00', NULL, NULL, NULL, NULL, NULL, NULL, NULL, NULL, 0, 0, '2021-12-08 16:06:34', '2021-12-08 16:06:34'),
(248, 1, '2021-12-10', '2021-12-10 07:00:00', '2021-12-10 16:00:00', '1.00', '8.00', '2021-12-10 07:20:38', '2021-12-10 17:46:28', '7.66', '0.34', '0.00', '2021-12-10 16:00:00', '2021-12-10 17:46:28', '1.77', 0, 0, '2021-12-09 15:28:48', '2021-12-14 18:08:13'),
(249, 2, '2021-12-10', '2021-12-10 07:00:00', '2021-12-10 16:00:00', '1.00', '8.00', '2021-12-10 07:20:35', '2021-12-10 17:46:26', '7.66', '0.34', '0.00', '2021-12-10 16:00:00', '2021-12-10 17:46:26', '1.77', 0, 0, '2021-12-09 15:28:48', '2021-12-14 18:08:14'),
(250, 3, '2021-12-10', '2021-12-10 07:00:00', '2021-12-10 16:00:00', '1.00', '8.00', '2021-12-10 07:20:40', '2021-12-10 17:46:31', '7.66', '0.34', '0.00', '2021-12-10 16:00:00', '2021-12-10 17:46:31', '1.78', 0, 0, '2021-12-09 15:28:48', '2021-12-14 18:08:17'),
(251, 4, '2021-12-10', '2021-12-10 06:00:00', '2021-12-10 17:00:00', '1.00', '10.00', '2021-12-10 07:20:42', '2021-12-10 17:46:33', '9.66', '1.35', '0.00', '2021-12-10 17:00:00', '2021-12-10 17:46:33', '0.78', 0, 0, '2021-12-09 15:28:48', '2021-12-14 18:08:18'),
(252, 5, '2021-12-10', '2021-12-10 07:00:00', '2021-12-10 16:00:00', '1.00', '8.00', '2021-12-10 07:20:44', '2021-12-10 17:46:34', '7.65', '0.35', '0.00', '2021-12-10 16:00:00', '2021-12-10 17:46:34', '1.78', 0, 0, '2021-12-09 15:28:48', '2021-12-14 18:08:19'),
(253, 6, '2021-12-10', '2021-12-10 07:00:00', '2021-12-10 16:00:00', '1.00', '8.00', '2021-12-10 07:20:48', '2021-12-10 17:46:37', '7.65', '0.35', '0.00', '2021-12-10 16:00:00', '2021-12-10 17:46:37', '1.78', 0, 0, '2021-12-09 15:28:48', '2021-12-14 18:08:20'),
(254, 7, '2021-12-10', '2021-12-10 07:00:00', '2021-12-10 16:00:00', '1.00', '8.00', '2021-12-10 07:20:51', '2021-12-10 17:46:39', '7.65', '0.35', '0.00', '2021-12-10 16:00:00', '2021-12-10 17:46:39', '1.78', 0, 0, '2021-12-09 15:28:48', '2021-12-14 18:08:21'),
(255, 9, '2021-12-10', '2021-12-10 07:00:00', '2021-12-10 16:00:00', '1.00', '8.00', '2021-12-10 07:20:56', '2021-12-10 17:46:43', '7.65', '0.35', '0.00', '2021-12-10 16:00:00', '2021-12-10 17:46:43', '1.78', 0, 0, '2021-12-09 15:28:48', '2021-12-14 18:08:22'),
(256, 19, '2021-12-10', '2021-12-10 07:00:00', '2021-12-10 16:00:00', '1.00', '8.00', NULL, NULL, '0.00', '0.00', '0.00', NULL, NULL, NULL, 0, 0, '2021-12-09 15:28:48', '2021-12-14 18:19:38'),
(257, 20, '2021-12-10', '2021-12-10 06:00:00', '2021-12-10 17:00:00', '1.00', '10.00', '2021-12-10 07:20:59', '2021-12-10 17:46:45', '9.65', '1.35', '0.00', '2021-12-10 17:00:00', '2021-12-10 17:46:45', '0.78', 0, 0, '2021-12-09 15:28:48', '2021-12-14 18:08:15'),
(258, 21, '2021-12-10', '2021-12-10 07:00:00', '2021-12-10 16:00:00', '1.00', '8.00', NULL, NULL, NULL, NULL, NULL, NULL, NULL, NULL, 0, 0, '2021-12-09 15:28:48', '2021-12-09 15:28:48'),
(259, 22, '2021-12-10', '2021-12-10 07:00:00', '2021-12-10 16:00:00', '1.00', '8.00', NULL, NULL, NULL, NULL, NULL, NULL, NULL, NULL, 0, 0, '2021-12-09 15:28:48', '2021-12-09 15:28:48'),
(260, 23, '2021-12-10', '2021-12-10 07:00:00', '2021-12-10 16:00:00', '1.00', '8.00', NULL, NULL, NULL, NULL, NULL, NULL, NULL, NULL, 0, 0, '2021-12-09 15:28:48', '2021-12-09 15:28:48'),
(261, 1, '2021-12-11', '2021-12-11 22:00:00', '2021-12-12 07:00:00', '1.00', '8.00', NULL, NULL, NULL, NULL, NULL, NULL, NULL, NULL, 0, 0, '2021-12-10 19:31:13', '2021-12-10 19:31:13'),
(262, 2, '2021-12-11', '2021-12-11 22:00:00', '2021-12-12 07:00:00', '1.00', '8.00', NULL, NULL, NULL, NULL, NULL, NULL, NULL, NULL, 0, 0, '2021-12-10 19:31:13', '2021-12-10 19:31:13'),
(263, 3, '2021-12-11', '2021-12-11 22:00:00', '2021-12-12 07:00:00', '1.00', '8.00', NULL, NULL, NULL, NULL, NULL, NULL, NULL, NULL, 0, 0, '2021-12-10 19:31:13', '2021-12-10 19:31:13'),
(264, 4, '2021-12-11', '2021-12-11 00:00:00', '2021-12-11 00:00:00', '0.00', '0.00', NULL, NULL, NULL, NULL, NULL, NULL, NULL, NULL, 0, 0, '2021-12-10 19:31:13', '2021-12-10 19:31:13'),
(265, 5, '2021-12-11', '2021-12-11 22:00:00', '2021-12-12 07:00:00', '1.00', '8.00', NULL, NULL, NULL, NULL, NULL, NULL, NULL, NULL, 0, 0, '2021-12-10 19:31:13', '2021-12-10 19:31:13'),
(266, 6, '2021-12-11', '2021-12-11 22:00:00', '2021-12-12 07:00:00', '1.00', '8.00', NULL, NULL, NULL, NULL, NULL, NULL, NULL, NULL, 0, 0, '2021-12-10 19:31:13', '2021-12-10 19:31:13'),
(267, 7, '2021-12-11', '2021-12-11 22:00:00', '2021-12-12 07:00:00', '1.00', '8.00', NULL, NULL, NULL, NULL, NULL, NULL, NULL, NULL, 0, 0, '2021-12-10 19:31:13', '2021-12-10 19:31:13'),
(268, 9, '2021-12-11', '2021-12-11 22:00:00', '2021-12-12 07:00:00', '1.00', '8.00', NULL, NULL, NULL, NULL, NULL, NULL, NULL, NULL, 0, 0, '2021-12-10 19:31:13', '2021-12-10 19:31:13'),
(269, 19, '2021-12-11', '2021-12-11 22:00:00', '2021-12-12 07:00:00', '1.00', '8.00', NULL, NULL, NULL, NULL, NULL, NULL, NULL, NULL, 0, 0, '2021-12-10 19:31:13', '2021-12-10 19:31:13'),
(270, 20, '2021-12-11', '2021-12-11 00:00:00', '2021-12-11 00:00:00', '0.00', '0.00', NULL, NULL, NULL, NULL, NULL, NULL, NULL, NULL, 0, 0, '2021-12-10 19:31:13', '2021-12-10 19:31:13'),
(271, 21, '2021-12-11', '2021-12-11 22:00:00', '2021-12-12 07:00:00', '1.00', '8.00', NULL, NULL, NULL, NULL, NULL, NULL, NULL, NULL, 0, 0, '2021-12-10 19:31:13', '2021-12-10 19:31:13'),
(272, 22, '2021-12-11', '2021-12-11 22:00:00', '2021-12-12 07:00:00', '1.00', '8.00', NULL, NULL, NULL, NULL, NULL, NULL, NULL, NULL, 0, 0, '2021-12-10 19:31:13', '2021-12-10 19:31:13'),
(273, 23, '2021-12-11', '2021-12-11 22:00:00', '2021-12-12 07:00:00', '1.00', '8.00', NULL, NULL, NULL, NULL, NULL, NULL, NULL, NULL, 0, 0, '2021-12-10 19:31:13', '2021-12-10 19:31:13'),
(274, 1, '2021-12-12', '2021-12-12 00:00:00', '2021-12-12 00:00:00', '0.00', '0.00', NULL, NULL, NULL, NULL, NULL, NULL, NULL, NULL, 0, 0, '2021-12-11 17:23:37', '2021-12-11 17:23:37'),
(275, 2, '2021-12-12', '2021-12-12 00:00:00', '2021-12-12 00:00:00', '0.00', '0.00', NULL, NULL, NULL, NULL, NULL, NULL, NULL, NULL, 0, 0, '2021-12-11 17:23:37', '2021-12-11 17:23:37'),
(276, 3, '2021-12-12', '2021-12-12 00:00:00', '2021-12-12 00:00:00', '0.00', '0.00', NULL, NULL, NULL, NULL, NULL, NULL, NULL, NULL, 0, 0, '2021-12-11 17:23:37', '2021-12-11 17:23:37'),
(277, 4, '2021-12-12', '2021-12-12 00:00:00', '2021-12-12 00:00:00', '0.00', '0.00', NULL, NULL, NULL, NULL, NULL, NULL, NULL, NULL, 0, 0, '2021-12-11 17:23:37', '2021-12-11 17:23:37'),
(278, 5, '2021-12-12', '2021-12-12 00:00:00', '2021-12-12 00:00:00', '0.00', '0.00', NULL, NULL, NULL, NULL, NULL, NULL, NULL, NULL, 0, 0, '2021-12-11 17:23:37', '2021-12-11 17:23:37'),
(279, 6, '2021-12-12', '2021-12-12 00:00:00', '2021-12-12 00:00:00', '0.00', '0.00', NULL, NULL, NULL, NULL, NULL, NULL, NULL, NULL, 0, 0, '2021-12-11 17:23:37', '2021-12-11 17:23:37'),
(280, 7, '2021-12-12', '2021-12-12 00:00:00', '2021-12-12 00:00:00', '0.00', '0.00', NULL, NULL, NULL, NULL, NULL, NULL, NULL, NULL, 0, 0, '2021-12-11 17:23:37', '2021-12-11 17:23:37'),
(281, 9, '2021-12-12', '2021-12-12 00:00:00', '2021-12-12 00:00:00', '0.00', '0.00', NULL, NULL, NULL, NULL, NULL, NULL, NULL, NULL, 0, 0, '2021-12-11 17:23:37', '2021-12-11 17:23:37'),
(282, 19, '2021-12-12', '2021-12-12 00:00:00', '2021-12-12 00:00:00', '0.00', '0.00', NULL, NULL, NULL, NULL, NULL, NULL, NULL, NULL, 0, 0, '2021-12-11 17:23:37', '2021-12-11 17:23:37'),
(283, 20, '2021-12-12', '2021-12-12 00:00:00', '2021-12-12 00:00:00', '0.00', '0.00', NULL, NULL, NULL, NULL, NULL, NULL, NULL, NULL, 0, 0, '2021-12-11 17:23:37', '2021-12-11 17:23:37'),
(284, 21, '2021-12-12', '2021-12-12 00:00:00', '2021-12-12 00:00:00', '0.00', '0.00', NULL, NULL, NULL, NULL, NULL, NULL, NULL, NULL, 0, 0, '2021-12-11 17:23:37', '2021-12-11 17:23:37'),
(285, 22, '2021-12-12', '2021-12-12 00:00:00', '2021-12-12 00:00:00', '0.00', '0.00', NULL, NULL, NULL, NULL, NULL, NULL, NULL, NULL, 0, 0, '2021-12-11 17:23:37', '2021-12-11 17:23:37'),
(286, 23, '2021-12-12', '2021-12-12 00:00:00', '2021-12-12 00:00:00', '0.00', '0.00', NULL, NULL, NULL, NULL, NULL, NULL, NULL, NULL, 0, 0, '2021-12-11 17:23:37', '2021-12-11 17:23:37'),
(287, 1, '2021-12-13', '2021-12-13 07:00:00', '2021-12-13 16:00:00', '1.00', '8.00', NULL, '2021-12-13 17:47:07', '0.00', '0.00', '0.00', '2021-12-13 16:00:00', '2021-12-13 17:47:07', '1.79', 1, 1, '2021-12-12 15:43:49', '2021-12-14 18:19:38'),
(288, 2, '2021-12-13', '2021-12-13 07:00:00', '2021-12-13 16:00:00', '1.00', '8.00', NULL, '2021-12-13 17:47:04', '0.00', '0.00', '0.00', '2021-12-13 16:00:00', '2021-12-13 17:47:04', '1.78', 1, 1, '2021-12-12 15:43:49', '2021-12-14 18:19:39'),
(289, 3, '2021-12-13', '2021-12-13 07:00:00', '2021-12-13 16:00:00', '1.00', '8.00', NULL, '2021-12-13 17:47:09', '0.00', '0.00', '0.00', '2021-12-13 16:00:00', '2021-12-13 17:47:09', '1.79', 1, 1, '2021-12-12 15:43:49', '2021-12-14 18:19:40'),
(290, 4, '2021-12-13', '2021-12-13 06:00:00', '2021-12-13 17:00:00', '1.00', '10.00', NULL, '2021-12-13 17:47:10', '0.00', '0.00', '0.00', '2021-12-13 17:00:00', '2021-12-13 17:47:10', '0.79', 1, 1, '2021-12-12 15:43:49', '2021-12-14 18:19:41'),
(291, 5, '2021-12-13', '2021-12-13 07:00:00', '2021-12-13 16:00:00', '1.00', '8.00', NULL, '2021-12-13 17:47:12', '0.00', '0.00', '0.00', '2021-12-13 16:00:00', '2021-12-13 17:47:12', '1.79', 1, 1, '2021-12-12 15:43:49', '2021-12-14 18:19:42'),
(292, 6, '2021-12-13', '2021-12-13 07:00:00', '2021-12-13 16:00:00', '1.00', '8.00', NULL, '2021-12-13 17:47:14', '0.00', '0.00', '0.00', '2021-12-13 16:00:00', '2021-12-13 17:47:14', '1.79', 1, 1, '2021-12-12 15:43:49', '2021-12-14 18:19:42'),
(293, 7, '2021-12-13', '2021-12-13 07:00:00', '2021-12-13 16:00:00', '1.00', '8.00', NULL, '2021-12-13 17:47:16', '0.00', '0.00', '0.00', '2021-12-13 16:00:00', '2021-12-13 17:47:16', '1.79', 1, 1, '2021-12-12 15:43:49', '2021-12-14 18:19:42'),
(294, 9, '2021-12-13', '2021-12-13 07:00:00', '2021-12-13 16:00:00', '1.00', '8.00', NULL, '2021-12-13 17:47:19', '0.00', '0.00', '0.00', '2021-12-13 16:00:00', '2021-12-13 17:47:19', '1.79', 1, 1, '2021-12-12 15:43:49', '2021-12-14 18:19:43'),
(295, 19, '2021-12-13', '2021-12-13 07:00:00', '2021-12-13 16:00:00', '1.00', '8.00', NULL, NULL, '0.00', '0.00', '0.00', NULL, NULL, NULL, 1, 1, '2021-12-12 15:43:49', '2021-12-14 18:19:39'),
(296, 20, '2021-12-13', '2021-12-13 06:00:00', '2021-12-13 17:00:00', '1.00', '10.00', NULL, '2021-12-13 17:47:23', '0.00', '0.00', '0.00', '2021-12-13 17:00:00', '2021-12-13 17:47:23', '0.79', 1, 1, '2021-12-12 15:43:49', '2021-12-14 18:19:40'),
(297, 21, '2021-12-13', '2021-12-13 07:00:00', '2021-12-13 16:00:00', '1.00', '8.00', NULL, NULL, NULL, NULL, NULL, NULL, NULL, NULL, 1, 1, '2021-12-12 15:43:49', '2021-12-12 15:43:49'),
(298, 22, '2021-12-13', '2021-12-13 07:00:00', '2021-12-13 16:00:00', '1.00', '8.00', NULL, NULL, NULL, NULL, NULL, NULL, NULL, NULL, 1, 1, '2021-12-12 15:43:49', '2021-12-12 15:43:49'),
(299, 23, '2021-12-13', '2021-12-13 07:00:00', '2021-12-13 16:00:00', '1.00', '8.00', NULL, NULL, NULL, NULL, NULL, NULL, NULL, NULL, 1, 1, '2021-12-12 15:43:49', '2021-12-12 15:43:49'),
(300, 1, '2021-12-14', '2021-12-14 07:00:00', '2021-12-14 16:00:00', '1.00', '8.00', '2021-12-14 07:23:08', '2021-12-14 21:11:16', '7.61', '0.39', '0.00', '2021-12-14 16:00:00', '2021-12-14 21:11:16', '5.19', 0, 0, '2021-12-13 15:26:47', '2021-12-14 18:19:38'),
(301, 2, '2021-12-14', '2021-12-14 07:00:00', '2021-12-14 16:00:00', '1.00', '8.00', '2021-12-14 07:23:05', '2021-12-14 21:11:14', '7.62', '0.38', '0.00', '2021-12-14 16:00:00', '2021-12-14 21:11:14', '5.19', 0, 0, '2021-12-13 15:26:47', '2021-12-14 18:19:39'),
(302, 3, '2021-12-14', '2021-12-14 07:00:00', '2021-12-14 16:00:00', '1.00', '8.00', '2021-12-14 07:23:13', '2021-12-14 21:11:18', '7.61', '0.39', '0.00', '2021-12-14 16:00:00', '2021-12-14 21:11:18', '5.19', 0, 0, '2021-12-13 15:26:47', '2021-12-14 18:19:41'),
(303, 4, '2021-12-14', '2021-12-14 06:00:00', '2021-12-14 17:00:00', '1.00', '10.00', '2021-12-14 07:23:22', '2021-12-14 21:11:20', '9.61', '1.39', '0.00', '2021-12-14 17:00:00', '2021-12-14 21:11:20', '4.19', 0, 0, '2021-12-13 15:26:47', '2021-12-14 18:19:41'),
(304, 5, '2021-12-14', '2021-12-14 07:00:00', '2021-12-14 16:00:00', '1.00', '8.00', '2021-12-14 07:23:24', '2021-12-14 21:11:22', '7.61', '0.39', '0.00', '2021-12-14 16:00:00', '2021-12-14 21:11:22', '5.19', 0, 0, '2021-12-13 15:26:47', '2021-12-14 18:19:42'),
(305, 6, '2021-12-14', '2021-12-14 07:00:00', '2021-12-14 16:00:00', '1.00', '8.00', '2021-12-14 07:23:31', '2021-12-14 21:11:25', '7.61', '0.39', '0.00', '2021-12-14 16:00:00', '2021-12-14 21:11:25', '5.19', 0, 0, '2021-12-13 15:26:47', '2021-12-14 18:19:42'),
(306, 7, '2021-12-14', '2021-12-14 07:00:00', '2021-12-14 16:00:00', '1.00', '8.00', '2021-12-14 07:23:33', '2021-12-14 21:11:27', '7.61', '0.39', '0.00', '2021-12-14 16:00:00', '2021-12-14 21:11:27', '5.19', 0, 0, '2021-12-13 15:26:47', '2021-12-14 18:19:43'),
(307, 9, '2021-12-14', '2021-12-14 07:00:00', '2021-12-14 16:00:00', '1.00', '8.00', '2021-12-14 07:23:36', '2021-12-14 21:11:32', '7.61', '0.39', '0.00', '2021-12-14 16:00:00', '2021-12-14 21:11:32', '5.19', 0, 0, '2021-12-13 15:26:47', '2021-12-14 18:19:44'),
(308, 19, '2021-12-14', '2021-12-14 07:00:00', '2021-12-14 16:00:00', '1.00', '8.00', NULL, NULL, '0.00', '0.00', '0.00', NULL, NULL, NULL, 0, 0, '2021-12-13 15:26:47', '2021-12-14 18:19:39'),
(309, 20, '2021-12-14', '2021-12-14 06:00:00', '2021-12-14 17:00:00', '1.00', '10.00', '2021-12-14 07:23:39', '2021-12-14 21:11:35', '9.61', '1.39', '0.00', '2021-12-14 17:00:00', '2021-12-14 21:11:35', '4.19', 0, 0, '2021-12-13 15:26:47', '2021-12-14 18:19:40'),
(310, 21, '2021-12-14', '2021-12-14 07:00:00', '2021-12-14 16:00:00', '1.00', '8.00', NULL, NULL, NULL, NULL, NULL, NULL, NULL, NULL, 0, 0, '2021-12-13 15:26:47', '2021-12-13 15:26:47'),
(311, 22, '2021-12-14', '2021-12-14 07:00:00', '2021-12-14 16:00:00', '1.00', '8.00', NULL, NULL, NULL, NULL, NULL, NULL, NULL, NULL, 0, 0, '2021-12-13 15:26:47', '2021-12-13 15:26:47'),
(312, 23, '2021-12-14', '2021-12-14 07:00:00', '2021-12-14 16:00:00', '1.00', '8.00', NULL, NULL, NULL, NULL, NULL, NULL, NULL, NULL, 0, 0, '2021-12-13 15:26:47', '2021-12-13 15:26:47'),
(313, 1, '2021-12-15', '2021-12-15 08:00:00', '2021-12-15 16:00:00', '1.00', '7.00', '2021-12-15 07:09:00', '2021-12-15 18:34:40', '7.00', '0.00', '0.00', '2021-12-15 16:00:00', '2021-12-15 18:34:40', '2.58', 0, 0, '2021-12-14 15:26:51', '2021-12-15 10:38:41'),
(314, 2, '2021-12-15', '2021-12-15 08:00:00', '2021-12-15 16:00:00', '1.00', '7.00', '2021-12-15 07:08:48', '2021-12-15 18:34:38', '7.00', '0.00', '0.00', '2021-12-15 16:00:00', '2021-12-15 18:34:38', '2.58', 0, 0, '2021-12-14 15:26:51', '2021-12-15 10:38:41'),
(315, 3, '2021-12-15', '2021-12-15 08:00:00', '2021-12-15 16:00:00', '1.00', '7.00', '2021-12-15 07:09:02', '2021-12-15 18:34:42', '7.00', '0.00', '0.00', '2021-12-15 16:00:00', '2021-12-15 18:34:42', '2.58', 0, 0, '2021-12-14 15:26:51', '2021-12-15 10:38:41'),
(316, 4, '2021-12-15', '2021-12-15 00:00:00', '2021-12-15 00:00:00', '0.00', '0.00', '2021-12-15 07:09:04', '2021-12-15 18:34:45', '0.00', NULL, NULL, NULL, NULL, NULL, 0, 0, '2021-12-14 15:26:51', '2021-12-15 10:38:41'),
(317, 5, '2021-12-15', '2021-12-15 08:00:00', '2021-12-15 16:00:00', '1.00', '7.00', '2021-12-15 07:09:06', '2021-12-15 18:34:48', '7.00', '0.00', '0.00', '2021-12-15 16:00:00', '2021-12-15 18:34:48', '2.58', 0, 0, '2021-12-14 15:26:51', '2021-12-15 10:38:41'),
(318, 6, '2021-12-15', '2021-12-15 08:00:00', '2021-12-15 16:00:00', '1.00', '7.00', '2021-12-15 07:09:14', '2021-12-15 18:34:50', '7.00', '0.00', '0.00', '2021-12-15 16:00:00', '2021-12-15 18:34:50', '2.58', 0, 0, '2021-12-14 15:26:51', '2021-12-15 10:38:42'),
(319, 7, '2021-12-15', '2021-12-15 08:00:00', '2021-12-15 16:00:00', '1.00', '7.00', '2021-12-15 07:09:17', '2021-12-15 18:34:57', '7.00', '0.00', '0.00', '2021-12-15 16:00:00', '2021-12-15 18:34:57', '2.58', 0, 0, '2021-12-14 15:26:51', '2021-12-15 10:38:42'),
(320, 9, '2021-12-15', '2021-12-15 08:00:00', '2021-12-15 16:00:00', '1.00', '7.00', '2021-12-15 07:09:22', '2021-12-15 18:35:02', '7.00', '0.00', '0.00', '2021-12-15 16:00:00', '2021-12-15 18:35:02', '2.58', 0, 0, '2021-12-14 15:26:51', '2021-12-15 10:38:42'),
(321, 19, '2021-12-15', '2021-12-15 08:00:00', '2021-12-15 16:00:00', '1.00', '7.00', NULL, NULL, '0.00', '0.00', '0.00', NULL, NULL, NULL, 0, 0, '2021-12-14 15:26:51', '2021-12-14 18:06:58'),
(322, 20, '2021-12-15', '2021-12-15 00:00:00', '2021-12-15 00:00:00', '0.00', '0.00', '2021-12-15 07:09:25', '2021-12-15 18:35:07', '0.00', NULL, NULL, NULL, NULL, NULL, 0, 0, '2021-12-14 15:26:51', '2021-12-15 10:38:41'),
(323, 21, '2021-12-15', '2021-12-15 08:00:00', '2021-12-15 16:00:00', '1.00', '7.00', NULL, NULL, NULL, NULL, NULL, NULL, NULL, NULL, 0, 0, '2021-12-14 15:26:51', '2021-12-14 15:26:51'),
(324, 22, '2021-12-15', '2021-12-15 08:00:00', '2021-12-15 16:00:00', '1.00', '7.00', NULL, NULL, NULL, NULL, NULL, NULL, NULL, NULL, 0, 0, '2021-12-14 15:26:51', '2021-12-14 15:26:51'),
(325, 23, '2021-12-15', '2021-12-15 08:00:00', '2021-12-15 16:00:00', '1.00', '7.00', NULL, NULL, NULL, NULL, NULL, NULL, NULL, NULL, 0, 0, '2021-12-14 15:26:51', '2021-12-14 15:26:51'),
(326, 1, '2021-12-16', '2021-12-16 07:00:00', '2021-12-16 16:00:00', '1.00', '8.00', NULL, NULL, NULL, NULL, NULL, NULL, NULL, NULL, 1, 1, '2021-12-15 23:13:33', '2021-12-15 23:13:33'),
(327, 2, '2021-12-16', '2021-12-16 07:00:00', '2021-12-16 16:00:00', '1.00', '8.00', NULL, NULL, NULL, NULL, NULL, NULL, NULL, NULL, 1, 1, '2021-12-15 23:13:33', '2021-12-15 23:13:33'),
(328, 4, '2021-12-16', '2021-12-16 07:00:00', '2021-12-16 16:00:00', '1.00', '8.00', NULL, NULL, NULL, NULL, NULL, NULL, NULL, NULL, 1, 1, '2021-12-15 23:13:33', '2021-12-15 23:13:33'),
(329, 5, '2021-12-16', '2021-12-16 07:00:00', '2021-12-16 16:00:00', '1.00', '8.00', NULL, NULL, NULL, NULL, NULL, NULL, NULL, NULL, 1, 1, '2021-12-15 23:13:33', '2021-12-15 23:13:33'),
(330, 7, '2021-12-16', '2021-12-16 07:00:00', '2021-12-16 16:00:00', '1.00', '8.00', NULL, NULL, NULL, NULL, NULL, NULL, NULL, NULL, 1, 1, '2021-12-15 23:13:33', '2021-12-15 23:13:33'),
(331, 20, '2021-12-16', '2021-12-16 07:00:00', '2021-12-16 16:00:00', '1.00', '8.00', NULL, NULL, NULL, NULL, NULL, NULL, NULL, NULL, 1, 1, '2021-12-15 23:13:33', '2021-12-15 23:13:33'),
(332, 22, '2021-12-16', '2021-12-16 07:00:00', '2021-12-16 16:00:00', '1.00', '8.00', NULL, NULL, NULL, NULL, NULL, NULL, NULL, NULL, 1, 1, '2021-12-15 23:13:33', '2021-12-15 23:13:33'),
(333, 23, '2021-12-16', '2021-12-16 07:00:00', '2021-12-16 16:00:00', '1.00', '8.00', NULL, NULL, NULL, NULL, NULL, NULL, NULL, NULL, 1, 1, '2021-12-15 23:13:33', '2021-12-15 23:13:33'),
(334, 28, '2021-12-16', '2021-12-16 07:00:00', '2021-12-16 16:00:00', '1.00', '8.00', NULL, NULL, NULL, NULL, NULL, NULL, NULL, NULL, 0, 0, '2021-12-16 00:12:28', '2021-12-16 00:12:28'),
(335, 1, '2021-12-17', '2021-12-17 07:00:00', '2021-12-17 16:00:00', '1.00', '8.00', NULL, NULL, NULL, NULL, NULL, NULL, NULL, NULL, 0, 0, '2021-12-16 21:10:30', '2021-12-16 21:10:30'),
(336, 2, '2021-12-17', '2021-12-17 07:00:00', '2021-12-17 16:00:00', '1.00', '8.00', NULL, NULL, NULL, NULL, NULL, NULL, NULL, NULL, 0, 0, '2021-12-16 21:10:30', '2021-12-16 21:10:30'),
(337, 4, '2021-12-17', '2021-12-17 07:00:00', '2021-12-17 16:00:00', '1.00', '8.00', NULL, NULL, NULL, NULL, NULL, NULL, NULL, NULL, 0, 0, '2021-12-16 21:10:30', '2021-12-16 21:10:30'),
(338, 5, '2021-12-17', '2021-12-17 07:00:00', '2021-12-17 16:00:00', '1.00', '8.00', NULL, NULL, NULL, NULL, NULL, NULL, NULL, NULL, 0, 0, '2021-12-16 21:10:30', '2021-12-16 21:10:30'),
(339, 7, '2021-12-17', '2021-12-17 07:00:00', '2021-12-17 16:00:00', '1.00', '8.00', NULL, NULL, NULL, NULL, NULL, NULL, NULL, NULL, 0, 0, '2021-12-16 21:10:30', '2021-12-16 21:10:30'),
(340, 20, '2021-12-17', '2021-12-17 07:00:00', '2021-12-17 16:00:00', '1.00', '8.00', NULL, NULL, NULL, NULL, NULL, NULL, NULL, NULL, 0, 0, '2021-12-16 21:10:30', '2021-12-16 21:10:30'),
(341, 22, '2021-12-17', '2021-12-17 07:00:00', '2021-12-17 16:00:00', '1.00', '8.00', NULL, NULL, NULL, NULL, NULL, NULL, NULL, NULL, 0, 0, '2021-12-16 21:10:30', '2021-12-16 21:10:30'),
(342, 23, '2021-12-17', '2021-12-17 07:00:00', '2021-12-17 16:00:00', '1.00', '8.00', NULL, NULL, NULL, NULL, NULL, NULL, NULL, NULL, 0, 0, '2021-12-16 21:10:30', '2021-12-16 21:10:30'),
(343, 28, '2021-12-17', '2021-12-17 07:00:00', '2021-12-17 16:00:00', '1.00', '8.00', NULL, NULL, NULL, NULL, NULL, NULL, NULL, NULL, 0, 0, '2021-12-16 21:10:30', '2021-12-16 21:10:30'),
(344, 1, '2021-12-18', '2021-12-18 00:00:00', '2021-12-18 00:00:00', '0.00', '0.00', NULL, NULL, NULL, NULL, NULL, NULL, NULL, NULL, 0, 0, '2021-12-18 02:52:49', '2021-12-18 02:52:49'),
(345, 2, '2021-12-18', '2021-12-18 00:00:00', '2021-12-18 00:00:00', '0.00', '0.00', NULL, NULL, NULL, NULL, NULL, NULL, NULL, NULL, 0, 0, '2021-12-18 02:52:49', '2021-12-18 02:52:49'),
(346, 4, '2021-12-18', '2021-12-18 00:00:00', '2021-12-18 00:00:00', '0.00', '0.00', NULL, NULL, NULL, NULL, NULL, NULL, NULL, NULL, 0, 0, '2021-12-18 02:52:49', '2021-12-18 02:52:49'),
(347, 5, '2021-12-18', '2021-12-18 00:00:00', '2021-12-18 00:00:00', '0.00', '0.00', NULL, NULL, NULL, NULL, NULL, NULL, NULL, NULL, 0, 0, '2021-12-18 02:52:49', '2021-12-18 02:52:49'),
(348, 7, '2021-12-18', '2021-12-18 00:00:00', '2021-12-18 00:00:00', '0.00', '0.00', NULL, NULL, NULL, NULL, NULL, NULL, NULL, NULL, 0, 0, '2021-12-18 02:52:49', '2021-12-18 02:52:49'),
(349, 20, '2021-12-18', '2021-12-18 00:00:00', '2021-12-18 00:00:00', '0.00', '0.00', NULL, NULL, NULL, NULL, NULL, NULL, NULL, NULL, 0, 0, '2021-12-18 02:52:49', '2021-12-18 02:52:49'),
(350, 22, '2021-12-18', '2021-12-18 00:00:00', '2021-12-18 00:00:00', '0.00', '0.00', NULL, NULL, NULL, NULL, NULL, NULL, NULL, NULL, 0, 0, '2021-12-18 02:52:49', '2021-12-18 02:52:49'),
(351, 23, '2021-12-18', '2021-12-18 00:00:00', '2021-12-18 00:00:00', '0.00', '0.00', NULL, NULL, NULL, NULL, NULL, NULL, NULL, NULL, 0, 0, '2021-12-18 02:52:49', '2021-12-18 02:52:49'),
(352, 1, '2021-12-19', '2021-12-19 00:00:00', '2021-12-19 00:00:00', '0.00', '0.00', NULL, NULL, NULL, NULL, NULL, NULL, NULL, NULL, 0, 0, '2021-12-18 23:30:51', '2021-12-18 23:30:51'),
(353, 2, '2021-12-19', '2021-12-19 00:00:00', '2021-12-19 00:00:00', '0.00', '0.00', NULL, NULL, NULL, NULL, NULL, NULL, NULL, NULL, 0, 0, '2021-12-18 23:30:51', '2021-12-18 23:30:51'),
(354, 4, '2021-12-19', '2021-12-19 00:00:00', '2021-12-19 00:00:00', '0.00', '0.00', NULL, NULL, NULL, NULL, NULL, NULL, NULL, NULL, 0, 0, '2021-12-18 23:30:51', '2021-12-18 23:30:51'),
(355, 5, '2021-12-19', '2021-12-19 00:00:00', '2021-12-19 00:00:00', '0.00', '0.00', NULL, NULL, NULL, NULL, NULL, NULL, NULL, NULL, 0, 0, '2021-12-18 23:30:51', '2021-12-18 23:30:51'),
(356, 7, '2021-12-19', '2021-12-19 00:00:00', '2021-12-19 00:00:00', '0.00', '0.00', NULL, NULL, NULL, NULL, NULL, NULL, NULL, NULL, 0, 0, '2021-12-18 23:30:51', '2021-12-18 23:30:51'),
(357, 20, '2021-12-19', '2021-12-19 00:00:00', '2021-12-19 00:00:00', '0.00', '0.00', NULL, NULL, NULL, NULL, NULL, NULL, NULL, NULL, 0, 0, '2021-12-18 23:30:51', '2021-12-18 23:30:51'),
(358, 22, '2021-12-19', '2021-12-19 00:00:00', '2021-12-19 00:00:00', '0.00', '0.00', NULL, NULL, NULL, NULL, NULL, NULL, NULL, NULL, 0, 0, '2021-12-18 23:30:51', '2021-12-18 23:30:51'),
(359, 23, '2021-12-19', '2021-12-19 00:00:00', '2021-12-19 00:00:00', '0.00', '0.00', NULL, NULL, NULL, NULL, NULL, NULL, NULL, NULL, 0, 0, '2021-12-18 23:30:51', '2021-12-18 23:30:51'),
(360, 1, '2021-12-20', '2021-12-20 07:00:00', '2021-12-20 16:00:00', '1.00', '8.00', NULL, NULL, NULL, NULL, NULL, NULL, NULL, NULL, 0, 0, '2021-12-19 23:05:35', '2021-12-19 23:05:35'),
(361, 2, '2021-12-20', '2021-12-20 07:00:00', '2021-12-20 16:00:00', '1.00', '8.00', NULL, NULL, NULL, NULL, NULL, NULL, NULL, NULL, 0, 0, '2021-12-19 23:05:35', '2021-12-19 23:05:35'),
(362, 4, '2021-12-20', '2021-12-20 07:00:00', '2021-12-20 16:00:00', '1.00', '8.00', NULL, NULL, NULL, NULL, NULL, NULL, NULL, NULL, 0, 0, '2021-12-19 23:05:35', '2021-12-19 23:05:35'),
(363, 5, '2021-12-20', '2021-12-20 07:00:00', '2021-12-20 16:00:00', '1.00', '8.00', NULL, NULL, NULL, NULL, NULL, NULL, NULL, NULL, 0, 0, '2021-12-19 23:05:35', '2021-12-19 23:05:35'),
(364, 7, '2021-12-20', '2021-12-20 07:00:00', '2021-12-20 16:00:00', '1.00', '8.00', NULL, NULL, NULL, NULL, NULL, NULL, NULL, NULL, 0, 0, '2021-12-19 23:05:35', '2021-12-19 23:05:35'),
(365, 20, '2021-12-20', '2021-12-20 07:00:00', '2021-12-20 16:00:00', '1.00', '8.00', NULL, NULL, NULL, NULL, NULL, NULL, NULL, NULL, 0, 0, '2021-12-19 23:05:35', '2021-12-19 23:05:35'),
(366, 22, '2021-12-20', '2021-12-20 07:00:00', '2021-12-20 16:00:00', '1.00', '8.00', NULL, NULL, NULL, NULL, NULL, NULL, NULL, NULL, 0, 0, '2021-12-19 23:05:35', '2021-12-19 23:05:35'),
(367, 23, '2021-12-20', '2021-12-20 07:00:00', '2021-12-20 16:00:00', '1.00', '8.00', NULL, NULL, NULL, NULL, NULL, NULL, NULL, NULL, 0, 0, '2021-12-19 23:05:35', '2021-12-19 23:05:35'),
(368, 1, '2021-12-21', '2021-12-21 07:00:00', '2021-12-21 16:00:00', '1.00', '8.00', NULL, NULL, NULL, NULL, NULL, NULL, NULL, NULL, 0, 0, '2021-12-20 18:34:54', '2021-12-20 18:34:54'),
(369, 4, '2021-12-21', '2021-12-21 07:00:00', '2021-12-21 16:00:00', '1.00', '8.00', NULL, NULL, NULL, NULL, NULL, NULL, NULL, NULL, 0, 0, '2021-12-20 18:34:54', '2021-12-20 18:34:54'),
(370, 5, '2021-12-21', '2021-12-21 07:00:00', '2021-12-21 16:00:00', '1.00', '8.00', NULL, NULL, NULL, NULL, NULL, NULL, NULL, NULL, 0, 0, '2021-12-20 18:34:54', '2021-12-20 18:34:54'),
(371, 20, '2021-12-21', '2021-12-21 07:00:00', '2021-12-21 16:00:00', '1.00', '8.00', NULL, NULL, NULL, NULL, NULL, NULL, NULL, NULL, 0, 0, '2021-12-20 18:34:54', '2021-12-20 18:34:54'),
(372, 23, '2021-12-21', '2021-12-21 07:00:00', '2021-12-21 16:00:00', '1.00', '8.00', NULL, NULL, NULL, NULL, NULL, NULL, NULL, NULL, 0, 0, '2021-12-20 18:34:54', '2021-12-20 18:34:54'),
(373, 2, '2021-12-21', '2021-12-21 07:00:00', '2021-12-21 16:00:00', '1.00', '8.00', NULL, NULL, NULL, NULL, NULL, NULL, NULL, NULL, 0, 0, '2021-12-20 23:44:22', '2021-12-20 23:44:22'),
(374, 1, '2021-12-22', '2021-12-22 07:00:00', '2021-12-22 16:00:00', '1.00', '8.00', NULL, NULL, NULL, NULL, NULL, NULL, NULL, NULL, 0, 0, '2021-12-21 16:16:13', '2021-12-21 16:16:13'),
(375, 2, '2021-12-22', '2021-12-22 07:00:00', '2021-12-22 16:00:00', '1.00', '8.00', NULL, NULL, NULL, NULL, NULL, NULL, NULL, NULL, 0, 0, '2021-12-21 16:16:13', '2021-12-21 16:16:13'),
(376, 4, '2021-12-22', '2021-12-22 07:00:00', '2021-12-22 16:00:00', '1.00', '8.00', NULL, NULL, NULL, NULL, NULL, NULL, NULL, NULL, 0, 0, '2021-12-21 16:16:13', '2021-12-21 16:16:13'),
(377, 5, '2021-12-22', '2021-12-22 07:00:00', '2021-12-22 16:00:00', '1.00', '8.00', NULL, NULL, NULL, NULL, NULL, NULL, NULL, NULL, 0, 0, '2021-12-21 16:16:13', '2021-12-21 16:16:13'),
(378, 20, '2021-12-22', '2021-12-22 07:00:00', '2021-12-22 16:00:00', '1.00', '8.00', NULL, NULL, NULL, NULL, NULL, NULL, NULL, NULL, 0, 0, '2021-12-21 16:16:13', '2021-12-21 16:16:13'),
(379, 23, '2021-12-22', '2021-12-22 07:00:00', '2021-12-22 16:00:00', '1.00', '8.00', NULL, NULL, NULL, NULL, NULL, NULL, NULL, NULL, 0, 0, '2021-12-21 16:16:13', '2021-12-21 16:16:13'),
(380, 1, '2021-12-23', '2021-12-23 07:00:00', '2021-12-23 16:00:00', '1.00', '8.00', NULL, NULL, NULL, NULL, NULL, NULL, NULL, NULL, 0, 0, '2021-12-22 23:29:27', '2021-12-22 23:29:27'),
(381, 2, '2021-12-23', '2021-12-23 07:00:00', '2021-12-23 16:00:00', '1.00', '8.00', NULL, NULL, NULL, NULL, NULL, NULL, NULL, NULL, 0, 0, '2021-12-22 23:29:27', '2021-12-22 23:29:27'),
(382, 4, '2021-12-23', '2021-12-23 07:00:00', '2021-12-23 16:00:00', '1.00', '8.00', NULL, NULL, NULL, NULL, NULL, NULL, NULL, NULL, 0, 0, '2021-12-22 23:29:27', '2021-12-22 23:29:27'),
(383, 5, '2021-12-23', '2021-12-23 07:00:00', '2021-12-23 16:00:00', '1.00', '8.00', NULL, NULL, NULL, NULL, NULL, NULL, NULL, NULL, 0, 0, '2021-12-22 23:29:27', '2021-12-22 23:29:27'),
(384, 20, '2021-12-23', '2021-12-23 07:00:00', '2021-12-23 16:00:00', '1.00', '8.00', NULL, NULL, NULL, NULL, NULL, NULL, NULL, NULL, 0, 0, '2021-12-22 23:29:27', '2021-12-22 23:29:27'),
(385, 23, '2021-12-23', '2021-12-23 07:00:00', '2021-12-23 16:00:00', '1.00', '8.00', NULL, NULL, NULL, NULL, NULL, NULL, NULL, NULL, 0, 0, '2021-12-22 23:29:27', '2021-12-22 23:29:27'),
(386, 7, '2021-12-23', '2021-12-23 07:00:00', '2021-12-23 16:00:00', '1.00', '8.00', NULL, NULL, NULL, NULL, NULL, NULL, NULL, NULL, 20, 20, '2021-12-23 00:06:56', '2021-12-23 00:06:56'),
(387, 1, '2021-12-24', '2021-12-24 07:00:00', '2021-12-24 16:00:00', '1.00', '8.00', NULL, NULL, NULL, NULL, NULL, NULL, NULL, NULL, 0, 0, '2021-12-23 23:39:21', '2021-12-23 23:39:21'),
(388, 2, '2021-12-24', '2021-12-24 07:00:00', '2021-12-24 16:00:00', '1.00', '8.00', NULL, NULL, NULL, NULL, NULL, NULL, NULL, NULL, 0, 0, '2021-12-23 23:39:21', '2021-12-23 23:39:21'),
(389, 4, '2021-12-24', '2021-12-24 07:00:00', '2021-12-24 16:00:00', '1.00', '8.00', NULL, NULL, NULL, NULL, NULL, NULL, NULL, NULL, 0, 0, '2021-12-23 23:39:21', '2021-12-23 23:39:21'),
(390, 5, '2021-12-24', '2021-12-24 07:00:00', '2021-12-24 16:00:00', '1.00', '8.00', NULL, NULL, NULL, NULL, NULL, NULL, NULL, NULL, 0, 0, '2021-12-23 23:39:21', '2021-12-23 23:39:21'),
(391, 20, '2021-12-24', '2021-12-24 07:00:00', '2021-12-24 16:00:00', '1.00', '8.00', NULL, NULL, NULL, NULL, NULL, NULL, NULL, NULL, 0, 0, '2021-12-23 23:39:21', '2021-12-23 23:39:21'),
(392, 23, '2021-12-24', '2021-12-24 07:00:00', '2021-12-24 16:00:00', '1.00', '8.00', NULL, NULL, NULL, NULL, NULL, NULL, NULL, NULL, 0, 0, '2021-12-23 23:39:21', '2021-12-23 23:39:21'),
(393, 7, '2021-12-24', '2021-12-24 07:00:00', '2021-12-24 16:00:00', '1.00', '8.00', NULL, NULL, NULL, NULL, NULL, NULL, NULL, NULL, 0, 0, '2021-12-24 00:49:26', '2021-12-24 00:49:26'),
(394, 1, '2021-12-25', '2021-12-25 00:00:00', '2021-12-25 00:00:00', '0.00', '0.00', NULL, NULL, NULL, NULL, NULL, NULL, NULL, NULL, 0, 0, '2021-12-25 03:42:22', '2021-12-25 03:42:22'),
(395, 2, '2021-12-25', '2021-12-25 00:00:00', '2021-12-25 00:00:00', '0.00', '0.00', NULL, NULL, NULL, NULL, NULL, NULL, NULL, NULL, 0, 0, '2021-12-25 03:42:22', '2021-12-25 03:42:22'),
(396, 4, '2021-12-25', '2021-12-25 00:00:00', '2021-12-25 00:00:00', '0.00', '0.00', NULL, NULL, NULL, NULL, NULL, NULL, NULL, NULL, 0, 0, '2021-12-25 03:42:22', '2021-12-25 03:42:22'),
(397, 5, '2021-12-25', '2021-12-25 00:00:00', '2021-12-25 00:00:00', '0.00', '0.00', NULL, NULL, NULL, NULL, NULL, NULL, NULL, NULL, 0, 0, '2021-12-25 03:42:22', '2021-12-25 03:42:22'),
(398, 7, '2021-12-25', '2021-12-25 00:00:00', '2021-12-25 00:00:00', '0.00', '0.00', NULL, NULL, NULL, NULL, NULL, NULL, NULL, NULL, 0, 0, '2021-12-25 03:42:22', '2021-12-25 03:42:22'),
(399, 20, '2021-12-25', '2021-12-25 00:00:00', '2021-12-25 00:00:00', '0.00', '0.00', NULL, NULL, NULL, NULL, NULL, NULL, NULL, NULL, 0, 0, '2021-12-25 03:42:22', '2021-12-25 03:42:22'),
(400, 23, '2021-12-25', '2021-12-25 00:00:00', '2021-12-25 00:00:00', '0.00', '0.00', NULL, NULL, NULL, NULL, NULL, NULL, NULL, NULL, 0, 0, '2021-12-25 03:42:22', '2021-12-25 03:42:22'),
(401, 1, '2021-12-26', '2021-12-26 00:00:00', '2021-12-26 00:00:00', '0.00', '0.00', NULL, NULL, NULL, NULL, NULL, NULL, NULL, NULL, 0, 0, '2021-12-26 11:05:05', '2021-12-26 11:05:05'),
(402, 2, '2021-12-26', '2021-12-26 00:00:00', '2021-12-26 00:00:00', '0.00', '0.00', NULL, NULL, NULL, NULL, NULL, NULL, NULL, NULL, 0, 0, '2021-12-26 11:05:05', '2021-12-26 11:05:05'),
(403, 4, '2021-12-26', '2021-12-26 00:00:00', '2021-12-26 00:00:00', '0.00', '0.00', NULL, NULL, NULL, NULL, NULL, NULL, NULL, NULL, 0, 0, '2021-12-26 11:05:05', '2021-12-26 11:05:05'),
(404, 5, '2021-12-26', '2021-12-26 00:00:00', '2021-12-26 00:00:00', '0.00', '0.00', NULL, NULL, NULL, NULL, NULL, NULL, NULL, NULL, 0, 0, '2021-12-26 11:05:05', '2021-12-26 11:05:05'),
(405, 7, '2021-12-26', '2021-12-26 00:00:00', '2021-12-26 00:00:00', '0.00', '0.00', NULL, NULL, NULL, NULL, NULL, NULL, NULL, NULL, 0, 0, '2021-12-26 11:05:05', '2021-12-26 11:05:05'),
(406, 20, '2021-12-26', '2021-12-26 00:00:00', '2021-12-26 00:00:00', '0.00', '0.00', NULL, NULL, NULL, NULL, NULL, NULL, NULL, NULL, 0, 0, '2021-12-26 11:05:05', '2021-12-26 11:05:05'),
(407, 23, '2021-12-26', '2021-12-26 00:00:00', '2021-12-26 00:00:00', '0.00', '0.00', NULL, NULL, NULL, NULL, NULL, NULL, NULL, NULL, 0, 0, '2021-12-26 11:05:05', '2021-12-26 11:05:05'),
(408, 1, '2021-12-27', '2021-12-27 07:00:00', '2021-12-27 16:00:00', '2.00', '7.00', NULL, NULL, NULL, NULL, NULL, NULL, NULL, NULL, 0, 0, '2021-12-26 23:32:10', '2021-12-26 23:32:10'),
(409, 2, '2021-12-27', '2021-12-27 07:00:00', '2021-12-27 16:00:00', '2.00', '7.00', NULL, NULL, NULL, NULL, NULL, NULL, NULL, NULL, 0, 0, '2021-12-26 23:32:10', '2021-12-26 23:32:10'),
(410, 4, '2021-12-27', '2021-12-27 07:00:00', '2021-12-27 16:00:00', '2.00', '7.00', NULL, NULL, NULL, NULL, NULL, NULL, NULL, NULL, 0, 0, '2021-12-26 23:32:10', '2021-12-26 23:32:10'),
(411, 5, '2021-12-27', '2021-12-27 07:00:00', '2021-12-27 16:00:00', '2.00', '7.00', NULL, NULL, NULL, NULL, NULL, NULL, NULL, NULL, 0, 0, '2021-12-26 23:32:10', '2021-12-26 23:32:10'),
(412, 7, '2021-12-27', '2021-12-27 07:00:00', '2021-12-27 16:00:00', '2.00', '7.00', NULL, NULL, NULL, NULL, NULL, NULL, NULL, NULL, 0, 0, '2021-12-26 23:32:10', '2021-12-26 23:32:10'),
(413, 20, '2021-12-27', '2021-12-27 07:00:00', '2021-12-27 16:00:00', '2.00', '7.00', NULL, NULL, NULL, NULL, NULL, NULL, NULL, NULL, 0, 0, '2021-12-26 23:32:10', '2021-12-26 23:32:10'),
(414, 23, '2021-12-27', '2021-12-27 07:00:00', '2021-12-27 16:00:00', '2.00', '7.00', NULL, NULL, NULL, NULL, NULL, NULL, NULL, NULL, 0, 0, '2021-12-26 23:32:10', '2021-12-26 23:32:10'),
(415, 1, '2021-12-28', '2021-12-28 07:00:00', '2021-12-28 16:00:00', '1.00', '8.00', NULL, NULL, NULL, NULL, NULL, NULL, NULL, NULL, 0, 0, '2021-12-27 20:58:36', '2021-12-27 20:58:36'),
(416, 2, '2021-12-28', '2021-12-28 07:00:00', '2021-12-28 16:00:00', '1.00', '8.00', NULL, NULL, NULL, NULL, NULL, NULL, NULL, NULL, 0, 0, '2021-12-27 20:58:36', '2021-12-27 20:58:36'),
(417, 4, '2021-12-28', '2021-12-28 07:00:00', '2021-12-28 16:00:00', '1.00', '8.00', NULL, NULL, NULL, NULL, NULL, NULL, NULL, NULL, 0, 0, '2021-12-27 20:58:36', '2021-12-27 20:58:36'),
(418, 5, '2021-12-28', '2021-12-28 07:00:00', '2021-12-28 16:00:00', '1.00', '8.00', NULL, NULL, NULL, NULL, NULL, NULL, NULL, NULL, 0, 0, '2021-12-27 20:58:36', '2021-12-27 20:58:36'),
(419, 7, '2021-12-28', '2021-12-28 07:00:00', '2021-12-28 16:00:00', '1.00', '8.00', NULL, NULL, NULL, NULL, NULL, NULL, NULL, NULL, 0, 0, '2021-12-27 20:58:36', '2021-12-27 20:58:36'),
(420, 20, '2021-12-28', '2021-12-28 07:00:00', '2021-12-28 16:00:00', '1.00', '8.00', NULL, NULL, NULL, NULL, NULL, NULL, NULL, NULL, 0, 0, '2021-12-27 20:58:36', '2021-12-27 20:58:36'),
(421, 23, '2021-12-28', '2021-12-28 07:00:00', '2021-12-28 16:00:00', '1.00', '8.00', NULL, NULL, NULL, NULL, NULL, NULL, NULL, NULL, 0, 0, '2021-12-27 20:58:36', '2021-12-27 20:58:36'),
(422, 1, '2021-12-29', '2021-12-29 07:00:00', '2021-12-29 16:00:00', '1.00', '8.00', NULL, NULL, NULL, NULL, NULL, NULL, NULL, NULL, 0, 0, '2021-12-28 22:08:04', '2021-12-28 22:08:04'),
(423, 2, '2021-12-29', '2021-12-29 07:00:00', '2021-12-29 16:00:00', '1.00', '8.00', NULL, NULL, NULL, NULL, NULL, NULL, NULL, NULL, 0, 0, '2021-12-28 22:08:04', '2021-12-28 22:08:04'),
(424, 4, '2021-12-29', '2021-12-29 07:00:00', '2021-12-29 16:00:00', '1.00', '8.00', NULL, NULL, NULL, NULL, NULL, NULL, NULL, NULL, 0, 0, '2021-12-28 22:08:04', '2021-12-28 22:08:04'),
(425, 5, '2021-12-29', '2021-12-29 07:00:00', '2021-12-29 16:00:00', '1.00', '8.00', NULL, NULL, NULL, NULL, NULL, NULL, NULL, NULL, 0, 0, '2021-12-28 22:08:04', '2021-12-28 22:08:04'),
(426, 20, '2021-12-29', '2021-12-29 07:00:00', '2021-12-29 16:00:00', '1.00', '8.00', NULL, NULL, NULL, NULL, NULL, NULL, NULL, NULL, 0, 0, '2021-12-28 22:08:04', '2021-12-28 22:08:04'),
(427, 23, '2021-12-29', '2021-12-29 07:00:00', '2021-12-29 16:00:00', '1.00', '8.00', NULL, NULL, NULL, NULL, NULL, NULL, NULL, NULL, 0, 0, '2021-12-28 22:08:04', '2021-12-28 22:08:04'),
(428, 1, '2021-12-31', '2021-12-31 07:00:00', '2021-12-31 16:00:00', '1.00', '8.00', NULL, NULL, NULL, NULL, NULL, NULL, NULL, NULL, 1, 1, '2021-12-30 23:00:09', '2021-12-30 23:00:09'),
(429, 2, '2021-12-31', '2021-12-31 07:00:00', '2021-12-31 16:00:00', '1.00', '8.00', NULL, NULL, NULL, NULL, NULL, NULL, NULL, NULL, 1, 1, '2021-12-30 23:00:09', '2021-12-30 23:00:09'),
(430, 4, '2021-12-31', '2021-12-31 07:00:00', '2021-12-31 16:00:00', '1.00', '8.00', NULL, NULL, NULL, NULL, NULL, NULL, NULL, NULL, 1, 1, '2021-12-30 23:00:09', '2021-12-30 23:00:09'),
(431, 5, '2021-12-31', '2021-12-31 07:00:00', '2021-12-31 16:00:00', '1.00', '8.00', NULL, NULL, NULL, NULL, NULL, NULL, NULL, NULL, 1, 1, '2021-12-30 23:00:09', '2021-12-30 23:00:09'),
(432, 20, '2021-12-31', '2021-12-31 07:00:00', '2021-12-31 16:00:00', '1.00', '8.00', NULL, NULL, NULL, NULL, NULL, NULL, NULL, NULL, 1, 1, '2021-12-30 23:00:09', '2021-12-30 23:00:09'),
(433, 23, '2021-12-31', '2021-12-31 07:00:00', '2021-12-31 16:00:00', '1.00', '8.00', NULL, NULL, NULL, NULL, NULL, NULL, NULL, NULL, 1, 1, '2021-12-30 23:00:09', '2021-12-30 23:00:09');

-- --------------------------------------------------------

--
-- Table structure for table `hris_employee_documents_tbl`
--

CREATE TABLE `hris_employee_documents_tbl` (
  `documentID` bigint(20) NOT NULL,
  `employeeID` bigint(20) NOT NULL,
  `documentType` varchar(100) DEFAULT NULL,
  `filename` text DEFAULT NULL,
  `filetype` varchar(20) DEFAULT NULL,
  `createdBy` bigint(20) NOT NULL,
  `updatedBy` bigint(20) NOT NULL,
  `createdAt` timestamp NOT NULL DEFAULT current_timestamp(),
  `updatedAt` timestamp NOT NULL DEFAULT current_timestamp() ON UPDATE current_timestamp()
) ENGINE=InnoDB DEFAULT CHARSET=utf8mb4;

--
-- Dumping data for table `hris_employee_documents_tbl`
--

INSERT INTO `hris_employee_documents_tbl` (`documentID`, `employeeID`, `documentType`, `filename`, `filetype`, `createdBy`, `updatedBy`, `createdAt`, `updatedAt`) VALUES
(92, 9, 'Others', 'System Coding Standardso01619164393.docx', 'application', 1, 1, '2021-04-23 07:53:13', '2021-04-23 07:53:13'),
(93, 19, 'Contract and Appraisal', 'System Coding Standardsca01619165689.docx', 'application', 1, 1, '2021-04-23 08:14:49', '2021-04-23 08:14:49'),
(94, 19, 'Training and Development', 'IMG_1956td01619165720.JPG', 'image', 1, 1, '2021-04-23 08:15:20', '2021-04-23 08:15:20'),
(95, 19, 'Others', 'System Coding Standardso01619165720.docx', 'application', 1, 1, '2021-04-23 08:15:20', '2021-04-23 08:15:20'),
(97, 19, 'Training and Development', 'IMG_2021td01619165799.JPG', 'image', 1, 1, '2021-04-23 08:16:39', '2021-04-23 08:16:39'),
(98, 1, 'Contract and Appraisal', 'logoca01619403200.png', 'image', 1, 1, '2021-04-26 02:13:20', '2021-04-26 02:13:20'),
(99, 20, 'Contract and Appraisal', 'BCGI-Personnel Requisition Formca01619666076.docx', 'application', 1, 1, '2021-04-29 03:14:36', '2021-04-29 03:14:36'),
(101, 2, 'Contract and Appraisal', 'defaultca01620790806.png', 'image', 1, 1, '2021-05-12 03:40:06', '2021-05-12 03:40:06');

-- --------------------------------------------------------

--
-- Table structure for table `hris_employee_leave_tbl`
--

CREATE TABLE `hris_employee_leave_tbl` (
  `employeeLeaveID` bigint(20) NOT NULL,
  `employeeID` bigint(20) NOT NULL,
  `leaveID` bigint(20) NOT NULL,
  `leaveCredit` decimal(10,2) NOT NULL,
  `leaveAccumulated` decimal(10,2) NOT NULL,
  `createdBy` bigint(20) NOT NULL,
  `updatedBy` bigint(20) NOT NULL,
  `createdAt` timestamp NOT NULL DEFAULT current_timestamp(),
  `updatedAt` timestamp NOT NULL DEFAULT current_timestamp() ON UPDATE current_timestamp()
) ENGINE=InnoDB DEFAULT CHARSET=utf8mb4;

--
-- Dumping data for table `hris_employee_leave_tbl`
--

INSERT INTO `hris_employee_leave_tbl` (`employeeLeaveID`, `employeeID`, `leaveID`, `leaveCredit`, `leaveAccumulated`, `createdBy`, `updatedBy`, `createdAt`, `updatedAt`) VALUES
(3, 12, 1, '10.00', '0.00', 1, 1, '2021-04-22 01:49:37', '2021-04-22 01:49:37'),
(4, 12, 2, '10.00', '0.00', 1, 1, '2021-04-22 01:49:37', '2021-04-22 01:49:37'),
(5, 13, 1, '10.00', '0.00', 1, 1, '2021-04-22 01:52:42', '2021-04-22 01:52:42'),
(6, 13, 2, '10.00', '0.00', 1, 1, '2021-04-22 01:52:42', '2021-04-22 01:52:42'),
(7, 14, 1, '10.00', '0.00', 1, 1, '2021-04-22 01:55:15', '2021-04-22 01:55:15'),
(8, 14, 2, '10.00', '0.00', 1, 1, '2021-04-22 01:55:15', '2021-04-22 01:55:15'),
(9, 15, 1, '5.00', '0.00', 1, 1, '2021-04-22 02:35:48', '2021-04-22 02:35:48'),
(10, 15, 2, '8.00', '0.00', 1, 1, '2021-04-22 02:35:48', '2021-04-22 05:16:21'),
(11, 16, 1, '30.00', '0.00', 1, 1, '2021-04-22 05:35:35', '2021-04-22 05:35:35'),
(12, 16, 2, '17.00', '0.00', 1, 1, '2021-04-22 05:35:35', '2021-04-22 05:35:35'),
(638, 1, 1, '5.00', '283.04', 1, 1, '2021-09-20 07:22:22', '2021-12-29 00:52:34'),
(639, 1, 2, '4.00', '0.00', 1, 1, '2021-09-20 07:22:22', '2021-09-20 07:22:22'),
(640, 1, 3, '10.00', '0.00', 1, 1, '2021-09-20 07:22:22', '2021-09-20 07:22:22'),
(641, 1, 4, '5.00', '0.00', 1, 1, '2021-09-20 07:22:22', '2021-09-20 07:22:22'),
(775, 23, 1, '7.00', '314.47', 1, 1, '2021-10-26 05:55:19', '2021-12-29 00:52:34'),
(776, 23, 2, '0.00', '0.00', 1, 1, '2021-10-26 05:55:19', '2021-10-26 05:55:19'),
(777, 23, 3, '0.00', '0.00', 1, 1, '2021-10-26 05:55:19', '2021-10-26 05:55:19'),
(778, 23, 4, '0.00', '0.00', 1, 1, '2021-10-26 05:55:19', '2021-10-26 05:55:19'),
(779, 23, 5, '0.00', '0.00', 1, 1, '2021-10-26 05:55:19', '2021-10-26 05:55:19'),
(855, 21, 1, '0.00', '0.00', 20, 20, '2021-12-02 07:29:48', '2021-12-02 07:29:48'),
(856, 21, 2, '0.00', '0.00', 20, 20, '2021-12-02 07:29:48', '2021-12-02 07:29:48'),
(857, 21, 3, '0.00', '0.00', 20, 20, '2021-12-02 07:29:48', '2021-12-02 07:29:48'),
(858, 21, 4, '0.00', '0.00', 20, 20, '2021-12-02 07:29:48', '2021-12-02 07:29:48'),
(859, 21, 5, '0.00', '0.00', 20, 20, '2021-12-02 07:29:48', '2021-12-02 07:29:48'),
(930, 4, 1, '0.00', '0.00', 1, 1, '2021-12-07 01:40:55', '2021-12-07 01:40:55'),
(931, 4, 2, '0.00', '0.00', 1, 1, '2021-12-07 01:40:55', '2021-12-07 01:40:55'),
(932, 4, 3, '0.00', '0.00', 1, 1, '2021-12-07 01:40:55', '2021-12-07 01:40:55'),
(933, 4, 4, '0.00', '0.00', 1, 1, '2021-12-07 01:40:55', '2021-12-07 01:40:55'),
(934, 4, 5, '0.00', '0.00', 1, 1, '2021-12-07 01:40:55', '2021-12-07 01:40:55'),
(995, 19, 1, '5.00', '0.00', 2, 2, '2021-12-14 01:32:25', '2021-12-14 01:32:25'),
(996, 19, 2, '14.00', '0.00', 2, 2, '2021-12-14 01:32:25', '2021-12-14 01:32:25'),
(997, 19, 3, '0.00', '0.00', 2, 2, '2021-12-14 01:32:25', '2021-12-14 01:32:25'),
(998, 19, 4, '0.00', '0.00', 2, 2, '2021-12-14 01:32:25', '2021-12-14 01:32:25'),
(999, 19, 5, '0.00', '0.00', 2, 2, '2021-12-14 01:32:25', '2021-12-14 01:32:25'),
(1000, 5, 1, '0.00', '0.00', 2, 2, '2021-12-14 01:32:56', '2021-12-14 01:32:56'),
(1001, 5, 2, '0.00', '0.00', 2, 2, '2021-12-14 01:32:56', '2021-12-14 01:32:56'),
(1002, 5, 3, '0.00', '0.00', 2, 2, '2021-12-14 01:32:56', '2021-12-14 01:32:56'),
(1003, 5, 4, '0.00', '0.00', 2, 2, '2021-12-14 01:32:56', '2021-12-14 01:32:56'),
(1004, 5, 5, '0.00', '0.00', 2, 2, '2021-12-14 01:32:56', '2021-12-14 01:32:56'),
(1110, 27, 1, '0.58', '61.48', 20, 20, '2021-12-17 02:39:17', '2021-12-17 02:39:17'),
(1111, 27, 2, '7.00', '0.00', 20, 20, '2021-12-17 02:39:17', '2021-12-17 02:39:17'),
(1112, 27, 3, '0.00', '0.00', 20, 20, '2021-12-17 02:39:17', '2021-12-17 02:39:17'),
(1113, 27, 4, '0.00', '0.00', 20, 20, '2021-12-17 02:39:17', '2021-12-17 02:39:17'),
(1114, 27, 5, '0.00', '0.00', 20, 20, '2021-12-17 02:39:17', '2021-12-17 02:39:17'),
(1115, 9, 1, '4.00', '98.27', 20, 20, '2021-12-17 02:39:42', '2021-12-17 02:39:42'),
(1116, 9, 2, '5.00', '0.00', 20, 20, '2021-12-17 02:39:42', '2021-12-17 02:39:42'),
(1117, 9, 3, '0.00', '0.00', 20, 20, '2021-12-17 02:39:42', '2021-12-17 02:39:42'),
(1118, 9, 4, '0.00', '0.00', 20, 20, '2021-12-17 02:39:42', '2021-12-17 02:39:42'),
(1119, 9, 5, '0.00', '0.00', 20, 20, '2021-12-17 02:39:42', '2021-12-17 02:39:42'),
(1120, 8, 1, '0.00', '0.00', 20, 20, '2021-12-17 02:41:03', '2021-12-17 02:41:03'),
(1121, 8, 2, '0.00', '0.00', 20, 20, '2021-12-17 02:41:03', '2021-12-17 02:41:03'),
(1122, 8, 3, '0.00', '0.00', 20, 20, '2021-12-17 02:41:03', '2021-12-17 02:41:03'),
(1123, 8, 4, '0.00', '0.00', 20, 20, '2021-12-17 02:41:03', '2021-12-17 02:41:03'),
(1124, 8, 5, '0.00', '0.00', 20, 20, '2021-12-17 02:41:03', '2021-12-17 02:41:03'),
(1125, 6, 1, '0.00', '4.17', 20, 20, '2021-12-17 02:41:26', '2021-12-17 02:41:26'),
(1126, 6, 2, '0.00', '0.00', 20, 20, '2021-12-17 02:41:26', '2021-12-17 02:41:26'),
(1127, 6, 3, '0.00', '0.00', 20, 20, '2021-12-17 02:41:26', '2021-12-17 02:41:26'),
(1128, 6, 4, '0.00', '0.00', 20, 20, '2021-12-17 02:41:26', '2021-12-17 02:41:26'),
(1129, 6, 5, '0.00', '0.00', 20, 20, '2021-12-17 02:41:26', '2021-12-17 02:41:26'),
(1130, 3, 1, '0.00', '0.00', 20, 20, '2021-12-17 02:42:08', '2021-12-17 02:42:08'),
(1131, 3, 2, '0.00', '0.00', 20, 20, '2021-12-17 02:42:08', '2021-12-17 02:42:08'),
(1132, 3, 3, '1.00', '0.00', 20, 20, '2021-12-17 02:42:08', '2021-12-17 02:42:08'),
(1133, 3, 4, '1.00', '0.00', 20, 20, '2021-12-17 02:42:08', '2021-12-17 02:42:08'),
(1134, 3, 5, '0.00', '0.00', 20, 20, '2021-12-17 02:42:08', '2021-12-17 02:42:08'),
(1180, 2, 1, '0.00', '240.39', 2, 2, '2021-12-22 05:40:49', '2021-12-29 00:52:34'),
(1181, 2, 2, '4.00', '0.00', 2, 2, '2021-12-22 05:40:49', '2021-12-29 00:48:58'),
(1182, 2, 3, '0.00', '0.00', 2, 2, '2021-12-22 05:40:49', '2021-12-22 05:40:49'),
(1183, 2, 4, '0.00', '0.00', 2, 2, '2021-12-22 05:40:49', '2021-12-22 05:40:49'),
(1184, 2, 5, '0.00', '0.00', 2, 2, '2021-12-22 05:40:49', '2021-12-22 05:40:49'),
(1185, 22, 1, '0.00', '108.33', 20, 20, '2021-12-22 23:59:05', '2021-12-22 23:59:05'),
(1186, 22, 2, '0.00', '0.00', 20, 20, '2021-12-22 23:59:05', '2021-12-22 23:59:05'),
(1187, 22, 3, '0.00', '0.00', 20, 20, '2021-12-22 23:59:05', '2021-12-22 23:59:05'),
(1188, 22, 4, '0.00', '0.00', 20, 20, '2021-12-22 23:59:05', '2021-12-22 23:59:05'),
(1189, 22, 5, '0.00', '0.00', 20, 20, '2021-12-22 23:59:05', '2021-12-22 23:59:05'),
(1205, 28, 1, '0.00', '0.00', 20, 20, '2021-12-23 00:19:55', '2021-12-23 00:19:55'),
(1206, 28, 2, '0.00', '0.00', 20, 20, '2021-12-23 00:19:55', '2021-12-23 00:19:55'),
(1207, 28, 3, '0.00', '0.00', 20, 20, '2021-12-23 00:19:55', '2021-12-23 00:19:55'),
(1208, 28, 4, '0.00', '0.00', 20, 20, '2021-12-23 00:19:55', '2021-12-23 00:19:55'),
(1209, 28, 5, '3.00', '0.00', 20, 20, '2021-12-23 00:19:55', '2021-12-23 00:19:55'),
(1220, 20, 1, '0.00', '86.62', 20, 20, '2021-12-27 05:15:48', '2021-12-29 00:52:34'),
(1221, 20, 2, '6.00', '0.00', 20, 20, '2021-12-27 05:15:48', '2021-12-28 23:53:00'),
(1222, 20, 3, '4.00', '0.00', 20, 20, '2021-12-27 05:15:48', '2021-12-27 05:15:48'),
(1223, 20, 4, '0.00', '0.00', 20, 20, '2021-12-27 05:15:48', '2021-12-27 05:15:48'),
(1224, 20, 5, '5.00', '0.00', 20, 20, '2021-12-27 05:15:48', '2021-12-27 05:15:48'),
(1230, 7, 1, '2.00', '149.94', 20, 20, '2021-12-28 00:25:07', '2021-12-28 00:25:07'),
(1231, 7, 2, '0.00', '0.00', 20, 20, '2021-12-28 00:25:07', '2021-12-28 00:25:07'),
(1232, 7, 3, '0.00', '0.00', 20, 20, '2021-12-28 00:25:07', '2021-12-28 00:25:07'),
(1233, 7, 4, '0.00', '0.00', 20, 20, '2021-12-28 00:25:07', '2021-12-28 00:25:07'),
(1234, 7, 5, '0.00', '0.00', 20, 20, '2021-12-28 00:25:07', '2021-12-28 00:25:07');

-- --------------------------------------------------------

--
-- Table structure for table `hris_employee_list_tbl`
--

CREATE TABLE `hris_employee_list_tbl` (
  `employeeID` bigint(20) NOT NULL,
  `employeeCode` varchar(100) DEFAULT NULL,
  `departmentID` bigint(20) NOT NULL,
  `designationID` bigint(20) NOT NULL,
  `roleID` bigint(20) NOT NULL,
  `scheduleID` bigint(20) NOT NULL,
  `bankID` bigint(20) NOT NULL,
  `employeeFirstname` varchar(100) NOT NULL,
  `employeeMiddlename` varchar(100) DEFAULT NULL,
  `employeeLastname` varchar(100) NOT NULL,
  `employeeRanking` varchar(100) DEFAULT NULL,
  `employeeRankingCredit` decimal(10,2) DEFAULT NULL,
  `employeeLeaveInterval` bigint(20) NOT NULL,
  `employeeMobile` varchar(50) DEFAULT NULL,
  `employeeEmail` text NOT NULL,
  `employeeUsername` text NOT NULL,
  `employeePassword` text NOT NULL,
  `employeeEncryptedPassword` text DEFAULT NULL,
  `employeeBankAccountName` varchar(100) DEFAULT NULL,
  `employeeBankAccountNo` varchar(100) DEFAULT NULL,
  `employeeProfile` varchar(100) DEFAULT NULL,
  `employeeGender` varchar(20) NOT NULL,
  `employeeBirthday` date DEFAULT NULL,
  `employeeSignature` text DEFAULT NULL,
  `employeeCitizenship` varchar(20) DEFAULT NULL,
  `employeeCivilStatus` varchar(50) NOT NULL,
  `employeeTIN` varchar(100) DEFAULT NULL,
  `employeeSSS` varchar(100) DEFAULT NULL,
  `employeePhilHealth` varchar(100) DEFAULT NULL,
  `employeePagibig` varchar(100) DEFAULT NULL,
  `employeeRegion` varchar(100) DEFAULT NULL,
  `employeeProvince` varchar(100) DEFAULT NULL,
  `employeeCity` varchar(100) DEFAULT NULL,
  `employeeBarangay` varchar(100) DEFAULT NULL,
  `employeeUnit` varchar(20) DEFAULT NULL,
  `employeeBuilding` varchar(100) DEFAULT NULL,
  `employeeStreet` varchar(100) DEFAULT NULL,
  `employeeSubdivision` varchar(100) DEFAULT NULL,
  `employeeCountry` varchar(100) DEFAULT NULL,
  `employeeZipCode` varchar(20) DEFAULT NULL,
  `employeeBasicSalary` decimal(15,2) DEFAULT NULL,
  `employeeDailyRate` decimal(15,2) DEFAULT NULL,
  `employeeHourlyRate` decimal(15,2) DEFAULT NULL,
  `employeeAllowance` decimal(15,2) DEFAULT NULL,
  `employeeHiredDate` date DEFAULT NULL,
  `employeeStatus` int(11) NOT NULL,
  `createdBy` bigint(20) NOT NULL,
  `updatedBy` bigint(20) NOT NULL,
  `createdAt` timestamp NOT NULL DEFAULT current_timestamp(),
  `updatedAt` timestamp NOT NULL DEFAULT current_timestamp() ON UPDATE current_timestamp()
) ENGINE=InnoDB DEFAULT CHARSET=utf8mb4;

--
-- Dumping data for table `hris_employee_list_tbl`
--

INSERT INTO `hris_employee_list_tbl` (`employeeID`, `employeeCode`, `departmentID`, `designationID`, `roleID`, `scheduleID`, `bankID`, `employeeFirstname`, `employeeMiddlename`, `employeeLastname`, `employeeRanking`, `employeeRankingCredit`, `employeeLeaveInterval`, `employeeMobile`, `employeeEmail`, `employeeUsername`, `employeePassword`, `employeeEncryptedPassword`, `employeeBankAccountName`, `employeeBankAccountNo`, `employeeProfile`, `employeeGender`, `employeeBirthday`, `employeeSignature`, `employeeCitizenship`, `employeeCivilStatus`, `employeeTIN`, `employeeSSS`, `employeePhilHealth`, `employeePagibig`, `employeeRegion`, `employeeProvince`, `employeeCity`, `employeeBarangay`, `employeeUnit`, `employeeBuilding`, `employeeStreet`, `employeeSubdivision`, `employeeCountry`, `employeeZipCode`, `employeeBasicSalary`, `employeeDailyRate`, `employeeHourlyRate`, `employeeAllowance`, `employeeHiredDate`, `employeeStatus`, `createdBy`, `updatedBy`, `createdAt`, `updatedAt`) VALUES
(1, 'EMP-21-999999999', 4, 1, 1, 1, 1, 'Information Tech', '', 'Administrator', 'Officer', '7.00', 20, '0943-216-5213', 'akosiadmin@gmail.com', 'admin', 'admin', 'U2FsdGVkX1+6sMkTaIAsUd/PUpK3wLhnEJs57Kfd82k=', 'Akosi Admin', '5132-5324-254', '1619403200.png', 'Anonymous', '2021-04-22', NULL, 'Philippine, Filipino', 'Single', '432-532-643', '53-2634274-3', '32-532673245-2', '4326-3246-7235', '4A', 'RIZAL', 'CAINTA', 'SAN JUAN', '1701', 'Antel', 'Julia Vargas', 'Ortigas', 'Philippines', '1960', '1000000.00', '45454.55', '5681.82', '0.00', '2020-04-08', 1, 1, 1, '2021-03-26 00:09:46', '2021-12-20 06:55:57'),
(2, 'EMP-21-00001', 3, 15, 2, 1, 1, 'Arjay', '', 'Diangzon', 'Officer', '7.00', 43, '0935-465-4654', 'arjaydiangzon@gmail.com', 'arjay', 'arjay', 'U2FsdGVkX18jlgkctN0qImUCk6G8nTiG6JA/53xUm1w=', 'ARJAY DIANGZON', '5368-8125-563', '1620788188.png', 'Male', '2021-05-12', 'null', 'Philippine, Filipino', 'Single', '234-567-890', '32-4567898-7', '43-254657687-6', '4567-8987-6543', '01', 'ILOCOS SUR', 'BANAYOYO', 'BANBANAAL', '', 'null', 'null', 'null', 'null', 'null', '18000.00', '818.18', '102.27', '400.00', '2018-05-15', 1, 1, 2, '2021-03-26 00:09:46', '2021-12-22 05:40:49'),
(3, 'EMP-21-00002', 3, 5, 3, 1, 1, 'Wilson', '', 'Parajas', 'Officer', '7.00', 7, '0934-324-2423', 'wilsonparajas@gmail.com', 'wilson', 'wilson', 'U2FsdGVkX1+NC7T/UIVoZDCrlroBKlqKpBTizhAsRyI=', '', '', '1620959313.png', 'Male', '1995-05-06', NULL, 'Philippine, Filipino', 'Single', '', '', '', '', '01', 'PANGASINAN', 'AGNO', 'BANGAN-ODA', '', 'null', 'null', 'null', 'null', 'null', '14000.00', '636.36', '79.55', '0.00', '2021-05-01', 0, 1, 20, '2021-03-26 00:09:46', '2021-12-20 06:55:57'),
(4, 'EMP-21-00003', 3, 4, 4, 1, 0, 'Charles', '', 'Verdadero', 'Rank and File', '5.00', 8, '0954-165-1321', 'charlesverdadero@gmail.com', 'charles', 'charles', 'U2FsdGVkX18oeh9h+7pe2Vfz2+U/2jIcgAPxqR6RitY=', '', '1234 5678 9078', '1620790164.png', 'Male', '1999-02-12', NULL, 'Belgian', 'Separated', '', '', '', '', '03', 'BULACAN', 'ANGAT', 'BINAGBAG', '', '28', 'null', 'null', 'null', 'null', '2100.00', '70.00', '8.75', '0.00', '2021-04-27', 1, 1, 1, '2021-03-26 00:09:46', '2021-12-26 23:49:38'),
(5, 'EMP-21-00004', 3, 4, 5, 1, 0, 'Mark', '', 'Nieto', 'Rank and File', '5.00', 7, '0954-435-3452', 'marknieto@gmail.com', 'mark', 'marky', 'U2FsdGVkX196vhtahUUJolNE3yoHh4K2E3szTuZ9r3I=', '', '', '1620790218.png', 'Female', '2021-05-11', NULL, 'Philippine, Filipino', 'Single', '', '', '', '', 'NCR', 'NATIONAL CAPITAL REGION - FOURTH DISTRICT', 'CITY OF MUNTINLUPA', 'BULI', '', 'null', 'null', 'null', 'null', 'null', '1900.00', '60.00', '7.50', '0.00', '2021-05-06', 1, 1, 2, '2021-03-26 00:09:46', '2021-12-20 06:55:57'),
(6, 'EMP-21-00005', 5, 11, 6, 1, 0, 'Francis', '', 'Bolster', 'Rank and File', '5.00', 58, '0923-254-3534', 'ffbolster@gmail.com', 'ffbolster', 'password123', 'U2FsdGVkX1/JIOtmRLsaS+zWqJOBcVkFvKNokNhzfPY=', '', '', '1620790505.png', 'Male', '1986-04-15', NULL, 'American', 'Divorced', '', '', '', '', 'CAR', 'ABRA', 'BANGUED', 'BANGBANGAR', '', '3432-C', 'Uprising', 'Downside', 'United States of America', '6431', '1600.00', '70.00', '8.75', '0.00', '2017-02-06', 0, 1, 20, '2021-03-26 00:09:46', '2021-12-20 06:55:57'),
(7, 'EMP-21-00006', 7, 16, 7, 1, 2, 'Renna', 'Porras', 'Telesforo', 'Rank and File', '5.00', 17, '0932-324-2343', 'rennatelesforo@gmail.com', 'renna', 'renna', 'U2FsdGVkX1/+89uS9XNGP+4/lq+lu5IwscepITQnpvQ=', 'Renna Telesforo', '34-5678-987-6', '1620790263.png', 'Female', '1998-06-02', 'null', 'Philippine, Filipino', 'Single', '345-367-876', '35-4657687-6', '46-556765435-6', '3456-7865-4324', 'NCR', 'NATIONAL CAPITAL REGION - SECOND DISTRICT', 'QUEZON CITY', 'PAYATAS', '', '28', 'Payatas A', 'None', 'Philippine', '1212', '12500.00', '568.18', '71.02', '0.00', '2020-07-02', 7, 1, 20, '2021-03-26 00:09:46', '2021-12-28 00:25:07'),
(8, 'EMP-21-00007', 3, 9, 8, 1, 0, 'Matthew', '', 'Isaac', 'Rank and File', '5.00', 7, '0943-543-4645', 'matthewisaac@gmail.com', 'matthew', 'matthew', 'U2FsdGVkX1/T5aKCNlF/Fm+wtBxV/nvdAi/AvUk73Vk=', '', '', '1620959339.png', 'Male', '1972-03-31', NULL, 'Philippine, Filipino', 'Divorced', '', '', '', '', 'NCR', 'NATIONAL CAPITAL REGION - SECOND DISTRICT', 'CITY OF PASIG', 'PALATIW', '', 'null', 'null', 'null', 'null', 'null', '1000.00', '50.00', '6.25', '0.00', '2021-05-01', 0, 1, 20, '2021-03-26 00:09:46', '2021-12-20 06:55:57'),
(9, 'EMP-21-00008', 3, 12, 0, 1, 2, 'Signing', '', 'Off', 'Rank and File', '5.00', 21, '0923-000-0000', 'signing.off@theblackcoders.com', 'signoff', 'signoff', 'U2FsdGVkX1+lWgCHHpGXyWcWzdmVURrx5Jg5C9SIkr4=', 'TEST', '31-2000-000-0', 'default.jpg', 'Male', '1996-05-14', NULL, 'Philippine, Filipino', 'Single', '000-000-000', '00-0000000-0', '00-000000000-0', '0000-0000-0000', 'NCR', 'NATIONAL CAPITAL REGION - MANILA', 'SAMPALOC', 'BARANGAY 522', '', '1250', 'Padre', 'Noval', 'Philippines', '1621', '1499632.00', '68165.09', '8520.64', '0.00', '2020-03-12', 0, 1, 20, '2021-04-22 06:38:46', '2021-12-20 06:55:57'),
(19, 'EMP-21-00018', 2, 6, 0, 1, 2, 'Lawrence', '', 'Mark', 'Rank and File', '5.00', 8, '0963-242-3432', 'mark@gmail.com', 'lawrence', 'lawrence', 'U2FsdGVkX18B6zjisNBduc3N3df+Xl5CSAs2VsTuSJI=', 'Mark', '34-1265-123-4', '1620790479.png', 'Female', '2021-04-15', NULL, 'Philippine, Filipino', 'Single', '634-654-364', '53-2523734-5', '32-463274325-4', '2346-7436-4374', '01', 'ILOCOS SUR', 'BANAYOYO', 'BISANGOL', '1701', 'Antel', 'Julia', 'Ortigas', 'Ph', '1243', '150000.00', '6818.18', '852.27', '500.00', '2021-04-13', 3, 1, 2, '2021-04-23 03:10:08', '2021-12-20 06:55:57'),
(20, 'EMP-21-00019', 3, 9, 0, 1, 2, 'Joseph', '', 'Berongoy', 'Rank and File', '5.00', 26, '0985-474-5264', 'joseph.berongoy@theblackcoders.com', 'heeeyseph', 'admin', 'U2FsdGVkX18Y0ikPtKjJFLoyJO1fgHjfJ/1wK3wlDwg=', 'Joseph Berongoy', '48-3492-347-3', '1619663463.png', 'Male', '1998-07-13', 'null', 'Philippine, Filipino', 'Single', '253-453-532', '32-5435435-3', '24-353445653-4', '4656-4562-4344', 'NCR', 'NATIONAL CAPITAL REGION - SECOND DISTRICT', 'CITY OF MARIKINA', 'FORTUNE', '', '213', 'Sunrise', 'Northern Downpour', 'Philippines', '4343', '50000.00', '2272.73', '284.09', '500.00', '2019-10-21', 1, 1, 20, '2021-04-29 02:30:11', '2021-12-27 05:15:48'),
(21, 'EMP-21-00020', 3, 4, 0, 1, 2, 'Ayesha', '', 'Porras', 'Rank and File', '5.00', 7, '0920-542-9523', 'ayesha18@gmail.com', 'ayesha', 'ayesha', 'U2FsdGVkX18mqHCcvzG0Dj8b2HnGel9zQhmcGnXUEl0=', 'Ayesha Porras', '54-3535-353-5', '1620790551.png', 'Female', '1998-04-13', NULL, 'Philippine, Filipino', 'Single', '343-645-454', '23-1214234-3', '32-532543545-4', '3432-5436-5463', '4A', 'QUEZON', 'LUCENA CITY', 'BARANGAY 5 (POB.)', '', '28', 'St. Paul Payatas', 'none', 'Philippine', '1191', '50500.00', '2295.45', '286.93', '120.00', '2021-05-03', 4, 1, 20, '2021-05-06 04:54:24', '2021-12-20 06:55:57'),
(22, 'EMP-21-00021', 4, 2, 0, 1, 0, 'Jelo', '', 'De Guzman', 'Rank and File', '5.00', 23, '0929-123-4567', 'jelodeguzman@gmail.com', 'installer', 'installer', 'U2FsdGVkX19w4kjErrrGQCl7K6TQIGY/SjJCvM6f7vw=', '', '', '1620629982.png', 'Male', '1995-10-18', 'null', 'Philippine, Filipino', 'Married', '', '', '', '', 'NCR', 'NATIONAL CAPITAL REGION - SECOND DISTRICT', 'QUEZON CITY', 'COMMONWEALTH', '1234', '567', 'Street Kalsada', 'Jelo\'s', 'Philippines', '0101', '13000.00', '590.91', '73.86', '0.00', '2020-01-06', 7, 1, 20, '2021-05-10 06:59:42', '2021-12-22 23:59:05'),
(23, 'EMP-21-00022', 4, 2, 0, 1, 0, 'Yow Lee', '', 'Rah Me Zares', 'Managerial', '9.00', 20, '0943-274-3284', 'yowlee@gmail.com', 'yowlee', 'yowlee', 'U2FsdGVkX18xoi1Jw3jaccDSVyxY8LhTAd7KZ+vySec=', '', '', '1627968807.png', 'Male', '1997-02-12', NULL, 'Philippine, Filipino', 'Single', '', '', '', '', 'NCR', 'NATIONAL CAPITAL REGION - MANILA', 'INTRAMUROS', 'BARANGAY 657', '', '123', 'test', 'test', 'test', '3231', '21000.00', '954.55', '119.32', '0.00', '2020-04-03', 1, 1, 1, '2021-06-03 02:43:50', '2021-12-20 06:55:57'),
(24, 'EMP--1-00023', 3, 9, 0, 0, 0, 'Cardo', '', 'Dalisay Jr.', NULL, NULL, 623, NULL, '', '', '', NULL, NULL, NULL, NULL, '', NULL, NULL, NULL, '', NULL, NULL, NULL, NULL, NULL, NULL, NULL, NULL, NULL, NULL, NULL, NULL, NULL, NULL, NULL, NULL, NULL, NULL, NULL, 1, 0, 1, '0000-00-00 00:00:00', '2021-12-01 00:19:38'),
(25, 'EMP-21-00024', 3, 9, 0, 0, 0, 'Cardo', '', 'Dalisay', NULL, NULL, 623, NULL, '', '', '', NULL, NULL, NULL, NULL, '', NULL, NULL, NULL, '', NULL, NULL, NULL, NULL, NULL, NULL, NULL, NULL, NULL, NULL, NULL, NULL, NULL, NULL, NULL, NULL, NULL, NULL, NULL, 1, 1, 1, '2021-09-21 00:00:00', '2021-12-01 00:19:38'),
(26, 'EMP-21-00025', 4, 2, 0, 0, 0, 'John', 'Doughnut', 'Doe', NULL, NULL, 623, NULL, '', '', '', NULL, NULL, NULL, NULL, '', NULL, NULL, NULL, '', NULL, NULL, NULL, NULL, NULL, NULL, NULL, NULL, NULL, NULL, NULL, NULL, NULL, NULL, NULL, NULL, NULL, NULL, NULL, 2, 1, 1, '2021-09-22 00:00:00', '2021-12-01 00:19:38'),
(27, 'EMP-21-00026', 5, 11, 0, 1, 0, 'Le', 'Bron', 'James', 'Officer', '7.00', 27, '0999-123-4567', 'james.lebron@bcgi.com', 'lebron', 'lebron', 'U2FsdGVkX1+Uk6+FXlWP1zBnEjvZ+A/VvvTaDv2WOho=', '', '', 'default.jpg', 'Male', '1999-01-12', NULL, 'Philippine, Filipino', 'Single', '', '', '', '', 'NCR', 'NATIONAL CAPITAL REGION - MANILA', 'SAMPALOC', 'BARANGAY 547', '', '1053', 'Maceda Street', 'no answer', 'Philippines', '1550', '40000.00', '1818.18', '227.27', '0.00', '2019-09-17', 0, 1, 20, '2021-10-14 07:28:56', '2021-12-20 06:55:57'),
(28, 'EMP-21-00027', 8, 17, 0, 1, 1, 'Rodeny', 'Salomon', 'Bamba', 'Officer', '7.00', 12, '0923-456-7876', 'rodenybamba23@gmail.com', 'rodney', 'rodney', 'U2FsdGVkX18BRCzAwzsjd2X8rXUgWbgHGKToB5+Jz6A=', 'Rodeny Bamba', '2135-4667-587', '1635210357.png', 'Male', '1996-07-28', 'null', 'Philippine, Filipino', 'Single', '', '', '', '', '4A', 'QUEZON', 'LUCENA CITY', 'BARANGAY 5 (POB.)', '', '23', 'Sample Street', 'Sample Subdivision', 'Philippine', '1234', '30000.00', '1363.64', '170.46', '0.00', '2020-12-23', 0, 1, 20, '2021-10-26 01:03:50', '2021-12-23 00:19:55');

-- --------------------------------------------------------

--
-- Table structure for table `hris_employee_permission_tbl`
--

CREATE TABLE `hris_employee_permission_tbl` (
  `employeePermissionID` bigint(20) NOT NULL,
  `employeeID` bigint(20) NOT NULL,
  `moduleID` bigint(20) NOT NULL,
  `createStatus` int(11) NOT NULL,
  `updateStatus` int(11) NOT NULL,
  `readStatus` int(11) NOT NULL,
  `deleteStatus` int(11) NOT NULL,
  `printStatus` int(11) NOT NULL,
  `createdBy` bigint(20) NOT NULL,
  `updatedBy` bigint(20) NOT NULL,
  `createdAt` timestamp NOT NULL DEFAULT current_timestamp(),
  `updatedAt` timestamp NOT NULL DEFAULT current_timestamp() ON UPDATE current_timestamp()
) ENGINE=InnoDB DEFAULT CHARSET=utf8mb4;

--
-- Dumping data for table `hris_employee_permission_tbl`
--

INSERT INTO `hris_employee_permission_tbl` (`employeePermissionID`, `employeeID`, `moduleID`, `createStatus`, `updateStatus`, `readStatus`, `deleteStatus`, `printStatus`, `createdBy`, `updatedBy`, `createdAt`, `updatedAt`) VALUES
(19375, 23, 1, 0, 0, 0, 0, 0, 1, 1, '2021-10-26 05:55:19', '2021-10-26 05:55:19'),
(19376, 23, 2, 0, 0, 0, 0, 0, 1, 1, '2021-10-26 05:55:19', '2021-10-26 05:55:19'),
(19377, 23, 3, 1, 1, 1, 1, 1, 1, 1, '2021-10-26 05:55:19', '2021-10-26 05:55:19'),
(19378, 23, 4, 0, 0, 0, 0, 0, 1, 1, '2021-10-26 05:55:19', '2021-10-26 05:55:19'),
(19379, 23, 5, 0, 0, 0, 0, 0, 1, 1, '2021-10-26 05:55:19', '2021-10-26 05:55:19'),
(19380, 23, 6, 0, 0, 0, 0, 0, 1, 1, '2021-10-26 05:55:19', '2021-10-26 05:55:19'),
(19381, 23, 7, 0, 0, 0, 0, 0, 1, 1, '2021-10-26 05:55:19', '2021-10-26 05:55:19'),
(19382, 23, 8, 0, 0, 0, 0, 0, 1, 1, '2021-10-26 05:55:19', '2021-10-26 05:55:19'),
(19383, 23, 9, 0, 0, 0, 0, 0, 1, 1, '2021-10-26 05:55:19', '2021-10-26 05:55:19'),
(19384, 23, 10, 1, 1, 1, 1, 1, 1, 1, '2021-10-26 05:55:19', '2021-10-26 05:55:19'),
(19385, 23, 11, 1, 1, 1, 1, 1, 1, 1, '2021-10-26 05:55:19', '2021-10-26 05:55:19'),
(19386, 23, 12, 1, 1, 1, 1, 1, 1, 1, '2021-10-26 05:55:19', '2021-10-26 05:55:19'),
(19387, 23, 13, 1, 1, 1, 1, 1, 1, 1, '2021-10-26 05:55:19', '2021-10-26 05:55:19'),
(19388, 23, 14, 1, 1, 1, 1, 1, 1, 1, '2021-10-26 05:55:19', '2021-10-26 05:55:19'),
(19389, 23, 15, 0, 0, 0, 0, 0, 1, 1, '2021-10-26 05:55:19', '2021-10-26 05:55:19'),
(19390, 23, 16, 0, 0, 0, 0, 0, 1, 1, '2021-10-26 05:55:19', '2021-10-26 05:55:19'),
(19391, 23, 17, 1, 1, 1, 1, 1, 1, 1, '2021-10-26 05:55:19', '2021-10-26 05:55:19'),
(19392, 23, 18, 1, 1, 1, 1, 1, 1, 1, '2021-10-26 05:55:19', '2021-10-26 05:55:19'),
(19393, 23, 19, 0, 0, 0, 0, 0, 1, 1, '2021-10-26 05:55:19', '2021-10-26 05:55:19'),
(19394, 23, 20, 0, 0, 0, 0, 0, 1, 1, '2021-10-26 05:55:19', '2021-10-26 05:55:19'),
(19395, 23, 21, 0, 0, 0, 0, 0, 1, 1, '2021-10-26 05:55:19', '2021-10-26 05:55:19'),
(19396, 23, 22, 0, 0, 0, 0, 0, 1, 1, '2021-10-26 05:55:19', '2021-10-26 05:55:19'),
(19397, 23, 23, 0, 0, 0, 0, 0, 1, 1, '2021-10-26 05:55:19', '2021-10-26 05:55:19'),
(19398, 23, 24, 0, 0, 0, 0, 0, 1, 1, '2021-10-26 05:55:19', '2021-10-26 05:55:19'),
(19399, 23, 25, 0, 0, 0, 0, 0, 1, 1, '2021-10-26 05:55:19', '2021-10-26 05:55:19'),
(19400, 23, 26, 0, 0, 0, 0, 0, 1, 1, '2021-10-26 05:55:19', '2021-10-26 05:55:19'),
(19401, 23, 27, 0, 0, 0, 0, 0, 1, 1, '2021-10-26 05:55:19', '2021-10-26 05:55:19'),
(19402, 23, 28, 0, 0, 0, 0, 0, 1, 1, '2021-10-26 05:55:19', '2021-10-26 05:55:19'),
(19403, 23, 29, 0, 0, 0, 0, 0, 1, 1, '2021-10-26 05:55:19', '2021-10-26 05:55:19'),
(19404, 23, 30, 0, 0, 0, 0, 0, 1, 1, '2021-10-26 05:55:19', '2021-10-26 05:55:19'),
(19405, 23, 31, 0, 0, 0, 0, 0, 1, 1, '2021-10-26 05:55:19', '2021-10-26 05:55:19'),
(19406, 23, 32, 0, 0, 0, 0, 0, 1, 1, '2021-10-26 05:55:19', '2021-10-26 05:55:19'),
(19407, 23, 33, 0, 0, 0, 0, 0, 1, 1, '2021-10-26 05:55:19', '2021-10-26 05:55:19'),
(19408, 23, 34, 0, 0, 0, 0, 0, 1, 1, '2021-10-26 05:55:19', '2021-10-26 05:55:19'),
(19409, 23, 35, 1, 1, 1, 1, 1, 1, 1, '2021-10-26 05:55:19', '2021-10-26 05:55:19'),
(19410, 23, 36, 0, 0, 0, 0, 0, 1, 1, '2021-10-26 05:55:19', '2021-10-26 05:55:19'),
(19411, 23, 37, 0, 0, 0, 0, 0, 1, 1, '2021-10-26 05:55:19', '2021-10-26 05:55:19'),
(19412, 23, 38, 1, 1, 1, 1, 1, 1, 1, '2021-10-26 05:55:19', '2021-10-26 05:55:19'),
(19413, 23, 39, 1, 1, 1, 1, 1, 1, 1, '2021-10-26 05:55:19', '2021-10-26 05:55:19'),
(19414, 23, 40, 0, 0, 0, 0, 0, 1, 1, '2021-10-26 05:55:19', '2021-10-26 05:55:19'),
(19415, 23, 41, 0, 0, 0, 0, 0, 1, 1, '2021-10-26 05:55:19', '2021-10-26 05:55:19'),
(19416, 23, 42, 1, 1, 1, 1, 1, 1, 1, '2021-10-26 05:55:19', '2021-10-26 05:55:19'),
(19417, 23, 43, 0, 0, 0, 0, 0, 1, 1, '2021-10-26 05:55:19', '2021-10-26 05:55:19'),
(19418, 23, 44, 0, 0, 0, 0, 0, 1, 1, '2021-10-26 05:55:19', '2021-10-26 05:55:19'),
(19419, 23, 45, 1, 1, 1, 1, 1, 1, 1, '2021-10-26 05:55:19', '2021-10-26 05:55:19'),
(19420, 23, 46, 0, 0, 0, 0, 0, 1, 1, '2021-10-26 05:55:19', '2021-10-26 05:55:19'),
(19421, 23, 47, 0, 0, 0, 0, 0, 1, 1, '2021-10-26 05:55:19', '2021-10-26 05:55:19'),
(19422, 23, 49, 0, 0, 0, 0, 0, 1, 1, '2021-10-26 05:55:19', '2021-10-26 05:55:19'),
(19423, 23, 50, 0, 0, 0, 0, 0, 1, 1, '2021-10-26 05:55:19', '2021-10-26 05:55:19'),
(19424, 23, 51, 0, 0, 0, 0, 0, 1, 1, '2021-10-26 05:55:19', '2021-10-26 05:55:19'),
(19425, 23, 52, 0, 0, 0, 0, 0, 1, 1, '2021-10-26 05:55:19', '2021-10-26 05:55:19'),
(19426, 23, 53, 0, 0, 0, 0, 0, 1, 1, '2021-10-26 05:55:19', '2021-10-26 05:55:19'),
(19427, 23, 54, 0, 0, 0, 0, 0, 1, 1, '2021-10-26 05:55:19', '2021-10-26 05:55:19'),
(19428, 23, 55, 1, 1, 1, 1, 1, 1, 1, '2021-10-26 05:55:19', '2021-10-26 05:55:19'),
(19429, 23, 56, 1, 1, 1, 1, 1, 1, 1, '2021-10-26 05:55:19', '2021-10-26 05:55:19'),
(19430, 23, 57, 0, 0, 1, 0, 0, 1, 1, '2021-10-26 05:55:19', '2021-10-26 05:55:19'),
(19431, 23, 58, 0, 0, 1, 0, 0, 1, 1, '2021-10-26 05:55:19', '2021-10-26 05:55:19'),
(19432, 23, 59, 0, 0, 1, 0, 0, 1, 1, '2021-10-26 05:55:19', '2021-10-26 05:55:19'),
(19433, 23, 60, 0, 0, 1, 0, 0, 1, 1, '2021-10-26 05:55:19', '2021-10-26 05:55:19'),
(19434, 23, 61, 0, 0, 1, 0, 0, 1, 1, '2021-10-26 05:55:19', '2021-10-26 05:55:19'),
(19435, 23, 62, 0, 0, 1, 0, 0, 1, 1, '2021-10-26 05:55:19', '2021-10-26 05:55:19'),
(19436, 23, 63, 0, 0, 0, 0, 0, 1, 1, '2021-10-26 05:55:19', '2021-10-26 05:55:19'),
(19437, 23, 64, 0, 0, 0, 0, 0, 1, 1, '2021-10-26 05:55:19', '2021-10-26 05:55:19'),
(19438, 23, 65, 0, 0, 0, 0, 0, 1, 1, '2021-10-26 05:55:19', '2021-10-26 05:55:19'),
(19439, 23, 66, 0, 0, 0, 0, 0, 1, 1, '2021-10-26 05:55:19', '2021-10-26 05:55:19'),
(19440, 23, 67, 0, 0, 0, 0, 0, 1, 1, '2021-10-26 05:55:19', '2021-10-26 05:55:19'),
(19441, 23, 68, 0, 0, 1, 0, 0, 1, 1, '2021-10-26 05:55:19', '2021-10-26 05:55:19'),
(19442, 23, 69, 0, 0, 0, 0, 0, 1, 1, '2021-10-26 05:55:19', '2021-10-26 05:55:19'),
(19443, 23, 70, 0, 0, 0, 0, 0, 1, 1, '2021-10-26 05:55:19', '2021-10-26 05:55:19'),
(19444, 23, 71, 1, 1, 1, 1, 1, 1, 1, '2021-10-26 05:55:19', '2021-10-26 05:55:19'),
(19445, 23, 72, 1, 1, 1, 1, 1, 1, 1, '2021-10-26 05:55:19', '2021-10-26 05:55:19'),
(19446, 23, 73, 1, 1, 1, 1, 1, 1, 1, '2021-10-26 05:55:19', '2021-10-26 05:55:19'),
(19447, 23, 75, 0, 0, 0, 0, 0, 1, 1, '2021-10-26 05:55:19', '2021-10-26 05:55:19'),
(19448, 23, 76, 0, 0, 0, 0, 0, 1, 1, '2021-10-26 05:55:19', '2021-10-26 05:55:19'),
(19449, 23, 77, 0, 0, 0, 0, 0, 1, 1, '2021-10-26 05:55:19', '2021-10-26 05:55:19'),
(19450, 23, 78, 0, 0, 0, 0, 0, 1, 1, '2021-10-26 05:55:19', '2021-10-26 05:55:19'),
(19451, 23, 79, 0, 0, 0, 0, 0, 1, 1, '2021-10-26 05:55:19', '2021-10-26 05:55:19'),
(19452, 23, 80, 0, 0, 0, 0, 0, 1, 1, '2021-10-26 05:55:19', '2021-10-26 05:55:19'),
(19453, 23, 81, 0, 0, 0, 0, 0, 1, 1, '2021-10-26 05:55:19', '2021-10-26 05:55:19'),
(19454, 23, 82, 0, 0, 0, 0, 0, 1, 1, '2021-10-26 05:55:19', '2021-10-26 05:55:19'),
(19455, 23, 83, 0, 0, 0, 0, 0, 1, 1, '2021-10-26 05:55:19', '2021-10-26 05:55:19'),
(19456, 23, 84, 0, 0, 0, 0, 0, 1, 1, '2021-10-26 05:55:19', '2021-10-26 05:55:19'),
(19457, 23, 85, 0, 0, 0, 0, 0, 1, 1, '2021-10-26 05:55:19', '2021-10-26 05:55:19'),
(19458, 23, 86, 0, 0, 0, 0, 0, 1, 1, '2021-10-26 05:55:19', '2021-10-26 05:55:19'),
(19459, 23, 87, 0, 0, 0, 0, 0, 1, 1, '2021-10-26 05:55:19', '2021-10-26 05:55:19'),
(19460, 23, 88, 0, 0, 0, 0, 0, 1, 1, '2021-10-26 05:55:19', '2021-10-26 05:55:19'),
(19461, 23, 89, 1, 1, 1, 1, 1, 1, 1, '2021-10-26 05:55:19', '2021-10-26 05:55:19'),
(19462, 23, 90, 1, 1, 1, 1, 1, 1, 1, '2021-10-26 05:55:19', '2021-10-26 05:55:19'),
(19463, 23, 91, 1, 1, 1, 1, 1, 1, 1, '2021-10-26 05:55:19', '2021-10-26 05:55:19'),
(19464, 23, 92, 1, 1, 1, 1, 1, 1, 1, '2021-10-26 05:55:19', '2021-10-26 05:55:19'),
(19465, 23, 93, 0, 0, 0, 0, 0, 1, 1, '2021-10-26 05:55:19', '2021-10-26 05:55:19'),
(19466, 23, 94, 0, 0, 0, 0, 0, 1, 1, '2021-10-26 05:55:19', '2021-10-26 05:55:19'),
(19467, 23, 96, 0, 0, 0, 0, 0, 1, 1, '2021-10-26 05:55:19', '2021-10-26 05:55:19'),
(19468, 23, 97, 0, 0, 0, 0, 0, 1, 1, '2021-10-26 05:55:19', '2021-10-26 05:55:19'),
(19469, 23, 98, 0, 0, 0, 0, 0, 1, 1, '2021-10-26 05:55:19', '2021-10-26 05:55:19'),
(19470, 23, 99, 0, 0, 0, 0, 0, 1, 1, '2021-10-26 05:55:19', '2021-10-26 05:55:19'),
(19471, 23, 100, 0, 0, 0, 0, 0, 1, 1, '2021-10-26 05:55:19', '2021-10-26 05:55:19'),
(19472, 23, 101, 0, 0, 0, 0, 0, 1, 1, '2021-10-26 05:55:19', '2021-10-26 05:55:19'),
(19473, 23, 102, 0, 0, 0, 0, 0, 1, 1, '2021-10-26 05:55:19', '2021-10-26 05:55:19'),
(19474, 23, 103, 0, 0, 0, 0, 0, 1, 1, '2021-10-26 05:55:19', '2021-10-26 05:55:19'),
(19475, 23, 104, 0, 0, 0, 0, 0, 1, 1, '2021-10-26 05:55:19', '2021-10-26 05:55:19'),
(19476, 23, 105, 0, 0, 0, 0, 0, 1, 1, '2021-10-26 05:55:19', '2021-10-26 05:55:19'),
(19477, 23, 106, 0, 0, 0, 0, 0, 1, 1, '2021-10-26 05:55:19', '2021-10-26 05:55:19'),
(19478, 23, 107, 0, 0, 0, 0, 0, 1, 1, '2021-10-26 05:55:19', '2021-10-26 05:55:19'),
(19479, 23, 108, 0, 0, 0, 0, 0, 1, 1, '2021-10-26 05:55:19', '2021-10-26 05:55:19'),
(19480, 23, 109, 0, 0, 0, 0, 0, 1, 1, '2021-10-26 05:55:19', '2021-10-26 05:55:19'),
(19481, 23, 110, 0, 0, 0, 0, 0, 1, 1, '2021-10-26 05:55:19', '2021-10-26 05:55:19'),
(19482, 23, 111, 0, 0, 0, 0, 0, 1, 1, '2021-10-26 05:55:19', '2021-10-26 05:55:19'),
(19483, 23, 112, 0, 0, 0, 0, 0, 1, 1, '2021-10-26 05:55:19', '2021-10-26 05:55:19'),
(19484, 23, 114, 0, 0, 0, 0, 0, 1, 1, '2021-10-26 05:55:19', '2021-10-26 05:55:19'),
(19485, 23, 115, 0, 0, 0, 0, 0, 1, 1, '2021-10-26 05:55:19', '2021-10-26 05:55:19'),
(19486, 23, 116, 0, 0, 0, 0, 0, 1, 1, '2021-10-26 05:55:19', '2021-10-26 05:55:19'),
(19487, 23, 117, 0, 0, 0, 0, 0, 1, 1, '2021-10-26 05:55:19', '2021-10-26 05:55:19'),
(19488, 23, 118, 0, 0, 0, 0, 0, 1, 1, '2021-10-26 05:55:19', '2021-10-26 05:55:19'),
(19489, 23, 119, 0, 0, 0, 0, 0, 1, 1, '2021-10-26 05:55:19', '2021-10-26 05:55:19'),
(19490, 23, 120, 0, 0, 0, 0, 0, 1, 1, '2021-10-26 05:55:19', '2021-10-26 05:55:19'),
(19491, 23, 121, 0, 0, 0, 0, 0, 1, 1, '2021-10-26 05:55:19', '2021-10-26 05:55:19'),
(19492, 23, 122, 0, 0, 0, 0, 0, 1, 1, '2021-10-26 05:55:19', '2021-10-26 05:55:19'),
(19493, 23, 123, 1, 1, 1, 1, 1, 1, 1, '2021-10-26 05:55:19', '2021-10-26 05:55:19'),
(19494, 23, 124, 1, 1, 1, 1, 1, 1, 1, '2021-10-26 05:55:19', '2021-10-26 05:55:19'),
(19495, 23, 125, 0, 0, 0, 0, 0, 1, 1, '2021-10-26 05:55:19', '2021-10-26 05:55:19'),
(19496, 23, 126, 0, 0, 0, 0, 0, 1, 1, '2021-10-26 05:55:19', '2021-10-26 05:55:19'),
(19497, 23, 127, 0, 0, 0, 0, 0, 1, 1, '2021-10-26 05:55:19', '2021-10-26 05:55:19'),
(19498, 23, 128, 0, 0, 0, 0, 0, 1, 1, '2021-10-26 05:55:19', '2021-10-26 05:55:19'),
(19499, 23, 129, 0, 0, 0, 0, 0, 1, 1, '2021-10-26 05:55:19', '2021-10-26 05:55:19'),
(19500, 23, 130, 0, 0, 0, 0, 0, 1, 1, '2021-10-26 05:55:19', '2021-10-26 05:55:19'),
(19501, 23, 131, 0, 0, 0, 0, 0, 1, 1, '2021-10-26 05:55:19', '2021-10-26 05:55:19'),
(19502, 23, 132, 0, 0, 0, 0, 0, 1, 1, '2021-10-26 05:55:19', '2021-10-26 05:55:19'),
(19503, 23, 133, 0, 0, 0, 0, 0, 1, 1, '2021-10-26 05:55:19', '2021-10-26 05:55:19'),
(19504, 23, 134, 0, 0, 0, 0, 0, 1, 1, '2021-10-26 05:55:19', '2021-10-26 05:55:19'),
(19505, 23, 135, 0, 0, 0, 0, 0, 1, 1, '2021-10-26 05:55:19', '2021-10-26 05:55:19'),
(19506, 23, 136, 0, 0, 0, 0, 0, 1, 1, '2021-10-26 05:55:19', '2021-10-26 05:55:19'),
(19507, 23, 137, 1, 1, 1, 1, 1, 1, 1, '2021-10-26 05:55:19', '2021-10-26 05:55:19'),
(19508, 23, 138, 0, 0, 0, 0, 0, 1, 1, '2021-10-26 05:55:19', '2021-10-26 05:55:19'),
(19509, 23, 139, 0, 0, 0, 0, 0, 1, 1, '2021-10-26 05:55:19', '2021-10-26 05:55:19'),
(19510, 23, 140, 0, 0, 0, 0, 0, 1, 1, '2021-10-26 05:55:19', '2021-10-26 05:55:19'),
(19511, 23, 141, 0, 0, 0, 0, 0, 1, 1, '2021-10-26 05:55:19', '2021-10-26 05:55:19'),
(19512, 23, 142, 1, 1, 1, 1, 1, 1, 1, '2021-10-26 05:55:19', '2021-10-26 05:55:19'),
(21763, 21, 1, 1, 1, 1, 1, 1, 20, 20, '2021-12-02 07:29:48', '2021-12-02 07:29:48'),
(21764, 21, 2, 1, 1, 1, 1, 1, 20, 20, '2021-12-02 07:29:48', '2021-12-02 07:29:48'),
(21765, 21, 3, 1, 1, 1, 1, 1, 20, 20, '2021-12-02 07:29:48', '2021-12-02 07:29:48'),
(21766, 21, 4, 1, 1, 1, 1, 1, 20, 20, '2021-12-02 07:29:48', '2021-12-02 07:29:48'),
(21767, 21, 5, 1, 1, 1, 1, 1, 20, 20, '2021-12-02 07:29:48', '2021-12-02 07:29:48'),
(21768, 21, 6, 1, 1, 1, 1, 1, 20, 20, '2021-12-02 07:29:48', '2021-12-02 07:29:48'),
(21769, 21, 7, 1, 1, 1, 1, 1, 20, 20, '2021-12-02 07:29:48', '2021-12-02 07:29:48'),
(21770, 21, 8, 1, 1, 1, 1, 1, 20, 20, '2021-12-02 07:29:48', '2021-12-02 07:29:48'),
(21771, 21, 9, 1, 1, 1, 1, 1, 20, 20, '2021-12-02 07:29:48', '2021-12-02 07:29:48'),
(21772, 21, 10, 1, 1, 1, 1, 1, 20, 20, '2021-12-02 07:29:48', '2021-12-02 07:29:48'),
(21773, 21, 11, 1, 1, 1, 1, 1, 20, 20, '2021-12-02 07:29:48', '2021-12-02 07:29:48'),
(21774, 21, 12, 1, 1, 1, 1, 1, 20, 20, '2021-12-02 07:29:48', '2021-12-02 07:29:48'),
(21775, 21, 13, 1, 1, 1, 1, 1, 20, 20, '2021-12-02 07:29:48', '2021-12-02 07:29:48'),
(21776, 21, 14, 1, 1, 1, 1, 1, 20, 20, '2021-12-02 07:29:48', '2021-12-02 07:29:48'),
(21777, 21, 15, 1, 1, 1, 1, 1, 20, 20, '2021-12-02 07:29:48', '2021-12-02 07:29:48'),
(21778, 21, 16, 1, 1, 1, 1, 1, 20, 20, '2021-12-02 07:29:48', '2021-12-02 07:29:48'),
(21779, 21, 17, 1, 1, 1, 1, 1, 20, 20, '2021-12-02 07:29:48', '2021-12-02 07:29:48'),
(21780, 21, 18, 1, 1, 1, 1, 1, 20, 20, '2021-12-02 07:29:48', '2021-12-02 07:29:48'),
(21781, 21, 19, 1, 1, 1, 1, 1, 20, 20, '2021-12-02 07:29:48', '2021-12-02 07:29:48'),
(21782, 21, 20, 1, 1, 1, 1, 1, 20, 20, '2021-12-02 07:29:48', '2021-12-02 07:29:48'),
(21783, 21, 21, 1, 1, 1, 1, 1, 20, 20, '2021-12-02 07:29:48', '2021-12-02 07:29:48'),
(21784, 21, 22, 1, 1, 1, 1, 1, 20, 20, '2021-12-02 07:29:48', '2021-12-02 07:29:48'),
(21785, 21, 23, 1, 1, 1, 1, 1, 20, 20, '2021-12-02 07:29:48', '2021-12-02 07:29:48'),
(21786, 21, 24, 1, 1, 1, 1, 1, 20, 20, '2021-12-02 07:29:48', '2021-12-02 07:29:48'),
(21787, 21, 25, 1, 1, 1, 1, 1, 20, 20, '2021-12-02 07:29:48', '2021-12-02 07:29:48'),
(21788, 21, 26, 1, 1, 1, 1, 1, 20, 20, '2021-12-02 07:29:48', '2021-12-02 07:29:48'),
(21789, 21, 27, 1, 1, 1, 1, 1, 20, 20, '2021-12-02 07:29:48', '2021-12-02 07:29:48'),
(21790, 21, 28, 1, 1, 1, 1, 1, 20, 20, '2021-12-02 07:29:48', '2021-12-02 07:29:48'),
(21791, 21, 29, 1, 1, 1, 1, 1, 20, 20, '2021-12-02 07:29:48', '2021-12-02 07:29:48'),
(21792, 21, 30, 1, 1, 1, 1, 1, 20, 20, '2021-12-02 07:29:48', '2021-12-02 07:29:48'),
(21793, 21, 31, 1, 1, 1, 1, 1, 20, 20, '2021-12-02 07:29:48', '2021-12-02 07:29:48'),
(21794, 21, 32, 1, 1, 1, 1, 1, 20, 20, '2021-12-02 07:29:48', '2021-12-02 07:29:48'),
(21795, 21, 33, 1, 1, 1, 1, 1, 20, 20, '2021-12-02 07:29:48', '2021-12-02 07:29:48'),
(21796, 21, 34, 1, 1, 1, 1, 1, 20, 20, '2021-12-02 07:29:48', '2021-12-02 07:29:48'),
(21797, 21, 35, 1, 1, 1, 1, 1, 20, 20, '2021-12-02 07:29:48', '2021-12-02 07:29:48'),
(21798, 21, 36, 1, 1, 1, 1, 1, 20, 20, '2021-12-02 07:29:48', '2021-12-02 07:29:48'),
(21799, 21, 37, 1, 1, 1, 1, 1, 20, 20, '2021-12-02 07:29:48', '2021-12-02 07:29:48'),
(21800, 21, 38, 1, 1, 1, 1, 1, 20, 20, '2021-12-02 07:29:48', '2021-12-02 07:29:48'),
(21801, 21, 39, 1, 1, 1, 1, 1, 20, 20, '2021-12-02 07:29:48', '2021-12-02 07:29:48'),
(21802, 21, 40, 1, 1, 1, 1, 1, 20, 20, '2021-12-02 07:29:48', '2021-12-02 07:29:48'),
(21803, 21, 41, 1, 1, 1, 1, 1, 20, 20, '2021-12-02 07:29:48', '2021-12-02 07:29:48'),
(21804, 21, 42, 1, 1, 1, 1, 1, 20, 20, '2021-12-02 07:29:48', '2021-12-02 07:29:48'),
(21805, 21, 43, 1, 1, 1, 1, 1, 20, 20, '2021-12-02 07:29:48', '2021-12-02 07:29:48'),
(21806, 21, 44, 1, 1, 1, 1, 1, 20, 20, '2021-12-02 07:29:48', '2021-12-02 07:29:48'),
(21807, 21, 45, 1, 1, 1, 1, 1, 20, 20, '2021-12-02 07:29:48', '2021-12-02 07:29:48'),
(21808, 21, 46, 1, 1, 1, 1, 1, 20, 20, '2021-12-02 07:29:48', '2021-12-02 07:29:48'),
(21809, 21, 47, 1, 1, 1, 1, 1, 20, 20, '2021-12-02 07:29:48', '2021-12-02 07:29:48'),
(21810, 21, 49, 1, 1, 1, 1, 1, 20, 20, '2021-12-02 07:29:48', '2021-12-02 07:29:48'),
(21811, 21, 50, 1, 1, 1, 1, 1, 20, 20, '2021-12-02 07:29:48', '2021-12-02 07:29:48'),
(21812, 21, 51, 1, 1, 1, 1, 1, 20, 20, '2021-12-02 07:29:48', '2021-12-02 07:29:48'),
(21813, 21, 52, 1, 1, 1, 1, 1, 20, 20, '2021-12-02 07:29:48', '2021-12-02 07:29:48'),
(21814, 21, 53, 1, 1, 1, 1, 1, 20, 20, '2021-12-02 07:29:48', '2021-12-02 07:29:48'),
(21815, 21, 54, 1, 1, 1, 1, 1, 20, 20, '2021-12-02 07:29:48', '2021-12-02 07:29:48'),
(21816, 21, 55, 1, 1, 1, 1, 1, 20, 20, '2021-12-02 07:29:48', '2021-12-02 07:29:48'),
(21817, 21, 56, 1, 1, 1, 1, 1, 20, 20, '2021-12-02 07:29:48', '2021-12-02 07:29:48'),
(21818, 21, 57, 1, 1, 1, 1, 1, 20, 20, '2021-12-02 07:29:48', '2021-12-02 07:29:48'),
(21819, 21, 58, 1, 1, 1, 1, 1, 20, 20, '2021-12-02 07:29:48', '2021-12-02 07:29:48'),
(21820, 21, 59, 1, 1, 1, 1, 1, 20, 20, '2021-12-02 07:29:48', '2021-12-02 07:29:48'),
(21821, 21, 60, 1, 1, 1, 1, 1, 20, 20, '2021-12-02 07:29:48', '2021-12-02 07:29:48'),
(21822, 21, 61, 1, 1, 1, 1, 1, 20, 20, '2021-12-02 07:29:48', '2021-12-02 07:29:48'),
(21823, 21, 62, 1, 1, 1, 1, 1, 20, 20, '2021-12-02 07:29:48', '2021-12-02 07:29:48'),
(21824, 21, 63, 1, 1, 1, 1, 1, 20, 20, '2021-12-02 07:29:48', '2021-12-02 07:29:48'),
(21825, 21, 64, 1, 1, 1, 1, 1, 20, 20, '2021-12-02 07:29:48', '2021-12-02 07:29:48'),
(21826, 21, 65, 1, 1, 1, 1, 1, 20, 20, '2021-12-02 07:29:48', '2021-12-02 07:29:48'),
(21827, 21, 66, 1, 1, 1, 1, 1, 20, 20, '2021-12-02 07:29:48', '2021-12-02 07:29:48'),
(21828, 21, 67, 1, 1, 1, 1, 1, 20, 20, '2021-12-02 07:29:48', '2021-12-02 07:29:48'),
(21829, 21, 68, 1, 1, 1, 0, 0, 20, 20, '2021-12-02 07:29:48', '2021-12-02 07:29:48'),
(21830, 21, 69, 1, 1, 1, 0, 0, 20, 20, '2021-12-02 07:29:48', '2021-12-02 07:29:48'),
(21831, 21, 70, 1, 1, 1, 0, 0, 20, 20, '2021-12-02 07:29:48', '2021-12-02 07:29:48'),
(21832, 21, 71, 1, 1, 1, 0, 0, 20, 20, '2021-12-02 07:29:48', '2021-12-02 07:29:48'),
(21833, 21, 72, 1, 1, 1, 0, 0, 20, 20, '2021-12-02 07:29:48', '2021-12-02 07:29:48'),
(21834, 21, 73, 1, 1, 1, 0, 0, 20, 20, '2021-12-02 07:29:48', '2021-12-02 07:29:48'),
(21835, 21, 74, 0, 0, 0, 0, 0, 20, 20, '2021-12-02 07:29:48', '2021-12-02 07:29:48'),
(21836, 21, 75, 1, 1, 1, 0, 0, 20, 20, '2021-12-02 07:29:48', '2021-12-02 07:29:48'),
(21837, 21, 76, 1, 1, 1, 0, 0, 20, 20, '2021-12-02 07:29:48', '2021-12-02 07:29:48'),
(21838, 21, 77, 1, 1, 1, 0, 0, 20, 20, '2021-12-02 07:29:48', '2021-12-02 07:29:48'),
(21839, 21, 78, 1, 1, 1, 0, 0, 20, 20, '2021-12-02 07:29:48', '2021-12-02 07:29:48'),
(21840, 21, 79, 1, 1, 1, 0, 0, 20, 20, '2021-12-02 07:29:48', '2021-12-02 07:29:48'),
(21841, 21, 80, 1, 1, 1, 0, 0, 20, 20, '2021-12-02 07:29:48', '2021-12-02 07:29:48'),
(21842, 21, 81, 1, 1, 1, 0, 0, 20, 20, '2021-12-02 07:29:48', '2021-12-02 07:29:48'),
(21843, 21, 82, 1, 1, 1, 0, 0, 20, 20, '2021-12-02 07:29:48', '2021-12-02 07:29:48'),
(21844, 21, 83, 1, 1, 1, 0, 0, 20, 20, '2021-12-02 07:29:48', '2021-12-02 07:29:48'),
(21845, 21, 84, 1, 1, 1, 0, 0, 20, 20, '2021-12-02 07:29:48', '2021-12-02 07:29:48'),
(21846, 21, 85, 1, 1, 1, 0, 0, 20, 20, '2021-12-02 07:29:48', '2021-12-02 07:29:48'),
(21847, 21, 86, 1, 1, 1, 0, 0, 20, 20, '2021-12-02 07:29:48', '2021-12-02 07:29:48'),
(21848, 21, 87, 1, 1, 1, 0, 0, 20, 20, '2021-12-02 07:29:48', '2021-12-02 07:29:48'),
(21849, 21, 88, 1, 1, 1, 0, 0, 20, 20, '2021-12-02 07:29:48', '2021-12-02 07:29:48'),
(21850, 21, 89, 1, 1, 1, 0, 0, 20, 20, '2021-12-02 07:29:48', '2021-12-02 07:29:48'),
(21851, 21, 90, 1, 1, 1, 0, 0, 20, 20, '2021-12-02 07:29:48', '2021-12-02 07:29:48'),
(21852, 21, 91, 1, 1, 1, 0, 0, 20, 20, '2021-12-02 07:29:48', '2021-12-02 07:29:48'),
(21853, 21, 92, 1, 1, 1, 0, 0, 20, 20, '2021-12-02 07:29:48', '2021-12-02 07:29:48'),
(21854, 21, 93, 1, 1, 1, 0, 0, 20, 20, '2021-12-02 07:29:48', '2021-12-02 07:29:48'),
(21855, 21, 94, 1, 1, 1, 0, 0, 20, 20, '2021-12-02 07:29:48', '2021-12-02 07:29:48'),
(21856, 21, 95, 0, 0, 0, 0, 0, 20, 20, '2021-12-02 07:29:48', '2021-12-02 07:29:48'),
(21857, 21, 96, 1, 1, 1, 0, 0, 20, 20, '2021-12-02 07:29:48', '2021-12-02 07:29:48'),
(21858, 21, 97, 1, 1, 1, 0, 0, 20, 20, '2021-12-02 07:29:48', '2021-12-02 07:29:48'),
(21859, 21, 98, 1, 1, 1, 0, 0, 20, 20, '2021-12-02 07:29:48', '2021-12-02 07:29:48'),
(21860, 21, 99, 1, 1, 1, 0, 0, 20, 20, '2021-12-02 07:29:48', '2021-12-02 07:29:48'),
(21861, 21, 100, 1, 1, 1, 0, 0, 20, 20, '2021-12-02 07:29:48', '2021-12-02 07:29:48'),
(21862, 21, 101, 1, 1, 1, 0, 0, 20, 20, '2021-12-02 07:29:48', '2021-12-02 07:29:48'),
(21863, 21, 102, 1, 1, 1, 0, 0, 20, 20, '2021-12-02 07:29:48', '2021-12-02 07:29:48'),
(21864, 21, 103, 1, 1, 1, 0, 0, 20, 20, '2021-12-02 07:29:48', '2021-12-02 07:29:48'),
(21865, 21, 104, 1, 1, 1, 0, 0, 20, 20, '2021-12-02 07:29:48', '2021-12-02 07:29:48'),
(21866, 21, 105, 1, 1, 1, 0, 0, 20, 20, '2021-12-02 07:29:48', '2021-12-02 07:29:48'),
(21867, 21, 106, 1, 1, 1, 0, 0, 20, 20, '2021-12-02 07:29:48', '2021-12-02 07:29:48'),
(21868, 21, 107, 1, 1, 1, 0, 0, 20, 20, '2021-12-02 07:29:48', '2021-12-02 07:29:48'),
(21869, 21, 108, 1, 1, 1, 0, 0, 20, 20, '2021-12-02 07:29:48', '2021-12-02 07:29:48'),
(21870, 21, 109, 1, 1, 1, 0, 0, 20, 20, '2021-12-02 07:29:48', '2021-12-02 07:29:48'),
(21871, 21, 110, 1, 1, 1, 0, 0, 20, 20, '2021-12-02 07:29:48', '2021-12-02 07:29:48'),
(21872, 21, 111, 1, 1, 1, 0, 0, 20, 20, '2021-12-02 07:29:48', '2021-12-02 07:29:48'),
(21873, 21, 112, 1, 1, 1, 0, 0, 20, 20, '2021-12-02 07:29:48', '2021-12-02 07:29:48'),
(21874, 21, 113, 0, 0, 0, 0, 0, 20, 20, '2021-12-02 07:29:48', '2021-12-02 07:29:48'),
(21875, 21, 114, 1, 1, 1, 0, 0, 20, 20, '2021-12-02 07:29:48', '2021-12-02 07:29:48'),
(21876, 21, 115, 1, 1, 1, 0, 0, 20, 20, '2021-12-02 07:29:48', '2021-12-02 07:29:48'),
(21877, 21, 116, 1, 1, 1, 0, 0, 20, 20, '2021-12-02 07:29:48', '2021-12-02 07:29:48'),
(21878, 21, 117, 1, 1, 1, 0, 0, 20, 20, '2021-12-02 07:29:48', '2021-12-02 07:29:48'),
(21879, 21, 118, 1, 1, 1, 0, 0, 20, 20, '2021-12-02 07:29:48', '2021-12-02 07:29:48'),
(21880, 21, 119, 1, 1, 1, 0, 0, 20, 20, '2021-12-02 07:29:48', '2021-12-02 07:29:48'),
(21881, 21, 120, 1, 1, 1, 0, 0, 20, 20, '2021-12-02 07:29:48', '2021-12-02 07:29:48'),
(21882, 21, 121, 1, 1, 1, 0, 0, 20, 20, '2021-12-02 07:29:48', '2021-12-02 07:29:48'),
(21883, 21, 122, 1, 1, 1, 0, 0, 20, 20, '2021-12-02 07:29:48', '2021-12-02 07:29:48'),
(21884, 21, 123, 1, 1, 1, 0, 0, 20, 20, '2021-12-02 07:29:48', '2021-12-02 07:29:48'),
(21885, 21, 124, 1, 1, 1, 0, 0, 20, 20, '2021-12-02 07:29:48', '2021-12-02 07:29:48'),
(21886, 21, 125, 1, 1, 1, 0, 0, 20, 20, '2021-12-02 07:29:48', '2021-12-02 07:29:48'),
(21887, 21, 126, 1, 1, 1, 0, 0, 20, 20, '2021-12-02 07:29:48', '2021-12-02 07:29:48'),
(21888, 21, 127, 1, 1, 1, 0, 0, 20, 20, '2021-12-02 07:29:48', '2021-12-02 07:29:48'),
(21889, 21, 128, 1, 1, 1, 0, 0, 20, 20, '2021-12-02 07:29:48', '2021-12-02 07:29:48'),
(21890, 21, 129, 0, 0, 1, 0, 0, 20, 20, '2021-12-02 07:29:48', '2021-12-02 07:29:48'),
(21891, 21, 130, 0, 0, 0, 0, 0, 20, 20, '2021-12-02 07:29:48', '2021-12-02 07:29:48'),
(21892, 21, 131, 0, 0, 0, 0, 0, 20, 20, '2021-12-02 07:29:48', '2021-12-02 07:29:48'),
(21893, 21, 132, 0, 0, 0, 0, 0, 20, 20, '2021-12-02 07:29:48', '2021-12-02 07:29:48'),
(21894, 21, 133, 0, 0, 0, 0, 0, 20, 20, '2021-12-02 07:29:48', '2021-12-02 07:29:48'),
(21895, 21, 134, 0, 0, 0, 0, 0, 20, 20, '2021-12-02 07:29:48', '2021-12-02 07:29:48'),
(21896, 21, 135, 0, 0, 0, 0, 0, 20, 20, '2021-12-02 07:29:48', '2021-12-02 07:29:48'),
(21897, 21, 136, 0, 0, 0, 0, 0, 20, 20, '2021-12-02 07:29:48', '2021-12-02 07:29:48'),
(21898, 21, 137, 0, 0, 0, 0, 0, 20, 20, '2021-12-02 07:29:48', '2021-12-02 07:29:48'),
(21899, 21, 138, 0, 0, 0, 0, 0, 20, 20, '2021-12-02 07:29:48', '2021-12-02 07:29:48'),
(21900, 21, 139, 0, 0, 0, 0, 0, 20, 20, '2021-12-02 07:29:48', '2021-12-02 07:29:48'),
(21901, 21, 140, 0, 0, 0, 0, 0, 20, 20, '2021-12-02 07:29:48', '2021-12-02 07:29:48'),
(21902, 21, 141, 0, 0, 0, 0, 0, 20, 20, '2021-12-02 07:29:48', '2021-12-02 07:29:48'),
(21903, 21, 142, 0, 0, 0, 0, 0, 20, 20, '2021-12-02 07:29:48', '2021-12-02 07:29:48'),
(21904, 21, 143, 0, 0, 0, 0, 0, 20, 20, '2021-12-02 07:29:48', '2021-12-02 07:29:48'),
(21905, 21, 144, 0, 0, 0, 0, 0, 20, 20, '2021-12-02 07:29:48', '2021-12-02 07:29:48'),
(21906, 21, 145, 0, 0, 0, 0, 0, 20, 20, '2021-12-02 07:29:48', '2021-12-02 07:29:48'),
(21907, 21, 146, 0, 0, 0, 0, 0, 20, 20, '2021-12-02 07:29:48', '2021-12-02 07:29:48'),
(23946, 4, 1, 1, 1, 1, 1, 1, 1, 1, '2021-12-07 01:40:55', '2021-12-07 01:40:55'),
(23947, 4, 2, 1, 1, 1, 1, 1, 1, 1, '2021-12-07 01:40:55', '2021-12-07 01:40:55'),
(23948, 4, 3, 1, 1, 1, 1, 1, 1, 1, '2021-12-07 01:40:55', '2021-12-07 01:40:55'),
(23949, 4, 4, 1, 1, 1, 1, 1, 1, 1, '2021-12-07 01:40:55', '2021-12-07 01:40:55'),
(23950, 4, 5, 1, 1, 1, 1, 1, 1, 1, '2021-12-07 01:40:55', '2021-12-07 01:40:55'),
(23951, 4, 6, 1, 1, 1, 1, 1, 1, 1, '2021-12-07 01:40:55', '2021-12-07 01:40:55'),
(23952, 4, 7, 1, 1, 1, 1, 1, 1, 1, '2021-12-07 01:40:55', '2021-12-07 01:40:55'),
(23953, 4, 8, 1, 1, 1, 1, 1, 1, 1, '2021-12-07 01:40:55', '2021-12-07 01:40:55'),
(23954, 4, 9, 1, 1, 1, 1, 1, 1, 1, '2021-12-07 01:40:55', '2021-12-07 01:40:55'),
(23955, 4, 10, 1, 1, 1, 1, 1, 1, 1, '2021-12-07 01:40:55', '2021-12-07 01:40:55'),
(23956, 4, 11, 1, 1, 1, 1, 1, 1, 1, '2021-12-07 01:40:55', '2021-12-07 01:40:55'),
(23957, 4, 12, 1, 1, 1, 1, 1, 1, 1, '2021-12-07 01:40:55', '2021-12-07 01:40:55'),
(23958, 4, 13, 1, 1, 1, 1, 1, 1, 1, '2021-12-07 01:40:55', '2021-12-07 01:40:55'),
(23959, 4, 14, 1, 1, 1, 1, 1, 1, 1, '2021-12-07 01:40:55', '2021-12-07 01:40:55'),
(23960, 4, 15, 1, 1, 1, 1, 1, 1, 1, '2021-12-07 01:40:55', '2021-12-07 01:40:55'),
(23961, 4, 16, 1, 1, 1, 1, 1, 1, 1, '2021-12-07 01:40:55', '2021-12-07 01:40:55'),
(23962, 4, 17, 1, 1, 1, 1, 1, 1, 1, '2021-12-07 01:40:55', '2021-12-07 01:40:55'),
(23963, 4, 18, 1, 1, 1, 1, 1, 1, 1, '2021-12-07 01:40:55', '2021-12-07 01:40:55'),
(23964, 4, 19, 1, 1, 1, 1, 1, 1, 1, '2021-12-07 01:40:55', '2021-12-07 01:40:55'),
(23965, 4, 20, 1, 1, 1, 1, 1, 1, 1, '2021-12-07 01:40:55', '2021-12-07 01:40:55'),
(23966, 4, 21, 1, 1, 1, 1, 1, 1, 1, '2021-12-07 01:40:55', '2021-12-07 01:40:55'),
(23967, 4, 22, 1, 1, 1, 1, 1, 1, 1, '2021-12-07 01:40:55', '2021-12-07 01:40:55'),
(23968, 4, 23, 1, 1, 1, 1, 1, 1, 1, '2021-12-07 01:40:55', '2021-12-07 01:40:55'),
(23969, 4, 24, 1, 1, 1, 1, 1, 1, 1, '2021-12-07 01:40:55', '2021-12-07 01:40:55'),
(23970, 4, 25, 1, 1, 1, 1, 1, 1, 1, '2021-12-07 01:40:55', '2021-12-07 01:40:55'),
(23971, 4, 26, 1, 1, 1, 1, 1, 1, 1, '2021-12-07 01:40:55', '2021-12-07 01:40:55'),
(23972, 4, 27, 1, 1, 1, 1, 1, 1, 1, '2021-12-07 01:40:55', '2021-12-07 01:40:55'),
(23973, 4, 28, 1, 1, 1, 1, 1, 1, 1, '2021-12-07 01:40:55', '2021-12-07 01:40:55'),
(23974, 4, 29, 1, 1, 1, 1, 1, 1, 1, '2021-12-07 01:40:55', '2021-12-07 01:40:55'),
(23975, 4, 30, 1, 1, 1, 1, 1, 1, 1, '2021-12-07 01:40:55', '2021-12-07 01:40:55'),
(23976, 4, 31, 1, 1, 1, 1, 1, 1, 1, '2021-12-07 01:40:55', '2021-12-07 01:40:55'),
(23977, 4, 32, 1, 1, 1, 1, 1, 1, 1, '2021-12-07 01:40:55', '2021-12-07 01:40:55'),
(23978, 4, 33, 1, 1, 1, 1, 1, 1, 1, '2021-12-07 01:40:55', '2021-12-07 01:40:55'),
(23979, 4, 34, 1, 1, 1, 1, 1, 1, 1, '2021-12-07 01:40:55', '2021-12-07 01:40:55'),
(23980, 4, 35, 1, 1, 1, 1, 1, 1, 1, '2021-12-07 01:40:55', '2021-12-07 01:40:55'),
(23981, 4, 36, 1, 1, 1, 1, 1, 1, 1, '2021-12-07 01:40:55', '2021-12-07 01:40:55'),
(23982, 4, 37, 1, 1, 1, 1, 1, 1, 1, '2021-12-07 01:40:55', '2021-12-07 01:40:55'),
(23983, 4, 38, 1, 1, 1, 1, 1, 1, 1, '2021-12-07 01:40:55', '2021-12-07 01:40:55'),
(23984, 4, 39, 1, 1, 1, 1, 1, 1, 1, '2021-12-07 01:40:55', '2021-12-07 01:40:55'),
(23985, 4, 40, 1, 1, 1, 1, 1, 1, 1, '2021-12-07 01:40:55', '2021-12-07 01:40:55'),
(23986, 4, 41, 1, 1, 1, 1, 1, 1, 1, '2021-12-07 01:40:55', '2021-12-07 01:40:55'),
(23987, 4, 42, 1, 1, 1, 1, 1, 1, 1, '2021-12-07 01:40:55', '2021-12-07 01:40:55'),
(23988, 4, 43, 1, 1, 1, 1, 1, 1, 1, '2021-12-07 01:40:55', '2021-12-07 01:40:55'),
(23989, 4, 44, 1, 1, 1, 1, 1, 1, 1, '2021-12-07 01:40:55', '2021-12-07 01:40:55'),
(23990, 4, 45, 1, 1, 1, 1, 1, 1, 1, '2021-12-07 01:40:55', '2021-12-07 01:40:55'),
(23991, 4, 46, 1, 1, 1, 1, 1, 1, 1, '2021-12-07 01:40:55', '2021-12-07 01:40:55'),
(23992, 4, 47, 1, 1, 1, 1, 1, 1, 1, '2021-12-07 01:40:55', '2021-12-07 01:40:55'),
(23993, 4, 48, 0, 0, 0, 0, 0, 1, 1, '2021-12-07 01:40:55', '2021-12-07 01:40:55'),
(23994, 4, 49, 1, 1, 1, 1, 1, 1, 1, '2021-12-07 01:40:55', '2021-12-07 01:40:55'),
(23995, 4, 50, 1, 1, 1, 1, 1, 1, 1, '2021-12-07 01:40:55', '2021-12-07 01:40:55'),
(23996, 4, 51, 1, 1, 1, 1, 1, 1, 1, '2021-12-07 01:40:55', '2021-12-07 01:40:55'),
(23997, 4, 52, 1, 1, 1, 1, 1, 1, 1, '2021-12-07 01:40:55', '2021-12-07 01:40:55'),
(23998, 4, 53, 1, 1, 1, 1, 1, 1, 1, '2021-12-07 01:40:55', '2021-12-07 01:40:55'),
(23999, 4, 54, 1, 1, 1, 1, 1, 1, 1, '2021-12-07 01:40:55', '2021-12-07 01:40:55'),
(24000, 4, 55, 1, 1, 1, 1, 1, 1, 1, '2021-12-07 01:40:55', '2021-12-07 01:40:55'),
(24001, 4, 56, 1, 1, 1, 1, 1, 1, 1, '2021-12-07 01:40:55', '2021-12-07 01:40:55'),
(24002, 4, 57, 1, 1, 1, 1, 1, 1, 1, '2021-12-07 01:40:55', '2021-12-07 01:40:55'),
(24003, 4, 58, 1, 1, 1, 1, 1, 1, 1, '2021-12-07 01:40:55', '2021-12-07 01:40:55'),
(24004, 4, 59, 1, 1, 1, 1, 1, 1, 1, '2021-12-07 01:40:55', '2021-12-07 01:40:55'),
(24005, 4, 60, 1, 1, 1, 1, 1, 1, 1, '2021-12-07 01:40:55', '2021-12-07 01:40:55'),
(24006, 4, 61, 1, 1, 1, 1, 1, 1, 1, '2021-12-07 01:40:55', '2021-12-07 01:40:55'),
(24007, 4, 62, 1, 1, 1, 1, 1, 1, 1, '2021-12-07 01:40:55', '2021-12-07 01:40:55'),
(24008, 4, 63, 1, 1, 1, 1, 1, 1, 1, '2021-12-07 01:40:55', '2021-12-07 01:40:55'),
(24009, 4, 64, 1, 1, 1, 1, 1, 1, 1, '2021-12-07 01:40:55', '2021-12-07 01:40:55'),
(24010, 4, 65, 1, 1, 1, 1, 1, 1, 1, '2021-12-07 01:40:55', '2021-12-07 01:40:55'),
(24011, 4, 66, 1, 1, 1, 1, 1, 1, 1, '2021-12-07 01:40:55', '2021-12-07 01:40:55'),
(24012, 4, 67, 1, 1, 1, 1, 1, 1, 1, '2021-12-07 01:40:55', '2021-12-07 01:40:55'),
(24013, 4, 68, 1, 1, 1, 1, 1, 1, 1, '2021-12-07 01:40:55', '2021-12-07 01:40:55'),
(24014, 4, 69, 1, 1, 1, 1, 1, 1, 1, '2021-12-07 01:40:55', '2021-12-07 01:40:55'),
(24015, 4, 70, 1, 1, 1, 1, 1, 1, 1, '2021-12-07 01:40:55', '2021-12-07 01:40:55'),
(24016, 4, 71, 1, 1, 1, 1, 1, 1, 1, '2021-12-07 01:40:55', '2021-12-07 01:40:55'),
(24017, 4, 72, 1, 1, 1, 1, 1, 1, 1, '2021-12-07 01:40:55', '2021-12-07 01:40:55'),
(24018, 4, 73, 1, 1, 1, 1, 1, 1, 1, '2021-12-07 01:40:55', '2021-12-07 01:40:55'),
(24019, 4, 74, 1, 1, 1, 1, 1, 1, 1, '2021-12-07 01:40:55', '2021-12-07 01:40:55'),
(24020, 4, 75, 1, 1, 1, 1, 1, 1, 1, '2021-12-07 01:40:55', '2021-12-07 01:40:55'),
(24021, 4, 76, 1, 1, 1, 1, 1, 1, 1, '2021-12-07 01:40:55', '2021-12-07 01:40:55'),
(24022, 4, 77, 1, 1, 1, 1, 1, 1, 1, '2021-12-07 01:40:55', '2021-12-07 01:40:55'),
(24023, 4, 78, 1, 1, 1, 1, 1, 1, 1, '2021-12-07 01:40:55', '2021-12-07 01:40:55'),
(24024, 4, 79, 1, 1, 1, 1, 1, 1, 1, '2021-12-07 01:40:55', '2021-12-07 01:40:55'),
(24025, 4, 80, 1, 1, 1, 1, 1, 1, 1, '2021-12-07 01:40:55', '2021-12-07 01:40:55'),
(24026, 4, 81, 1, 1, 1, 1, 1, 1, 1, '2021-12-07 01:40:55', '2021-12-07 01:40:55'),
(24027, 4, 82, 1, 1, 1, 1, 1, 1, 1, '2021-12-07 01:40:55', '2021-12-07 01:40:55'),
(24028, 4, 83, 1, 1, 1, 1, 1, 1, 1, '2021-12-07 01:40:55', '2021-12-07 01:40:55'),
(24029, 4, 84, 1, 1, 1, 1, 1, 1, 1, '2021-12-07 01:40:55', '2021-12-07 01:40:55'),
(24030, 4, 85, 1, 1, 1, 1, 1, 1, 1, '2021-12-07 01:40:55', '2021-12-07 01:40:55'),
(24031, 4, 86, 1, 1, 1, 1, 1, 1, 1, '2021-12-07 01:40:55', '2021-12-07 01:40:55'),
(24032, 4, 87, 1, 1, 1, 1, 1, 1, 1, '2021-12-07 01:40:55', '2021-12-07 01:40:55'),
(24033, 4, 88, 1, 1, 1, 1, 1, 1, 1, '2021-12-07 01:40:55', '2021-12-07 01:40:55'),
(24034, 4, 89, 1, 1, 1, 1, 1, 1, 1, '2021-12-07 01:40:55', '2021-12-07 01:40:55'),
(24035, 4, 90, 1, 1, 1, 1, 1, 1, 1, '2021-12-07 01:40:55', '2021-12-07 01:40:55'),
(24036, 4, 91, 1, 1, 1, 1, 1, 1, 1, '2021-12-07 01:40:55', '2021-12-07 01:40:55'),
(24037, 4, 92, 1, 1, 1, 1, 1, 1, 1, '2021-12-07 01:40:55', '2021-12-07 01:40:55'),
(24038, 4, 93, 1, 1, 1, 1, 1, 1, 1, '2021-12-07 01:40:55', '2021-12-07 01:40:55'),
(24039, 4, 94, 1, 1, 1, 1, 1, 1, 1, '2021-12-07 01:40:55', '2021-12-07 01:40:55'),
(24040, 4, 95, 1, 1, 1, 1, 1, 1, 1, '2021-12-07 01:40:55', '2021-12-07 01:40:55'),
(24041, 4, 96, 1, 1, 1, 1, 1, 1, 1, '2021-12-07 01:40:55', '2021-12-07 01:40:55'),
(24042, 4, 97, 1, 1, 1, 1, 1, 1, 1, '2021-12-07 01:40:55', '2021-12-07 01:40:55'),
(24043, 4, 98, 1, 1, 1, 1, 1, 1, 1, '2021-12-07 01:40:55', '2021-12-07 01:40:55'),
(24044, 4, 99, 1, 1, 1, 1, 1, 1, 1, '2021-12-07 01:40:55', '2021-12-07 01:40:55'),
(24045, 4, 100, 1, 1, 1, 1, 1, 1, 1, '2021-12-07 01:40:55', '2021-12-07 01:40:55'),
(24046, 4, 101, 1, 1, 1, 1, 1, 1, 1, '2021-12-07 01:40:55', '2021-12-07 01:40:55'),
(24047, 4, 102, 1, 1, 1, 1, 1, 1, 1, '2021-12-07 01:40:55', '2021-12-07 01:40:55'),
(24048, 4, 103, 1, 1, 1, 1, 1, 1, 1, '2021-12-07 01:40:55', '2021-12-07 01:40:55'),
(24049, 4, 104, 1, 1, 1, 1, 1, 1, 1, '2021-12-07 01:40:55', '2021-12-07 01:40:55'),
(24050, 4, 105, 1, 1, 1, 1, 1, 1, 1, '2021-12-07 01:40:55', '2021-12-07 01:40:55'),
(24051, 4, 106, 1, 1, 1, 1, 1, 1, 1, '2021-12-07 01:40:55', '2021-12-07 01:40:55'),
(24052, 4, 107, 1, 1, 1, 1, 1, 1, 1, '2021-12-07 01:40:55', '2021-12-07 01:40:55'),
(24053, 4, 108, 1, 1, 1, 1, 1, 1, 1, '2021-12-07 01:40:55', '2021-12-07 01:40:55'),
(24054, 4, 109, 1, 1, 1, 1, 1, 1, 1, '2021-12-07 01:40:55', '2021-12-07 01:40:55'),
(24055, 4, 110, 1, 1, 1, 1, 1, 1, 1, '2021-12-07 01:40:55', '2021-12-07 01:40:55'),
(24056, 4, 111, 1, 1, 1, 1, 1, 1, 1, '2021-12-07 01:40:55', '2021-12-07 01:40:55'),
(24057, 4, 112, 1, 1, 1, 1, 1, 1, 1, '2021-12-07 01:40:55', '2021-12-07 01:40:55'),
(24058, 4, 113, 0, 0, 0, 0, 0, 1, 1, '2021-12-07 01:40:55', '2021-12-07 01:40:55'),
(24059, 4, 114, 0, 0, 1, 0, 0, 1, 1, '2021-12-07 01:40:55', '2021-12-07 01:40:55'),
(24060, 4, 115, 1, 1, 1, 1, 1, 1, 1, '2021-12-07 01:40:55', '2021-12-07 01:40:55'),
(24061, 4, 116, 1, 1, 1, 1, 1, 1, 1, '2021-12-07 01:40:55', '2021-12-07 01:40:55'),
(24062, 4, 117, 1, 1, 1, 1, 1, 1, 1, '2021-12-07 01:40:55', '2021-12-07 01:40:55'),
(24063, 4, 118, 1, 1, 1, 1, 1, 1, 1, '2021-12-07 01:40:55', '2021-12-07 01:40:55'),
(24064, 4, 119, 1, 1, 1, 1, 1, 1, 1, '2021-12-07 01:40:55', '2021-12-07 01:40:55'),
(24065, 4, 120, 1, 1, 1, 1, 1, 1, 1, '2021-12-07 01:40:55', '2021-12-07 01:40:55'),
(24066, 4, 121, 1, 1, 1, 1, 1, 1, 1, '2021-12-07 01:40:55', '2021-12-07 01:40:55'),
(24067, 4, 122, 1, 1, 1, 1, 1, 1, 1, '2021-12-07 01:40:55', '2021-12-07 01:40:55'),
(24068, 4, 123, 1, 1, 1, 1, 1, 1, 1, '2021-12-07 01:40:55', '2021-12-07 01:40:55'),
(24069, 4, 124, 1, 1, 1, 1, 1, 1, 1, '2021-12-07 01:40:55', '2021-12-07 01:40:55'),
(24070, 4, 125, 0, 0, 1, 0, 0, 1, 1, '2021-12-07 01:40:55', '2021-12-07 01:40:55'),
(24071, 4, 126, 0, 0, 1, 0, 0, 1, 1, '2021-12-07 01:40:55', '2021-12-07 01:40:55'),
(24072, 4, 127, 0, 0, 1, 0, 0, 1, 1, '2021-12-07 01:40:55', '2021-12-07 01:40:55'),
(24073, 4, 128, 0, 0, 1, 0, 0, 1, 1, '2021-12-07 01:40:55', '2021-12-07 01:40:55'),
(24074, 4, 129, 0, 0, 1, 0, 0, 1, 1, '2021-12-07 01:40:55', '2021-12-07 01:40:55'),
(24075, 4, 130, 0, 0, 1, 0, 0, 1, 1, '2021-12-07 01:40:55', '2021-12-07 01:40:55'),
(24076, 4, 131, 0, 0, 1, 0, 0, 1, 1, '2021-12-07 01:40:55', '2021-12-07 01:40:55'),
(24077, 4, 132, 1, 1, 1, 1, 1, 1, 1, '2021-12-07 01:40:55', '2021-12-07 01:40:55'),
(24078, 4, 133, 0, 0, 1, 0, 0, 1, 1, '2021-12-07 01:40:55', '2021-12-07 01:40:55'),
(24079, 4, 134, 0, 0, 1, 0, 0, 1, 1, '2021-12-07 01:40:55', '2021-12-07 01:40:55'),
(24080, 4, 135, 0, 0, 0, 0, 0, 1, 1, '2021-12-07 01:40:55', '2021-12-07 01:40:55'),
(24081, 4, 136, 0, 0, 0, 0, 0, 1, 1, '2021-12-07 01:40:55', '2021-12-07 01:40:55'),
(24082, 4, 137, 0, 0, 0, 0, 0, 1, 1, '2021-12-07 01:40:55', '2021-12-07 01:40:55'),
(24083, 4, 138, 0, 0, 0, 0, 0, 1, 1, '2021-12-07 01:40:55', '2021-12-07 01:40:55'),
(24084, 4, 139, 0, 0, 0, 0, 0, 1, 1, '2021-12-07 01:40:55', '2021-12-07 01:40:55'),
(24085, 4, 140, 0, 0, 0, 0, 0, 1, 1, '2021-12-07 01:40:55', '2021-12-07 01:40:55'),
(24086, 4, 141, 0, 0, 0, 0, 0, 1, 1, '2021-12-07 01:40:55', '2021-12-07 01:40:55'),
(24087, 4, 142, 0, 0, 0, 0, 0, 1, 1, '2021-12-07 01:40:55', '2021-12-07 01:40:55'),
(24088, 4, 143, 0, 0, 0, 0, 0, 1, 1, '2021-12-07 01:40:55', '2021-12-07 01:40:55'),
(24089, 4, 144, 0, 0, 0, 0, 0, 1, 1, '2021-12-07 01:40:55', '2021-12-07 01:40:55'),
(24090, 4, 145, 0, 0, 0, 0, 0, 1, 1, '2021-12-07 01:40:55', '2021-12-07 01:40:55'),
(24091, 4, 146, 0, 0, 0, 0, 0, 1, 1, '2021-12-07 01:40:55', '2021-12-07 01:40:55'),
(24238, 1, 1, 1, 1, 1, 1, 1, 1, 1, '2021-12-07 02:27:11', '2021-12-07 02:27:11'),
(24239, 1, 2, 1, 1, 1, 1, 1, 1, 1, '2021-12-07 02:27:11', '2021-12-07 02:27:11'),
(24240, 1, 3, 1, 1, 1, 1, 1, 1, 1, '2021-12-07 02:27:11', '2021-12-07 02:27:11'),
(24241, 1, 4, 1, 1, 1, 1, 1, 1, 1, '2021-12-07 02:27:11', '2021-12-07 02:27:11'),
(24242, 1, 5, 1, 1, 1, 1, 1, 1, 1, '2021-12-07 02:27:11', '2021-12-07 02:27:11'),
(24243, 1, 6, 1, 1, 1, 1, 1, 1, 1, '2021-12-07 02:27:11', '2021-12-07 02:27:11'),
(24244, 1, 7, 1, 1, 1, 1, 1, 1, 1, '2021-12-07 02:27:11', '2021-12-07 02:27:11'),
(24245, 1, 8, 1, 1, 1, 1, 1, 1, 1, '2021-12-07 02:27:11', '2021-12-07 02:27:11'),
(24246, 1, 9, 1, 1, 1, 1, 1, 1, 1, '2021-12-07 02:27:11', '2021-12-07 02:27:11'),
(24247, 1, 10, 1, 1, 1, 1, 1, 1, 1, '2021-12-07 02:27:11', '2021-12-07 02:27:11'),
(24248, 1, 11, 1, 1, 1, 1, 1, 1, 1, '2021-12-07 02:27:11', '2021-12-07 02:27:11'),
(24249, 1, 12, 1, 1, 1, 1, 1, 1, 1, '2021-12-07 02:27:11', '2021-12-07 02:27:11'),
(24250, 1, 13, 1, 1, 1, 1, 1, 1, 1, '2021-12-07 02:27:11', '2021-12-07 02:27:11'),
(24251, 1, 14, 1, 1, 1, 1, 1, 1, 1, '2021-12-07 02:27:11', '2021-12-07 02:27:11'),
(24252, 1, 15, 1, 1, 1, 1, 1, 1, 1, '2021-12-07 02:27:11', '2021-12-07 02:27:11'),
(24253, 1, 16, 1, 1, 1, 1, 1, 1, 1, '2021-12-07 02:27:11', '2021-12-07 02:27:11'),
(24254, 1, 17, 1, 1, 1, 1, 1, 1, 1, '2021-12-07 02:27:11', '2021-12-07 02:27:11'),
(24255, 1, 18, 1, 1, 1, 1, 1, 1, 1, '2021-12-07 02:27:11', '2021-12-07 02:27:11'),
(24256, 1, 19, 1, 1, 1, 1, 1, 1, 1, '2021-12-07 02:27:11', '2021-12-07 02:27:11'),
(24257, 1, 20, 1, 1, 1, 1, 1, 1, 1, '2021-12-07 02:27:11', '2021-12-07 02:27:11'),
(24258, 1, 21, 1, 1, 1, 1, 1, 1, 1, '2021-12-07 02:27:11', '2021-12-07 02:27:11'),
(24259, 1, 22, 1, 1, 1, 1, 1, 1, 1, '2021-12-07 02:27:11', '2021-12-07 02:27:11'),
(24260, 1, 23, 1, 1, 1, 1, 1, 1, 1, '2021-12-07 02:27:11', '2021-12-07 02:27:11'),
(24261, 1, 24, 1, 1, 1, 1, 1, 1, 1, '2021-12-07 02:27:11', '2021-12-07 02:27:11'),
(24262, 1, 25, 1, 1, 1, 1, 1, 1, 1, '2021-12-07 02:27:11', '2021-12-07 02:27:11'),
(24263, 1, 26, 1, 1, 1, 1, 1, 1, 1, '2021-12-07 02:27:11', '2021-12-07 02:27:11'),
(24264, 1, 27, 1, 1, 1, 1, 1, 1, 1, '2021-12-07 02:27:11', '2021-12-07 02:27:11'),
(24265, 1, 28, 1, 1, 1, 1, 1, 1, 1, '2021-12-07 02:27:11', '2021-12-07 02:27:11'),
(24266, 1, 29, 1, 1, 1, 1, 1, 1, 1, '2021-12-07 02:27:11', '2021-12-07 02:27:11'),
(24267, 1, 30, 1, 1, 1, 1, 1, 1, 1, '2021-12-07 02:27:11', '2021-12-07 02:27:11'),
(24268, 1, 31, 1, 1, 1, 1, 1, 1, 1, '2021-12-07 02:27:11', '2021-12-07 02:27:11'),
(24269, 1, 32, 1, 1, 1, 1, 1, 1, 1, '2021-12-07 02:27:11', '2021-12-07 02:27:11'),
(24270, 1, 33, 1, 1, 1, 1, 1, 1, 1, '2021-12-07 02:27:11', '2021-12-07 02:27:11'),
(24271, 1, 34, 1, 1, 1, 1, 1, 1, 1, '2021-12-07 02:27:11', '2021-12-07 02:27:11'),
(24272, 1, 35, 1, 1, 1, 1, 1, 1, 1, '2021-12-07 02:27:11', '2021-12-07 02:27:11'),
(24273, 1, 36, 1, 1, 1, 1, 1, 1, 1, '2021-12-07 02:27:11', '2021-12-07 02:27:11'),
(24274, 1, 37, 1, 1, 1, 1, 1, 1, 1, '2021-12-07 02:27:11', '2021-12-07 02:27:11'),
(24275, 1, 38, 1, 1, 1, 1, 1, 1, 1, '2021-12-07 02:27:11', '2021-12-07 02:27:11'),
(24276, 1, 39, 1, 1, 1, 1, 1, 1, 1, '2021-12-07 02:27:11', '2021-12-07 02:27:11'),
(24277, 1, 40, 1, 1, 1, 1, 1, 1, 1, '2021-12-07 02:27:11', '2021-12-07 02:27:11'),
(24278, 1, 41, 1, 1, 1, 1, 1, 1, 1, '2021-12-07 02:27:11', '2021-12-07 02:27:11'),
(24279, 1, 42, 1, 1, 1, 1, 1, 1, 1, '2021-12-07 02:27:11', '2021-12-07 02:27:11'),
(24280, 1, 43, 1, 1, 1, 1, 1, 1, 1, '2021-12-07 02:27:11', '2021-12-07 02:27:11'),
(24281, 1, 44, 1, 1, 1, 1, 1, 1, 1, '2021-12-07 02:27:11', '2021-12-07 02:27:11'),
(24282, 1, 45, 1, 1, 1, 1, 1, 1, 1, '2021-12-07 02:27:11', '2021-12-07 02:27:11'),
(24283, 1, 46, 1, 1, 1, 1, 1, 1, 1, '2021-12-07 02:27:11', '2021-12-07 02:27:11'),
(24284, 1, 47, 1, 1, 1, 1, 1, 1, 1, '2021-12-07 02:27:11', '2021-12-07 02:27:11'),
(24285, 1, 48, 1, 1, 1, 1, 1, 1, 1, '2021-12-07 02:27:11', '2021-12-07 02:27:11'),
(24286, 1, 49, 1, 1, 1, 1, 1, 1, 1, '2021-12-07 02:27:11', '2021-12-07 02:27:11'),
(24287, 1, 50, 1, 1, 1, 1, 1, 1, 1, '2021-12-07 02:27:11', '2021-12-07 02:27:11'),
(24288, 1, 51, 1, 1, 1, 1, 1, 1, 1, '2021-12-07 02:27:11', '2021-12-07 02:27:11'),
(24289, 1, 52, 1, 1, 1, 1, 1, 1, 1, '2021-12-07 02:27:11', '2021-12-07 02:27:11'),
(24290, 1, 53, 1, 1, 1, 1, 1, 1, 1, '2021-12-07 02:27:11', '2021-12-07 02:27:11'),
(24291, 1, 54, 1, 1, 1, 1, 1, 1, 1, '2021-12-07 02:27:11', '2021-12-07 02:27:11'),
(24292, 1, 55, 1, 1, 1, 1, 1, 1, 1, '2021-12-07 02:27:11', '2021-12-07 02:27:11'),
(24293, 1, 56, 1, 1, 1, 1, 1, 1, 1, '2021-12-07 02:27:11', '2021-12-07 02:27:11'),
(24294, 1, 57, 1, 1, 1, 1, 1, 1, 1, '2021-12-07 02:27:11', '2021-12-07 02:27:11'),
(24295, 1, 58, 1, 1, 1, 1, 1, 1, 1, '2021-12-07 02:27:11', '2021-12-07 02:27:11'),
(24296, 1, 59, 1, 1, 1, 1, 1, 1, 1, '2021-12-07 02:27:11', '2021-12-07 02:27:11'),
(24297, 1, 60, 1, 1, 1, 1, 1, 1, 1, '2021-12-07 02:27:11', '2021-12-07 02:27:11'),
(24298, 1, 61, 1, 1, 1, 1, 1, 1, 1, '2021-12-07 02:27:11', '2021-12-07 02:27:11'),
(24299, 1, 62, 1, 1, 1, 1, 1, 1, 1, '2021-12-07 02:27:11', '2021-12-07 02:27:11'),
(24300, 1, 63, 1, 1, 1, 1, 1, 1, 1, '2021-12-07 02:27:11', '2021-12-07 02:27:11'),
(24301, 1, 64, 1, 1, 1, 1, 1, 1, 1, '2021-12-07 02:27:11', '2021-12-07 02:27:11'),
(24302, 1, 65, 1, 1, 1, 1, 1, 1, 1, '2021-12-07 02:27:11', '2021-12-07 02:27:11'),
(24303, 1, 66, 1, 1, 1, 1, 1, 1, 1, '2021-12-07 02:27:11', '2021-12-07 02:27:11'),
(24304, 1, 67, 1, 1, 1, 1, 1, 1, 1, '2021-12-07 02:27:11', '2021-12-07 02:27:11'),
(24305, 1, 68, 1, 1, 1, 1, 1, 1, 1, '2021-12-07 02:27:11', '2021-12-07 02:27:11'),
(24306, 1, 69, 1, 1, 1, 1, 1, 1, 1, '2021-12-07 02:27:11', '2021-12-07 02:27:11'),
(24307, 1, 70, 1, 1, 1, 1, 1, 1, 1, '2021-12-07 02:27:11', '2021-12-07 02:27:11'),
(24308, 1, 71, 1, 1, 1, 1, 1, 1, 1, '2021-12-07 02:27:11', '2021-12-07 02:27:11'),
(24309, 1, 72, 1, 1, 1, 1, 1, 1, 1, '2021-12-07 02:27:11', '2021-12-07 02:27:11'),
(24310, 1, 73, 1, 1, 1, 1, 1, 1, 1, '2021-12-07 02:27:11', '2021-12-07 02:27:11'),
(24311, 1, 74, 1, 1, 1, 1, 1, 1, 1, '2021-12-07 02:27:11', '2021-12-07 02:27:11'),
(24312, 1, 75, 1, 1, 1, 1, 1, 1, 1, '2021-12-07 02:27:11', '2021-12-07 02:27:11'),
(24313, 1, 76, 1, 1, 1, 1, 1, 1, 1, '2021-12-07 02:27:11', '2021-12-07 02:27:11'),
(24314, 1, 77, 1, 1, 1, 1, 1, 1, 1, '2021-12-07 02:27:11', '2021-12-07 02:27:11'),
(24315, 1, 78, 1, 1, 1, 1, 1, 1, 1, '2021-12-07 02:27:11', '2021-12-07 02:27:11'),
(24316, 1, 79, 1, 1, 1, 1, 1, 1, 1, '2021-12-07 02:27:11', '2021-12-07 02:27:11'),
(24317, 1, 80, 1, 1, 1, 1, 1, 1, 1, '2021-12-07 02:27:11', '2021-12-07 02:27:11'),
(24318, 1, 81, 1, 1, 1, 1, 1, 1, 1, '2021-12-07 02:27:11', '2021-12-07 02:27:11'),
(24319, 1, 82, 1, 1, 1, 1, 1, 1, 1, '2021-12-07 02:27:11', '2021-12-07 02:27:11'),
(24320, 1, 83, 1, 1, 1, 1, 1, 1, 1, '2021-12-07 02:27:11', '2021-12-07 02:27:11'),
(24321, 1, 84, 1, 1, 1, 1, 1, 1, 1, '2021-12-07 02:27:11', '2021-12-07 02:27:11'),
(24322, 1, 85, 1, 1, 1, 1, 1, 1, 1, '2021-12-07 02:27:11', '2021-12-07 02:27:11'),
(24323, 1, 86, 1, 1, 1, 1, 1, 1, 1, '2021-12-07 02:27:11', '2021-12-07 02:27:11'),
(24324, 1, 87, 1, 1, 1, 1, 1, 1, 1, '2021-12-07 02:27:11', '2021-12-07 02:27:11'),
(24325, 1, 88, 1, 1, 1, 1, 1, 1, 1, '2021-12-07 02:27:11', '2021-12-07 02:27:11'),
(24326, 1, 89, 1, 1, 1, 1, 1, 1, 1, '2021-12-07 02:27:11', '2021-12-07 02:27:11'),
(24327, 1, 90, 1, 1, 1, 1, 1, 1, 1, '2021-12-07 02:27:11', '2021-12-07 02:27:11'),
(24328, 1, 91, 1, 1, 1, 1, 1, 1, 1, '2021-12-07 02:27:11', '2021-12-07 02:27:11'),
(24329, 1, 92, 1, 1, 1, 1, 1, 1, 1, '2021-12-07 02:27:11', '2021-12-07 02:27:11'),
(24330, 1, 93, 1, 1, 1, 1, 1, 1, 1, '2021-12-07 02:27:11', '2021-12-07 02:27:11'),
(24331, 1, 94, 1, 1, 1, 1, 1, 1, 1, '2021-12-07 02:27:11', '2021-12-07 02:27:11'),
(24332, 1, 95, 1, 1, 1, 1, 1, 1, 1, '2021-12-07 02:27:11', '2021-12-07 02:27:11'),
(24333, 1, 96, 1, 1, 1, 1, 1, 1, 1, '2021-12-07 02:27:11', '2021-12-07 02:27:11'),
(24334, 1, 97, 1, 1, 1, 1, 1, 1, 1, '2021-12-07 02:27:11', '2021-12-07 02:27:11'),
(24335, 1, 98, 1, 1, 1, 1, 1, 1, 1, '2021-12-07 02:27:11', '2021-12-07 02:27:11'),
(24336, 1, 99, 1, 1, 1, 1, 1, 1, 1, '2021-12-07 02:27:11', '2021-12-07 02:27:11'),
(24337, 1, 100, 1, 1, 1, 1, 1, 1, 1, '2021-12-07 02:27:11', '2021-12-07 02:27:11'),
(24338, 1, 101, 1, 1, 1, 1, 1, 1, 1, '2021-12-07 02:27:11', '2021-12-07 02:27:11'),
(24339, 1, 102, 1, 1, 1, 1, 1, 1, 1, '2021-12-07 02:27:11', '2021-12-07 02:27:11'),
(24340, 1, 103, 1, 1, 1, 1, 1, 1, 1, '2021-12-07 02:27:11', '2021-12-07 02:27:11'),
(24341, 1, 104, 1, 1, 1, 1, 1, 1, 1, '2021-12-07 02:27:11', '2021-12-07 02:27:11'),
(24342, 1, 105, 1, 1, 1, 1, 1, 1, 1, '2021-12-07 02:27:11', '2021-12-07 02:27:11'),
(24343, 1, 106, 1, 1, 1, 1, 1, 1, 1, '2021-12-07 02:27:11', '2021-12-07 02:27:11'),
(24344, 1, 107, 1, 1, 1, 1, 1, 1, 1, '2021-12-07 02:27:11', '2021-12-07 02:27:11'),
(24345, 1, 108, 1, 1, 1, 1, 1, 1, 1, '2021-12-07 02:27:11', '2021-12-07 02:27:11'),
(24346, 1, 109, 1, 1, 1, 1, 1, 1, 1, '2021-12-07 02:27:11', '2021-12-07 02:27:11'),
(24347, 1, 110, 1, 1, 1, 1, 1, 1, 1, '2021-12-07 02:27:11', '2021-12-07 02:27:11'),
(24348, 1, 111, 1, 1, 1, 1, 1, 1, 1, '2021-12-07 02:27:11', '2021-12-07 02:27:11'),
(24349, 1, 112, 1, 1, 1, 1, 1, 1, 1, '2021-12-07 02:27:11', '2021-12-07 02:27:11'),
(24350, 1, 113, 1, 1, 1, 1, 1, 1, 1, '2021-12-07 02:27:11', '2021-12-07 02:27:11'),
(24351, 1, 114, 1, 1, 1, 1, 1, 1, 1, '2021-12-07 02:27:11', '2021-12-07 02:27:11'),
(24352, 1, 115, 1, 1, 1, 1, 1, 1, 1, '2021-12-07 02:27:11', '2021-12-07 02:27:11'),
(24353, 1, 116, 1, 1, 1, 1, 1, 1, 1, '2021-12-07 02:27:11', '2021-12-07 02:27:11'),
(24354, 1, 117, 1, 1, 1, 1, 1, 1, 1, '2021-12-07 02:27:11', '2021-12-07 02:27:11'),
(24355, 1, 118, 1, 1, 1, 1, 1, 1, 1, '2021-12-07 02:27:11', '2021-12-07 02:27:11'),
(24356, 1, 119, 1, 1, 1, 1, 1, 1, 1, '2021-12-07 02:27:11', '2021-12-07 02:27:11'),
(24357, 1, 120, 1, 1, 1, 1, 1, 1, 1, '2021-12-07 02:27:11', '2021-12-07 02:27:11'),
(24358, 1, 121, 1, 1, 1, 1, 1, 1, 1, '2021-12-07 02:27:11', '2021-12-07 02:27:11'),
(24359, 1, 122, 1, 1, 1, 1, 1, 1, 1, '2021-12-07 02:27:11', '2021-12-07 02:27:11'),
(24360, 1, 123, 1, 1, 1, 1, 1, 1, 1, '2021-12-07 02:27:11', '2021-12-07 02:27:11'),
(24361, 1, 124, 1, 1, 1, 1, 1, 1, 1, '2021-12-07 02:27:11', '2021-12-07 02:27:11'),
(24362, 1, 125, 1, 1, 1, 1, 1, 1, 1, '2021-12-07 02:27:11', '2021-12-07 02:27:11'),
(24363, 1, 126, 1, 1, 1, 1, 1, 1, 1, '2021-12-07 02:27:11', '2021-12-07 02:27:11'),
(24364, 1, 127, 1, 1, 1, 1, 1, 1, 1, '2021-12-07 02:27:11', '2021-12-07 02:27:11'),
(24365, 1, 128, 1, 1, 1, 1, 1, 1, 1, '2021-12-07 02:27:11', '2021-12-07 02:27:11'),
(24366, 1, 129, 1, 1, 1, 1, 1, 1, 1, '2021-12-07 02:27:11', '2021-12-07 02:27:11'),
(24367, 1, 130, 1, 1, 1, 1, 1, 1, 1, '2021-12-07 02:27:11', '2021-12-07 02:27:11'),
(24368, 1, 131, 1, 1, 1, 1, 1, 1, 1, '2021-12-07 02:27:11', '2021-12-07 02:27:11'),
(24369, 1, 132, 1, 1, 1, 1, 1, 1, 1, '2021-12-07 02:27:11', '2021-12-07 02:27:11'),
(24370, 1, 133, 1, 1, 1, 1, 1, 1, 1, '2021-12-07 02:27:11', '2021-12-07 02:27:11'),
(24371, 1, 134, 1, 1, 1, 1, 1, 1, 1, '2021-12-07 02:27:11', '2021-12-07 02:27:11'),
(24372, 1, 135, 1, 1, 1, 1, 1, 1, 1, '2021-12-07 02:27:11', '2021-12-07 02:27:11'),
(24373, 1, 136, 1, 1, 1, 1, 1, 1, 1, '2021-12-07 02:27:11', '2021-12-07 02:27:11'),
(24374, 1, 137, 1, 1, 1, 1, 1, 1, 1, '2021-12-07 02:27:11', '2021-12-07 02:27:11'),
(24375, 1, 138, 1, 1, 1, 1, 1, 1, 1, '2021-12-07 02:27:11', '2021-12-07 02:27:11'),
(24376, 1, 139, 1, 1, 1, 1, 1, 1, 1, '2021-12-07 02:27:11', '2021-12-07 02:27:11'),
(24377, 1, 140, 1, 1, 1, 1, 1, 1, 1, '2021-12-07 02:27:11', '2021-12-07 02:27:11'),
(24378, 1, 141, 1, 1, 1, 1, 1, 1, 1, '2021-12-07 02:27:11', '2021-12-07 02:27:11'),
(24379, 1, 142, 1, 1, 1, 1, 1, 1, 1, '2021-12-07 02:27:11', '2021-12-07 02:27:11'),
(24380, 1, 143, 1, 1, 1, 1, 1, 1, 1, '2021-12-07 02:27:11', '2021-12-07 02:27:11'),
(24381, 1, 144, 1, 1, 1, 1, 1, 1, 1, '2021-12-07 02:27:11', '2021-12-07 02:27:11'),
(24382, 1, 145, 1, 1, 1, 1, 1, 1, 1, '2021-12-07 02:27:11', '2021-12-07 02:27:11'),
(24383, 1, 146, 1, 1, 1, 1, 1, 1, 1, '2021-12-07 02:27:11', '2021-12-07 02:27:11'),
(25990, 19, 1, 0, 0, 1, 0, 0, 2, 2, '2021-12-14 01:32:25', '2021-12-14 01:32:25'),
(25991, 19, 2, 0, 0, 1, 0, 0, 2, 2, '2021-12-14 01:32:25', '2021-12-14 01:32:25'),
(25992, 19, 3, 0, 0, 1, 0, 0, 2, 2, '2021-12-14 01:32:25', '2021-12-14 01:32:25'),
(25993, 19, 4, 0, 0, 1, 0, 0, 2, 2, '2021-12-14 01:32:25', '2021-12-14 01:32:25'),
(25994, 19, 5, 0, 0, 1, 0, 0, 2, 2, '2021-12-14 01:32:25', '2021-12-14 01:32:25'),
(25995, 19, 6, 0, 0, 1, 0, 0, 2, 2, '2021-12-14 01:32:25', '2021-12-14 01:32:25'),
(25996, 19, 7, 0, 0, 1, 0, 0, 2, 2, '2021-12-14 01:32:25', '2021-12-14 01:32:25'),
(25997, 19, 8, 0, 0, 1, 0, 0, 2, 2, '2021-12-14 01:32:25', '2021-12-14 01:32:25'),
(25998, 19, 9, 0, 0, 1, 0, 0, 2, 2, '2021-12-14 01:32:25', '2021-12-14 01:32:25'),
(25999, 19, 10, 0, 0, 1, 0, 0, 2, 2, '2021-12-14 01:32:25', '2021-12-14 01:32:25'),
(26000, 19, 11, 0, 0, 1, 0, 0, 2, 2, '2021-12-14 01:32:25', '2021-12-14 01:32:25'),
(26001, 19, 12, 0, 0, 1, 0, 0, 2, 2, '2021-12-14 01:32:25', '2021-12-14 01:32:25'),
(26002, 19, 13, 0, 0, 1, 0, 0, 2, 2, '2021-12-14 01:32:25', '2021-12-14 01:32:25'),
(26003, 19, 14, 0, 0, 1, 0, 0, 2, 2, '2021-12-14 01:32:25', '2021-12-14 01:32:25'),
(26004, 19, 15, 0, 0, 1, 0, 0, 2, 2, '2021-12-14 01:32:25', '2021-12-14 01:32:25'),
(26005, 19, 16, 0, 0, 1, 0, 0, 2, 2, '2021-12-14 01:32:25', '2021-12-14 01:32:25'),
(26006, 19, 17, 0, 0, 1, 0, 0, 2, 2, '2021-12-14 01:32:25', '2021-12-14 01:32:25'),
(26007, 19, 18, 0, 0, 1, 0, 0, 2, 2, '2021-12-14 01:32:25', '2021-12-14 01:32:25'),
(26008, 19, 19, 0, 0, 1, 0, 0, 2, 2, '2021-12-14 01:32:25', '2021-12-14 01:32:25'),
(26009, 19, 20, 0, 0, 1, 0, 0, 2, 2, '2021-12-14 01:32:25', '2021-12-14 01:32:25'),
(26010, 19, 21, 0, 0, 1, 0, 0, 2, 2, '2021-12-14 01:32:25', '2021-12-14 01:32:25'),
(26011, 19, 22, 0, 0, 1, 0, 0, 2, 2, '2021-12-14 01:32:25', '2021-12-14 01:32:25'),
(26012, 19, 23, 0, 0, 1, 0, 0, 2, 2, '2021-12-14 01:32:25', '2021-12-14 01:32:25'),
(26013, 19, 24, 0, 0, 1, 0, 0, 2, 2, '2021-12-14 01:32:25', '2021-12-14 01:32:25'),
(26014, 19, 25, 0, 0, 1, 0, 0, 2, 2, '2021-12-14 01:32:25', '2021-12-14 01:32:25'),
(26015, 19, 26, 0, 0, 1, 0, 0, 2, 2, '2021-12-14 01:32:25', '2021-12-14 01:32:25'),
(26016, 19, 27, 0, 0, 1, 0, 0, 2, 2, '2021-12-14 01:32:25', '2021-12-14 01:32:25'),
(26017, 19, 28, 0, 0, 1, 0, 0, 2, 2, '2021-12-14 01:32:25', '2021-12-14 01:32:25'),
(26018, 19, 29, 0, 0, 1, 0, 0, 2, 2, '2021-12-14 01:32:25', '2021-12-14 01:32:25'),
(26019, 19, 30, 0, 0, 1, 0, 0, 2, 2, '2021-12-14 01:32:25', '2021-12-14 01:32:25');
INSERT INTO `hris_employee_permission_tbl` (`employeePermissionID`, `employeeID`, `moduleID`, `createStatus`, `updateStatus`, `readStatus`, `deleteStatus`, `printStatus`, `createdBy`, `updatedBy`, `createdAt`, `updatedAt`) VALUES
(26020, 19, 31, 0, 0, 1, 0, 0, 2, 2, '2021-12-14 01:32:25', '2021-12-14 01:32:25'),
(26021, 19, 32, 0, 0, 1, 0, 0, 2, 2, '2021-12-14 01:32:25', '2021-12-14 01:32:25'),
(26022, 19, 33, 0, 0, 1, 0, 0, 2, 2, '2021-12-14 01:32:25', '2021-12-14 01:32:25'),
(26023, 19, 34, 0, 0, 1, 0, 0, 2, 2, '2021-12-14 01:32:25', '2021-12-14 01:32:25'),
(26024, 19, 35, 0, 0, 1, 0, 0, 2, 2, '2021-12-14 01:32:25', '2021-12-14 01:32:25'),
(26025, 19, 36, 0, 0, 1, 0, 0, 2, 2, '2021-12-14 01:32:25', '2021-12-14 01:32:25'),
(26026, 19, 37, 0, 0, 1, 0, 0, 2, 2, '2021-12-14 01:32:25', '2021-12-14 01:32:25'),
(26027, 19, 38, 0, 0, 1, 0, 0, 2, 2, '2021-12-14 01:32:25', '2021-12-14 01:32:25'),
(26028, 19, 39, 0, 0, 1, 0, 0, 2, 2, '2021-12-14 01:32:25', '2021-12-14 01:32:25'),
(26029, 19, 40, 0, 0, 1, 0, 0, 2, 2, '2021-12-14 01:32:25', '2021-12-14 01:32:25'),
(26030, 19, 41, 0, 0, 1, 0, 0, 2, 2, '2021-12-14 01:32:25', '2021-12-14 01:32:25'),
(26031, 19, 42, 0, 0, 1, 0, 0, 2, 2, '2021-12-14 01:32:25', '2021-12-14 01:32:25'),
(26032, 19, 43, 0, 0, 1, 0, 0, 2, 2, '2021-12-14 01:32:25', '2021-12-14 01:32:25'),
(26033, 19, 44, 0, 0, 1, 0, 0, 2, 2, '2021-12-14 01:32:25', '2021-12-14 01:32:25'),
(26034, 19, 45, 0, 0, 1, 0, 0, 2, 2, '2021-12-14 01:32:25', '2021-12-14 01:32:25'),
(26035, 19, 46, 0, 0, 1, 0, 0, 2, 2, '2021-12-14 01:32:25', '2021-12-14 01:32:25'),
(26036, 19, 47, 0, 0, 1, 0, 0, 2, 2, '2021-12-14 01:32:25', '2021-12-14 01:32:25'),
(26037, 19, 48, 0, 0, 0, 0, 0, 2, 2, '2021-12-14 01:32:25', '2021-12-14 01:32:25'),
(26038, 19, 49, 0, 0, 1, 0, 0, 2, 2, '2021-12-14 01:32:25', '2021-12-14 01:32:25'),
(26039, 19, 50, 0, 0, 1, 0, 0, 2, 2, '2021-12-14 01:32:25', '2021-12-14 01:32:25'),
(26040, 19, 51, 0, 0, 1, 0, 0, 2, 2, '2021-12-14 01:32:25', '2021-12-14 01:32:25'),
(26041, 19, 52, 0, 0, 1, 0, 0, 2, 2, '2021-12-14 01:32:25', '2021-12-14 01:32:25'),
(26042, 19, 53, 0, 0, 1, 0, 0, 2, 2, '2021-12-14 01:32:25', '2021-12-14 01:32:25'),
(26043, 19, 54, 0, 0, 1, 0, 0, 2, 2, '2021-12-14 01:32:25', '2021-12-14 01:32:25'),
(26044, 19, 55, 0, 0, 1, 0, 0, 2, 2, '2021-12-14 01:32:25', '2021-12-14 01:32:25'),
(26045, 19, 56, 0, 0, 1, 0, 0, 2, 2, '2021-12-14 01:32:25', '2021-12-14 01:32:25'),
(26046, 19, 57, 0, 0, 1, 0, 0, 2, 2, '2021-12-14 01:32:25', '2021-12-14 01:32:25'),
(26047, 19, 58, 0, 0, 1, 0, 0, 2, 2, '2021-12-14 01:32:25', '2021-12-14 01:32:25'),
(26048, 19, 59, 0, 0, 1, 0, 0, 2, 2, '2021-12-14 01:32:25', '2021-12-14 01:32:25'),
(26049, 19, 60, 0, 0, 1, 0, 0, 2, 2, '2021-12-14 01:32:25', '2021-12-14 01:32:25'),
(26050, 19, 61, 0, 0, 1, 0, 0, 2, 2, '2021-12-14 01:32:25', '2021-12-14 01:32:25'),
(26051, 19, 62, 0, 0, 1, 0, 0, 2, 2, '2021-12-14 01:32:25', '2021-12-14 01:32:25'),
(26052, 19, 63, 0, 0, 1, 0, 0, 2, 2, '2021-12-14 01:32:25', '2021-12-14 01:32:25'),
(26053, 19, 64, 0, 0, 1, 0, 0, 2, 2, '2021-12-14 01:32:25', '2021-12-14 01:32:25'),
(26054, 19, 65, 0, 0, 1, 0, 0, 2, 2, '2021-12-14 01:32:25', '2021-12-14 01:32:25'),
(26055, 19, 66, 0, 0, 1, 0, 0, 2, 2, '2021-12-14 01:32:25', '2021-12-14 01:32:25'),
(26056, 19, 67, 0, 0, 1, 0, 0, 2, 2, '2021-12-14 01:32:25', '2021-12-14 01:32:25'),
(26057, 19, 68, 0, 0, 1, 0, 0, 2, 2, '2021-12-14 01:32:25', '2021-12-14 01:32:25'),
(26058, 19, 69, 0, 0, 1, 0, 0, 2, 2, '2021-12-14 01:32:25', '2021-12-14 01:32:25'),
(26059, 19, 70, 0, 0, 1, 0, 0, 2, 2, '2021-12-14 01:32:25', '2021-12-14 01:32:25'),
(26060, 19, 71, 0, 0, 1, 0, 0, 2, 2, '2021-12-14 01:32:25', '2021-12-14 01:32:25'),
(26061, 19, 72, 0, 0, 1, 0, 0, 2, 2, '2021-12-14 01:32:25', '2021-12-14 01:32:25'),
(26062, 19, 73, 0, 0, 1, 0, 0, 2, 2, '2021-12-14 01:32:25', '2021-12-14 01:32:25'),
(26063, 19, 74, 0, 0, 0, 0, 0, 2, 2, '2021-12-14 01:32:25', '2021-12-14 01:32:25'),
(26064, 19, 75, 0, 0, 1, 0, 0, 2, 2, '2021-12-14 01:32:25', '2021-12-14 01:32:25'),
(26065, 19, 76, 0, 0, 1, 0, 0, 2, 2, '2021-12-14 01:32:25', '2021-12-14 01:32:25'),
(26066, 19, 77, 0, 0, 1, 0, 0, 2, 2, '2021-12-14 01:32:25', '2021-12-14 01:32:25'),
(26067, 19, 78, 0, 0, 1, 0, 0, 2, 2, '2021-12-14 01:32:25', '2021-12-14 01:32:25'),
(26068, 19, 79, 0, 0, 1, 0, 0, 2, 2, '2021-12-14 01:32:25', '2021-12-14 01:32:25'),
(26069, 19, 80, 0, 0, 1, 0, 0, 2, 2, '2021-12-14 01:32:25', '2021-12-14 01:32:25'),
(26070, 19, 81, 0, 0, 1, 0, 0, 2, 2, '2021-12-14 01:32:25', '2021-12-14 01:32:25'),
(26071, 19, 82, 0, 0, 1, 0, 0, 2, 2, '2021-12-14 01:32:25', '2021-12-14 01:32:25'),
(26072, 19, 83, 0, 0, 1, 0, 0, 2, 2, '2021-12-14 01:32:25', '2021-12-14 01:32:25'),
(26073, 19, 84, 0, 0, 1, 0, 0, 2, 2, '2021-12-14 01:32:25', '2021-12-14 01:32:25'),
(26074, 19, 85, 0, 0, 1, 0, 0, 2, 2, '2021-12-14 01:32:25', '2021-12-14 01:32:25'),
(26075, 19, 86, 0, 0, 1, 0, 0, 2, 2, '2021-12-14 01:32:25', '2021-12-14 01:32:25'),
(26076, 19, 87, 0, 0, 1, 0, 0, 2, 2, '2021-12-14 01:32:25', '2021-12-14 01:32:25'),
(26077, 19, 88, 0, 0, 1, 0, 0, 2, 2, '2021-12-14 01:32:25', '2021-12-14 01:32:25'),
(26078, 19, 89, 0, 0, 1, 0, 0, 2, 2, '2021-12-14 01:32:25', '2021-12-14 01:32:25'),
(26079, 19, 90, 0, 0, 1, 0, 0, 2, 2, '2021-12-14 01:32:25', '2021-12-14 01:32:25'),
(26080, 19, 91, 0, 0, 1, 0, 0, 2, 2, '2021-12-14 01:32:25', '2021-12-14 01:32:25'),
(26081, 19, 92, 0, 0, 1, 0, 0, 2, 2, '2021-12-14 01:32:25', '2021-12-14 01:32:25'),
(26082, 19, 93, 0, 0, 1, 0, 0, 2, 2, '2021-12-14 01:32:25', '2021-12-14 01:32:25'),
(26083, 19, 94, 0, 0, 1, 0, 0, 2, 2, '2021-12-14 01:32:25', '2021-12-14 01:32:25'),
(26084, 19, 95, 0, 0, 0, 0, 0, 2, 2, '2021-12-14 01:32:25', '2021-12-14 01:32:25'),
(26085, 19, 96, 0, 0, 1, 0, 0, 2, 2, '2021-12-14 01:32:25', '2021-12-14 01:32:25'),
(26086, 19, 97, 0, 0, 1, 0, 0, 2, 2, '2021-12-14 01:32:25', '2021-12-14 01:32:25'),
(26087, 19, 98, 0, 0, 1, 0, 0, 2, 2, '2021-12-14 01:32:25', '2021-12-14 01:32:25'),
(26088, 19, 99, 0, 0, 1, 0, 0, 2, 2, '2021-12-14 01:32:25', '2021-12-14 01:32:25'),
(26089, 19, 100, 0, 0, 1, 0, 0, 2, 2, '2021-12-14 01:32:25', '2021-12-14 01:32:25'),
(26090, 19, 101, 0, 0, 1, 0, 0, 2, 2, '2021-12-14 01:32:25', '2021-12-14 01:32:25'),
(26091, 19, 102, 0, 0, 1, 0, 0, 2, 2, '2021-12-14 01:32:25', '2021-12-14 01:32:25'),
(26092, 19, 103, 0, 0, 1, 0, 0, 2, 2, '2021-12-14 01:32:25', '2021-12-14 01:32:25'),
(26093, 19, 104, 0, 0, 1, 0, 0, 2, 2, '2021-12-14 01:32:25', '2021-12-14 01:32:25'),
(26094, 19, 105, 0, 0, 1, 0, 0, 2, 2, '2021-12-14 01:32:25', '2021-12-14 01:32:25'),
(26095, 19, 106, 0, 0, 1, 0, 0, 2, 2, '2021-12-14 01:32:25', '2021-12-14 01:32:25'),
(26096, 19, 107, 0, 0, 1, 0, 0, 2, 2, '2021-12-14 01:32:25', '2021-12-14 01:32:25'),
(26097, 19, 108, 0, 0, 1, 0, 0, 2, 2, '2021-12-14 01:32:25', '2021-12-14 01:32:25'),
(26098, 19, 109, 0, 0, 1, 0, 0, 2, 2, '2021-12-14 01:32:25', '2021-12-14 01:32:25'),
(26099, 19, 110, 0, 0, 1, 0, 0, 2, 2, '2021-12-14 01:32:25', '2021-12-14 01:32:25'),
(26100, 19, 111, 0, 0, 1, 0, 0, 2, 2, '2021-12-14 01:32:25', '2021-12-14 01:32:25'),
(26101, 19, 112, 0, 0, 1, 0, 0, 2, 2, '2021-12-14 01:32:25', '2021-12-14 01:32:25'),
(26102, 19, 113, 0, 0, 0, 0, 0, 2, 2, '2021-12-14 01:32:25', '2021-12-14 01:32:25'),
(26103, 19, 114, 0, 0, 1, 0, 0, 2, 2, '2021-12-14 01:32:25', '2021-12-14 01:32:25'),
(26104, 19, 115, 0, 0, 1, 0, 0, 2, 2, '2021-12-14 01:32:25', '2021-12-14 01:32:25'),
(26105, 19, 116, 0, 0, 1, 0, 0, 2, 2, '2021-12-14 01:32:25', '2021-12-14 01:32:25'),
(26106, 19, 117, 0, 0, 1, 0, 0, 2, 2, '2021-12-14 01:32:25', '2021-12-14 01:32:25'),
(26107, 19, 118, 0, 0, 1, 0, 0, 2, 2, '2021-12-14 01:32:25', '2021-12-14 01:32:25'),
(26108, 19, 119, 0, 0, 1, 0, 0, 2, 2, '2021-12-14 01:32:25', '2021-12-14 01:32:25'),
(26109, 19, 120, 0, 0, 1, 0, 0, 2, 2, '2021-12-14 01:32:25', '2021-12-14 01:32:25'),
(26110, 19, 121, 0, 0, 1, 0, 0, 2, 2, '2021-12-14 01:32:25', '2021-12-14 01:32:25'),
(26111, 19, 122, 0, 0, 1, 0, 0, 2, 2, '2021-12-14 01:32:25', '2021-12-14 01:32:25'),
(26112, 19, 123, 0, 0, 1, 0, 0, 2, 2, '2021-12-14 01:32:25', '2021-12-14 01:32:25'),
(26113, 19, 124, 0, 0, 1, 0, 0, 2, 2, '2021-12-14 01:32:25', '2021-12-14 01:32:25'),
(26114, 19, 125, 0, 0, 1, 0, 0, 2, 2, '2021-12-14 01:32:25', '2021-12-14 01:32:25'),
(26115, 19, 126, 0, 0, 1, 0, 0, 2, 2, '2021-12-14 01:32:25', '2021-12-14 01:32:25'),
(26116, 19, 127, 0, 0, 1, 0, 0, 2, 2, '2021-12-14 01:32:25', '2021-12-14 01:32:25'),
(26117, 19, 128, 0, 0, 1, 0, 0, 2, 2, '2021-12-14 01:32:25', '2021-12-14 01:32:25'),
(26118, 19, 129, 0, 0, 1, 0, 0, 2, 2, '2021-12-14 01:32:25', '2021-12-14 01:32:25'),
(26119, 19, 130, 0, 0, 0, 0, 0, 2, 2, '2021-12-14 01:32:25', '2021-12-14 01:32:25'),
(26120, 19, 131, 0, 0, 0, 0, 0, 2, 2, '2021-12-14 01:32:25', '2021-12-14 01:32:25'),
(26121, 19, 132, 0, 0, 0, 0, 0, 2, 2, '2021-12-14 01:32:25', '2021-12-14 01:32:25'),
(26122, 19, 133, 0, 0, 0, 0, 0, 2, 2, '2021-12-14 01:32:25', '2021-12-14 01:32:25'),
(26123, 19, 134, 0, 0, 0, 0, 0, 2, 2, '2021-12-14 01:32:25', '2021-12-14 01:32:25'),
(26124, 19, 135, 0, 0, 0, 0, 0, 2, 2, '2021-12-14 01:32:25', '2021-12-14 01:32:25'),
(26125, 19, 136, 0, 0, 0, 0, 0, 2, 2, '2021-12-14 01:32:25', '2021-12-14 01:32:25'),
(26126, 19, 137, 0, 0, 0, 0, 0, 2, 2, '2021-12-14 01:32:25', '2021-12-14 01:32:25'),
(26127, 19, 138, 0, 0, 0, 0, 0, 2, 2, '2021-12-14 01:32:25', '2021-12-14 01:32:25'),
(26128, 19, 139, 0, 0, 0, 0, 0, 2, 2, '2021-12-14 01:32:25', '2021-12-14 01:32:25'),
(26129, 19, 140, 0, 0, 0, 0, 0, 2, 2, '2021-12-14 01:32:25', '2021-12-14 01:32:25'),
(26130, 19, 141, 0, 0, 0, 0, 0, 2, 2, '2021-12-14 01:32:25', '2021-12-14 01:32:25'),
(26131, 19, 142, 0, 0, 0, 0, 0, 2, 2, '2021-12-14 01:32:25', '2021-12-14 01:32:25'),
(26132, 19, 143, 0, 0, 0, 0, 0, 2, 2, '2021-12-14 01:32:25', '2021-12-14 01:32:25'),
(26133, 19, 144, 0, 0, 0, 0, 0, 2, 2, '2021-12-14 01:32:25', '2021-12-14 01:32:25'),
(26134, 19, 145, 0, 0, 0, 0, 0, 2, 2, '2021-12-14 01:32:25', '2021-12-14 01:32:25'),
(26135, 19, 146, 0, 0, 0, 0, 0, 2, 2, '2021-12-14 01:32:25', '2021-12-14 01:32:25'),
(26136, 5, 1, 1, 1, 1, 1, 1, 2, 2, '2021-12-14 01:32:56', '2021-12-14 01:32:56'),
(26137, 5, 2, 1, 1, 1, 1, 1, 2, 2, '2021-12-14 01:32:56', '2021-12-14 01:32:56'),
(26138, 5, 3, 1, 1, 1, 1, 1, 2, 2, '2021-12-14 01:32:56', '2021-12-14 01:32:56'),
(26139, 5, 4, 1, 1, 1, 1, 1, 2, 2, '2021-12-14 01:32:56', '2021-12-14 01:32:56'),
(26140, 5, 5, 1, 1, 1, 1, 1, 2, 2, '2021-12-14 01:32:56', '2021-12-14 01:32:56'),
(26141, 5, 6, 1, 1, 1, 1, 1, 2, 2, '2021-12-14 01:32:56', '2021-12-14 01:32:56'),
(26142, 5, 7, 1, 1, 1, 1, 1, 2, 2, '2021-12-14 01:32:56', '2021-12-14 01:32:56'),
(26143, 5, 8, 1, 1, 1, 1, 1, 2, 2, '2021-12-14 01:32:56', '2021-12-14 01:32:56'),
(26144, 5, 9, 1, 1, 1, 1, 1, 2, 2, '2021-12-14 01:32:56', '2021-12-14 01:32:56'),
(26145, 5, 10, 1, 1, 1, 1, 1, 2, 2, '2021-12-14 01:32:56', '2021-12-14 01:32:56'),
(26146, 5, 11, 1, 1, 1, 1, 1, 2, 2, '2021-12-14 01:32:56', '2021-12-14 01:32:56'),
(26147, 5, 12, 1, 1, 1, 1, 1, 2, 2, '2021-12-14 01:32:56', '2021-12-14 01:32:56'),
(26148, 5, 13, 1, 1, 1, 1, 1, 2, 2, '2021-12-14 01:32:56', '2021-12-14 01:32:56'),
(26149, 5, 14, 1, 1, 1, 1, 1, 2, 2, '2021-12-14 01:32:56', '2021-12-14 01:32:56'),
(26150, 5, 15, 1, 1, 1, 1, 1, 2, 2, '2021-12-14 01:32:56', '2021-12-14 01:32:56'),
(26151, 5, 16, 1, 1, 1, 1, 1, 2, 2, '2021-12-14 01:32:56', '2021-12-14 01:32:56'),
(26152, 5, 17, 1, 1, 1, 1, 1, 2, 2, '2021-12-14 01:32:56', '2021-12-14 01:32:56'),
(26153, 5, 18, 1, 1, 1, 1, 1, 2, 2, '2021-12-14 01:32:56', '2021-12-14 01:32:56'),
(26154, 5, 19, 1, 1, 1, 1, 1, 2, 2, '2021-12-14 01:32:56', '2021-12-14 01:32:56'),
(26155, 5, 20, 1, 1, 1, 1, 1, 2, 2, '2021-12-14 01:32:56', '2021-12-14 01:32:56'),
(26156, 5, 21, 1, 1, 1, 1, 1, 2, 2, '2021-12-14 01:32:56', '2021-12-14 01:32:56'),
(26157, 5, 22, 1, 1, 1, 1, 1, 2, 2, '2021-12-14 01:32:56', '2021-12-14 01:32:56'),
(26158, 5, 23, 1, 1, 1, 1, 1, 2, 2, '2021-12-14 01:32:56', '2021-12-14 01:32:56'),
(26159, 5, 24, 1, 1, 1, 1, 1, 2, 2, '2021-12-14 01:32:56', '2021-12-14 01:32:56'),
(26160, 5, 25, 1, 1, 1, 1, 1, 2, 2, '2021-12-14 01:32:56', '2021-12-14 01:32:56'),
(26161, 5, 26, 1, 1, 1, 1, 1, 2, 2, '2021-12-14 01:32:56', '2021-12-14 01:32:56'),
(26162, 5, 27, 1, 1, 1, 1, 1, 2, 2, '2021-12-14 01:32:56', '2021-12-14 01:32:56'),
(26163, 5, 28, 1, 1, 1, 1, 1, 2, 2, '2021-12-14 01:32:56', '2021-12-14 01:32:56'),
(26164, 5, 29, 1, 1, 1, 1, 1, 2, 2, '2021-12-14 01:32:56', '2021-12-14 01:32:56'),
(26165, 5, 30, 1, 1, 1, 1, 1, 2, 2, '2021-12-14 01:32:56', '2021-12-14 01:32:56'),
(26166, 5, 31, 1, 1, 1, 1, 1, 2, 2, '2021-12-14 01:32:56', '2021-12-14 01:32:56'),
(26167, 5, 32, 1, 1, 1, 1, 1, 2, 2, '2021-12-14 01:32:56', '2021-12-14 01:32:56'),
(26168, 5, 33, 1, 1, 1, 1, 1, 2, 2, '2021-12-14 01:32:56', '2021-12-14 01:32:56'),
(26169, 5, 34, 1, 1, 1, 1, 1, 2, 2, '2021-12-14 01:32:56', '2021-12-14 01:32:56'),
(26170, 5, 35, 1, 1, 1, 1, 1, 2, 2, '2021-12-14 01:32:56', '2021-12-14 01:32:56'),
(26171, 5, 36, 1, 1, 1, 1, 1, 2, 2, '2021-12-14 01:32:56', '2021-12-14 01:32:56'),
(26172, 5, 37, 1, 1, 1, 1, 1, 2, 2, '2021-12-14 01:32:56', '2021-12-14 01:32:56'),
(26173, 5, 38, 1, 1, 1, 1, 1, 2, 2, '2021-12-14 01:32:56', '2021-12-14 01:32:56'),
(26174, 5, 39, 1, 1, 1, 1, 1, 2, 2, '2021-12-14 01:32:56', '2021-12-14 01:32:56'),
(26175, 5, 40, 1, 1, 1, 1, 1, 2, 2, '2021-12-14 01:32:56', '2021-12-14 01:32:56'),
(26176, 5, 41, 1, 1, 1, 1, 1, 2, 2, '2021-12-14 01:32:56', '2021-12-14 01:32:56'),
(26177, 5, 42, 1, 1, 1, 1, 1, 2, 2, '2021-12-14 01:32:56', '2021-12-14 01:32:56'),
(26178, 5, 43, 1, 1, 1, 1, 1, 2, 2, '2021-12-14 01:32:56', '2021-12-14 01:32:56'),
(26179, 5, 44, 1, 1, 1, 1, 1, 2, 2, '2021-12-14 01:32:56', '2021-12-14 01:32:56'),
(26180, 5, 45, 1, 1, 1, 1, 1, 2, 2, '2021-12-14 01:32:56', '2021-12-14 01:32:56'),
(26181, 5, 46, 1, 1, 1, 1, 1, 2, 2, '2021-12-14 01:32:56', '2021-12-14 01:32:56'),
(26182, 5, 47, 1, 1, 1, 1, 1, 2, 2, '2021-12-14 01:32:56', '2021-12-14 01:32:56'),
(26183, 5, 48, 0, 0, 0, 0, 0, 2, 2, '2021-12-14 01:32:56', '2021-12-14 01:32:56'),
(26184, 5, 49, 1, 1, 1, 1, 1, 2, 2, '2021-12-14 01:32:56', '2021-12-14 01:32:56'),
(26185, 5, 50, 1, 1, 1, 1, 1, 2, 2, '2021-12-14 01:32:56', '2021-12-14 01:32:56'),
(26186, 5, 51, 1, 1, 1, 1, 1, 2, 2, '2021-12-14 01:32:56', '2021-12-14 01:32:56'),
(26187, 5, 52, 1, 1, 1, 1, 1, 2, 2, '2021-12-14 01:32:56', '2021-12-14 01:32:56'),
(26188, 5, 53, 1, 1, 1, 1, 1, 2, 2, '2021-12-14 01:32:56', '2021-12-14 01:32:56'),
(26189, 5, 54, 1, 1, 1, 1, 1, 2, 2, '2021-12-14 01:32:56', '2021-12-14 01:32:56'),
(26190, 5, 55, 1, 1, 1, 1, 1, 2, 2, '2021-12-14 01:32:56', '2021-12-14 01:32:56'),
(26191, 5, 56, 1, 1, 1, 1, 1, 2, 2, '2021-12-14 01:32:56', '2021-12-14 01:32:56'),
(26192, 5, 57, 1, 1, 1, 1, 1, 2, 2, '2021-12-14 01:32:56', '2021-12-14 01:32:56'),
(26193, 5, 58, 1, 1, 1, 1, 1, 2, 2, '2021-12-14 01:32:56', '2021-12-14 01:32:56'),
(26194, 5, 59, 1, 1, 1, 1, 1, 2, 2, '2021-12-14 01:32:56', '2021-12-14 01:32:56'),
(26195, 5, 60, 1, 1, 1, 1, 1, 2, 2, '2021-12-14 01:32:56', '2021-12-14 01:32:56'),
(26196, 5, 61, 1, 1, 1, 1, 1, 2, 2, '2021-12-14 01:32:56', '2021-12-14 01:32:56'),
(26197, 5, 62, 1, 1, 1, 1, 1, 2, 2, '2021-12-14 01:32:56', '2021-12-14 01:32:56'),
(26198, 5, 63, 1, 1, 1, 1, 1, 2, 2, '2021-12-14 01:32:56', '2021-12-14 01:32:56'),
(26199, 5, 64, 1, 1, 1, 1, 1, 2, 2, '2021-12-14 01:32:56', '2021-12-14 01:32:56'),
(26200, 5, 65, 1, 1, 1, 1, 1, 2, 2, '2021-12-14 01:32:56', '2021-12-14 01:32:56'),
(26201, 5, 66, 1, 1, 1, 1, 1, 2, 2, '2021-12-14 01:32:56', '2021-12-14 01:32:56'),
(26202, 5, 67, 1, 1, 1, 1, 1, 2, 2, '2021-12-14 01:32:56', '2021-12-14 01:32:56'),
(26203, 5, 68, 1, 1, 1, 1, 1, 2, 2, '2021-12-14 01:32:56', '2021-12-14 01:32:56'),
(26204, 5, 69, 1, 1, 1, 1, 1, 2, 2, '2021-12-14 01:32:56', '2021-12-14 01:32:56'),
(26205, 5, 70, 1, 1, 1, 1, 1, 2, 2, '2021-12-14 01:32:56', '2021-12-14 01:32:56'),
(26206, 5, 71, 1, 1, 1, 1, 1, 2, 2, '2021-12-14 01:32:56', '2021-12-14 01:32:56'),
(26207, 5, 72, 1, 1, 1, 1, 1, 2, 2, '2021-12-14 01:32:56', '2021-12-14 01:32:56'),
(26208, 5, 73, 1, 1, 1, 1, 1, 2, 2, '2021-12-14 01:32:56', '2021-12-14 01:32:56'),
(26209, 5, 74, 1, 1, 1, 1, 1, 2, 2, '2021-12-14 01:32:56', '2021-12-14 01:32:56'),
(26210, 5, 75, 1, 1, 1, 1, 1, 2, 2, '2021-12-14 01:32:56', '2021-12-14 01:32:56'),
(26211, 5, 76, 1, 1, 1, 1, 1, 2, 2, '2021-12-14 01:32:56', '2021-12-14 01:32:56'),
(26212, 5, 77, 1, 1, 1, 1, 1, 2, 2, '2021-12-14 01:32:56', '2021-12-14 01:32:56'),
(26213, 5, 78, 1, 1, 1, 1, 1, 2, 2, '2021-12-14 01:32:56', '2021-12-14 01:32:56'),
(26214, 5, 79, 1, 1, 1, 1, 1, 2, 2, '2021-12-14 01:32:56', '2021-12-14 01:32:56'),
(26215, 5, 80, 1, 1, 1, 1, 1, 2, 2, '2021-12-14 01:32:56', '2021-12-14 01:32:56'),
(26216, 5, 81, 1, 1, 1, 1, 1, 2, 2, '2021-12-14 01:32:56', '2021-12-14 01:32:56'),
(26217, 5, 82, 1, 1, 1, 1, 1, 2, 2, '2021-12-14 01:32:56', '2021-12-14 01:32:56'),
(26218, 5, 83, 1, 1, 1, 1, 1, 2, 2, '2021-12-14 01:32:56', '2021-12-14 01:32:56'),
(26219, 5, 84, 1, 1, 1, 1, 1, 2, 2, '2021-12-14 01:32:56', '2021-12-14 01:32:56'),
(26220, 5, 85, 1, 1, 1, 1, 1, 2, 2, '2021-12-14 01:32:56', '2021-12-14 01:32:56'),
(26221, 5, 86, 1, 1, 1, 1, 1, 2, 2, '2021-12-14 01:32:56', '2021-12-14 01:32:56'),
(26222, 5, 87, 1, 1, 1, 1, 1, 2, 2, '2021-12-14 01:32:56', '2021-12-14 01:32:56'),
(26223, 5, 88, 1, 1, 1, 1, 1, 2, 2, '2021-12-14 01:32:56', '2021-12-14 01:32:56'),
(26224, 5, 89, 1, 1, 1, 1, 1, 2, 2, '2021-12-14 01:32:56', '2021-12-14 01:32:56'),
(26225, 5, 90, 1, 1, 1, 1, 1, 2, 2, '2021-12-14 01:32:56', '2021-12-14 01:32:56'),
(26226, 5, 91, 1, 1, 1, 1, 1, 2, 2, '2021-12-14 01:32:56', '2021-12-14 01:32:56'),
(26227, 5, 92, 1, 1, 1, 1, 1, 2, 2, '2021-12-14 01:32:56', '2021-12-14 01:32:56'),
(26228, 5, 93, 1, 1, 1, 1, 1, 2, 2, '2021-12-14 01:32:56', '2021-12-14 01:32:56'),
(26229, 5, 94, 1, 1, 1, 1, 1, 2, 2, '2021-12-14 01:32:56', '2021-12-14 01:32:56'),
(26230, 5, 95, 1, 1, 1, 1, 1, 2, 2, '2021-12-14 01:32:56', '2021-12-14 01:32:56'),
(26231, 5, 96, 1, 1, 1, 1, 1, 2, 2, '2021-12-14 01:32:56', '2021-12-14 01:32:56'),
(26232, 5, 97, 1, 1, 1, 1, 1, 2, 2, '2021-12-14 01:32:56', '2021-12-14 01:32:56'),
(26233, 5, 98, 1, 1, 1, 1, 1, 2, 2, '2021-12-14 01:32:56', '2021-12-14 01:32:56'),
(26234, 5, 99, 1, 1, 1, 1, 1, 2, 2, '2021-12-14 01:32:56', '2021-12-14 01:32:56'),
(26235, 5, 100, 1, 1, 1, 1, 1, 2, 2, '2021-12-14 01:32:56', '2021-12-14 01:32:56'),
(26236, 5, 101, 1, 1, 1, 1, 1, 2, 2, '2021-12-14 01:32:56', '2021-12-14 01:32:56'),
(26237, 5, 102, 1, 1, 1, 1, 1, 2, 2, '2021-12-14 01:32:56', '2021-12-14 01:32:56'),
(26238, 5, 103, 1, 1, 1, 1, 1, 2, 2, '2021-12-14 01:32:56', '2021-12-14 01:32:56'),
(26239, 5, 104, 1, 1, 1, 1, 1, 2, 2, '2021-12-14 01:32:56', '2021-12-14 01:32:56'),
(26240, 5, 105, 1, 1, 1, 1, 1, 2, 2, '2021-12-14 01:32:56', '2021-12-14 01:32:56'),
(26241, 5, 106, 1, 1, 1, 1, 1, 2, 2, '2021-12-14 01:32:56', '2021-12-14 01:32:56'),
(26242, 5, 107, 1, 1, 1, 1, 1, 2, 2, '2021-12-14 01:32:56', '2021-12-14 01:32:56'),
(26243, 5, 108, 1, 1, 1, 1, 1, 2, 2, '2021-12-14 01:32:56', '2021-12-14 01:32:56'),
(26244, 5, 109, 1, 1, 1, 1, 1, 2, 2, '2021-12-14 01:32:56', '2021-12-14 01:32:56'),
(26245, 5, 110, 1, 1, 1, 1, 1, 2, 2, '2021-12-14 01:32:56', '2021-12-14 01:32:56'),
(26246, 5, 111, 1, 1, 1, 1, 1, 2, 2, '2021-12-14 01:32:56', '2021-12-14 01:32:56'),
(26247, 5, 112, 1, 1, 1, 1, 1, 2, 2, '2021-12-14 01:32:56', '2021-12-14 01:32:56'),
(26248, 5, 113, 0, 0, 0, 0, 0, 2, 2, '2021-12-14 01:32:56', '2021-12-14 01:32:56'),
(26249, 5, 114, 1, 1, 1, 1, 1, 2, 2, '2021-12-14 01:32:56', '2021-12-14 01:32:56'),
(26250, 5, 115, 1, 1, 1, 1, 1, 2, 2, '2021-12-14 01:32:56', '2021-12-14 01:32:56'),
(26251, 5, 116, 1, 1, 1, 1, 1, 2, 2, '2021-12-14 01:32:56', '2021-12-14 01:32:56'),
(26252, 5, 117, 1, 1, 1, 1, 1, 2, 2, '2021-12-14 01:32:56', '2021-12-14 01:32:56'),
(26253, 5, 118, 1, 1, 1, 1, 1, 2, 2, '2021-12-14 01:32:56', '2021-12-14 01:32:56'),
(26254, 5, 119, 1, 1, 1, 1, 1, 2, 2, '2021-12-14 01:32:56', '2021-12-14 01:32:56'),
(26255, 5, 120, 1, 1, 1, 1, 1, 2, 2, '2021-12-14 01:32:56', '2021-12-14 01:32:56'),
(26256, 5, 121, 1, 1, 1, 1, 1, 2, 2, '2021-12-14 01:32:56', '2021-12-14 01:32:56'),
(26257, 5, 122, 1, 1, 1, 1, 1, 2, 2, '2021-12-14 01:32:56', '2021-12-14 01:32:56'),
(26258, 5, 123, 1, 1, 1, 1, 1, 2, 2, '2021-12-14 01:32:56', '2021-12-14 01:32:56'),
(26259, 5, 124, 1, 1, 1, 1, 1, 2, 2, '2021-12-14 01:32:56', '2021-12-14 01:32:56'),
(26260, 5, 125, 0, 0, 1, 0, 0, 2, 2, '2021-12-14 01:32:56', '2021-12-14 01:32:56'),
(26261, 5, 126, 0, 0, 1, 0, 0, 2, 2, '2021-12-14 01:32:56', '2021-12-14 01:32:56'),
(26262, 5, 127, 0, 0, 1, 0, 0, 2, 2, '2021-12-14 01:32:56', '2021-12-14 01:32:56'),
(26263, 5, 128, 0, 0, 1, 0, 0, 2, 2, '2021-12-14 01:32:56', '2021-12-14 01:32:56'),
(26264, 5, 129, 0, 0, 1, 0, 0, 2, 2, '2021-12-14 01:32:56', '2021-12-14 01:32:56'),
(26265, 5, 130, 0, 0, 1, 0, 0, 2, 2, '2021-12-14 01:32:56', '2021-12-14 01:32:56'),
(26266, 5, 131, 0, 0, 1, 0, 0, 2, 2, '2021-12-14 01:32:56', '2021-12-14 01:32:56'),
(26267, 5, 132, 1, 1, 1, 1, 1, 2, 2, '2021-12-14 01:32:56', '2021-12-14 01:32:56'),
(26268, 5, 133, 0, 0, 1, 0, 0, 2, 2, '2021-12-14 01:32:56', '2021-12-14 01:32:56'),
(26269, 5, 134, 0, 0, 1, 0, 0, 2, 2, '2021-12-14 01:32:56', '2021-12-14 01:32:56'),
(26270, 5, 135, 0, 0, 0, 0, 0, 2, 2, '2021-12-14 01:32:56', '2021-12-14 01:32:56'),
(26271, 5, 136, 0, 0, 0, 0, 0, 2, 2, '2021-12-14 01:32:56', '2021-12-14 01:32:56'),
(26272, 5, 137, 0, 0, 0, 0, 0, 2, 2, '2021-12-14 01:32:56', '2021-12-14 01:32:56'),
(26273, 5, 138, 0, 0, 0, 0, 0, 2, 2, '2021-12-14 01:32:56', '2021-12-14 01:32:56'),
(26274, 5, 139, 0, 0, 0, 0, 0, 2, 2, '2021-12-14 01:32:56', '2021-12-14 01:32:56'),
(26275, 5, 140, 0, 0, 0, 0, 0, 2, 2, '2021-12-14 01:32:56', '2021-12-14 01:32:56'),
(26276, 5, 141, 0, 0, 0, 0, 0, 2, 2, '2021-12-14 01:32:56', '2021-12-14 01:32:56'),
(26277, 5, 142, 0, 0, 0, 0, 0, 2, 2, '2021-12-14 01:32:56', '2021-12-14 01:32:56'),
(26278, 5, 143, 0, 0, 0, 0, 0, 2, 2, '2021-12-14 01:32:56', '2021-12-14 01:32:56'),
(26279, 5, 144, 1, 1, 1, 1, 1, 2, 2, '2021-12-14 01:32:56', '2021-12-14 01:32:56'),
(26280, 5, 145, 0, 0, 0, 0, 0, 2, 2, '2021-12-14 01:32:56', '2021-12-14 01:32:56'),
(26281, 5, 146, 0, 0, 0, 0, 0, 2, 2, '2021-12-14 01:32:56', '2021-12-14 01:32:56'),
(29348, 27, 1, 1, 1, 1, 1, 1, 20, 20, '2021-12-17 02:39:17', '2021-12-17 02:39:17'),
(29349, 27, 2, 1, 1, 1, 1, 1, 20, 20, '2021-12-17 02:39:17', '2021-12-17 02:39:17'),
(29350, 27, 3, 1, 1, 1, 1, 1, 20, 20, '2021-12-17 02:39:17', '2021-12-17 02:39:17'),
(29351, 27, 4, 0, 0, 0, 0, 0, 20, 20, '2021-12-17 02:39:17', '2021-12-17 02:39:17'),
(29352, 27, 5, 0, 0, 0, 0, 0, 20, 20, '2021-12-17 02:39:17', '2021-12-17 02:39:17'),
(29353, 27, 6, 0, 0, 0, 0, 0, 20, 20, '2021-12-17 02:39:17', '2021-12-17 02:39:17'),
(29354, 27, 7, 0, 0, 0, 0, 0, 20, 20, '2021-12-17 02:39:17', '2021-12-17 02:39:17'),
(29355, 27, 8, 0, 0, 0, 0, 0, 20, 20, '2021-12-17 02:39:17', '2021-12-17 02:39:17'),
(29356, 27, 9, 0, 0, 0, 0, 0, 20, 20, '2021-12-17 02:39:17', '2021-12-17 02:39:17'),
(29357, 27, 10, 1, 1, 1, 1, 1, 20, 20, '2021-12-17 02:39:17', '2021-12-17 02:39:17'),
(29358, 27, 11, 1, 1, 1, 1, 1, 20, 20, '2021-12-17 02:39:17', '2021-12-17 02:39:17'),
(29359, 27, 12, 1, 1, 1, 1, 1, 20, 20, '2021-12-17 02:39:17', '2021-12-17 02:39:17'),
(29360, 27, 13, 1, 1, 1, 1, 1, 20, 20, '2021-12-17 02:39:17', '2021-12-17 02:39:17'),
(29361, 27, 14, 0, 0, 0, 0, 0, 20, 20, '2021-12-17 02:39:17', '2021-12-17 02:39:17'),
(29362, 27, 15, 0, 0, 0, 0, 0, 20, 20, '2021-12-17 02:39:17', '2021-12-17 02:39:17'),
(29363, 27, 16, 0, 0, 0, 0, 0, 20, 20, '2021-12-17 02:39:17', '2021-12-17 02:39:17'),
(29364, 27, 17, 0, 0, 0, 0, 0, 20, 20, '2021-12-17 02:39:17', '2021-12-17 02:39:17'),
(29365, 27, 18, 0, 0, 0, 0, 0, 20, 20, '2021-12-17 02:39:17', '2021-12-17 02:39:17'),
(29366, 27, 19, 0, 0, 0, 0, 0, 20, 20, '2021-12-17 02:39:17', '2021-12-17 02:39:17'),
(29367, 27, 20, 0, 0, 0, 0, 0, 20, 20, '2021-12-17 02:39:17', '2021-12-17 02:39:17'),
(29368, 27, 21, 0, 0, 0, 0, 0, 20, 20, '2021-12-17 02:39:17', '2021-12-17 02:39:17'),
(29369, 27, 22, 0, 0, 0, 0, 0, 20, 20, '2021-12-17 02:39:17', '2021-12-17 02:39:17'),
(29370, 27, 23, 0, 0, 0, 0, 0, 20, 20, '2021-12-17 02:39:17', '2021-12-17 02:39:17'),
(29371, 27, 24, 0, 0, 0, 0, 0, 20, 20, '2021-12-17 02:39:17', '2021-12-17 02:39:17'),
(29372, 27, 25, 0, 0, 0, 0, 0, 20, 20, '2021-12-17 02:39:17', '2021-12-17 02:39:17'),
(29373, 27, 26, 0, 0, 0, 0, 0, 20, 20, '2021-12-17 02:39:17', '2021-12-17 02:39:17'),
(29374, 27, 27, 0, 0, 0, 0, 0, 20, 20, '2021-12-17 02:39:17', '2021-12-17 02:39:17'),
(29375, 27, 28, 0, 0, 0, 0, 0, 20, 20, '2021-12-17 02:39:17', '2021-12-17 02:39:17'),
(29376, 27, 29, 0, 0, 0, 0, 0, 20, 20, '2021-12-17 02:39:17', '2021-12-17 02:39:17'),
(29377, 27, 30, 0, 0, 0, 0, 0, 20, 20, '2021-12-17 02:39:17', '2021-12-17 02:39:17'),
(29378, 27, 31, 0, 0, 0, 0, 0, 20, 20, '2021-12-17 02:39:17', '2021-12-17 02:39:17'),
(29379, 27, 32, 0, 0, 0, 0, 0, 20, 20, '2021-12-17 02:39:17', '2021-12-17 02:39:17'),
(29380, 27, 33, 0, 0, 0, 0, 0, 20, 20, '2021-12-17 02:39:17', '2021-12-17 02:39:17'),
(29381, 27, 34, 0, 0, 0, 0, 0, 20, 20, '2021-12-17 02:39:17', '2021-12-17 02:39:17'),
(29382, 27, 35, 0, 0, 0, 0, 0, 20, 20, '2021-12-17 02:39:17', '2021-12-17 02:39:17'),
(29383, 27, 36, 0, 0, 0, 0, 0, 20, 20, '2021-12-17 02:39:17', '2021-12-17 02:39:17'),
(29384, 27, 37, 0, 0, 0, 0, 0, 20, 20, '2021-12-17 02:39:17', '2021-12-17 02:39:17'),
(29385, 27, 38, 0, 0, 0, 0, 0, 20, 20, '2021-12-17 02:39:17', '2021-12-17 02:39:17'),
(29386, 27, 39, 0, 0, 0, 0, 0, 20, 20, '2021-12-17 02:39:17', '2021-12-17 02:39:17'),
(29387, 27, 40, 0, 0, 0, 0, 0, 20, 20, '2021-12-17 02:39:17', '2021-12-17 02:39:17'),
(29388, 27, 41, 0, 0, 0, 0, 0, 20, 20, '2021-12-17 02:39:17', '2021-12-17 02:39:17'),
(29389, 27, 42, 0, 0, 0, 0, 0, 20, 20, '2021-12-17 02:39:17', '2021-12-17 02:39:17'),
(29390, 27, 43, 0, 0, 0, 0, 0, 20, 20, '2021-12-17 02:39:17', '2021-12-17 02:39:17'),
(29391, 27, 44, 0, 0, 0, 0, 0, 20, 20, '2021-12-17 02:39:17', '2021-12-17 02:39:17'),
(29392, 27, 45, 0, 0, 0, 0, 0, 20, 20, '2021-12-17 02:39:17', '2021-12-17 02:39:17'),
(29393, 27, 46, 0, 0, 0, 0, 0, 20, 20, '2021-12-17 02:39:17', '2021-12-17 02:39:17'),
(29394, 27, 47, 0, 0, 0, 0, 0, 20, 20, '2021-12-17 02:39:17', '2021-12-17 02:39:17'),
(29395, 27, 48, 0, 0, 0, 0, 0, 20, 20, '2021-12-17 02:39:17', '2021-12-17 02:39:17'),
(29396, 27, 49, 0, 0, 0, 0, 0, 20, 20, '2021-12-17 02:39:17', '2021-12-17 02:39:17'),
(29397, 27, 50, 0, 0, 0, 0, 0, 20, 20, '2021-12-17 02:39:17', '2021-12-17 02:39:17'),
(29398, 27, 51, 0, 0, 0, 0, 0, 20, 20, '2021-12-17 02:39:17', '2021-12-17 02:39:17'),
(29399, 27, 52, 0, 0, 0, 0, 0, 20, 20, '2021-12-17 02:39:17', '2021-12-17 02:39:17'),
(29400, 27, 53, 0, 0, 0, 0, 0, 20, 20, '2021-12-17 02:39:17', '2021-12-17 02:39:17'),
(29401, 27, 54, 0, 0, 0, 0, 0, 20, 20, '2021-12-17 02:39:17', '2021-12-17 02:39:17'),
(29402, 27, 55, 0, 0, 0, 0, 0, 20, 20, '2021-12-17 02:39:17', '2021-12-17 02:39:17'),
(29403, 27, 56, 0, 0, 0, 0, 0, 20, 20, '2021-12-17 02:39:17', '2021-12-17 02:39:17'),
(29404, 27, 57, 0, 0, 0, 0, 0, 20, 20, '2021-12-17 02:39:17', '2021-12-17 02:39:17'),
(29405, 27, 58, 0, 0, 0, 0, 0, 20, 20, '2021-12-17 02:39:17', '2021-12-17 02:39:17'),
(29406, 27, 59, 0, 0, 0, 0, 0, 20, 20, '2021-12-17 02:39:17', '2021-12-17 02:39:17'),
(29407, 27, 60, 0, 0, 0, 0, 0, 20, 20, '2021-12-17 02:39:17', '2021-12-17 02:39:17'),
(29408, 27, 61, 0, 0, 0, 0, 0, 20, 20, '2021-12-17 02:39:17', '2021-12-17 02:39:17'),
(29409, 27, 62, 0, 0, 0, 0, 0, 20, 20, '2021-12-17 02:39:17', '2021-12-17 02:39:17'),
(29410, 27, 63, 0, 0, 0, 0, 0, 20, 20, '2021-12-17 02:39:17', '2021-12-17 02:39:17'),
(29411, 27, 64, 0, 0, 0, 0, 0, 20, 20, '2021-12-17 02:39:17', '2021-12-17 02:39:17'),
(29412, 27, 65, 0, 0, 0, 0, 0, 20, 20, '2021-12-17 02:39:17', '2021-12-17 02:39:17'),
(29413, 27, 66, 0, 0, 0, 0, 0, 20, 20, '2021-12-17 02:39:17', '2021-12-17 02:39:17'),
(29414, 27, 67, 0, 0, 0, 0, 0, 20, 20, '2021-12-17 02:39:17', '2021-12-17 02:39:17'),
(29415, 27, 68, 0, 0, 0, 0, 0, 20, 20, '2021-12-17 02:39:17', '2021-12-17 02:39:17'),
(29416, 27, 69, 0, 0, 0, 0, 0, 20, 20, '2021-12-17 02:39:17', '2021-12-17 02:39:17'),
(29417, 27, 70, 0, 0, 0, 0, 0, 20, 20, '2021-12-17 02:39:17', '2021-12-17 02:39:17'),
(29418, 27, 71, 0, 0, 0, 0, 0, 20, 20, '2021-12-17 02:39:17', '2021-12-17 02:39:17'),
(29419, 27, 72, 0, 0, 0, 0, 0, 20, 20, '2021-12-17 02:39:17', '2021-12-17 02:39:17'),
(29420, 27, 73, 0, 0, 0, 0, 0, 20, 20, '2021-12-17 02:39:17', '2021-12-17 02:39:17'),
(29421, 27, 74, 0, 0, 0, 0, 0, 20, 20, '2021-12-17 02:39:17', '2021-12-17 02:39:17'),
(29422, 27, 75, 0, 0, 0, 0, 0, 20, 20, '2021-12-17 02:39:17', '2021-12-17 02:39:17'),
(29423, 27, 76, 0, 0, 0, 0, 0, 20, 20, '2021-12-17 02:39:17', '2021-12-17 02:39:17'),
(29424, 27, 77, 0, 0, 0, 0, 0, 20, 20, '2021-12-17 02:39:17', '2021-12-17 02:39:17'),
(29425, 27, 78, 0, 0, 0, 0, 0, 20, 20, '2021-12-17 02:39:17', '2021-12-17 02:39:17'),
(29426, 27, 79, 0, 0, 0, 0, 0, 20, 20, '2021-12-17 02:39:17', '2021-12-17 02:39:17'),
(29427, 27, 80, 0, 0, 0, 0, 0, 20, 20, '2021-12-17 02:39:17', '2021-12-17 02:39:17'),
(29428, 27, 81, 0, 0, 0, 0, 0, 20, 20, '2021-12-17 02:39:17', '2021-12-17 02:39:17'),
(29429, 27, 82, 0, 0, 0, 0, 0, 20, 20, '2021-12-17 02:39:17', '2021-12-17 02:39:17'),
(29430, 27, 83, 0, 0, 0, 0, 0, 20, 20, '2021-12-17 02:39:17', '2021-12-17 02:39:17'),
(29431, 27, 84, 0, 0, 0, 0, 0, 20, 20, '2021-12-17 02:39:17', '2021-12-17 02:39:17'),
(29432, 27, 85, 0, 0, 0, 0, 0, 20, 20, '2021-12-17 02:39:17', '2021-12-17 02:39:17'),
(29433, 27, 86, 0, 0, 0, 0, 0, 20, 20, '2021-12-17 02:39:17', '2021-12-17 02:39:17'),
(29434, 27, 87, 0, 0, 0, 0, 0, 20, 20, '2021-12-17 02:39:17', '2021-12-17 02:39:17'),
(29435, 27, 88, 0, 0, 0, 0, 0, 20, 20, '2021-12-17 02:39:17', '2021-12-17 02:39:17'),
(29436, 27, 89, 0, 0, 0, 0, 0, 20, 20, '2021-12-17 02:39:17', '2021-12-17 02:39:17'),
(29437, 27, 90, 0, 0, 0, 0, 0, 20, 20, '2021-12-17 02:39:17', '2021-12-17 02:39:17'),
(29438, 27, 91, 0, 0, 0, 0, 0, 20, 20, '2021-12-17 02:39:17', '2021-12-17 02:39:17'),
(29439, 27, 92, 0, 0, 0, 0, 0, 20, 20, '2021-12-17 02:39:17', '2021-12-17 02:39:17'),
(29440, 27, 93, 0, 0, 0, 0, 0, 20, 20, '2021-12-17 02:39:17', '2021-12-17 02:39:17'),
(29441, 27, 94, 0, 0, 0, 0, 0, 20, 20, '2021-12-17 02:39:17', '2021-12-17 02:39:17'),
(29442, 27, 95, 0, 0, 0, 0, 0, 20, 20, '2021-12-17 02:39:17', '2021-12-17 02:39:17'),
(29443, 27, 96, 0, 0, 0, 0, 0, 20, 20, '2021-12-17 02:39:17', '2021-12-17 02:39:17'),
(29444, 27, 97, 0, 0, 0, 0, 0, 20, 20, '2021-12-17 02:39:17', '2021-12-17 02:39:17'),
(29445, 27, 98, 0, 0, 0, 0, 0, 20, 20, '2021-12-17 02:39:17', '2021-12-17 02:39:17'),
(29446, 27, 99, 0, 0, 0, 0, 0, 20, 20, '2021-12-17 02:39:17', '2021-12-17 02:39:17'),
(29447, 27, 100, 0, 0, 0, 0, 0, 20, 20, '2021-12-17 02:39:17', '2021-12-17 02:39:17'),
(29448, 27, 101, 0, 0, 0, 0, 0, 20, 20, '2021-12-17 02:39:17', '2021-12-17 02:39:17'),
(29449, 27, 102, 0, 0, 0, 0, 0, 20, 20, '2021-12-17 02:39:17', '2021-12-17 02:39:17'),
(29450, 27, 103, 0, 0, 0, 0, 0, 20, 20, '2021-12-17 02:39:17', '2021-12-17 02:39:17'),
(29451, 27, 104, 0, 0, 0, 0, 0, 20, 20, '2021-12-17 02:39:17', '2021-12-17 02:39:17'),
(29452, 27, 105, 0, 0, 0, 0, 0, 20, 20, '2021-12-17 02:39:17', '2021-12-17 02:39:17'),
(29453, 27, 106, 0, 0, 0, 0, 0, 20, 20, '2021-12-17 02:39:17', '2021-12-17 02:39:17'),
(29454, 27, 107, 0, 0, 0, 0, 0, 20, 20, '2021-12-17 02:39:17', '2021-12-17 02:39:17'),
(29455, 27, 108, 0, 0, 0, 0, 0, 20, 20, '2021-12-17 02:39:17', '2021-12-17 02:39:17'),
(29456, 27, 109, 0, 0, 0, 0, 0, 20, 20, '2021-12-17 02:39:17', '2021-12-17 02:39:17'),
(29457, 27, 110, 0, 0, 0, 0, 0, 20, 20, '2021-12-17 02:39:17', '2021-12-17 02:39:17'),
(29458, 27, 111, 0, 0, 0, 0, 0, 20, 20, '2021-12-17 02:39:17', '2021-12-17 02:39:17'),
(29459, 27, 112, 0, 0, 0, 0, 0, 20, 20, '2021-12-17 02:39:17', '2021-12-17 02:39:17'),
(29460, 27, 113, 0, 0, 0, 0, 0, 20, 20, '2021-12-17 02:39:17', '2021-12-17 02:39:17'),
(29461, 27, 114, 1, 1, 1, 1, 1, 20, 20, '2021-12-17 02:39:17', '2021-12-17 02:39:17'),
(29462, 27, 115, 0, 0, 0, 0, 0, 20, 20, '2021-12-17 02:39:17', '2021-12-17 02:39:17'),
(29463, 27, 116, 0, 0, 0, 0, 0, 20, 20, '2021-12-17 02:39:17', '2021-12-17 02:39:17'),
(29464, 27, 117, 0, 0, 0, 0, 0, 20, 20, '2021-12-17 02:39:17', '2021-12-17 02:39:17'),
(29465, 27, 118, 0, 0, 0, 0, 0, 20, 20, '2021-12-17 02:39:17', '2021-12-17 02:39:17'),
(29466, 27, 119, 0, 0, 0, 0, 0, 20, 20, '2021-12-17 02:39:17', '2021-12-17 02:39:17'),
(29467, 27, 120, 0, 0, 0, 0, 0, 20, 20, '2021-12-17 02:39:17', '2021-12-17 02:39:17'),
(29468, 27, 121, 0, 0, 0, 0, 0, 20, 20, '2021-12-17 02:39:17', '2021-12-17 02:39:17'),
(29469, 27, 122, 0, 0, 0, 0, 0, 20, 20, '2021-12-17 02:39:17', '2021-12-17 02:39:17'),
(29470, 27, 123, 0, 0, 0, 0, 0, 20, 20, '2021-12-17 02:39:17', '2021-12-17 02:39:17'),
(29471, 27, 124, 0, 0, 0, 0, 0, 20, 20, '2021-12-17 02:39:17', '2021-12-17 02:39:17'),
(29472, 27, 125, 0, 0, 0, 0, 0, 20, 20, '2021-12-17 02:39:17', '2021-12-17 02:39:17'),
(29473, 27, 126, 0, 0, 0, 0, 0, 20, 20, '2021-12-17 02:39:17', '2021-12-17 02:39:17'),
(29474, 27, 127, 0, 0, 0, 0, 0, 20, 20, '2021-12-17 02:39:17', '2021-12-17 02:39:17'),
(29475, 27, 128, 0, 0, 0, 0, 0, 20, 20, '2021-12-17 02:39:17', '2021-12-17 02:39:17'),
(29476, 27, 129, 0, 0, 0, 0, 0, 20, 20, '2021-12-17 02:39:17', '2021-12-17 02:39:17'),
(29477, 27, 130, 0, 0, 0, 0, 0, 20, 20, '2021-12-17 02:39:17', '2021-12-17 02:39:17'),
(29478, 27, 131, 0, 0, 0, 0, 0, 20, 20, '2021-12-17 02:39:17', '2021-12-17 02:39:17'),
(29479, 27, 132, 0, 0, 0, 0, 0, 20, 20, '2021-12-17 02:39:17', '2021-12-17 02:39:17'),
(29480, 27, 133, 0, 0, 0, 0, 0, 20, 20, '2021-12-17 02:39:17', '2021-12-17 02:39:17'),
(29481, 27, 134, 0, 0, 0, 0, 0, 20, 20, '2021-12-17 02:39:17', '2021-12-17 02:39:17'),
(29482, 27, 135, 0, 0, 0, 0, 0, 20, 20, '2021-12-17 02:39:17', '2021-12-17 02:39:17'),
(29483, 27, 136, 0, 0, 0, 0, 0, 20, 20, '2021-12-17 02:39:17', '2021-12-17 02:39:17'),
(29484, 27, 137, 0, 0, 0, 0, 0, 20, 20, '2021-12-17 02:39:17', '2021-12-17 02:39:17'),
(29485, 27, 138, 0, 0, 0, 0, 0, 20, 20, '2021-12-17 02:39:17', '2021-12-17 02:39:17'),
(29486, 27, 139, 0, 0, 0, 0, 0, 20, 20, '2021-12-17 02:39:17', '2021-12-17 02:39:17'),
(29487, 27, 140, 0, 0, 0, 0, 0, 20, 20, '2021-12-17 02:39:17', '2021-12-17 02:39:17'),
(29488, 27, 141, 0, 0, 0, 0, 0, 20, 20, '2021-12-17 02:39:17', '2021-12-17 02:39:17'),
(29489, 27, 142, 0, 0, 0, 0, 0, 20, 20, '2021-12-17 02:39:17', '2021-12-17 02:39:17'),
(29490, 27, 143, 0, 0, 0, 0, 0, 20, 20, '2021-12-17 02:39:17', '2021-12-17 02:39:17'),
(29491, 27, 144, 0, 0, 0, 0, 0, 20, 20, '2021-12-17 02:39:17', '2021-12-17 02:39:17'),
(29492, 27, 145, 0, 0, 0, 0, 0, 20, 20, '2021-12-17 02:39:17', '2021-12-17 02:39:17'),
(29493, 27, 146, 0, 0, 0, 0, 0, 20, 20, '2021-12-17 02:39:17', '2021-12-17 02:39:17'),
(29494, 9, 1, 0, 0, 1, 0, 0, 20, 20, '2021-12-17 02:39:42', '2021-12-17 02:39:42'),
(29495, 9, 2, 0, 0, 1, 0, 0, 20, 20, '2021-12-17 02:39:42', '2021-12-17 02:39:42'),
(29496, 9, 3, 0, 0, 1, 0, 0, 20, 20, '2021-12-17 02:39:42', '2021-12-17 02:39:42'),
(29497, 9, 4, 0, 0, 1, 0, 0, 20, 20, '2021-12-17 02:39:42', '2021-12-17 02:39:42'),
(29498, 9, 5, 0, 0, 1, 0, 0, 20, 20, '2021-12-17 02:39:42', '2021-12-17 02:39:42'),
(29499, 9, 6, 0, 0, 1, 0, 0, 20, 20, '2021-12-17 02:39:42', '2021-12-17 02:39:42'),
(29500, 9, 7, 0, 0, 1, 0, 0, 20, 20, '2021-12-17 02:39:42', '2021-12-17 02:39:42'),
(29501, 9, 8, 0, 0, 1, 0, 0, 20, 20, '2021-12-17 02:39:42', '2021-12-17 02:39:42'),
(29502, 9, 9, 0, 0, 1, 0, 0, 20, 20, '2021-12-17 02:39:42', '2021-12-17 02:39:42'),
(29503, 9, 10, 0, 0, 1, 0, 0, 20, 20, '2021-12-17 02:39:42', '2021-12-17 02:39:42'),
(29504, 9, 11, 0, 0, 1, 0, 0, 20, 20, '2021-12-17 02:39:42', '2021-12-17 02:39:42'),
(29505, 9, 12, 0, 0, 1, 0, 0, 20, 20, '2021-12-17 02:39:42', '2021-12-17 02:39:42'),
(29506, 9, 13, 0, 0, 1, 0, 0, 20, 20, '2021-12-17 02:39:42', '2021-12-17 02:39:42'),
(29507, 9, 14, 0, 0, 1, 0, 0, 20, 20, '2021-12-17 02:39:42', '2021-12-17 02:39:42'),
(29508, 9, 15, 0, 0, 1, 0, 0, 20, 20, '2021-12-17 02:39:42', '2021-12-17 02:39:42'),
(29509, 9, 16, 0, 0, 1, 0, 0, 20, 20, '2021-12-17 02:39:42', '2021-12-17 02:39:42'),
(29510, 9, 17, 0, 0, 1, 0, 0, 20, 20, '2021-12-17 02:39:42', '2021-12-17 02:39:42'),
(29511, 9, 18, 0, 0, 1, 0, 0, 20, 20, '2021-12-17 02:39:42', '2021-12-17 02:39:42'),
(29512, 9, 19, 0, 0, 1, 0, 0, 20, 20, '2021-12-17 02:39:42', '2021-12-17 02:39:42'),
(29513, 9, 20, 0, 0, 1, 0, 0, 20, 20, '2021-12-17 02:39:42', '2021-12-17 02:39:42'),
(29514, 9, 21, 0, 0, 1, 0, 0, 20, 20, '2021-12-17 02:39:42', '2021-12-17 02:39:42'),
(29515, 9, 22, 0, 0, 1, 0, 0, 20, 20, '2021-12-17 02:39:42', '2021-12-17 02:39:42'),
(29516, 9, 23, 0, 0, 1, 0, 0, 20, 20, '2021-12-17 02:39:42', '2021-12-17 02:39:42'),
(29517, 9, 24, 0, 0, 1, 0, 0, 20, 20, '2021-12-17 02:39:42', '2021-12-17 02:39:42'),
(29518, 9, 25, 0, 0, 1, 0, 0, 20, 20, '2021-12-17 02:39:42', '2021-12-17 02:39:42'),
(29519, 9, 26, 0, 0, 1, 0, 0, 20, 20, '2021-12-17 02:39:42', '2021-12-17 02:39:42'),
(29520, 9, 27, 0, 0, 1, 0, 0, 20, 20, '2021-12-17 02:39:42', '2021-12-17 02:39:42'),
(29521, 9, 28, 0, 0, 1, 0, 0, 20, 20, '2021-12-17 02:39:42', '2021-12-17 02:39:42'),
(29522, 9, 29, 0, 0, 1, 0, 0, 20, 20, '2021-12-17 02:39:42', '2021-12-17 02:39:42'),
(29523, 9, 30, 0, 0, 1, 0, 0, 20, 20, '2021-12-17 02:39:42', '2021-12-17 02:39:42'),
(29524, 9, 31, 0, 0, 1, 0, 0, 20, 20, '2021-12-17 02:39:42', '2021-12-17 02:39:42'),
(29525, 9, 32, 0, 0, 1, 0, 0, 20, 20, '2021-12-17 02:39:42', '2021-12-17 02:39:42'),
(29526, 9, 33, 0, 0, 1, 0, 0, 20, 20, '2021-12-17 02:39:42', '2021-12-17 02:39:42'),
(29527, 9, 34, 0, 0, 1, 0, 0, 20, 20, '2021-12-17 02:39:42', '2021-12-17 02:39:42'),
(29528, 9, 35, 0, 0, 1, 0, 0, 20, 20, '2021-12-17 02:39:42', '2021-12-17 02:39:42'),
(29529, 9, 36, 0, 0, 1, 0, 0, 20, 20, '2021-12-17 02:39:42', '2021-12-17 02:39:42'),
(29530, 9, 37, 0, 0, 1, 0, 0, 20, 20, '2021-12-17 02:39:42', '2021-12-17 02:39:42'),
(29531, 9, 38, 0, 0, 1, 0, 0, 20, 20, '2021-12-17 02:39:42', '2021-12-17 02:39:42'),
(29532, 9, 39, 0, 0, 1, 0, 0, 20, 20, '2021-12-17 02:39:42', '2021-12-17 02:39:42'),
(29533, 9, 40, 0, 0, 1, 0, 0, 20, 20, '2021-12-17 02:39:42', '2021-12-17 02:39:42'),
(29534, 9, 41, 0, 0, 1, 0, 0, 20, 20, '2021-12-17 02:39:42', '2021-12-17 02:39:42'),
(29535, 9, 42, 0, 0, 1, 0, 0, 20, 20, '2021-12-17 02:39:42', '2021-12-17 02:39:42'),
(29536, 9, 43, 0, 0, 1, 0, 0, 20, 20, '2021-12-17 02:39:42', '2021-12-17 02:39:42'),
(29537, 9, 44, 0, 0, 1, 0, 0, 20, 20, '2021-12-17 02:39:42', '2021-12-17 02:39:42'),
(29538, 9, 45, 0, 0, 1, 0, 0, 20, 20, '2021-12-17 02:39:42', '2021-12-17 02:39:42'),
(29539, 9, 46, 0, 0, 1, 0, 0, 20, 20, '2021-12-17 02:39:42', '2021-12-17 02:39:42'),
(29540, 9, 47, 0, 0, 1, 0, 0, 20, 20, '2021-12-17 02:39:42', '2021-12-17 02:39:42'),
(29541, 9, 48, 0, 0, 0, 0, 0, 20, 20, '2021-12-17 02:39:42', '2021-12-17 02:39:42'),
(29542, 9, 49, 0, 0, 1, 0, 0, 20, 20, '2021-12-17 02:39:42', '2021-12-17 02:39:42'),
(29543, 9, 50, 0, 0, 1, 0, 0, 20, 20, '2021-12-17 02:39:42', '2021-12-17 02:39:42'),
(29544, 9, 51, 0, 0, 1, 0, 0, 20, 20, '2021-12-17 02:39:42', '2021-12-17 02:39:42'),
(29545, 9, 52, 0, 0, 1, 0, 0, 20, 20, '2021-12-17 02:39:42', '2021-12-17 02:39:42'),
(29546, 9, 53, 0, 0, 1, 0, 0, 20, 20, '2021-12-17 02:39:42', '2021-12-17 02:39:42'),
(29547, 9, 54, 0, 0, 1, 0, 0, 20, 20, '2021-12-17 02:39:42', '2021-12-17 02:39:42'),
(29548, 9, 55, 0, 0, 1, 0, 0, 20, 20, '2021-12-17 02:39:42', '2021-12-17 02:39:42'),
(29549, 9, 56, 0, 0, 1, 0, 0, 20, 20, '2021-12-17 02:39:42', '2021-12-17 02:39:42'),
(29550, 9, 57, 0, 0, 1, 0, 0, 20, 20, '2021-12-17 02:39:42', '2021-12-17 02:39:42'),
(29551, 9, 58, 0, 0, 1, 0, 0, 20, 20, '2021-12-17 02:39:42', '2021-12-17 02:39:42'),
(29552, 9, 59, 0, 0, 1, 0, 0, 20, 20, '2021-12-17 02:39:42', '2021-12-17 02:39:42'),
(29553, 9, 60, 0, 0, 1, 0, 0, 20, 20, '2021-12-17 02:39:42', '2021-12-17 02:39:42'),
(29554, 9, 61, 0, 0, 1, 0, 0, 20, 20, '2021-12-17 02:39:42', '2021-12-17 02:39:42'),
(29555, 9, 62, 0, 0, 1, 0, 0, 20, 20, '2021-12-17 02:39:42', '2021-12-17 02:39:42'),
(29556, 9, 63, 0, 0, 1, 0, 0, 20, 20, '2021-12-17 02:39:42', '2021-12-17 02:39:42'),
(29557, 9, 64, 0, 0, 1, 0, 0, 20, 20, '2021-12-17 02:39:42', '2021-12-17 02:39:42'),
(29558, 9, 65, 0, 0, 1, 0, 0, 20, 20, '2021-12-17 02:39:42', '2021-12-17 02:39:42'),
(29559, 9, 66, 0, 0, 1, 0, 0, 20, 20, '2021-12-17 02:39:42', '2021-12-17 02:39:42'),
(29560, 9, 67, 0, 0, 1, 0, 0, 20, 20, '2021-12-17 02:39:42', '2021-12-17 02:39:42'),
(29561, 9, 68, 0, 0, 1, 0, 0, 20, 20, '2021-12-17 02:39:42', '2021-12-17 02:39:42'),
(29562, 9, 69, 0, 0, 1, 0, 0, 20, 20, '2021-12-17 02:39:42', '2021-12-17 02:39:42'),
(29563, 9, 70, 0, 0, 1, 0, 0, 20, 20, '2021-12-17 02:39:42', '2021-12-17 02:39:42'),
(29564, 9, 71, 0, 0, 1, 0, 0, 20, 20, '2021-12-17 02:39:42', '2021-12-17 02:39:42'),
(29565, 9, 72, 0, 0, 1, 0, 0, 20, 20, '2021-12-17 02:39:42', '2021-12-17 02:39:42'),
(29566, 9, 73, 0, 0, 1, 0, 0, 20, 20, '2021-12-17 02:39:42', '2021-12-17 02:39:42'),
(29567, 9, 74, 0, 0, 0, 0, 0, 20, 20, '2021-12-17 02:39:42', '2021-12-17 02:39:42'),
(29568, 9, 75, 0, 0, 1, 0, 0, 20, 20, '2021-12-17 02:39:42', '2021-12-17 02:39:42'),
(29569, 9, 76, 0, 0, 1, 0, 0, 20, 20, '2021-12-17 02:39:42', '2021-12-17 02:39:42'),
(29570, 9, 77, 0, 0, 1, 0, 0, 20, 20, '2021-12-17 02:39:42', '2021-12-17 02:39:42'),
(29571, 9, 78, 0, 0, 1, 0, 0, 20, 20, '2021-12-17 02:39:42', '2021-12-17 02:39:42'),
(29572, 9, 79, 0, 0, 1, 0, 0, 20, 20, '2021-12-17 02:39:42', '2021-12-17 02:39:42'),
(29573, 9, 80, 0, 0, 1, 0, 0, 20, 20, '2021-12-17 02:39:42', '2021-12-17 02:39:42'),
(29574, 9, 81, 0, 0, 1, 0, 0, 20, 20, '2021-12-17 02:39:42', '2021-12-17 02:39:42'),
(29575, 9, 82, 0, 0, 1, 0, 0, 20, 20, '2021-12-17 02:39:42', '2021-12-17 02:39:42'),
(29576, 9, 83, 0, 0, 1, 0, 0, 20, 20, '2021-12-17 02:39:42', '2021-12-17 02:39:42'),
(29577, 9, 84, 0, 0, 1, 0, 0, 20, 20, '2021-12-17 02:39:42', '2021-12-17 02:39:42'),
(29578, 9, 85, 0, 0, 1, 0, 0, 20, 20, '2021-12-17 02:39:42', '2021-12-17 02:39:42'),
(29579, 9, 86, 0, 0, 1, 0, 0, 20, 20, '2021-12-17 02:39:42', '2021-12-17 02:39:42'),
(29580, 9, 87, 0, 0, 1, 0, 0, 20, 20, '2021-12-17 02:39:42', '2021-12-17 02:39:42'),
(29581, 9, 88, 0, 0, 1, 0, 0, 20, 20, '2021-12-17 02:39:42', '2021-12-17 02:39:42'),
(29582, 9, 89, 0, 0, 1, 0, 0, 20, 20, '2021-12-17 02:39:42', '2021-12-17 02:39:42'),
(29583, 9, 90, 0, 0, 1, 0, 0, 20, 20, '2021-12-17 02:39:42', '2021-12-17 02:39:42'),
(29584, 9, 91, 0, 0, 1, 0, 0, 20, 20, '2021-12-17 02:39:42', '2021-12-17 02:39:42'),
(29585, 9, 92, 0, 0, 1, 0, 0, 20, 20, '2021-12-17 02:39:42', '2021-12-17 02:39:42'),
(29586, 9, 93, 0, 0, 1, 0, 0, 20, 20, '2021-12-17 02:39:42', '2021-12-17 02:39:42'),
(29587, 9, 94, 0, 0, 1, 0, 0, 20, 20, '2021-12-17 02:39:42', '2021-12-17 02:39:42'),
(29588, 9, 95, 0, 0, 0, 0, 0, 20, 20, '2021-12-17 02:39:42', '2021-12-17 02:39:42'),
(29589, 9, 96, 0, 0, 1, 0, 0, 20, 20, '2021-12-17 02:39:42', '2021-12-17 02:39:42'),
(29590, 9, 97, 0, 0, 1, 0, 0, 20, 20, '2021-12-17 02:39:42', '2021-12-17 02:39:42'),
(29591, 9, 98, 0, 0, 1, 0, 0, 20, 20, '2021-12-17 02:39:42', '2021-12-17 02:39:42'),
(29592, 9, 99, 0, 0, 1, 0, 0, 20, 20, '2021-12-17 02:39:42', '2021-12-17 02:39:42'),
(29593, 9, 100, 0, 0, 1, 0, 0, 20, 20, '2021-12-17 02:39:42', '2021-12-17 02:39:42'),
(29594, 9, 101, 0, 0, 1, 0, 0, 20, 20, '2021-12-17 02:39:42', '2021-12-17 02:39:42'),
(29595, 9, 102, 0, 0, 1, 0, 0, 20, 20, '2021-12-17 02:39:42', '2021-12-17 02:39:42'),
(29596, 9, 103, 0, 0, 1, 0, 0, 20, 20, '2021-12-17 02:39:42', '2021-12-17 02:39:42'),
(29597, 9, 104, 0, 0, 1, 0, 0, 20, 20, '2021-12-17 02:39:42', '2021-12-17 02:39:42'),
(29598, 9, 105, 0, 0, 1, 0, 0, 20, 20, '2021-12-17 02:39:42', '2021-12-17 02:39:42'),
(29599, 9, 106, 0, 0, 1, 0, 0, 20, 20, '2021-12-17 02:39:42', '2021-12-17 02:39:42'),
(29600, 9, 107, 0, 0, 1, 0, 0, 20, 20, '2021-12-17 02:39:42', '2021-12-17 02:39:42'),
(29601, 9, 108, 0, 0, 1, 0, 0, 20, 20, '2021-12-17 02:39:42', '2021-12-17 02:39:42'),
(29602, 9, 109, 0, 0, 1, 0, 0, 20, 20, '2021-12-17 02:39:42', '2021-12-17 02:39:42'),
(29603, 9, 110, 0, 0, 1, 0, 0, 20, 20, '2021-12-17 02:39:42', '2021-12-17 02:39:42'),
(29604, 9, 111, 0, 0, 1, 0, 0, 20, 20, '2021-12-17 02:39:42', '2021-12-17 02:39:42'),
(29605, 9, 112, 0, 0, 1, 0, 0, 20, 20, '2021-12-17 02:39:42', '2021-12-17 02:39:42'),
(29606, 9, 113, 0, 0, 0, 0, 0, 20, 20, '2021-12-17 02:39:42', '2021-12-17 02:39:42'),
(29607, 9, 114, 0, 0, 1, 0, 0, 20, 20, '2021-12-17 02:39:42', '2021-12-17 02:39:42'),
(29608, 9, 115, 0, 0, 1, 0, 0, 20, 20, '2021-12-17 02:39:42', '2021-12-17 02:39:42'),
(29609, 9, 116, 0, 0, 1, 0, 0, 20, 20, '2021-12-17 02:39:42', '2021-12-17 02:39:42'),
(29610, 9, 117, 0, 0, 1, 0, 0, 20, 20, '2021-12-17 02:39:42', '2021-12-17 02:39:42'),
(29611, 9, 118, 0, 0, 1, 0, 0, 20, 20, '2021-12-17 02:39:42', '2021-12-17 02:39:42'),
(29612, 9, 119, 0, 0, 1, 0, 0, 20, 20, '2021-12-17 02:39:42', '2021-12-17 02:39:42'),
(29613, 9, 120, 0, 0, 1, 0, 0, 20, 20, '2021-12-17 02:39:42', '2021-12-17 02:39:42'),
(29614, 9, 121, 0, 0, 1, 0, 0, 20, 20, '2021-12-17 02:39:42', '2021-12-17 02:39:42'),
(29615, 9, 122, 0, 0, 1, 0, 0, 20, 20, '2021-12-17 02:39:42', '2021-12-17 02:39:42'),
(29616, 9, 123, 0, 0, 1, 0, 0, 20, 20, '2021-12-17 02:39:42', '2021-12-17 02:39:42'),
(29617, 9, 124, 0, 0, 1, 0, 0, 20, 20, '2021-12-17 02:39:42', '2021-12-17 02:39:42'),
(29618, 9, 125, 0, 0, 1, 0, 0, 20, 20, '2021-12-17 02:39:42', '2021-12-17 02:39:42'),
(29619, 9, 126, 0, 0, 1, 0, 0, 20, 20, '2021-12-17 02:39:42', '2021-12-17 02:39:42'),
(29620, 9, 127, 0, 0, 1, 0, 0, 20, 20, '2021-12-17 02:39:42', '2021-12-17 02:39:42'),
(29621, 9, 128, 0, 0, 1, 0, 0, 20, 20, '2021-12-17 02:39:42', '2021-12-17 02:39:42'),
(29622, 9, 129, 0, 0, 1, 0, 0, 20, 20, '2021-12-17 02:39:42', '2021-12-17 02:39:42'),
(29623, 9, 130, 0, 0, 1, 0, 0, 20, 20, '2021-12-17 02:39:42', '2021-12-17 02:39:42'),
(29624, 9, 131, 0, 0, 1, 0, 0, 20, 20, '2021-12-17 02:39:42', '2021-12-17 02:39:42'),
(29625, 9, 132, 0, 0, 0, 0, 0, 20, 20, '2021-12-17 02:39:42', '2021-12-17 02:39:42'),
(29626, 9, 133, 0, 0, 0, 0, 0, 20, 20, '2021-12-17 02:39:42', '2021-12-17 02:39:42'),
(29627, 9, 134, 0, 0, 0, 0, 0, 20, 20, '2021-12-17 02:39:42', '2021-12-17 02:39:42'),
(29628, 9, 135, 0, 0, 0, 0, 0, 20, 20, '2021-12-17 02:39:42', '2021-12-17 02:39:42'),
(29629, 9, 136, 0, 0, 0, 0, 0, 20, 20, '2021-12-17 02:39:42', '2021-12-17 02:39:42'),
(29630, 9, 137, 0, 0, 0, 0, 0, 20, 20, '2021-12-17 02:39:42', '2021-12-17 02:39:42'),
(29631, 9, 138, 0, 0, 0, 0, 0, 20, 20, '2021-12-17 02:39:42', '2021-12-17 02:39:42'),
(29632, 9, 139, 0, 0, 0, 0, 0, 20, 20, '2021-12-17 02:39:42', '2021-12-17 02:39:42'),
(29633, 9, 140, 0, 0, 0, 0, 0, 20, 20, '2021-12-17 02:39:42', '2021-12-17 02:39:42'),
(29634, 9, 141, 0, 0, 0, 0, 0, 20, 20, '2021-12-17 02:39:42', '2021-12-17 02:39:42'),
(29635, 9, 142, 0, 0, 0, 0, 0, 20, 20, '2021-12-17 02:39:42', '2021-12-17 02:39:42'),
(29636, 9, 143, 0, 0, 0, 0, 0, 20, 20, '2021-12-17 02:39:42', '2021-12-17 02:39:42'),
(29637, 9, 144, 0, 0, 0, 0, 0, 20, 20, '2021-12-17 02:39:42', '2021-12-17 02:39:42'),
(29638, 9, 145, 0, 0, 0, 0, 0, 20, 20, '2021-12-17 02:39:42', '2021-12-17 02:39:42'),
(29639, 9, 146, 0, 0, 0, 0, 0, 20, 20, '2021-12-17 02:39:42', '2021-12-17 02:39:42'),
(29640, 8, 1, 1, 1, 1, 1, 1, 20, 20, '2021-12-17 02:41:03', '2021-12-17 02:41:03'),
(29641, 8, 2, 1, 1, 1, 1, 1, 20, 20, '2021-12-17 02:41:03', '2021-12-17 02:41:03'),
(29642, 8, 3, 1, 1, 1, 1, 1, 20, 20, '2021-12-17 02:41:03', '2021-12-17 02:41:03'),
(29643, 8, 4, 1, 1, 1, 1, 1, 20, 20, '2021-12-17 02:41:03', '2021-12-17 02:41:03'),
(29644, 8, 5, 1, 1, 1, 1, 1, 20, 20, '2021-12-17 02:41:03', '2021-12-17 02:41:03'),
(29645, 8, 6, 1, 1, 1, 1, 1, 20, 20, '2021-12-17 02:41:03', '2021-12-17 02:41:03'),
(29646, 8, 7, 1, 1, 1, 1, 1, 20, 20, '2021-12-17 02:41:03', '2021-12-17 02:41:03'),
(29647, 8, 8, 1, 1, 1, 1, 1, 20, 20, '2021-12-17 02:41:03', '2021-12-17 02:41:03'),
(29648, 8, 9, 1, 1, 1, 1, 1, 20, 20, '2021-12-17 02:41:03', '2021-12-17 02:41:03'),
(29649, 8, 10, 1, 1, 1, 1, 1, 20, 20, '2021-12-17 02:41:03', '2021-12-17 02:41:03'),
(29650, 8, 11, 1, 1, 1, 1, 1, 20, 20, '2021-12-17 02:41:03', '2021-12-17 02:41:03'),
(29651, 8, 12, 1, 1, 1, 1, 1, 20, 20, '2021-12-17 02:41:03', '2021-12-17 02:41:03'),
(29652, 8, 13, 1, 1, 1, 1, 1, 20, 20, '2021-12-17 02:41:03', '2021-12-17 02:41:03'),
(29653, 8, 14, 1, 1, 1, 1, 1, 20, 20, '2021-12-17 02:41:03', '2021-12-17 02:41:03'),
(29654, 8, 15, 1, 1, 1, 1, 1, 20, 20, '2021-12-17 02:41:03', '2021-12-17 02:41:03'),
(29655, 8, 16, 1, 1, 1, 1, 1, 20, 20, '2021-12-17 02:41:03', '2021-12-17 02:41:03'),
(29656, 8, 17, 1, 1, 1, 1, 1, 20, 20, '2021-12-17 02:41:03', '2021-12-17 02:41:03'),
(29657, 8, 18, 1, 1, 1, 1, 1, 20, 20, '2021-12-17 02:41:03', '2021-12-17 02:41:03'),
(29658, 8, 19, 1, 1, 1, 1, 1, 20, 20, '2021-12-17 02:41:03', '2021-12-17 02:41:03'),
(29659, 8, 20, 1, 1, 1, 1, 1, 20, 20, '2021-12-17 02:41:03', '2021-12-17 02:41:03'),
(29660, 8, 21, 1, 1, 1, 1, 1, 20, 20, '2021-12-17 02:41:03', '2021-12-17 02:41:03'),
(29661, 8, 22, 1, 1, 1, 1, 1, 20, 20, '2021-12-17 02:41:03', '2021-12-17 02:41:03'),
(29662, 8, 23, 1, 1, 1, 1, 1, 20, 20, '2021-12-17 02:41:03', '2021-12-17 02:41:03'),
(29663, 8, 24, 1, 1, 1, 1, 1, 20, 20, '2021-12-17 02:41:03', '2021-12-17 02:41:03'),
(29664, 8, 25, 1, 1, 1, 1, 1, 20, 20, '2021-12-17 02:41:03', '2021-12-17 02:41:03'),
(29665, 8, 26, 1, 1, 1, 1, 1, 20, 20, '2021-12-17 02:41:03', '2021-12-17 02:41:03'),
(29666, 8, 27, 1, 1, 1, 1, 1, 20, 20, '2021-12-17 02:41:03', '2021-12-17 02:41:03'),
(29667, 8, 28, 1, 1, 1, 1, 1, 20, 20, '2021-12-17 02:41:03', '2021-12-17 02:41:03'),
(29668, 8, 29, 1, 1, 1, 1, 1, 20, 20, '2021-12-17 02:41:03', '2021-12-17 02:41:03'),
(29669, 8, 30, 1, 1, 1, 1, 1, 20, 20, '2021-12-17 02:41:03', '2021-12-17 02:41:03'),
(29670, 8, 31, 1, 1, 1, 1, 1, 20, 20, '2021-12-17 02:41:03', '2021-12-17 02:41:03'),
(29671, 8, 32, 1, 1, 1, 1, 1, 20, 20, '2021-12-17 02:41:03', '2021-12-17 02:41:03'),
(29672, 8, 33, 1, 1, 1, 1, 1, 20, 20, '2021-12-17 02:41:03', '2021-12-17 02:41:03'),
(29673, 8, 34, 1, 1, 1, 1, 1, 20, 20, '2021-12-17 02:41:03', '2021-12-17 02:41:03'),
(29674, 8, 35, 1, 1, 1, 1, 1, 20, 20, '2021-12-17 02:41:03', '2021-12-17 02:41:03'),
(29675, 8, 36, 1, 1, 1, 1, 1, 20, 20, '2021-12-17 02:41:03', '2021-12-17 02:41:03'),
(29676, 8, 37, 1, 1, 1, 1, 1, 20, 20, '2021-12-17 02:41:03', '2021-12-17 02:41:03'),
(29677, 8, 38, 1, 1, 1, 1, 1, 20, 20, '2021-12-17 02:41:03', '2021-12-17 02:41:03'),
(29678, 8, 39, 1, 1, 1, 1, 1, 20, 20, '2021-12-17 02:41:03', '2021-12-17 02:41:03'),
(29679, 8, 40, 1, 1, 1, 1, 1, 20, 20, '2021-12-17 02:41:03', '2021-12-17 02:41:03'),
(29680, 8, 41, 1, 1, 1, 1, 1, 20, 20, '2021-12-17 02:41:03', '2021-12-17 02:41:03'),
(29681, 8, 42, 1, 1, 1, 1, 1, 20, 20, '2021-12-17 02:41:03', '2021-12-17 02:41:03'),
(29682, 8, 43, 1, 1, 1, 1, 1, 20, 20, '2021-12-17 02:41:03', '2021-12-17 02:41:03'),
(29683, 8, 44, 1, 1, 1, 1, 1, 20, 20, '2021-12-17 02:41:03', '2021-12-17 02:41:03'),
(29684, 8, 45, 1, 1, 1, 1, 1, 20, 20, '2021-12-17 02:41:03', '2021-12-17 02:41:03'),
(29685, 8, 46, 1, 1, 1, 1, 1, 20, 20, '2021-12-17 02:41:03', '2021-12-17 02:41:03');
INSERT INTO `hris_employee_permission_tbl` (`employeePermissionID`, `employeeID`, `moduleID`, `createStatus`, `updateStatus`, `readStatus`, `deleteStatus`, `printStatus`, `createdBy`, `updatedBy`, `createdAt`, `updatedAt`) VALUES
(29686, 8, 47, 1, 1, 1, 1, 1, 20, 20, '2021-12-17 02:41:03', '2021-12-17 02:41:03'),
(29687, 8, 48, 0, 0, 0, 0, 0, 20, 20, '2021-12-17 02:41:03', '2021-12-17 02:41:03'),
(29688, 8, 49, 1, 1, 1, 1, 1, 20, 20, '2021-12-17 02:41:03', '2021-12-17 02:41:03'),
(29689, 8, 50, 1, 1, 1, 1, 1, 20, 20, '2021-12-17 02:41:03', '2021-12-17 02:41:03'),
(29690, 8, 51, 1, 1, 1, 1, 1, 20, 20, '2021-12-17 02:41:03', '2021-12-17 02:41:03'),
(29691, 8, 52, 1, 1, 1, 1, 1, 20, 20, '2021-12-17 02:41:03', '2021-12-17 02:41:03'),
(29692, 8, 53, 1, 1, 1, 1, 1, 20, 20, '2021-12-17 02:41:03', '2021-12-17 02:41:03'),
(29693, 8, 54, 1, 1, 1, 1, 1, 20, 20, '2021-12-17 02:41:03', '2021-12-17 02:41:03'),
(29694, 8, 55, 1, 1, 1, 1, 1, 20, 20, '2021-12-17 02:41:03', '2021-12-17 02:41:03'),
(29695, 8, 56, 1, 1, 1, 1, 1, 20, 20, '2021-12-17 02:41:03', '2021-12-17 02:41:03'),
(29696, 8, 57, 1, 1, 1, 1, 1, 20, 20, '2021-12-17 02:41:03', '2021-12-17 02:41:03'),
(29697, 8, 58, 1, 1, 1, 1, 1, 20, 20, '2021-12-17 02:41:03', '2021-12-17 02:41:03'),
(29698, 8, 59, 1, 1, 1, 1, 1, 20, 20, '2021-12-17 02:41:03', '2021-12-17 02:41:03'),
(29699, 8, 60, 1, 1, 1, 1, 1, 20, 20, '2021-12-17 02:41:03', '2021-12-17 02:41:03'),
(29700, 8, 61, 1, 1, 1, 1, 1, 20, 20, '2021-12-17 02:41:03', '2021-12-17 02:41:03'),
(29701, 8, 62, 1, 1, 1, 1, 1, 20, 20, '2021-12-17 02:41:03', '2021-12-17 02:41:03'),
(29702, 8, 63, 1, 1, 1, 1, 1, 20, 20, '2021-12-17 02:41:03', '2021-12-17 02:41:03'),
(29703, 8, 64, 1, 1, 1, 1, 1, 20, 20, '2021-12-17 02:41:03', '2021-12-17 02:41:03'),
(29704, 8, 65, 1, 1, 1, 1, 1, 20, 20, '2021-12-17 02:41:03', '2021-12-17 02:41:03'),
(29705, 8, 66, 1, 1, 1, 1, 1, 20, 20, '2021-12-17 02:41:03', '2021-12-17 02:41:03'),
(29706, 8, 67, 1, 1, 1, 1, 1, 20, 20, '2021-12-17 02:41:03', '2021-12-17 02:41:03'),
(29707, 8, 68, 1, 1, 1, 1, 1, 20, 20, '2021-12-17 02:41:03', '2021-12-17 02:41:03'),
(29708, 8, 69, 1, 1, 1, 1, 1, 20, 20, '2021-12-17 02:41:03', '2021-12-17 02:41:03'),
(29709, 8, 70, 1, 1, 1, 1, 1, 20, 20, '2021-12-17 02:41:03', '2021-12-17 02:41:03'),
(29710, 8, 71, 1, 1, 1, 1, 1, 20, 20, '2021-12-17 02:41:03', '2021-12-17 02:41:03'),
(29711, 8, 72, 1, 1, 1, 1, 1, 20, 20, '2021-12-17 02:41:03', '2021-12-17 02:41:03'),
(29712, 8, 73, 1, 1, 1, 1, 1, 20, 20, '2021-12-17 02:41:03', '2021-12-17 02:41:03'),
(29713, 8, 74, 0, 0, 0, 0, 0, 20, 20, '2021-12-17 02:41:03', '2021-12-17 02:41:03'),
(29714, 8, 75, 1, 1, 1, 1, 1, 20, 20, '2021-12-17 02:41:03', '2021-12-17 02:41:03'),
(29715, 8, 76, 1, 1, 1, 1, 1, 20, 20, '2021-12-17 02:41:03', '2021-12-17 02:41:03'),
(29716, 8, 77, 1, 1, 1, 1, 1, 20, 20, '2021-12-17 02:41:03', '2021-12-17 02:41:03'),
(29717, 8, 78, 1, 1, 1, 1, 1, 20, 20, '2021-12-17 02:41:03', '2021-12-17 02:41:03'),
(29718, 8, 79, 1, 1, 1, 1, 1, 20, 20, '2021-12-17 02:41:03', '2021-12-17 02:41:03'),
(29719, 8, 80, 1, 1, 1, 1, 1, 20, 20, '2021-12-17 02:41:03', '2021-12-17 02:41:03'),
(29720, 8, 81, 1, 1, 1, 1, 1, 20, 20, '2021-12-17 02:41:03', '2021-12-17 02:41:03'),
(29721, 8, 82, 1, 1, 1, 1, 1, 20, 20, '2021-12-17 02:41:03', '2021-12-17 02:41:03'),
(29722, 8, 83, 1, 1, 1, 1, 1, 20, 20, '2021-12-17 02:41:03', '2021-12-17 02:41:03'),
(29723, 8, 84, 1, 1, 1, 1, 1, 20, 20, '2021-12-17 02:41:03', '2021-12-17 02:41:03'),
(29724, 8, 85, 1, 1, 1, 1, 1, 20, 20, '2021-12-17 02:41:03', '2021-12-17 02:41:03'),
(29725, 8, 86, 1, 1, 1, 1, 1, 20, 20, '2021-12-17 02:41:03', '2021-12-17 02:41:03'),
(29726, 8, 87, 1, 1, 1, 1, 1, 20, 20, '2021-12-17 02:41:03', '2021-12-17 02:41:03'),
(29727, 8, 88, 1, 1, 1, 1, 1, 20, 20, '2021-12-17 02:41:03', '2021-12-17 02:41:03'),
(29728, 8, 89, 1, 1, 1, 1, 1, 20, 20, '2021-12-17 02:41:03', '2021-12-17 02:41:03'),
(29729, 8, 90, 1, 1, 1, 1, 1, 20, 20, '2021-12-17 02:41:03', '2021-12-17 02:41:03'),
(29730, 8, 91, 1, 1, 1, 1, 1, 20, 20, '2021-12-17 02:41:03', '2021-12-17 02:41:03'),
(29731, 8, 92, 1, 1, 1, 1, 1, 20, 20, '2021-12-17 02:41:03', '2021-12-17 02:41:03'),
(29732, 8, 93, 1, 1, 1, 1, 1, 20, 20, '2021-12-17 02:41:03', '2021-12-17 02:41:03'),
(29733, 8, 94, 1, 1, 1, 1, 1, 20, 20, '2021-12-17 02:41:03', '2021-12-17 02:41:03'),
(29734, 8, 95, 0, 0, 0, 0, 0, 20, 20, '2021-12-17 02:41:03', '2021-12-17 02:41:03'),
(29735, 8, 96, 1, 1, 1, 1, 1, 20, 20, '2021-12-17 02:41:03', '2021-12-17 02:41:03'),
(29736, 8, 97, 1, 1, 1, 1, 1, 20, 20, '2021-12-17 02:41:03', '2021-12-17 02:41:03'),
(29737, 8, 98, 1, 1, 1, 1, 1, 20, 20, '2021-12-17 02:41:03', '2021-12-17 02:41:03'),
(29738, 8, 99, 1, 1, 1, 1, 1, 20, 20, '2021-12-17 02:41:03', '2021-12-17 02:41:03'),
(29739, 8, 100, 1, 1, 1, 1, 1, 20, 20, '2021-12-17 02:41:03', '2021-12-17 02:41:03'),
(29740, 8, 101, 1, 1, 1, 1, 1, 20, 20, '2021-12-17 02:41:03', '2021-12-17 02:41:03'),
(29741, 8, 102, 1, 1, 1, 1, 1, 20, 20, '2021-12-17 02:41:03', '2021-12-17 02:41:03'),
(29742, 8, 103, 1, 1, 1, 1, 1, 20, 20, '2021-12-17 02:41:03', '2021-12-17 02:41:03'),
(29743, 8, 104, 1, 1, 1, 1, 1, 20, 20, '2021-12-17 02:41:03', '2021-12-17 02:41:03'),
(29744, 8, 105, 1, 1, 1, 1, 1, 20, 20, '2021-12-17 02:41:03', '2021-12-17 02:41:03'),
(29745, 8, 106, 1, 1, 1, 1, 1, 20, 20, '2021-12-17 02:41:03', '2021-12-17 02:41:03'),
(29746, 8, 107, 1, 1, 1, 1, 1, 20, 20, '2021-12-17 02:41:03', '2021-12-17 02:41:03'),
(29747, 8, 108, 1, 1, 1, 1, 1, 20, 20, '2021-12-17 02:41:03', '2021-12-17 02:41:03'),
(29748, 8, 109, 1, 1, 1, 1, 1, 20, 20, '2021-12-17 02:41:03', '2021-12-17 02:41:03'),
(29749, 8, 110, 1, 1, 1, 1, 1, 20, 20, '2021-12-17 02:41:03', '2021-12-17 02:41:03'),
(29750, 8, 111, 1, 1, 1, 1, 1, 20, 20, '2021-12-17 02:41:03', '2021-12-17 02:41:03'),
(29751, 8, 112, 1, 1, 1, 1, 1, 20, 20, '2021-12-17 02:41:03', '2021-12-17 02:41:03'),
(29752, 8, 113, 0, 0, 0, 0, 0, 20, 20, '2021-12-17 02:41:03', '2021-12-17 02:41:03'),
(29753, 8, 114, 1, 1, 1, 1, 1, 20, 20, '2021-12-17 02:41:03', '2021-12-17 02:41:03'),
(29754, 8, 115, 1, 1, 1, 1, 1, 20, 20, '2021-12-17 02:41:03', '2021-12-17 02:41:03'),
(29755, 8, 116, 1, 1, 1, 1, 1, 20, 20, '2021-12-17 02:41:03', '2021-12-17 02:41:03'),
(29756, 8, 117, 1, 1, 1, 1, 1, 20, 20, '2021-12-17 02:41:03', '2021-12-17 02:41:03'),
(29757, 8, 118, 1, 1, 1, 1, 1, 20, 20, '2021-12-17 02:41:03', '2021-12-17 02:41:03'),
(29758, 8, 119, 1, 1, 1, 1, 1, 20, 20, '2021-12-17 02:41:03', '2021-12-17 02:41:03'),
(29759, 8, 120, 1, 1, 1, 1, 1, 20, 20, '2021-12-17 02:41:03', '2021-12-17 02:41:03'),
(29760, 8, 121, 1, 1, 1, 1, 1, 20, 20, '2021-12-17 02:41:03', '2021-12-17 02:41:03'),
(29761, 8, 122, 1, 1, 1, 1, 1, 20, 20, '2021-12-17 02:41:03', '2021-12-17 02:41:03'),
(29762, 8, 123, 1, 1, 1, 1, 1, 20, 20, '2021-12-17 02:41:03', '2021-12-17 02:41:03'),
(29763, 8, 124, 1, 1, 1, 1, 1, 20, 20, '2021-12-17 02:41:03', '2021-12-17 02:41:03'),
(29764, 8, 125, 0, 0, 1, 0, 0, 20, 20, '2021-12-17 02:41:03', '2021-12-17 02:41:03'),
(29765, 8, 126, 0, 0, 1, 0, 0, 20, 20, '2021-12-17 02:41:03', '2021-12-17 02:41:03'),
(29766, 8, 127, 0, 0, 1, 0, 0, 20, 20, '2021-12-17 02:41:03', '2021-12-17 02:41:03'),
(29767, 8, 128, 0, 0, 1, 0, 0, 20, 20, '2021-12-17 02:41:03', '2021-12-17 02:41:03'),
(29768, 8, 129, 0, 0, 1, 0, 0, 20, 20, '2021-12-17 02:41:03', '2021-12-17 02:41:03'),
(29769, 8, 130, 0, 0, 1, 0, 0, 20, 20, '2021-12-17 02:41:03', '2021-12-17 02:41:03'),
(29770, 8, 131, 0, 0, 1, 0, 0, 20, 20, '2021-12-17 02:41:03', '2021-12-17 02:41:03'),
(29771, 8, 132, 0, 0, 1, 0, 0, 20, 20, '2021-12-17 02:41:03', '2021-12-17 02:41:03'),
(29772, 8, 133, 0, 0, 1, 0, 0, 20, 20, '2021-12-17 02:41:03', '2021-12-17 02:41:03'),
(29773, 8, 134, 0, 0, 1, 0, 0, 20, 20, '2021-12-17 02:41:03', '2021-12-17 02:41:03'),
(29774, 8, 135, 0, 0, 0, 0, 0, 20, 20, '2021-12-17 02:41:03', '2021-12-17 02:41:03'),
(29775, 8, 136, 0, 0, 0, 0, 0, 20, 20, '2021-12-17 02:41:03', '2021-12-17 02:41:03'),
(29776, 8, 137, 0, 0, 0, 0, 0, 20, 20, '2021-12-17 02:41:03', '2021-12-17 02:41:03'),
(29777, 8, 138, 0, 0, 0, 0, 0, 20, 20, '2021-12-17 02:41:03', '2021-12-17 02:41:03'),
(29778, 8, 139, 0, 0, 0, 0, 0, 20, 20, '2021-12-17 02:41:03', '2021-12-17 02:41:03'),
(29779, 8, 140, 0, 0, 0, 0, 0, 20, 20, '2021-12-17 02:41:03', '2021-12-17 02:41:03'),
(29780, 8, 141, 0, 0, 0, 0, 0, 20, 20, '2021-12-17 02:41:03', '2021-12-17 02:41:03'),
(29781, 8, 142, 0, 0, 0, 0, 0, 20, 20, '2021-12-17 02:41:03', '2021-12-17 02:41:03'),
(29782, 8, 143, 0, 0, 0, 0, 0, 20, 20, '2021-12-17 02:41:03', '2021-12-17 02:41:03'),
(29783, 8, 144, 0, 0, 0, 0, 0, 20, 20, '2021-12-17 02:41:03', '2021-12-17 02:41:03'),
(29784, 8, 145, 0, 0, 0, 0, 0, 20, 20, '2021-12-17 02:41:03', '2021-12-17 02:41:03'),
(29785, 8, 146, 0, 0, 0, 0, 0, 20, 20, '2021-12-17 02:41:03', '2021-12-17 02:41:03'),
(29786, 6, 1, 1, 1, 1, 1, 1, 20, 20, '2021-12-17 02:41:26', '2021-12-17 02:41:26'),
(29787, 6, 2, 1, 1, 1, 1, 1, 20, 20, '2021-12-17 02:41:26', '2021-12-17 02:41:26'),
(29788, 6, 3, 1, 1, 1, 1, 1, 20, 20, '2021-12-17 02:41:26', '2021-12-17 02:41:26'),
(29789, 6, 4, 1, 1, 1, 1, 1, 20, 20, '2021-12-17 02:41:26', '2021-12-17 02:41:26'),
(29790, 6, 5, 1, 1, 1, 1, 1, 20, 20, '2021-12-17 02:41:26', '2021-12-17 02:41:26'),
(29791, 6, 6, 1, 1, 1, 1, 1, 20, 20, '2021-12-17 02:41:26', '2021-12-17 02:41:26'),
(29792, 6, 7, 1, 1, 1, 1, 1, 20, 20, '2021-12-17 02:41:26', '2021-12-17 02:41:26'),
(29793, 6, 8, 1, 1, 1, 1, 1, 20, 20, '2021-12-17 02:41:26', '2021-12-17 02:41:26'),
(29794, 6, 9, 1, 1, 1, 1, 1, 20, 20, '2021-12-17 02:41:26', '2021-12-17 02:41:26'),
(29795, 6, 10, 1, 1, 1, 1, 1, 20, 20, '2021-12-17 02:41:26', '2021-12-17 02:41:26'),
(29796, 6, 11, 1, 1, 1, 1, 1, 20, 20, '2021-12-17 02:41:26', '2021-12-17 02:41:26'),
(29797, 6, 12, 1, 1, 1, 1, 1, 20, 20, '2021-12-17 02:41:26', '2021-12-17 02:41:26'),
(29798, 6, 13, 1, 1, 1, 1, 1, 20, 20, '2021-12-17 02:41:26', '2021-12-17 02:41:26'),
(29799, 6, 14, 1, 1, 1, 1, 1, 20, 20, '2021-12-17 02:41:26', '2021-12-17 02:41:26'),
(29800, 6, 15, 1, 1, 1, 1, 1, 20, 20, '2021-12-17 02:41:26', '2021-12-17 02:41:26'),
(29801, 6, 16, 1, 1, 1, 1, 1, 20, 20, '2021-12-17 02:41:26', '2021-12-17 02:41:26'),
(29802, 6, 17, 1, 1, 1, 1, 1, 20, 20, '2021-12-17 02:41:26', '2021-12-17 02:41:26'),
(29803, 6, 18, 1, 1, 1, 1, 1, 20, 20, '2021-12-17 02:41:26', '2021-12-17 02:41:26'),
(29804, 6, 19, 1, 1, 1, 1, 1, 20, 20, '2021-12-17 02:41:26', '2021-12-17 02:41:26'),
(29805, 6, 20, 1, 1, 1, 1, 1, 20, 20, '2021-12-17 02:41:26', '2021-12-17 02:41:26'),
(29806, 6, 21, 1, 1, 1, 1, 1, 20, 20, '2021-12-17 02:41:26', '2021-12-17 02:41:26'),
(29807, 6, 22, 1, 1, 1, 1, 1, 20, 20, '2021-12-17 02:41:26', '2021-12-17 02:41:26'),
(29808, 6, 23, 1, 1, 1, 1, 1, 20, 20, '2021-12-17 02:41:26', '2021-12-17 02:41:26'),
(29809, 6, 24, 1, 1, 1, 1, 1, 20, 20, '2021-12-17 02:41:26', '2021-12-17 02:41:26'),
(29810, 6, 25, 1, 1, 1, 1, 1, 20, 20, '2021-12-17 02:41:26', '2021-12-17 02:41:26'),
(29811, 6, 26, 1, 1, 1, 1, 1, 20, 20, '2021-12-17 02:41:26', '2021-12-17 02:41:26'),
(29812, 6, 27, 1, 1, 1, 1, 1, 20, 20, '2021-12-17 02:41:26', '2021-12-17 02:41:26'),
(29813, 6, 28, 1, 1, 1, 1, 1, 20, 20, '2021-12-17 02:41:26', '2021-12-17 02:41:26'),
(29814, 6, 29, 1, 1, 1, 1, 1, 20, 20, '2021-12-17 02:41:26', '2021-12-17 02:41:26'),
(29815, 6, 30, 1, 1, 1, 1, 1, 20, 20, '2021-12-17 02:41:26', '2021-12-17 02:41:26'),
(29816, 6, 31, 1, 1, 1, 1, 1, 20, 20, '2021-12-17 02:41:26', '2021-12-17 02:41:26'),
(29817, 6, 32, 1, 1, 1, 1, 1, 20, 20, '2021-12-17 02:41:26', '2021-12-17 02:41:26'),
(29818, 6, 33, 1, 1, 1, 1, 1, 20, 20, '2021-12-17 02:41:26', '2021-12-17 02:41:26'),
(29819, 6, 34, 1, 1, 1, 1, 1, 20, 20, '2021-12-17 02:41:26', '2021-12-17 02:41:26'),
(29820, 6, 35, 1, 1, 1, 1, 1, 20, 20, '2021-12-17 02:41:26', '2021-12-17 02:41:26'),
(29821, 6, 36, 1, 1, 1, 1, 1, 20, 20, '2021-12-17 02:41:26', '2021-12-17 02:41:26'),
(29822, 6, 37, 1, 1, 1, 1, 1, 20, 20, '2021-12-17 02:41:26', '2021-12-17 02:41:26'),
(29823, 6, 38, 1, 1, 1, 1, 1, 20, 20, '2021-12-17 02:41:26', '2021-12-17 02:41:26'),
(29824, 6, 39, 1, 1, 1, 1, 1, 20, 20, '2021-12-17 02:41:26', '2021-12-17 02:41:26'),
(29825, 6, 40, 1, 1, 1, 1, 1, 20, 20, '2021-12-17 02:41:26', '2021-12-17 02:41:26'),
(29826, 6, 41, 1, 1, 1, 1, 1, 20, 20, '2021-12-17 02:41:26', '2021-12-17 02:41:26'),
(29827, 6, 42, 1, 1, 1, 1, 1, 20, 20, '2021-12-17 02:41:26', '2021-12-17 02:41:26'),
(29828, 6, 43, 1, 1, 1, 1, 1, 20, 20, '2021-12-17 02:41:26', '2021-12-17 02:41:26'),
(29829, 6, 44, 1, 1, 1, 1, 1, 20, 20, '2021-12-17 02:41:26', '2021-12-17 02:41:26'),
(29830, 6, 45, 1, 1, 1, 1, 1, 20, 20, '2021-12-17 02:41:26', '2021-12-17 02:41:26'),
(29831, 6, 46, 1, 1, 1, 1, 1, 20, 20, '2021-12-17 02:41:26', '2021-12-17 02:41:26'),
(29832, 6, 47, 1, 1, 1, 1, 1, 20, 20, '2021-12-17 02:41:26', '2021-12-17 02:41:26'),
(29833, 6, 48, 0, 0, 0, 0, 0, 20, 20, '2021-12-17 02:41:26', '2021-12-17 02:41:26'),
(29834, 6, 49, 1, 1, 1, 1, 1, 20, 20, '2021-12-17 02:41:26', '2021-12-17 02:41:26'),
(29835, 6, 50, 1, 1, 1, 1, 1, 20, 20, '2021-12-17 02:41:26', '2021-12-17 02:41:26'),
(29836, 6, 51, 1, 1, 1, 1, 1, 20, 20, '2021-12-17 02:41:26', '2021-12-17 02:41:26'),
(29837, 6, 52, 1, 1, 1, 1, 1, 20, 20, '2021-12-17 02:41:26', '2021-12-17 02:41:26'),
(29838, 6, 53, 1, 1, 1, 1, 1, 20, 20, '2021-12-17 02:41:26', '2021-12-17 02:41:26'),
(29839, 6, 54, 1, 1, 1, 1, 1, 20, 20, '2021-12-17 02:41:26', '2021-12-17 02:41:26'),
(29840, 6, 55, 1, 1, 1, 1, 1, 20, 20, '2021-12-17 02:41:26', '2021-12-17 02:41:26'),
(29841, 6, 56, 1, 1, 1, 1, 1, 20, 20, '2021-12-17 02:41:26', '2021-12-17 02:41:26'),
(29842, 6, 57, 1, 1, 1, 1, 1, 20, 20, '2021-12-17 02:41:26', '2021-12-17 02:41:26'),
(29843, 6, 58, 1, 1, 1, 1, 1, 20, 20, '2021-12-17 02:41:26', '2021-12-17 02:41:26'),
(29844, 6, 59, 1, 1, 1, 1, 1, 20, 20, '2021-12-17 02:41:26', '2021-12-17 02:41:26'),
(29845, 6, 60, 1, 1, 1, 1, 1, 20, 20, '2021-12-17 02:41:26', '2021-12-17 02:41:26'),
(29846, 6, 61, 1, 1, 1, 1, 1, 20, 20, '2021-12-17 02:41:26', '2021-12-17 02:41:26'),
(29847, 6, 62, 1, 1, 1, 1, 1, 20, 20, '2021-12-17 02:41:26', '2021-12-17 02:41:26'),
(29848, 6, 63, 1, 1, 1, 1, 1, 20, 20, '2021-12-17 02:41:26', '2021-12-17 02:41:26'),
(29849, 6, 64, 1, 1, 1, 1, 1, 20, 20, '2021-12-17 02:41:26', '2021-12-17 02:41:26'),
(29850, 6, 65, 1, 1, 1, 1, 1, 20, 20, '2021-12-17 02:41:26', '2021-12-17 02:41:26'),
(29851, 6, 66, 1, 1, 1, 1, 1, 20, 20, '2021-12-17 02:41:26', '2021-12-17 02:41:26'),
(29852, 6, 67, 1, 1, 1, 1, 1, 20, 20, '2021-12-17 02:41:26', '2021-12-17 02:41:26'),
(29853, 6, 68, 1, 1, 1, 1, 1, 20, 20, '2021-12-17 02:41:26', '2021-12-17 02:41:26'),
(29854, 6, 69, 1, 1, 1, 1, 1, 20, 20, '2021-12-17 02:41:26', '2021-12-17 02:41:26'),
(29855, 6, 70, 1, 1, 1, 1, 1, 20, 20, '2021-12-17 02:41:26', '2021-12-17 02:41:26'),
(29856, 6, 71, 1, 1, 1, 1, 1, 20, 20, '2021-12-17 02:41:26', '2021-12-17 02:41:26'),
(29857, 6, 72, 1, 1, 1, 1, 1, 20, 20, '2021-12-17 02:41:26', '2021-12-17 02:41:26'),
(29858, 6, 73, 1, 1, 1, 1, 1, 20, 20, '2021-12-17 02:41:26', '2021-12-17 02:41:26'),
(29859, 6, 74, 0, 0, 0, 0, 0, 20, 20, '2021-12-17 02:41:26', '2021-12-17 02:41:26'),
(29860, 6, 75, 1, 1, 1, 1, 1, 20, 20, '2021-12-17 02:41:26', '2021-12-17 02:41:26'),
(29861, 6, 76, 1, 1, 1, 1, 1, 20, 20, '2021-12-17 02:41:26', '2021-12-17 02:41:26'),
(29862, 6, 77, 1, 1, 1, 1, 1, 20, 20, '2021-12-17 02:41:26', '2021-12-17 02:41:26'),
(29863, 6, 78, 1, 1, 1, 1, 1, 20, 20, '2021-12-17 02:41:26', '2021-12-17 02:41:26'),
(29864, 6, 79, 1, 1, 1, 1, 1, 20, 20, '2021-12-17 02:41:26', '2021-12-17 02:41:26'),
(29865, 6, 80, 1, 1, 1, 1, 1, 20, 20, '2021-12-17 02:41:26', '2021-12-17 02:41:26'),
(29866, 6, 81, 1, 1, 1, 1, 1, 20, 20, '2021-12-17 02:41:26', '2021-12-17 02:41:26'),
(29867, 6, 82, 1, 1, 1, 1, 1, 20, 20, '2021-12-17 02:41:26', '2021-12-17 02:41:26'),
(29868, 6, 83, 1, 1, 1, 1, 1, 20, 20, '2021-12-17 02:41:26', '2021-12-17 02:41:26'),
(29869, 6, 84, 1, 1, 1, 1, 1, 20, 20, '2021-12-17 02:41:26', '2021-12-17 02:41:26'),
(29870, 6, 85, 1, 1, 1, 1, 1, 20, 20, '2021-12-17 02:41:26', '2021-12-17 02:41:26'),
(29871, 6, 86, 1, 1, 1, 1, 1, 20, 20, '2021-12-17 02:41:26', '2021-12-17 02:41:26'),
(29872, 6, 87, 1, 1, 1, 1, 1, 20, 20, '2021-12-17 02:41:26', '2021-12-17 02:41:26'),
(29873, 6, 88, 1, 1, 1, 1, 1, 20, 20, '2021-12-17 02:41:26', '2021-12-17 02:41:26'),
(29874, 6, 89, 1, 1, 1, 1, 1, 20, 20, '2021-12-17 02:41:26', '2021-12-17 02:41:26'),
(29875, 6, 90, 1, 1, 1, 1, 1, 20, 20, '2021-12-17 02:41:26', '2021-12-17 02:41:26'),
(29876, 6, 91, 1, 1, 1, 1, 1, 20, 20, '2021-12-17 02:41:26', '2021-12-17 02:41:26'),
(29877, 6, 92, 1, 1, 1, 1, 1, 20, 20, '2021-12-17 02:41:26', '2021-12-17 02:41:26'),
(29878, 6, 93, 1, 1, 1, 1, 1, 20, 20, '2021-12-17 02:41:26', '2021-12-17 02:41:26'),
(29879, 6, 94, 1, 1, 1, 1, 1, 20, 20, '2021-12-17 02:41:26', '2021-12-17 02:41:26'),
(29880, 6, 95, 1, 1, 1, 1, 1, 20, 20, '2021-12-17 02:41:26', '2021-12-17 02:41:26'),
(29881, 6, 96, 1, 1, 1, 1, 1, 20, 20, '2021-12-17 02:41:26', '2021-12-17 02:41:26'),
(29882, 6, 97, 1, 1, 1, 1, 1, 20, 20, '2021-12-17 02:41:26', '2021-12-17 02:41:26'),
(29883, 6, 98, 1, 1, 1, 1, 1, 20, 20, '2021-12-17 02:41:26', '2021-12-17 02:41:26'),
(29884, 6, 99, 1, 1, 1, 1, 1, 20, 20, '2021-12-17 02:41:26', '2021-12-17 02:41:26'),
(29885, 6, 100, 1, 1, 1, 1, 1, 20, 20, '2021-12-17 02:41:26', '2021-12-17 02:41:26'),
(29886, 6, 101, 1, 1, 1, 1, 1, 20, 20, '2021-12-17 02:41:26', '2021-12-17 02:41:26'),
(29887, 6, 102, 1, 1, 1, 1, 1, 20, 20, '2021-12-17 02:41:26', '2021-12-17 02:41:26'),
(29888, 6, 103, 1, 1, 1, 1, 1, 20, 20, '2021-12-17 02:41:26', '2021-12-17 02:41:26'),
(29889, 6, 104, 1, 1, 1, 1, 1, 20, 20, '2021-12-17 02:41:26', '2021-12-17 02:41:26'),
(29890, 6, 105, 1, 1, 1, 1, 1, 20, 20, '2021-12-17 02:41:26', '2021-12-17 02:41:26'),
(29891, 6, 106, 1, 1, 1, 1, 1, 20, 20, '2021-12-17 02:41:26', '2021-12-17 02:41:26'),
(29892, 6, 107, 1, 1, 1, 1, 1, 20, 20, '2021-12-17 02:41:26', '2021-12-17 02:41:26'),
(29893, 6, 108, 1, 1, 1, 1, 1, 20, 20, '2021-12-17 02:41:26', '2021-12-17 02:41:26'),
(29894, 6, 109, 1, 1, 1, 1, 1, 20, 20, '2021-12-17 02:41:26', '2021-12-17 02:41:26'),
(29895, 6, 110, 1, 1, 1, 1, 1, 20, 20, '2021-12-17 02:41:26', '2021-12-17 02:41:26'),
(29896, 6, 111, 1, 1, 1, 1, 1, 20, 20, '2021-12-17 02:41:26', '2021-12-17 02:41:26'),
(29897, 6, 112, 1, 1, 1, 1, 1, 20, 20, '2021-12-17 02:41:26', '2021-12-17 02:41:26'),
(29898, 6, 113, 0, 0, 0, 0, 0, 20, 20, '2021-12-17 02:41:26', '2021-12-17 02:41:26'),
(29899, 6, 114, 1, 1, 1, 1, 1, 20, 20, '2021-12-17 02:41:26', '2021-12-17 02:41:26'),
(29900, 6, 115, 1, 1, 1, 1, 1, 20, 20, '2021-12-17 02:41:26', '2021-12-17 02:41:26'),
(29901, 6, 116, 1, 1, 1, 1, 1, 20, 20, '2021-12-17 02:41:26', '2021-12-17 02:41:26'),
(29902, 6, 117, 1, 1, 1, 1, 1, 20, 20, '2021-12-17 02:41:26', '2021-12-17 02:41:26'),
(29903, 6, 118, 1, 1, 1, 1, 1, 20, 20, '2021-12-17 02:41:26', '2021-12-17 02:41:26'),
(29904, 6, 119, 1, 1, 1, 1, 1, 20, 20, '2021-12-17 02:41:26', '2021-12-17 02:41:26'),
(29905, 6, 120, 1, 1, 1, 1, 1, 20, 20, '2021-12-17 02:41:26', '2021-12-17 02:41:26'),
(29906, 6, 121, 1, 1, 1, 1, 1, 20, 20, '2021-12-17 02:41:26', '2021-12-17 02:41:26'),
(29907, 6, 122, 1, 1, 1, 1, 1, 20, 20, '2021-12-17 02:41:26', '2021-12-17 02:41:26'),
(29908, 6, 123, 1, 1, 1, 1, 1, 20, 20, '2021-12-17 02:41:26', '2021-12-17 02:41:26'),
(29909, 6, 124, 1, 1, 1, 1, 1, 20, 20, '2021-12-17 02:41:26', '2021-12-17 02:41:26'),
(29910, 6, 125, 0, 0, 1, 0, 0, 20, 20, '2021-12-17 02:41:26', '2021-12-17 02:41:26'),
(29911, 6, 126, 0, 0, 1, 0, 0, 20, 20, '2021-12-17 02:41:26', '2021-12-17 02:41:26'),
(29912, 6, 127, 0, 0, 1, 0, 0, 20, 20, '2021-12-17 02:41:26', '2021-12-17 02:41:26'),
(29913, 6, 128, 0, 0, 1, 0, 0, 20, 20, '2021-12-17 02:41:26', '2021-12-17 02:41:26'),
(29914, 6, 129, 0, 0, 1, 0, 0, 20, 20, '2021-12-17 02:41:26', '2021-12-17 02:41:26'),
(29915, 6, 130, 0, 0, 1, 0, 0, 20, 20, '2021-12-17 02:41:26', '2021-12-17 02:41:26'),
(29916, 6, 131, 0, 0, 1, 0, 0, 20, 20, '2021-12-17 02:41:26', '2021-12-17 02:41:26'),
(29917, 6, 132, 0, 0, 1, 0, 0, 20, 20, '2021-12-17 02:41:26', '2021-12-17 02:41:26'),
(29918, 6, 133, 0, 0, 1, 0, 0, 20, 20, '2021-12-17 02:41:26', '2021-12-17 02:41:26'),
(29919, 6, 134, 0, 0, 1, 0, 0, 20, 20, '2021-12-17 02:41:26', '2021-12-17 02:41:26'),
(29920, 6, 135, 0, 0, 0, 0, 0, 20, 20, '2021-12-17 02:41:26', '2021-12-17 02:41:26'),
(29921, 6, 136, 0, 0, 0, 0, 0, 20, 20, '2021-12-17 02:41:26', '2021-12-17 02:41:26'),
(29922, 6, 137, 0, 0, 0, 0, 0, 20, 20, '2021-12-17 02:41:26', '2021-12-17 02:41:26'),
(29923, 6, 138, 0, 0, 0, 0, 0, 20, 20, '2021-12-17 02:41:26', '2021-12-17 02:41:26'),
(29924, 6, 139, 0, 0, 0, 0, 0, 20, 20, '2021-12-17 02:41:26', '2021-12-17 02:41:26'),
(29925, 6, 140, 0, 0, 0, 0, 0, 20, 20, '2021-12-17 02:41:26', '2021-12-17 02:41:26'),
(29926, 6, 141, 0, 0, 0, 0, 0, 20, 20, '2021-12-17 02:41:26', '2021-12-17 02:41:26'),
(29927, 6, 142, 0, 0, 0, 0, 0, 20, 20, '2021-12-17 02:41:26', '2021-12-17 02:41:26'),
(29928, 6, 143, 0, 0, 0, 0, 0, 20, 20, '2021-12-17 02:41:26', '2021-12-17 02:41:26'),
(29929, 6, 144, 0, 0, 0, 0, 0, 20, 20, '2021-12-17 02:41:26', '2021-12-17 02:41:26'),
(29930, 6, 145, 0, 0, 0, 0, 0, 20, 20, '2021-12-17 02:41:26', '2021-12-17 02:41:26'),
(29931, 6, 146, 0, 0, 0, 0, 0, 20, 20, '2021-12-17 02:41:26', '2021-12-17 02:41:26'),
(29932, 3, 1, 1, 1, 1, 1, 1, 20, 20, '2021-12-17 02:42:08', '2021-12-17 02:42:08'),
(29933, 3, 2, 1, 1, 1, 1, 1, 20, 20, '2021-12-17 02:42:08', '2021-12-17 02:42:08'),
(29934, 3, 3, 1, 1, 1, 1, 1, 20, 20, '2021-12-17 02:42:08', '2021-12-17 02:42:08'),
(29935, 3, 4, 1, 1, 1, 1, 1, 20, 20, '2021-12-17 02:42:08', '2021-12-17 02:42:08'),
(29936, 3, 5, 1, 1, 1, 1, 1, 20, 20, '2021-12-17 02:42:08', '2021-12-17 02:42:08'),
(29937, 3, 6, 1, 1, 1, 1, 1, 20, 20, '2021-12-17 02:42:08', '2021-12-17 02:42:08'),
(29938, 3, 7, 1, 1, 1, 1, 1, 20, 20, '2021-12-17 02:42:08', '2021-12-17 02:42:08'),
(29939, 3, 8, 1, 1, 1, 1, 1, 20, 20, '2021-12-17 02:42:08', '2021-12-17 02:42:08'),
(29940, 3, 9, 1, 1, 1, 1, 1, 20, 20, '2021-12-17 02:42:08', '2021-12-17 02:42:08'),
(29941, 3, 10, 1, 1, 1, 1, 1, 20, 20, '2021-12-17 02:42:08', '2021-12-17 02:42:08'),
(29942, 3, 11, 1, 1, 1, 1, 1, 20, 20, '2021-12-17 02:42:08', '2021-12-17 02:42:08'),
(29943, 3, 12, 1, 1, 1, 1, 1, 20, 20, '2021-12-17 02:42:08', '2021-12-17 02:42:08'),
(29944, 3, 13, 1, 1, 1, 1, 1, 20, 20, '2021-12-17 02:42:08', '2021-12-17 02:42:08'),
(29945, 3, 14, 1, 1, 1, 1, 1, 20, 20, '2021-12-17 02:42:08', '2021-12-17 02:42:08'),
(29946, 3, 15, 1, 1, 1, 1, 1, 20, 20, '2021-12-17 02:42:08', '2021-12-17 02:42:08'),
(29947, 3, 16, 1, 1, 1, 1, 1, 20, 20, '2021-12-17 02:42:08', '2021-12-17 02:42:08'),
(29948, 3, 17, 1, 1, 1, 1, 1, 20, 20, '2021-12-17 02:42:08', '2021-12-17 02:42:08'),
(29949, 3, 18, 1, 1, 1, 1, 1, 20, 20, '2021-12-17 02:42:08', '2021-12-17 02:42:08'),
(29950, 3, 19, 1, 1, 1, 1, 1, 20, 20, '2021-12-17 02:42:08', '2021-12-17 02:42:08'),
(29951, 3, 20, 1, 1, 1, 1, 1, 20, 20, '2021-12-17 02:42:08', '2021-12-17 02:42:08'),
(29952, 3, 21, 1, 1, 1, 1, 1, 20, 20, '2021-12-17 02:42:08', '2021-12-17 02:42:08'),
(29953, 3, 22, 1, 1, 1, 1, 1, 20, 20, '2021-12-17 02:42:08', '2021-12-17 02:42:08'),
(29954, 3, 23, 1, 1, 1, 1, 1, 20, 20, '2021-12-17 02:42:08', '2021-12-17 02:42:08'),
(29955, 3, 24, 1, 1, 1, 1, 1, 20, 20, '2021-12-17 02:42:08', '2021-12-17 02:42:08'),
(29956, 3, 25, 1, 1, 1, 1, 1, 20, 20, '2021-12-17 02:42:08', '2021-12-17 02:42:08'),
(29957, 3, 26, 1, 1, 1, 1, 1, 20, 20, '2021-12-17 02:42:08', '2021-12-17 02:42:08'),
(29958, 3, 27, 1, 1, 1, 1, 1, 20, 20, '2021-12-17 02:42:08', '2021-12-17 02:42:08'),
(29959, 3, 28, 1, 1, 1, 1, 1, 20, 20, '2021-12-17 02:42:08', '2021-12-17 02:42:08'),
(29960, 3, 29, 1, 1, 1, 1, 1, 20, 20, '2021-12-17 02:42:08', '2021-12-17 02:42:08'),
(29961, 3, 30, 1, 1, 1, 1, 1, 20, 20, '2021-12-17 02:42:08', '2021-12-17 02:42:08'),
(29962, 3, 31, 1, 1, 1, 1, 1, 20, 20, '2021-12-17 02:42:08', '2021-12-17 02:42:08'),
(29963, 3, 32, 1, 1, 1, 1, 1, 20, 20, '2021-12-17 02:42:08', '2021-12-17 02:42:08'),
(29964, 3, 33, 1, 1, 1, 1, 1, 20, 20, '2021-12-17 02:42:08', '2021-12-17 02:42:08'),
(29965, 3, 34, 1, 1, 1, 1, 1, 20, 20, '2021-12-17 02:42:08', '2021-12-17 02:42:08'),
(29966, 3, 35, 1, 1, 1, 1, 1, 20, 20, '2021-12-17 02:42:08', '2021-12-17 02:42:08'),
(29967, 3, 36, 1, 1, 1, 1, 1, 20, 20, '2021-12-17 02:42:08', '2021-12-17 02:42:08'),
(29968, 3, 37, 1, 1, 1, 1, 1, 20, 20, '2021-12-17 02:42:08', '2021-12-17 02:42:08'),
(29969, 3, 38, 1, 1, 1, 1, 1, 20, 20, '2021-12-17 02:42:08', '2021-12-17 02:42:08'),
(29970, 3, 39, 1, 1, 1, 1, 1, 20, 20, '2021-12-17 02:42:08', '2021-12-17 02:42:08'),
(29971, 3, 40, 1, 1, 1, 1, 1, 20, 20, '2021-12-17 02:42:08', '2021-12-17 02:42:08'),
(29972, 3, 41, 1, 1, 1, 1, 1, 20, 20, '2021-12-17 02:42:08', '2021-12-17 02:42:08'),
(29973, 3, 42, 1, 1, 1, 1, 1, 20, 20, '2021-12-17 02:42:08', '2021-12-17 02:42:08'),
(29974, 3, 43, 1, 1, 1, 1, 1, 20, 20, '2021-12-17 02:42:08', '2021-12-17 02:42:08'),
(29975, 3, 44, 1, 1, 1, 1, 1, 20, 20, '2021-12-17 02:42:08', '2021-12-17 02:42:08'),
(29976, 3, 45, 1, 1, 1, 1, 1, 20, 20, '2021-12-17 02:42:08', '2021-12-17 02:42:08'),
(29977, 3, 46, 1, 1, 1, 1, 1, 20, 20, '2021-12-17 02:42:08', '2021-12-17 02:42:08'),
(29978, 3, 47, 1, 1, 1, 1, 1, 20, 20, '2021-12-17 02:42:08', '2021-12-17 02:42:08'),
(29979, 3, 48, 0, 0, 0, 0, 0, 20, 20, '2021-12-17 02:42:08', '2021-12-17 02:42:08'),
(29980, 3, 49, 1, 1, 1, 1, 1, 20, 20, '2021-12-17 02:42:08', '2021-12-17 02:42:08'),
(29981, 3, 50, 1, 1, 1, 1, 1, 20, 20, '2021-12-17 02:42:08', '2021-12-17 02:42:08'),
(29982, 3, 51, 1, 1, 1, 1, 1, 20, 20, '2021-12-17 02:42:08', '2021-12-17 02:42:08'),
(29983, 3, 52, 1, 1, 1, 1, 1, 20, 20, '2021-12-17 02:42:08', '2021-12-17 02:42:08'),
(29984, 3, 53, 1, 1, 1, 1, 1, 20, 20, '2021-12-17 02:42:08', '2021-12-17 02:42:08'),
(29985, 3, 54, 1, 1, 1, 1, 1, 20, 20, '2021-12-17 02:42:08', '2021-12-17 02:42:08'),
(29986, 3, 55, 1, 1, 1, 1, 1, 20, 20, '2021-12-17 02:42:08', '2021-12-17 02:42:08'),
(29987, 3, 56, 1, 1, 1, 1, 1, 20, 20, '2021-12-17 02:42:08', '2021-12-17 02:42:08'),
(29988, 3, 57, 1, 1, 1, 1, 1, 20, 20, '2021-12-17 02:42:08', '2021-12-17 02:42:08'),
(29989, 3, 58, 1, 1, 1, 1, 1, 20, 20, '2021-12-17 02:42:08', '2021-12-17 02:42:08'),
(29990, 3, 59, 1, 1, 1, 1, 1, 20, 20, '2021-12-17 02:42:08', '2021-12-17 02:42:08'),
(29991, 3, 60, 1, 1, 1, 1, 1, 20, 20, '2021-12-17 02:42:08', '2021-12-17 02:42:08'),
(29992, 3, 61, 1, 1, 1, 1, 1, 20, 20, '2021-12-17 02:42:08', '2021-12-17 02:42:08'),
(29993, 3, 62, 1, 1, 1, 1, 1, 20, 20, '2021-12-17 02:42:08', '2021-12-17 02:42:08'),
(29994, 3, 63, 1, 1, 1, 1, 1, 20, 20, '2021-12-17 02:42:08', '2021-12-17 02:42:08'),
(29995, 3, 64, 1, 1, 1, 1, 1, 20, 20, '2021-12-17 02:42:08', '2021-12-17 02:42:08'),
(29996, 3, 65, 1, 1, 1, 1, 1, 20, 20, '2021-12-17 02:42:08', '2021-12-17 02:42:08'),
(29997, 3, 66, 1, 1, 1, 1, 1, 20, 20, '2021-12-17 02:42:08', '2021-12-17 02:42:08'),
(29998, 3, 67, 1, 1, 1, 1, 1, 20, 20, '2021-12-17 02:42:08', '2021-12-17 02:42:08'),
(29999, 3, 68, 1, 1, 1, 1, 1, 20, 20, '2021-12-17 02:42:08', '2021-12-17 02:42:08'),
(30000, 3, 69, 1, 1, 1, 1, 1, 20, 20, '2021-12-17 02:42:08', '2021-12-17 02:42:08'),
(30001, 3, 70, 1, 1, 1, 1, 1, 20, 20, '2021-12-17 02:42:08', '2021-12-17 02:42:08'),
(30002, 3, 71, 1, 1, 1, 1, 1, 20, 20, '2021-12-17 02:42:08', '2021-12-17 02:42:08'),
(30003, 3, 72, 1, 1, 1, 1, 1, 20, 20, '2021-12-17 02:42:08', '2021-12-17 02:42:08'),
(30004, 3, 73, 1, 1, 1, 1, 1, 20, 20, '2021-12-17 02:42:08', '2021-12-17 02:42:08'),
(30005, 3, 74, 0, 0, 0, 0, 0, 20, 20, '2021-12-17 02:42:08', '2021-12-17 02:42:08'),
(30006, 3, 75, 1, 1, 1, 1, 1, 20, 20, '2021-12-17 02:42:08', '2021-12-17 02:42:08'),
(30007, 3, 76, 1, 1, 1, 1, 1, 20, 20, '2021-12-17 02:42:08', '2021-12-17 02:42:08'),
(30008, 3, 77, 1, 1, 1, 1, 1, 20, 20, '2021-12-17 02:42:08', '2021-12-17 02:42:08'),
(30009, 3, 78, 1, 1, 1, 1, 1, 20, 20, '2021-12-17 02:42:08', '2021-12-17 02:42:08'),
(30010, 3, 79, 1, 1, 1, 1, 1, 20, 20, '2021-12-17 02:42:08', '2021-12-17 02:42:08'),
(30011, 3, 80, 1, 1, 1, 1, 1, 20, 20, '2021-12-17 02:42:08', '2021-12-17 02:42:08'),
(30012, 3, 81, 1, 1, 1, 1, 1, 20, 20, '2021-12-17 02:42:08', '2021-12-17 02:42:08'),
(30013, 3, 82, 1, 1, 1, 1, 1, 20, 20, '2021-12-17 02:42:08', '2021-12-17 02:42:08'),
(30014, 3, 83, 1, 1, 1, 1, 1, 20, 20, '2021-12-17 02:42:08', '2021-12-17 02:42:08'),
(30015, 3, 84, 1, 1, 1, 1, 1, 20, 20, '2021-12-17 02:42:08', '2021-12-17 02:42:08'),
(30016, 3, 85, 1, 1, 1, 1, 1, 20, 20, '2021-12-17 02:42:08', '2021-12-17 02:42:08'),
(30017, 3, 86, 1, 1, 1, 1, 1, 20, 20, '2021-12-17 02:42:08', '2021-12-17 02:42:08'),
(30018, 3, 87, 1, 1, 1, 1, 1, 20, 20, '2021-12-17 02:42:08', '2021-12-17 02:42:08'),
(30019, 3, 88, 1, 1, 1, 1, 1, 20, 20, '2021-12-17 02:42:08', '2021-12-17 02:42:08'),
(30020, 3, 89, 1, 1, 1, 1, 1, 20, 20, '2021-12-17 02:42:08', '2021-12-17 02:42:08'),
(30021, 3, 90, 1, 1, 1, 1, 1, 20, 20, '2021-12-17 02:42:08', '2021-12-17 02:42:08'),
(30022, 3, 91, 1, 1, 1, 1, 1, 20, 20, '2021-12-17 02:42:08', '2021-12-17 02:42:08'),
(30023, 3, 92, 1, 1, 1, 1, 1, 20, 20, '2021-12-17 02:42:08', '2021-12-17 02:42:08'),
(30024, 3, 93, 1, 1, 1, 1, 1, 20, 20, '2021-12-17 02:42:08', '2021-12-17 02:42:08'),
(30025, 3, 94, 1, 1, 1, 1, 1, 20, 20, '2021-12-17 02:42:08', '2021-12-17 02:42:08'),
(30026, 3, 95, 0, 0, 0, 0, 0, 20, 20, '2021-12-17 02:42:08', '2021-12-17 02:42:08'),
(30027, 3, 96, 1, 1, 1, 1, 1, 20, 20, '2021-12-17 02:42:08', '2021-12-17 02:42:08'),
(30028, 3, 97, 1, 1, 1, 1, 1, 20, 20, '2021-12-17 02:42:08', '2021-12-17 02:42:08'),
(30029, 3, 98, 1, 1, 1, 1, 1, 20, 20, '2021-12-17 02:42:08', '2021-12-17 02:42:08'),
(30030, 3, 99, 1, 1, 1, 1, 1, 20, 20, '2021-12-17 02:42:08', '2021-12-17 02:42:08'),
(30031, 3, 100, 1, 1, 1, 1, 1, 20, 20, '2021-12-17 02:42:08', '2021-12-17 02:42:08'),
(30032, 3, 101, 1, 1, 1, 1, 1, 20, 20, '2021-12-17 02:42:08', '2021-12-17 02:42:08'),
(30033, 3, 102, 1, 1, 1, 1, 1, 20, 20, '2021-12-17 02:42:08', '2021-12-17 02:42:08'),
(30034, 3, 103, 1, 1, 1, 1, 1, 20, 20, '2021-12-17 02:42:08', '2021-12-17 02:42:08'),
(30035, 3, 104, 1, 1, 1, 1, 1, 20, 20, '2021-12-17 02:42:08', '2021-12-17 02:42:08'),
(30036, 3, 105, 1, 1, 1, 1, 1, 20, 20, '2021-12-17 02:42:08', '2021-12-17 02:42:08'),
(30037, 3, 106, 1, 1, 1, 1, 1, 20, 20, '2021-12-17 02:42:08', '2021-12-17 02:42:08'),
(30038, 3, 107, 1, 1, 1, 1, 1, 20, 20, '2021-12-17 02:42:08', '2021-12-17 02:42:08'),
(30039, 3, 108, 1, 1, 1, 1, 1, 20, 20, '2021-12-17 02:42:08', '2021-12-17 02:42:08'),
(30040, 3, 109, 1, 1, 1, 1, 1, 20, 20, '2021-12-17 02:42:08', '2021-12-17 02:42:08'),
(30041, 3, 110, 1, 1, 1, 1, 1, 20, 20, '2021-12-17 02:42:08', '2021-12-17 02:42:08'),
(30042, 3, 111, 1, 1, 1, 1, 1, 20, 20, '2021-12-17 02:42:08', '2021-12-17 02:42:08'),
(30043, 3, 112, 1, 1, 1, 1, 1, 20, 20, '2021-12-17 02:42:08', '2021-12-17 02:42:08'),
(30044, 3, 113, 0, 0, 0, 0, 0, 20, 20, '2021-12-17 02:42:08', '2021-12-17 02:42:08'),
(30045, 3, 114, 1, 1, 1, 1, 1, 20, 20, '2021-12-17 02:42:08', '2021-12-17 02:42:08'),
(30046, 3, 115, 1, 1, 1, 1, 1, 20, 20, '2021-12-17 02:42:08', '2021-12-17 02:42:08'),
(30047, 3, 116, 1, 1, 1, 1, 1, 20, 20, '2021-12-17 02:42:08', '2021-12-17 02:42:08'),
(30048, 3, 117, 1, 1, 1, 1, 1, 20, 20, '2021-12-17 02:42:08', '2021-12-17 02:42:08'),
(30049, 3, 118, 1, 1, 1, 1, 1, 20, 20, '2021-12-17 02:42:08', '2021-12-17 02:42:08'),
(30050, 3, 119, 1, 1, 1, 1, 1, 20, 20, '2021-12-17 02:42:08', '2021-12-17 02:42:08'),
(30051, 3, 120, 1, 1, 1, 1, 1, 20, 20, '2021-12-17 02:42:08', '2021-12-17 02:42:08'),
(30052, 3, 121, 1, 1, 1, 1, 1, 20, 20, '2021-12-17 02:42:08', '2021-12-17 02:42:08'),
(30053, 3, 122, 1, 1, 1, 1, 1, 20, 20, '2021-12-17 02:42:08', '2021-12-17 02:42:08'),
(30054, 3, 123, 1, 1, 1, 1, 1, 20, 20, '2021-12-17 02:42:08', '2021-12-17 02:42:08'),
(30055, 3, 124, 1, 1, 1, 1, 1, 20, 20, '2021-12-17 02:42:08', '2021-12-17 02:42:08'),
(30056, 3, 125, 0, 0, 1, 0, 0, 20, 20, '2021-12-17 02:42:08', '2021-12-17 02:42:08'),
(30057, 3, 126, 0, 0, 1, 0, 0, 20, 20, '2021-12-17 02:42:08', '2021-12-17 02:42:08'),
(30058, 3, 127, 0, 0, 1, 0, 0, 20, 20, '2021-12-17 02:42:08', '2021-12-17 02:42:08'),
(30059, 3, 128, 0, 0, 1, 0, 0, 20, 20, '2021-12-17 02:42:08', '2021-12-17 02:42:08'),
(30060, 3, 129, 0, 0, 1, 0, 0, 20, 20, '2021-12-17 02:42:08', '2021-12-17 02:42:08'),
(30061, 3, 130, 0, 0, 1, 0, 0, 20, 20, '2021-12-17 02:42:08', '2021-12-17 02:42:08'),
(30062, 3, 131, 0, 0, 1, 0, 0, 20, 20, '2021-12-17 02:42:08', '2021-12-17 02:42:08'),
(30063, 3, 132, 0, 0, 1, 0, 0, 20, 20, '2021-12-17 02:42:08', '2021-12-17 02:42:08'),
(30064, 3, 133, 0, 0, 1, 0, 0, 20, 20, '2021-12-17 02:42:08', '2021-12-17 02:42:08'),
(30065, 3, 134, 0, 0, 1, 0, 0, 20, 20, '2021-12-17 02:42:08', '2021-12-17 02:42:08'),
(30066, 3, 135, 0, 0, 0, 0, 0, 20, 20, '2021-12-17 02:42:08', '2021-12-17 02:42:08'),
(30067, 3, 136, 0, 0, 0, 0, 0, 20, 20, '2021-12-17 02:42:08', '2021-12-17 02:42:08'),
(30068, 3, 137, 0, 0, 0, 0, 0, 20, 20, '2021-12-17 02:42:08', '2021-12-17 02:42:08'),
(30069, 3, 138, 0, 0, 0, 0, 0, 20, 20, '2021-12-17 02:42:08', '2021-12-17 02:42:08'),
(30070, 3, 139, 0, 0, 0, 0, 0, 20, 20, '2021-12-17 02:42:08', '2021-12-17 02:42:08'),
(30071, 3, 140, 0, 0, 0, 0, 0, 20, 20, '2021-12-17 02:42:08', '2021-12-17 02:42:08'),
(30072, 3, 141, 0, 0, 0, 0, 0, 20, 20, '2021-12-17 02:42:08', '2021-12-17 02:42:08'),
(30073, 3, 142, 0, 0, 0, 0, 0, 20, 20, '2021-12-17 02:42:08', '2021-12-17 02:42:08'),
(30074, 3, 143, 0, 0, 0, 0, 0, 20, 20, '2021-12-17 02:42:08', '2021-12-17 02:42:08'),
(30075, 3, 144, 0, 0, 0, 0, 0, 20, 20, '2021-12-17 02:42:08', '2021-12-17 02:42:08'),
(30076, 3, 145, 0, 0, 0, 0, 0, 20, 20, '2021-12-17 02:42:08', '2021-12-17 02:42:08'),
(30077, 3, 146, 0, 0, 0, 0, 0, 20, 20, '2021-12-17 02:42:08', '2021-12-17 02:42:08'),
(31376, 2, 1, 1, 1, 1, 1, 1, 2, 2, '2021-12-22 05:40:49', '2021-12-22 05:40:49'),
(31377, 2, 2, 1, 1, 1, 1, 1, 2, 2, '2021-12-22 05:40:49', '2021-12-22 05:40:49'),
(31378, 2, 3, 1, 1, 1, 1, 1, 2, 2, '2021-12-22 05:40:49', '2021-12-22 05:40:49'),
(31379, 2, 4, 1, 1, 1, 1, 1, 2, 2, '2021-12-22 05:40:49', '2021-12-22 05:40:49'),
(31380, 2, 5, 1, 1, 1, 1, 1, 2, 2, '2021-12-22 05:40:49', '2021-12-22 05:40:49'),
(31381, 2, 6, 1, 1, 1, 1, 1, 2, 2, '2021-12-22 05:40:49', '2021-12-22 05:40:49'),
(31382, 2, 7, 1, 1, 1, 1, 1, 2, 2, '2021-12-22 05:40:49', '2021-12-22 05:40:49'),
(31383, 2, 8, 1, 1, 1, 1, 1, 2, 2, '2021-12-22 05:40:49', '2021-12-22 05:40:49'),
(31384, 2, 9, 1, 1, 1, 1, 1, 2, 2, '2021-12-22 05:40:49', '2021-12-22 05:40:49'),
(31385, 2, 10, 1, 1, 1, 1, 1, 2, 2, '2021-12-22 05:40:49', '2021-12-22 05:40:49'),
(31386, 2, 11, 1, 1, 1, 1, 1, 2, 2, '2021-12-22 05:40:49', '2021-12-22 05:40:49'),
(31387, 2, 12, 1, 1, 1, 1, 1, 2, 2, '2021-12-22 05:40:49', '2021-12-22 05:40:49'),
(31388, 2, 13, 1, 1, 1, 1, 1, 2, 2, '2021-12-22 05:40:49', '2021-12-22 05:40:49'),
(31389, 2, 14, 1, 1, 1, 1, 1, 2, 2, '2021-12-22 05:40:49', '2021-12-22 05:40:49'),
(31390, 2, 15, 1, 1, 1, 1, 1, 2, 2, '2021-12-22 05:40:49', '2021-12-22 05:40:49'),
(31391, 2, 16, 1, 1, 1, 1, 1, 2, 2, '2021-12-22 05:40:49', '2021-12-22 05:40:49'),
(31392, 2, 17, 1, 1, 1, 1, 1, 2, 2, '2021-12-22 05:40:49', '2021-12-22 05:40:49'),
(31393, 2, 18, 1, 1, 1, 1, 1, 2, 2, '2021-12-22 05:40:49', '2021-12-22 05:40:49'),
(31394, 2, 19, 1, 1, 1, 1, 1, 2, 2, '2021-12-22 05:40:49', '2021-12-22 05:40:49'),
(31395, 2, 20, 1, 1, 1, 1, 1, 2, 2, '2021-12-22 05:40:49', '2021-12-22 05:40:49'),
(31396, 2, 21, 1, 1, 1, 1, 1, 2, 2, '2021-12-22 05:40:49', '2021-12-22 05:40:49'),
(31397, 2, 22, 1, 1, 1, 1, 1, 2, 2, '2021-12-22 05:40:49', '2021-12-22 05:40:49'),
(31398, 2, 23, 1, 1, 1, 1, 1, 2, 2, '2021-12-22 05:40:49', '2021-12-22 05:40:49'),
(31399, 2, 24, 1, 1, 1, 1, 1, 2, 2, '2021-12-22 05:40:49', '2021-12-22 05:40:49'),
(31400, 2, 25, 1, 1, 1, 1, 1, 2, 2, '2021-12-22 05:40:49', '2021-12-22 05:40:49'),
(31401, 2, 26, 1, 1, 1, 1, 1, 2, 2, '2021-12-22 05:40:49', '2021-12-22 05:40:49'),
(31402, 2, 27, 1, 1, 1, 1, 1, 2, 2, '2021-12-22 05:40:49', '2021-12-22 05:40:49'),
(31403, 2, 28, 1, 1, 1, 1, 1, 2, 2, '2021-12-22 05:40:49', '2021-12-22 05:40:49'),
(31404, 2, 29, 1, 1, 1, 1, 1, 2, 2, '2021-12-22 05:40:49', '2021-12-22 05:40:49'),
(31405, 2, 30, 1, 1, 1, 1, 1, 2, 2, '2021-12-22 05:40:49', '2021-12-22 05:40:49'),
(31406, 2, 31, 1, 1, 1, 1, 1, 2, 2, '2021-12-22 05:40:49', '2021-12-22 05:40:49'),
(31407, 2, 32, 1, 1, 1, 1, 1, 2, 2, '2021-12-22 05:40:49', '2021-12-22 05:40:49'),
(31408, 2, 33, 1, 1, 1, 1, 1, 2, 2, '2021-12-22 05:40:49', '2021-12-22 05:40:49'),
(31409, 2, 34, 1, 1, 1, 1, 1, 2, 2, '2021-12-22 05:40:49', '2021-12-22 05:40:49'),
(31410, 2, 35, 1, 1, 1, 1, 1, 2, 2, '2021-12-22 05:40:49', '2021-12-22 05:40:49'),
(31411, 2, 36, 1, 1, 1, 1, 1, 2, 2, '2021-12-22 05:40:49', '2021-12-22 05:40:49'),
(31412, 2, 37, 0, 0, 1, 1, 1, 2, 2, '2021-12-22 05:40:49', '2021-12-22 05:40:49'),
(31413, 2, 38, 1, 1, 1, 1, 1, 2, 2, '2021-12-22 05:40:49', '2021-12-22 05:40:49'),
(31414, 2, 39, 1, 1, 1, 1, 1, 2, 2, '2021-12-22 05:40:49', '2021-12-22 05:40:49'),
(31415, 2, 40, 1, 1, 1, 1, 1, 2, 2, '2021-12-22 05:40:49', '2021-12-22 05:40:49'),
(31416, 2, 41, 1, 1, 1, 1, 1, 2, 2, '2021-12-22 05:40:49', '2021-12-22 05:40:49'),
(31417, 2, 42, 1, 1, 1, 1, 1, 2, 2, '2021-12-22 05:40:49', '2021-12-22 05:40:49'),
(31418, 2, 43, 1, 1, 1, 1, 1, 2, 2, '2021-12-22 05:40:49', '2021-12-22 05:40:49'),
(31419, 2, 44, 0, 0, 1, 1, 1, 2, 2, '2021-12-22 05:40:49', '2021-12-22 05:40:49'),
(31420, 2, 45, 1, 1, 1, 1, 1, 2, 2, '2021-12-22 05:40:49', '2021-12-22 05:40:49'),
(31421, 2, 46, 1, 1, 1, 1, 1, 2, 2, '2021-12-22 05:40:49', '2021-12-22 05:40:49'),
(31422, 2, 47, 1, 1, 1, 1, 1, 2, 2, '2021-12-22 05:40:49', '2021-12-22 05:40:49'),
(31423, 2, 48, 1, 1, 1, 1, 1, 2, 2, '2021-12-22 05:40:49', '2021-12-22 05:40:49'),
(31424, 2, 49, 1, 1, 1, 1, 1, 2, 2, '2021-12-22 05:40:49', '2021-12-22 05:40:49'),
(31425, 2, 50, 1, 1, 1, 1, 1, 2, 2, '2021-12-22 05:40:49', '2021-12-22 05:40:49'),
(31426, 2, 51, 1, 1, 1, 1, 1, 2, 2, '2021-12-22 05:40:49', '2021-12-22 05:40:49'),
(31427, 2, 52, 1, 1, 1, 1, 1, 2, 2, '2021-12-22 05:40:49', '2021-12-22 05:40:49'),
(31428, 2, 53, 1, 1, 1, 1, 1, 2, 2, '2021-12-22 05:40:49', '2021-12-22 05:40:49'),
(31429, 2, 54, 1, 1, 1, 1, 1, 2, 2, '2021-12-22 05:40:49', '2021-12-22 05:40:49'),
(31430, 2, 55, 1, 1, 1, 1, 1, 2, 2, '2021-12-22 05:40:49', '2021-12-22 05:40:49'),
(31431, 2, 56, 1, 1, 1, 1, 1, 2, 2, '2021-12-22 05:40:49', '2021-12-22 05:40:49'),
(31432, 2, 57, 1, 1, 1, 1, 1, 2, 2, '2021-12-22 05:40:49', '2021-12-22 05:40:49'),
(31433, 2, 58, 1, 1, 1, 1, 1, 2, 2, '2021-12-22 05:40:49', '2021-12-22 05:40:49'),
(31434, 2, 59, 1, 1, 1, 1, 1, 2, 2, '2021-12-22 05:40:49', '2021-12-22 05:40:49'),
(31435, 2, 60, 1, 1, 1, 1, 1, 2, 2, '2021-12-22 05:40:49', '2021-12-22 05:40:49'),
(31436, 2, 61, 1, 1, 1, 1, 1, 2, 2, '2021-12-22 05:40:49', '2021-12-22 05:40:49'),
(31437, 2, 62, 1, 1, 1, 1, 1, 2, 2, '2021-12-22 05:40:49', '2021-12-22 05:40:49'),
(31438, 2, 66, 1, 1, 1, 1, 1, 2, 2, '2021-12-22 05:40:49', '2021-12-22 05:40:49'),
(31439, 2, 67, 1, 1, 1, 1, 1, 2, 2, '2021-12-22 05:40:49', '2021-12-22 05:40:49'),
(31440, 2, 68, 1, 1, 1, 1, 1, 2, 2, '2021-12-22 05:40:49', '2021-12-22 05:40:49'),
(31441, 2, 69, 1, 1, 1, 1, 1, 2, 2, '2021-12-22 05:40:49', '2021-12-22 05:40:49'),
(31442, 2, 70, 1, 1, 1, 1, 1, 2, 2, '2021-12-22 05:40:49', '2021-12-22 05:40:49'),
(31443, 2, 74, 1, 1, 1, 1, 1, 2, 2, '2021-12-22 05:40:49', '2021-12-22 05:40:49'),
(31444, 2, 75, 1, 1, 1, 1, 1, 2, 2, '2021-12-22 05:40:49', '2021-12-22 05:40:49'),
(31445, 2, 76, 1, 1, 1, 1, 1, 2, 2, '2021-12-22 05:40:49', '2021-12-22 05:40:49'),
(31446, 2, 77, 1, 1, 1, 1, 1, 2, 2, '2021-12-22 05:40:49', '2021-12-22 05:40:49'),
(31447, 2, 79, 1, 1, 1, 1, 1, 2, 2, '2021-12-22 05:40:49', '2021-12-22 05:40:49'),
(31448, 2, 80, 1, 1, 1, 1, 1, 2, 2, '2021-12-22 05:40:49', '2021-12-22 05:40:49'),
(31449, 2, 81, 1, 1, 1, 1, 1, 2, 2, '2021-12-22 05:40:49', '2021-12-22 05:40:49'),
(31450, 2, 82, 1, 1, 1, 1, 1, 2, 2, '2021-12-22 05:40:49', '2021-12-22 05:40:49'),
(31451, 2, 83, 1, 1, 1, 1, 1, 2, 2, '2021-12-22 05:40:49', '2021-12-22 05:40:49'),
(31452, 2, 84, 1, 1, 1, 1, 1, 2, 2, '2021-12-22 05:40:49', '2021-12-22 05:40:49'),
(31453, 2, 85, 1, 1, 1, 1, 1, 2, 2, '2021-12-22 05:40:49', '2021-12-22 05:40:49'),
(31454, 2, 86, 1, 1, 1, 1, 1, 2, 2, '2021-12-22 05:40:49', '2021-12-22 05:40:49'),
(31455, 2, 88, 1, 1, 1, 1, 1, 2, 2, '2021-12-22 05:40:49', '2021-12-22 05:40:49'),
(31456, 2, 89, 1, 1, 1, 1, 1, 2, 2, '2021-12-22 05:40:49', '2021-12-22 05:40:49'),
(31457, 2, 90, 1, 1, 1, 1, 1, 2, 2, '2021-12-22 05:40:49', '2021-12-22 05:40:49'),
(31458, 2, 91, 1, 1, 1, 1, 1, 2, 2, '2021-12-22 05:40:49', '2021-12-22 05:40:49'),
(31459, 2, 92, 1, 1, 1, 1, 1, 2, 2, '2021-12-22 05:40:49', '2021-12-22 05:40:49'),
(31460, 2, 93, 1, 1, 1, 1, 1, 2, 2, '2021-12-22 05:40:49', '2021-12-22 05:40:49'),
(31461, 2, 94, 1, 1, 1, 1, 1, 2, 2, '2021-12-22 05:40:49', '2021-12-22 05:40:49'),
(31462, 2, 95, 1, 1, 1, 1, 1, 2, 2, '2021-12-22 05:40:49', '2021-12-22 05:40:49'),
(31463, 2, 96, 1, 1, 1, 1, 1, 2, 2, '2021-12-22 05:40:49', '2021-12-22 05:40:49'),
(31464, 2, 97, 1, 1, 1, 1, 1, 2, 2, '2021-12-22 05:40:49', '2021-12-22 05:40:49'),
(31465, 2, 98, 1, 1, 1, 1, 1, 2, 2, '2021-12-22 05:40:49', '2021-12-22 05:40:49'),
(31466, 2, 99, 1, 1, 1, 1, 1, 2, 2, '2021-12-22 05:40:49', '2021-12-22 05:40:49'),
(31467, 2, 100, 1, 1, 1, 1, 1, 2, 2, '2021-12-22 05:40:49', '2021-12-22 05:40:49'),
(31468, 2, 101, 1, 1, 1, 1, 1, 2, 2, '2021-12-22 05:40:49', '2021-12-22 05:40:49'),
(31469, 2, 102, 1, 1, 1, 1, 1, 2, 2, '2021-12-22 05:40:49', '2021-12-22 05:40:49'),
(31470, 2, 103, 1, 1, 1, 1, 1, 2, 2, '2021-12-22 05:40:49', '2021-12-22 05:40:49'),
(31471, 2, 104, 1, 1, 1, 1, 1, 2, 2, '2021-12-22 05:40:49', '2021-12-22 05:40:49'),
(31472, 2, 105, 1, 1, 1, 1, 1, 2, 2, '2021-12-22 05:40:49', '2021-12-22 05:40:49'),
(31473, 2, 106, 1, 1, 1, 1, 1, 2, 2, '2021-12-22 05:40:49', '2021-12-22 05:40:49'),
(31474, 2, 107, 1, 1, 1, 1, 1, 2, 2, '2021-12-22 05:40:49', '2021-12-22 05:40:49'),
(31475, 2, 108, 1, 1, 1, 1, 1, 2, 2, '2021-12-22 05:40:49', '2021-12-22 05:40:49'),
(31476, 2, 109, 1, 1, 1, 1, 1, 2, 2, '2021-12-22 05:40:49', '2021-12-22 05:40:49'),
(31477, 2, 110, 1, 1, 1, 1, 1, 2, 2, '2021-12-22 05:40:49', '2021-12-22 05:40:49'),
(31478, 2, 111, 1, 1, 1, 1, 1, 2, 2, '2021-12-22 05:40:49', '2021-12-22 05:40:49'),
(31479, 2, 112, 1, 1, 1, 1, 1, 2, 2, '2021-12-22 05:40:49', '2021-12-22 05:40:49'),
(31480, 2, 113, 0, 0, 0, 0, 0, 2, 2, '2021-12-22 05:40:49', '2021-12-22 05:40:49'),
(31481, 2, 114, 1, 1, 1, 1, 1, 2, 2, '2021-12-22 05:40:49', '2021-12-22 05:40:49'),
(31482, 2, 115, 1, 1, 1, 1, 1, 2, 2, '2021-12-22 05:40:49', '2021-12-22 05:40:49'),
(31483, 2, 116, 1, 1, 1, 1, 1, 2, 2, '2021-12-22 05:40:49', '2021-12-22 05:40:49'),
(31484, 2, 117, 1, 1, 1, 1, 1, 2, 2, '2021-12-22 05:40:49', '2021-12-22 05:40:49'),
(31485, 2, 118, 1, 1, 1, 1, 1, 2, 2, '2021-12-22 05:40:49', '2021-12-22 05:40:49'),
(31486, 2, 119, 1, 1, 1, 1, 1, 2, 2, '2021-12-22 05:40:49', '2021-12-22 05:40:49'),
(31487, 2, 120, 1, 1, 1, 1, 1, 2, 2, '2021-12-22 05:40:49', '2021-12-22 05:40:49'),
(31488, 2, 121, 1, 1, 1, 1, 1, 2, 2, '2021-12-22 05:40:49', '2021-12-22 05:40:49'),
(31489, 2, 122, 1, 1, 1, 1, 1, 2, 2, '2021-12-22 05:40:49', '2021-12-22 05:40:49'),
(31490, 2, 123, 1, 1, 1, 1, 1, 2, 2, '2021-12-22 05:40:49', '2021-12-22 05:40:49'),
(31491, 2, 124, 1, 1, 1, 1, 1, 2, 2, '2021-12-22 05:40:49', '2021-12-22 05:40:49'),
(31492, 2, 125, 1, 1, 1, 1, 1, 2, 2, '2021-12-22 05:40:49', '2021-12-22 05:40:49'),
(31493, 2, 126, 1, 1, 1, 1, 1, 2, 2, '2021-12-22 05:40:49', '2021-12-22 05:40:49'),
(31494, 2, 127, 1, 1, 1, 1, 1, 2, 2, '2021-12-22 05:40:49', '2021-12-22 05:40:49'),
(31495, 2, 128, 1, 1, 1, 1, 1, 2, 2, '2021-12-22 05:40:49', '2021-12-22 05:40:49'),
(31496, 2, 129, 0, 0, 1, 0, 0, 2, 2, '2021-12-22 05:40:49', '2021-12-22 05:40:49'),
(31497, 2, 130, 0, 0, 1, 0, 0, 2, 2, '2021-12-22 05:40:49', '2021-12-22 05:40:49'),
(31498, 2, 131, 1, 1, 1, 1, 1, 2, 2, '2021-12-22 05:40:49', '2021-12-22 05:40:49'),
(31499, 2, 132, 1, 1, 1, 1, 1, 2, 2, '2021-12-22 05:40:49', '2021-12-22 05:40:49'),
(31500, 2, 133, 0, 0, 1, 0, 0, 2, 2, '2021-12-22 05:40:49', '2021-12-22 05:40:49'),
(31501, 2, 134, 0, 0, 1, 0, 0, 2, 2, '2021-12-22 05:40:49', '2021-12-22 05:40:49'),
(31502, 2, 135, 1, 1, 1, 1, 1, 2, 2, '2021-12-22 05:40:49', '2021-12-22 05:40:49'),
(31503, 2, 136, 1, 1, 1, 1, 1, 2, 2, '2021-12-22 05:40:49', '2021-12-22 05:40:49'),
(31504, 2, 137, 1, 1, 1, 1, 1, 2, 2, '2021-12-22 05:40:49', '2021-12-22 05:40:49'),
(31505, 2, 138, 1, 1, 1, 1, 1, 2, 2, '2021-12-22 05:40:49', '2021-12-22 05:40:49'),
(31506, 2, 139, 1, 1, 1, 1, 1, 2, 2, '2021-12-22 05:40:49', '2021-12-22 05:40:49'),
(31507, 2, 140, 1, 1, 1, 1, 1, 2, 2, '2021-12-22 05:40:49', '2021-12-22 05:40:49'),
(31508, 2, 141, 1, 1, 1, 1, 1, 2, 2, '2021-12-22 05:40:49', '2021-12-22 05:40:49'),
(31509, 2, 142, 0, 0, 0, 0, 0, 2, 2, '2021-12-22 05:40:49', '2021-12-22 05:40:49'),
(31510, 2, 143, 1, 1, 1, 1, 1, 2, 2, '2021-12-22 05:40:49', '2021-12-22 05:40:49'),
(31511, 2, 144, 1, 1, 1, 1, 1, 2, 2, '2021-12-22 05:40:49', '2021-12-22 05:40:49'),
(31512, 2, 145, 1, 1, 1, 1, 1, 2, 2, '2021-12-22 05:40:49', '2021-12-22 05:40:49'),
(31513, 2, 146, 1, 1, 1, 1, 1, 2, 2, '2021-12-22 05:40:49', '2021-12-22 05:40:49'),
(31514, 22, 1, 0, 0, 1, 0, 0, 20, 20, '2021-12-22 23:59:05', '2021-12-22 23:59:05'),
(31515, 22, 2, 0, 0, 1, 0, 0, 20, 20, '2021-12-22 23:59:05', '2021-12-22 23:59:05'),
(31516, 22, 3, 0, 0, 1, 0, 0, 20, 20, '2021-12-22 23:59:05', '2021-12-22 23:59:05'),
(31517, 22, 4, 0, 0, 1, 0, 0, 20, 20, '2021-12-22 23:59:05', '2021-12-22 23:59:05'),
(31518, 22, 5, 0, 0, 1, 0, 0, 20, 20, '2021-12-22 23:59:05', '2021-12-22 23:59:05'),
(31519, 22, 6, 0, 0, 1, 0, 0, 20, 20, '2021-12-22 23:59:05', '2021-12-22 23:59:05'),
(31520, 22, 7, 0, 0, 1, 0, 0, 20, 20, '2021-12-22 23:59:05', '2021-12-22 23:59:05'),
(31521, 22, 8, 0, 0, 1, 0, 0, 20, 20, '2021-12-22 23:59:05', '2021-12-22 23:59:05'),
(31522, 22, 9, 0, 0, 1, 0, 0, 20, 20, '2021-12-22 23:59:05', '2021-12-22 23:59:05'),
(31523, 22, 10, 0, 0, 1, 0, 0, 20, 20, '2021-12-22 23:59:05', '2021-12-22 23:59:05'),
(31524, 22, 11, 0, 0, 1, 0, 0, 20, 20, '2021-12-22 23:59:05', '2021-12-22 23:59:05'),
(31525, 22, 12, 0, 0, 1, 0, 0, 20, 20, '2021-12-22 23:59:05', '2021-12-22 23:59:05'),
(31526, 22, 13, 0, 0, 1, 0, 0, 20, 20, '2021-12-22 23:59:05', '2021-12-22 23:59:05'),
(31527, 22, 14, 0, 0, 1, 0, 0, 20, 20, '2021-12-22 23:59:05', '2021-12-22 23:59:05'),
(31528, 22, 15, 0, 0, 1, 0, 0, 20, 20, '2021-12-22 23:59:05', '2021-12-22 23:59:05'),
(31529, 22, 16, 0, 0, 1, 0, 0, 20, 20, '2021-12-22 23:59:05', '2021-12-22 23:59:05'),
(31530, 22, 17, 0, 0, 1, 0, 0, 20, 20, '2021-12-22 23:59:05', '2021-12-22 23:59:05'),
(31531, 22, 18, 0, 0, 1, 0, 0, 20, 20, '2021-12-22 23:59:05', '2021-12-22 23:59:05'),
(31532, 22, 19, 0, 0, 1, 0, 0, 20, 20, '2021-12-22 23:59:05', '2021-12-22 23:59:05'),
(31533, 22, 20, 0, 0, 1, 0, 0, 20, 20, '2021-12-22 23:59:05', '2021-12-22 23:59:05'),
(31534, 22, 21, 0, 0, 1, 0, 0, 20, 20, '2021-12-22 23:59:05', '2021-12-22 23:59:05'),
(31535, 22, 22, 0, 0, 1, 0, 0, 20, 20, '2021-12-22 23:59:05', '2021-12-22 23:59:05'),
(31536, 22, 23, 0, 0, 1, 0, 0, 20, 20, '2021-12-22 23:59:05', '2021-12-22 23:59:05'),
(31537, 22, 24, 0, 0, 1, 0, 0, 20, 20, '2021-12-22 23:59:05', '2021-12-22 23:59:05'),
(31538, 22, 25, 0, 0, 1, 0, 0, 20, 20, '2021-12-22 23:59:05', '2021-12-22 23:59:05'),
(31539, 22, 26, 0, 0, 1, 0, 0, 20, 20, '2021-12-22 23:59:05', '2021-12-22 23:59:05'),
(31540, 22, 27, 0, 0, 1, 0, 0, 20, 20, '2021-12-22 23:59:05', '2021-12-22 23:59:05'),
(31541, 22, 28, 0, 0, 1, 0, 0, 20, 20, '2021-12-22 23:59:05', '2021-12-22 23:59:05'),
(31542, 22, 29, 0, 0, 1, 0, 0, 20, 20, '2021-12-22 23:59:05', '2021-12-22 23:59:05'),
(31543, 22, 30, 0, 0, 1, 0, 0, 20, 20, '2021-12-22 23:59:05', '2021-12-22 23:59:05'),
(31544, 22, 31, 0, 0, 1, 0, 0, 20, 20, '2021-12-22 23:59:05', '2021-12-22 23:59:05'),
(31545, 22, 32, 0, 0, 1, 0, 0, 20, 20, '2021-12-22 23:59:05', '2021-12-22 23:59:05'),
(31546, 22, 33, 0, 0, 1, 0, 0, 20, 20, '2021-12-22 23:59:05', '2021-12-22 23:59:05'),
(31547, 22, 34, 0, 0, 1, 0, 0, 20, 20, '2021-12-22 23:59:05', '2021-12-22 23:59:05'),
(31548, 22, 35, 0, 0, 1, 0, 0, 20, 20, '2021-12-22 23:59:05', '2021-12-22 23:59:05'),
(31549, 22, 36, 0, 0, 1, 0, 0, 20, 20, '2021-12-22 23:59:05', '2021-12-22 23:59:05'),
(31550, 22, 37, 0, 0, 1, 0, 0, 20, 20, '2021-12-22 23:59:05', '2021-12-22 23:59:05'),
(31551, 22, 38, 0, 0, 1, 0, 0, 20, 20, '2021-12-22 23:59:05', '2021-12-22 23:59:05'),
(31552, 22, 39, 0, 0, 1, 0, 0, 20, 20, '2021-12-22 23:59:05', '2021-12-22 23:59:05'),
(31553, 22, 40, 0, 0, 1, 0, 0, 20, 20, '2021-12-22 23:59:05', '2021-12-22 23:59:05'),
(31554, 22, 41, 0, 0, 1, 0, 0, 20, 20, '2021-12-22 23:59:05', '2021-12-22 23:59:05'),
(31555, 22, 42, 0, 0, 1, 0, 0, 20, 20, '2021-12-22 23:59:05', '2021-12-22 23:59:05'),
(31556, 22, 43, 0, 0, 1, 0, 0, 20, 20, '2021-12-22 23:59:05', '2021-12-22 23:59:05'),
(31557, 22, 44, 0, 0, 1, 0, 0, 20, 20, '2021-12-22 23:59:05', '2021-12-22 23:59:05'),
(31558, 22, 45, 0, 0, 1, 0, 0, 20, 20, '2021-12-22 23:59:05', '2021-12-22 23:59:05'),
(31559, 22, 46, 0, 0, 1, 0, 0, 20, 20, '2021-12-22 23:59:05', '2021-12-22 23:59:05'),
(31560, 22, 47, 0, 0, 1, 0, 0, 20, 20, '2021-12-22 23:59:05', '2021-12-22 23:59:05'),
(31561, 22, 48, 0, 0, 0, 0, 0, 20, 20, '2021-12-22 23:59:05', '2021-12-22 23:59:05'),
(31562, 22, 49, 0, 0, 1, 0, 0, 20, 20, '2021-12-22 23:59:05', '2021-12-22 23:59:05'),
(31563, 22, 50, 0, 0, 1, 0, 0, 20, 20, '2021-12-22 23:59:05', '2021-12-22 23:59:05'),
(31564, 22, 51, 0, 0, 1, 0, 0, 20, 20, '2021-12-22 23:59:05', '2021-12-22 23:59:05'),
(31565, 22, 52, 0, 0, 1, 0, 0, 20, 20, '2021-12-22 23:59:05', '2021-12-22 23:59:05'),
(31566, 22, 53, 0, 0, 1, 0, 0, 20, 20, '2021-12-22 23:59:05', '2021-12-22 23:59:05'),
(31567, 22, 54, 0, 0, 1, 0, 0, 20, 20, '2021-12-22 23:59:05', '2021-12-22 23:59:05'),
(31568, 22, 55, 0, 0, 1, 0, 0, 20, 20, '2021-12-22 23:59:05', '2021-12-22 23:59:05'),
(31569, 22, 56, 0, 0, 1, 0, 0, 20, 20, '2021-12-22 23:59:05', '2021-12-22 23:59:05'),
(31570, 22, 57, 0, 0, 1, 0, 0, 20, 20, '2021-12-22 23:59:05', '2021-12-22 23:59:05'),
(31571, 22, 58, 0, 0, 1, 0, 0, 20, 20, '2021-12-22 23:59:05', '2021-12-22 23:59:05'),
(31572, 22, 59, 0, 0, 1, 0, 0, 20, 20, '2021-12-22 23:59:05', '2021-12-22 23:59:05'),
(31573, 22, 60, 0, 0, 1, 0, 0, 20, 20, '2021-12-22 23:59:05', '2021-12-22 23:59:05'),
(31574, 22, 61, 0, 0, 1, 0, 0, 20, 20, '2021-12-22 23:59:05', '2021-12-22 23:59:05'),
(31575, 22, 62, 0, 0, 1, 0, 0, 20, 20, '2021-12-22 23:59:05', '2021-12-22 23:59:05'),
(31576, 22, 66, 0, 0, 1, 0, 0, 20, 20, '2021-12-22 23:59:05', '2021-12-22 23:59:05'),
(31577, 22, 67, 0, 0, 1, 0, 0, 20, 20, '2021-12-22 23:59:05', '2021-12-22 23:59:05'),
(31578, 22, 68, 0, 0, 1, 0, 0, 20, 20, '2021-12-22 23:59:05', '2021-12-22 23:59:05'),
(31579, 22, 69, 0, 0, 1, 0, 0, 20, 20, '2021-12-22 23:59:05', '2021-12-22 23:59:05'),
(31580, 22, 70, 0, 0, 1, 0, 0, 20, 20, '2021-12-22 23:59:05', '2021-12-22 23:59:05'),
(31581, 22, 74, 0, 0, 0, 0, 0, 20, 20, '2021-12-22 23:59:05', '2021-12-22 23:59:05'),
(31582, 22, 75, 0, 0, 1, 0, 0, 20, 20, '2021-12-22 23:59:05', '2021-12-22 23:59:05'),
(31583, 22, 76, 0, 0, 1, 0, 0, 20, 20, '2021-12-22 23:59:05', '2021-12-22 23:59:05');
INSERT INTO `hris_employee_permission_tbl` (`employeePermissionID`, `employeeID`, `moduleID`, `createStatus`, `updateStatus`, `readStatus`, `deleteStatus`, `printStatus`, `createdBy`, `updatedBy`, `createdAt`, `updatedAt`) VALUES
(31584, 22, 77, 0, 0, 1, 0, 0, 20, 20, '2021-12-22 23:59:05', '2021-12-22 23:59:05'),
(31585, 22, 79, 0, 0, 1, 0, 0, 20, 20, '2021-12-22 23:59:05', '2021-12-22 23:59:05'),
(31586, 22, 80, 0, 0, 1, 0, 0, 20, 20, '2021-12-22 23:59:05', '2021-12-22 23:59:05'),
(31587, 22, 81, 0, 0, 1, 0, 0, 20, 20, '2021-12-22 23:59:05', '2021-12-22 23:59:05'),
(31588, 22, 82, 0, 0, 1, 0, 0, 20, 20, '2021-12-22 23:59:05', '2021-12-22 23:59:05'),
(31589, 22, 83, 0, 0, 1, 0, 0, 20, 20, '2021-12-22 23:59:05', '2021-12-22 23:59:05'),
(31590, 22, 84, 0, 0, 1, 0, 0, 20, 20, '2021-12-22 23:59:05', '2021-12-22 23:59:05'),
(31591, 22, 85, 0, 0, 1, 0, 0, 20, 20, '2021-12-22 23:59:05', '2021-12-22 23:59:05'),
(31592, 22, 86, 0, 0, 1, 0, 0, 20, 20, '2021-12-22 23:59:05', '2021-12-22 23:59:05'),
(31593, 22, 88, 0, 0, 1, 0, 0, 20, 20, '2021-12-22 23:59:05', '2021-12-22 23:59:05'),
(31594, 22, 89, 0, 0, 1, 0, 0, 20, 20, '2021-12-22 23:59:05', '2021-12-22 23:59:05'),
(31595, 22, 90, 0, 0, 1, 0, 0, 20, 20, '2021-12-22 23:59:05', '2021-12-22 23:59:05'),
(31596, 22, 91, 0, 0, 1, 0, 0, 20, 20, '2021-12-22 23:59:05', '2021-12-22 23:59:05'),
(31597, 22, 92, 0, 0, 1, 0, 0, 20, 20, '2021-12-22 23:59:05', '2021-12-22 23:59:05'),
(31598, 22, 93, 0, 0, 1, 0, 0, 20, 20, '2021-12-22 23:59:05', '2021-12-22 23:59:05'),
(31599, 22, 94, 0, 0, 1, 0, 0, 20, 20, '2021-12-22 23:59:05', '2021-12-22 23:59:05'),
(31600, 22, 95, 0, 0, 0, 0, 0, 20, 20, '2021-12-22 23:59:05', '2021-12-22 23:59:05'),
(31601, 22, 96, 0, 0, 1, 0, 0, 20, 20, '2021-12-22 23:59:05', '2021-12-22 23:59:05'),
(31602, 22, 97, 0, 0, 1, 0, 0, 20, 20, '2021-12-22 23:59:05', '2021-12-22 23:59:05'),
(31603, 22, 98, 0, 0, 1, 0, 0, 20, 20, '2021-12-22 23:59:05', '2021-12-22 23:59:05'),
(31604, 22, 99, 0, 0, 1, 0, 0, 20, 20, '2021-12-22 23:59:05', '2021-12-22 23:59:05'),
(31605, 22, 100, 0, 0, 1, 0, 0, 20, 20, '2021-12-22 23:59:05', '2021-12-22 23:59:05'),
(31606, 22, 101, 0, 0, 1, 0, 0, 20, 20, '2021-12-22 23:59:05', '2021-12-22 23:59:05'),
(31607, 22, 102, 0, 0, 1, 0, 0, 20, 20, '2021-12-22 23:59:05', '2021-12-22 23:59:05'),
(31608, 22, 103, 0, 0, 1, 0, 0, 20, 20, '2021-12-22 23:59:05', '2021-12-22 23:59:05'),
(31609, 22, 104, 0, 0, 1, 0, 0, 20, 20, '2021-12-22 23:59:05', '2021-12-22 23:59:05'),
(31610, 22, 105, 0, 0, 1, 0, 0, 20, 20, '2021-12-22 23:59:05', '2021-12-22 23:59:05'),
(31611, 22, 106, 0, 0, 1, 0, 0, 20, 20, '2021-12-22 23:59:05', '2021-12-22 23:59:05'),
(31612, 22, 107, 0, 0, 1, 0, 0, 20, 20, '2021-12-22 23:59:05', '2021-12-22 23:59:05'),
(31613, 22, 108, 0, 0, 1, 0, 0, 20, 20, '2021-12-22 23:59:05', '2021-12-22 23:59:05'),
(31614, 22, 109, 0, 0, 1, 0, 0, 20, 20, '2021-12-22 23:59:05', '2021-12-22 23:59:05'),
(31615, 22, 110, 0, 0, 1, 0, 0, 20, 20, '2021-12-22 23:59:05', '2021-12-22 23:59:05'),
(31616, 22, 111, 0, 0, 1, 0, 0, 20, 20, '2021-12-22 23:59:05', '2021-12-22 23:59:05'),
(31617, 22, 112, 0, 0, 1, 0, 0, 20, 20, '2021-12-22 23:59:05', '2021-12-22 23:59:05'),
(31618, 22, 113, 0, 0, 0, 0, 0, 20, 20, '2021-12-22 23:59:05', '2021-12-22 23:59:05'),
(31619, 22, 114, 0, 0, 1, 0, 0, 20, 20, '2021-12-22 23:59:05', '2021-12-22 23:59:05'),
(31620, 22, 115, 0, 0, 1, 0, 0, 20, 20, '2021-12-22 23:59:05', '2021-12-22 23:59:05'),
(31621, 22, 116, 0, 0, 1, 0, 0, 20, 20, '2021-12-22 23:59:05', '2021-12-22 23:59:05'),
(31622, 22, 117, 0, 0, 1, 0, 0, 20, 20, '2021-12-22 23:59:05', '2021-12-22 23:59:05'),
(31623, 22, 118, 0, 0, 1, 0, 0, 20, 20, '2021-12-22 23:59:05', '2021-12-22 23:59:05'),
(31624, 22, 119, 0, 0, 1, 0, 0, 20, 20, '2021-12-22 23:59:05', '2021-12-22 23:59:05'),
(31625, 22, 120, 0, 0, 1, 0, 0, 20, 20, '2021-12-22 23:59:05', '2021-12-22 23:59:05'),
(31626, 22, 121, 0, 0, 1, 0, 0, 20, 20, '2021-12-22 23:59:05', '2021-12-22 23:59:05'),
(31627, 22, 122, 0, 0, 1, 0, 0, 20, 20, '2021-12-22 23:59:05', '2021-12-22 23:59:05'),
(31628, 22, 123, 0, 0, 1, 0, 0, 20, 20, '2021-12-22 23:59:05', '2021-12-22 23:59:05'),
(31629, 22, 124, 0, 0, 1, 0, 0, 20, 20, '2021-12-22 23:59:05', '2021-12-22 23:59:05'),
(31630, 22, 125, 0, 0, 1, 0, 0, 20, 20, '2021-12-22 23:59:05', '2021-12-22 23:59:05'),
(31631, 22, 126, 0, 0, 1, 0, 0, 20, 20, '2021-12-22 23:59:05', '2021-12-22 23:59:05'),
(31632, 22, 127, 0, 0, 1, 0, 0, 20, 20, '2021-12-22 23:59:05', '2021-12-22 23:59:05'),
(31633, 22, 128, 0, 0, 1, 0, 0, 20, 20, '2021-12-22 23:59:05', '2021-12-22 23:59:05'),
(31634, 22, 129, 0, 0, 1, 0, 0, 20, 20, '2021-12-22 23:59:05', '2021-12-22 23:59:05'),
(31635, 22, 130, 0, 0, 0, 0, 0, 20, 20, '2021-12-22 23:59:05', '2021-12-22 23:59:05'),
(31636, 22, 131, 0, 0, 0, 0, 0, 20, 20, '2021-12-22 23:59:05', '2021-12-22 23:59:05'),
(31637, 22, 132, 0, 0, 0, 0, 0, 20, 20, '2021-12-22 23:59:05', '2021-12-22 23:59:05'),
(31638, 22, 133, 0, 0, 0, 0, 0, 20, 20, '2021-12-22 23:59:05', '2021-12-22 23:59:05'),
(31639, 22, 134, 0, 0, 0, 0, 0, 20, 20, '2021-12-22 23:59:05', '2021-12-22 23:59:05'),
(31640, 22, 135, 0, 0, 0, 0, 0, 20, 20, '2021-12-22 23:59:05', '2021-12-22 23:59:05'),
(31641, 22, 136, 0, 0, 0, 0, 0, 20, 20, '2021-12-22 23:59:05', '2021-12-22 23:59:05'),
(31642, 22, 137, 0, 0, 0, 0, 0, 20, 20, '2021-12-22 23:59:05', '2021-12-22 23:59:05'),
(31643, 22, 138, 0, 0, 0, 0, 0, 20, 20, '2021-12-22 23:59:05', '2021-12-22 23:59:05'),
(31644, 22, 139, 0, 0, 0, 0, 0, 20, 20, '2021-12-22 23:59:05', '2021-12-22 23:59:05'),
(31645, 22, 140, 0, 0, 0, 0, 0, 20, 20, '2021-12-22 23:59:05', '2021-12-22 23:59:05'),
(31646, 22, 141, 0, 0, 0, 0, 0, 20, 20, '2021-12-22 23:59:05', '2021-12-22 23:59:05'),
(31647, 22, 142, 0, 0, 0, 0, 0, 20, 20, '2021-12-22 23:59:05', '2021-12-22 23:59:05'),
(31648, 22, 143, 0, 0, 0, 0, 0, 20, 20, '2021-12-22 23:59:05', '2021-12-22 23:59:05'),
(31649, 22, 144, 0, 0, 0, 0, 0, 20, 20, '2021-12-22 23:59:05', '2021-12-22 23:59:05'),
(31650, 22, 145, 0, 0, 0, 0, 0, 20, 20, '2021-12-22 23:59:05', '2021-12-22 23:59:05'),
(31651, 22, 146, 0, 0, 0, 0, 0, 20, 20, '2021-12-22 23:59:05', '2021-12-22 23:59:05'),
(32066, 28, 1, 0, 0, 0, 0, 0, 20, 20, '2021-12-23 00:19:55', '2021-12-23 00:19:55'),
(32067, 28, 2, 0, 0, 0, 0, 0, 20, 20, '2021-12-23 00:19:55', '2021-12-23 00:19:55'),
(32068, 28, 3, 1, 1, 1, 1, 1, 20, 20, '2021-12-23 00:19:55', '2021-12-23 00:19:55'),
(32069, 28, 4, 1, 1, 1, 1, 1, 20, 20, '2021-12-23 00:19:55', '2021-12-23 00:19:55'),
(32070, 28, 5, 1, 1, 1, 1, 1, 20, 20, '2021-12-23 00:19:55', '2021-12-23 00:19:55'),
(32071, 28, 6, 1, 1, 1, 1, 1, 20, 20, '2021-12-23 00:19:55', '2021-12-23 00:19:55'),
(32072, 28, 7, 1, 1, 1, 1, 1, 20, 20, '2021-12-23 00:19:55', '2021-12-23 00:19:55'),
(32073, 28, 8, 0, 0, 0, 0, 0, 20, 20, '2021-12-23 00:19:55', '2021-12-23 00:19:55'),
(32074, 28, 9, 0, 0, 0, 0, 0, 20, 20, '2021-12-23 00:19:55', '2021-12-23 00:19:55'),
(32075, 28, 10, 0, 0, 0, 0, 0, 20, 20, '2021-12-23 00:19:55', '2021-12-23 00:19:55'),
(32076, 28, 11, 0, 0, 0, 0, 0, 20, 20, '2021-12-23 00:19:55', '2021-12-23 00:19:55'),
(32077, 28, 12, 0, 0, 0, 0, 0, 20, 20, '2021-12-23 00:19:55', '2021-12-23 00:19:55'),
(32078, 28, 13, 0, 0, 0, 0, 0, 20, 20, '2021-12-23 00:19:55', '2021-12-23 00:19:55'),
(32079, 28, 14, 0, 0, 0, 0, 0, 20, 20, '2021-12-23 00:19:55', '2021-12-23 00:19:55'),
(32080, 28, 15, 0, 0, 0, 0, 0, 20, 20, '2021-12-23 00:19:55', '2021-12-23 00:19:55'),
(32081, 28, 16, 0, 0, 0, 0, 0, 20, 20, '2021-12-23 00:19:55', '2021-12-23 00:19:55'),
(32082, 28, 17, 0, 0, 0, 0, 0, 20, 20, '2021-12-23 00:19:55', '2021-12-23 00:19:55'),
(32083, 28, 18, 0, 0, 0, 0, 0, 20, 20, '2021-12-23 00:19:55', '2021-12-23 00:19:55'),
(32084, 28, 19, 0, 0, 0, 0, 0, 20, 20, '2021-12-23 00:19:55', '2021-12-23 00:19:55'),
(32085, 28, 20, 0, 0, 0, 0, 0, 20, 20, '2021-12-23 00:19:55', '2021-12-23 00:19:55'),
(32086, 28, 21, 1, 1, 1, 1, 1, 20, 20, '2021-12-23 00:19:55', '2021-12-23 00:19:55'),
(32087, 28, 22, 0, 0, 0, 0, 0, 20, 20, '2021-12-23 00:19:55', '2021-12-23 00:19:55'),
(32088, 28, 23, 0, 0, 0, 0, 0, 20, 20, '2021-12-23 00:19:55', '2021-12-23 00:19:55'),
(32089, 28, 24, 0, 0, 0, 0, 0, 20, 20, '2021-12-23 00:19:55', '2021-12-23 00:19:55'),
(32090, 28, 25, 0, 0, 0, 0, 0, 20, 20, '2021-12-23 00:19:55', '2021-12-23 00:19:55'),
(32091, 28, 26, 0, 0, 0, 0, 0, 20, 20, '2021-12-23 00:19:55', '2021-12-23 00:19:55'),
(32092, 28, 27, 0, 0, 0, 0, 0, 20, 20, '2021-12-23 00:19:55', '2021-12-23 00:19:55'),
(32093, 28, 28, 0, 0, 0, 0, 0, 20, 20, '2021-12-23 00:19:55', '2021-12-23 00:19:55'),
(32094, 28, 29, 0, 0, 0, 0, 0, 20, 20, '2021-12-23 00:19:55', '2021-12-23 00:19:55'),
(32095, 28, 30, 0, 0, 0, 0, 0, 20, 20, '2021-12-23 00:19:55', '2021-12-23 00:19:55'),
(32096, 28, 31, 0, 0, 0, 0, 0, 20, 20, '2021-12-23 00:19:55', '2021-12-23 00:19:55'),
(32097, 28, 32, 0, 0, 0, 0, 0, 20, 20, '2021-12-23 00:19:55', '2021-12-23 00:19:55'),
(32098, 28, 33, 1, 1, 1, 1, 1, 20, 20, '2021-12-23 00:19:55', '2021-12-23 00:19:55'),
(32099, 28, 34, 1, 1, 1, 1, 1, 20, 20, '2021-12-23 00:19:55', '2021-12-23 00:19:55'),
(32100, 28, 35, 1, 1, 1, 1, 1, 20, 20, '2021-12-23 00:19:55', '2021-12-23 00:19:55'),
(32101, 28, 36, 1, 1, 1, 1, 1, 20, 20, '2021-12-23 00:19:55', '2021-12-23 00:19:55'),
(32102, 28, 37, 1, 1, 1, 1, 1, 20, 20, '2021-12-23 00:19:55', '2021-12-23 00:19:55'),
(32103, 28, 38, 0, 0, 0, 0, 0, 20, 20, '2021-12-23 00:19:55', '2021-12-23 00:19:55'),
(32104, 28, 39, 0, 0, 0, 0, 0, 20, 20, '2021-12-23 00:19:55', '2021-12-23 00:19:55'),
(32105, 28, 40, 0, 0, 0, 0, 0, 20, 20, '2021-12-23 00:19:55', '2021-12-23 00:19:55'),
(32106, 28, 41, 0, 0, 0, 0, 0, 20, 20, '2021-12-23 00:19:55', '2021-12-23 00:19:55'),
(32107, 28, 42, 1, 1, 1, 1, 1, 20, 20, '2021-12-23 00:19:55', '2021-12-23 00:19:55'),
(32108, 28, 43, 1, 1, 1, 1, 1, 20, 20, '2021-12-23 00:19:55', '2021-12-23 00:19:55'),
(32109, 28, 44, 1, 1, 1, 1, 1, 20, 20, '2021-12-23 00:19:55', '2021-12-23 00:19:55'),
(32110, 28, 45, 1, 1, 1, 1, 1, 20, 20, '2021-12-23 00:19:55', '2021-12-23 00:19:55'),
(32111, 28, 46, 0, 0, 0, 0, 0, 20, 20, '2021-12-23 00:19:55', '2021-12-23 00:19:55'),
(32112, 28, 47, 0, 0, 0, 0, 0, 20, 20, '2021-12-23 00:19:55', '2021-12-23 00:19:55'),
(32113, 28, 48, 0, 0, 0, 0, 0, 20, 20, '2021-12-23 00:19:55', '2021-12-23 00:19:55'),
(32114, 28, 49, 0, 0, 0, 0, 0, 20, 20, '2021-12-23 00:19:55', '2021-12-23 00:19:55'),
(32115, 28, 50, 0, 0, 0, 0, 0, 20, 20, '2021-12-23 00:19:55', '2021-12-23 00:19:55'),
(32116, 28, 51, 0, 0, 0, 0, 0, 20, 20, '2021-12-23 00:19:55', '2021-12-23 00:19:55'),
(32117, 28, 52, 0, 0, 0, 0, 0, 20, 20, '2021-12-23 00:19:55', '2021-12-23 00:19:55'),
(32118, 28, 53, 0, 0, 0, 0, 0, 20, 20, '2021-12-23 00:19:55', '2021-12-23 00:19:55'),
(32119, 28, 54, 0, 0, 0, 0, 0, 20, 20, '2021-12-23 00:19:55', '2021-12-23 00:19:55'),
(32120, 28, 55, 1, 1, 1, 1, 1, 20, 20, '2021-12-23 00:19:55', '2021-12-23 00:19:55'),
(32121, 28, 56, 0, 0, 0, 0, 0, 20, 20, '2021-12-23 00:19:55', '2021-12-23 00:19:55'),
(32122, 28, 57, 0, 0, 0, 0, 0, 20, 20, '2021-12-23 00:19:55', '2021-12-23 00:19:55'),
(32123, 28, 58, 0, 0, 0, 0, 0, 20, 20, '2021-12-23 00:19:55', '2021-12-23 00:19:55'),
(32124, 28, 59, 0, 0, 0, 0, 0, 20, 20, '2021-12-23 00:19:55', '2021-12-23 00:19:55'),
(32125, 28, 60, 0, 0, 0, 0, 0, 20, 20, '2021-12-23 00:19:55', '2021-12-23 00:19:55'),
(32126, 28, 61, 0, 0, 0, 0, 0, 20, 20, '2021-12-23 00:19:55', '2021-12-23 00:19:55'),
(32127, 28, 62, 0, 0, 0, 0, 0, 20, 20, '2021-12-23 00:19:55', '2021-12-23 00:19:55'),
(32128, 28, 66, 1, 1, 1, 1, 1, 20, 20, '2021-12-23 00:19:55', '2021-12-23 00:19:55'),
(32129, 28, 67, 1, 1, 1, 1, 1, 20, 20, '2021-12-23 00:19:55', '2021-12-23 00:19:55'),
(32130, 28, 68, 0, 0, 0, 0, 0, 20, 20, '2021-12-23 00:19:55', '2021-12-23 00:19:55'),
(32131, 28, 69, 0, 0, 0, 0, 0, 20, 20, '2021-12-23 00:19:55', '2021-12-23 00:19:55'),
(32132, 28, 70, 0, 0, 0, 0, 0, 20, 20, '2021-12-23 00:19:55', '2021-12-23 00:19:55'),
(32133, 28, 74, 0, 0, 0, 0, 0, 20, 20, '2021-12-23 00:19:55', '2021-12-23 00:19:55'),
(32134, 28, 75, 0, 0, 0, 0, 0, 20, 20, '2021-12-23 00:19:55', '2021-12-23 00:19:55'),
(32135, 28, 76, 0, 0, 0, 0, 0, 20, 20, '2021-12-23 00:19:55', '2021-12-23 00:19:55'),
(32136, 28, 77, 0, 0, 0, 0, 0, 20, 20, '2021-12-23 00:19:55', '2021-12-23 00:19:55'),
(32137, 28, 79, 0, 0, 0, 0, 0, 20, 20, '2021-12-23 00:19:55', '2021-12-23 00:19:55'),
(32138, 28, 80, 0, 0, 0, 0, 0, 20, 20, '2021-12-23 00:19:55', '2021-12-23 00:19:55'),
(32139, 28, 81, 0, 0, 0, 0, 0, 20, 20, '2021-12-23 00:19:55', '2021-12-23 00:19:55'),
(32140, 28, 82, 0, 0, 0, 0, 0, 20, 20, '2021-12-23 00:19:55', '2021-12-23 00:19:55'),
(32141, 28, 83, 0, 0, 0, 0, 0, 20, 20, '2021-12-23 00:19:55', '2021-12-23 00:19:55'),
(32142, 28, 84, 0, 0, 0, 0, 0, 20, 20, '2021-12-23 00:19:55', '2021-12-23 00:19:55'),
(32143, 28, 85, 0, 0, 0, 0, 0, 20, 20, '2021-12-23 00:19:55', '2021-12-23 00:19:55'),
(32144, 28, 86, 0, 0, 0, 0, 0, 20, 20, '2021-12-23 00:19:55', '2021-12-23 00:19:55'),
(32145, 28, 88, 0, 0, 0, 0, 0, 20, 20, '2021-12-23 00:19:55', '2021-12-23 00:19:55'),
(32146, 28, 89, 0, 0, 0, 0, 0, 20, 20, '2021-12-23 00:19:55', '2021-12-23 00:19:55'),
(32147, 28, 90, 0, 0, 0, 0, 0, 20, 20, '2021-12-23 00:19:55', '2021-12-23 00:19:55'),
(32148, 28, 91, 0, 0, 0, 0, 0, 20, 20, '2021-12-23 00:19:55', '2021-12-23 00:19:55'),
(32149, 28, 92, 0, 0, 0, 0, 0, 20, 20, '2021-12-23 00:19:55', '2021-12-23 00:19:55'),
(32150, 28, 93, 0, 0, 0, 0, 0, 20, 20, '2021-12-23 00:19:55', '2021-12-23 00:19:55'),
(32151, 28, 94, 0, 0, 0, 0, 0, 20, 20, '2021-12-23 00:19:55', '2021-12-23 00:19:55'),
(32152, 28, 95, 0, 0, 0, 0, 0, 20, 20, '2021-12-23 00:19:55', '2021-12-23 00:19:55'),
(32153, 28, 96, 0, 0, 0, 0, 0, 20, 20, '2021-12-23 00:19:55', '2021-12-23 00:19:55'),
(32154, 28, 97, 0, 0, 0, 0, 0, 20, 20, '2021-12-23 00:19:55', '2021-12-23 00:19:55'),
(32155, 28, 98, 0, 0, 0, 0, 0, 20, 20, '2021-12-23 00:19:55', '2021-12-23 00:19:55'),
(32156, 28, 99, 0, 0, 0, 0, 0, 20, 20, '2021-12-23 00:19:55', '2021-12-23 00:19:55'),
(32157, 28, 100, 0, 0, 0, 0, 0, 20, 20, '2021-12-23 00:19:55', '2021-12-23 00:19:55'),
(32158, 28, 101, 0, 0, 0, 0, 0, 20, 20, '2021-12-23 00:19:55', '2021-12-23 00:19:55'),
(32159, 28, 102, 0, 0, 0, 0, 0, 20, 20, '2021-12-23 00:19:55', '2021-12-23 00:19:55'),
(32160, 28, 103, 0, 0, 0, 0, 0, 20, 20, '2021-12-23 00:19:55', '2021-12-23 00:19:55'),
(32161, 28, 104, 0, 0, 0, 0, 0, 20, 20, '2021-12-23 00:19:55', '2021-12-23 00:19:55'),
(32162, 28, 105, 0, 0, 0, 0, 0, 20, 20, '2021-12-23 00:19:55', '2021-12-23 00:19:55'),
(32163, 28, 106, 0, 0, 0, 0, 0, 20, 20, '2021-12-23 00:19:55', '2021-12-23 00:19:55'),
(32164, 28, 107, 0, 0, 0, 0, 0, 20, 20, '2021-12-23 00:19:55', '2021-12-23 00:19:55'),
(32165, 28, 108, 0, 0, 0, 0, 0, 20, 20, '2021-12-23 00:19:55', '2021-12-23 00:19:55'),
(32166, 28, 109, 0, 0, 0, 0, 0, 20, 20, '2021-12-23 00:19:55', '2021-12-23 00:19:55'),
(32167, 28, 110, 0, 0, 0, 0, 0, 20, 20, '2021-12-23 00:19:55', '2021-12-23 00:19:55'),
(32168, 28, 111, 0, 0, 0, 0, 0, 20, 20, '2021-12-23 00:19:55', '2021-12-23 00:19:55'),
(32169, 28, 112, 0, 0, 0, 0, 0, 20, 20, '2021-12-23 00:19:55', '2021-12-23 00:19:55'),
(32170, 28, 113, 0, 0, 0, 0, 0, 20, 20, '2021-12-23 00:19:55', '2021-12-23 00:19:55'),
(32171, 28, 114, 0, 0, 0, 0, 0, 20, 20, '2021-12-23 00:19:55', '2021-12-23 00:19:55'),
(32172, 28, 115, 0, 0, 0, 0, 0, 20, 20, '2021-12-23 00:19:55', '2021-12-23 00:19:55'),
(32173, 28, 116, 0, 0, 0, 0, 0, 20, 20, '2021-12-23 00:19:55', '2021-12-23 00:19:55'),
(32174, 28, 117, 0, 0, 0, 0, 0, 20, 20, '2021-12-23 00:19:55', '2021-12-23 00:19:55'),
(32175, 28, 118, 0, 0, 0, 0, 0, 20, 20, '2021-12-23 00:19:55', '2021-12-23 00:19:55'),
(32176, 28, 119, 0, 0, 0, 0, 0, 20, 20, '2021-12-23 00:19:55', '2021-12-23 00:19:55'),
(32177, 28, 120, 0, 0, 0, 0, 0, 20, 20, '2021-12-23 00:19:55', '2021-12-23 00:19:55'),
(32178, 28, 121, 0, 0, 0, 0, 0, 20, 20, '2021-12-23 00:19:55', '2021-12-23 00:19:55'),
(32179, 28, 122, 0, 0, 0, 0, 0, 20, 20, '2021-12-23 00:19:55', '2021-12-23 00:19:55'),
(32180, 28, 123, 0, 0, 0, 0, 0, 20, 20, '2021-12-23 00:19:55', '2021-12-23 00:19:55'),
(32181, 28, 124, 0, 0, 0, 0, 0, 20, 20, '2021-12-23 00:19:55', '2021-12-23 00:19:55'),
(32182, 28, 125, 0, 0, 0, 0, 0, 20, 20, '2021-12-23 00:19:55', '2021-12-23 00:19:55'),
(32183, 28, 126, 1, 1, 1, 1, 1, 20, 20, '2021-12-23 00:19:55', '2021-12-23 00:19:55'),
(32184, 28, 127, 0, 0, 0, 0, 0, 20, 20, '2021-12-23 00:19:55', '2021-12-23 00:19:55'),
(32185, 28, 128, 0, 0, 0, 0, 0, 20, 20, '2021-12-23 00:19:55', '2021-12-23 00:19:55'),
(32186, 28, 129, 1, 1, 1, 1, 1, 20, 20, '2021-12-23 00:19:55', '2021-12-23 00:19:55'),
(32187, 28, 130, 1, 1, 1, 1, 1, 20, 20, '2021-12-23 00:19:55', '2021-12-23 00:19:55'),
(32188, 28, 131, 0, 0, 0, 0, 0, 20, 20, '2021-12-23 00:19:55', '2021-12-23 00:19:55'),
(32189, 28, 132, 0, 0, 0, 0, 0, 20, 20, '2021-12-23 00:19:55', '2021-12-23 00:19:55'),
(32190, 28, 133, 0, 0, 0, 0, 0, 20, 20, '2021-12-23 00:19:55', '2021-12-23 00:19:55'),
(32191, 28, 134, 0, 0, 0, 0, 0, 20, 20, '2021-12-23 00:19:55', '2021-12-23 00:19:55'),
(32192, 28, 135, 1, 1, 1, 1, 1, 20, 20, '2021-12-23 00:19:55', '2021-12-23 00:19:55'),
(32193, 28, 136, 1, 1, 1, 1, 1, 20, 20, '2021-12-23 00:19:55', '2021-12-23 00:19:55'),
(32194, 28, 137, 1, 1, 1, 1, 1, 20, 20, '2021-12-23 00:19:55', '2021-12-23 00:19:55'),
(32195, 28, 138, 0, 0, 0, 0, 0, 20, 20, '2021-12-23 00:19:55', '2021-12-23 00:19:55'),
(32196, 28, 139, 1, 1, 1, 1, 1, 20, 20, '2021-12-23 00:19:55', '2021-12-23 00:19:55'),
(32197, 28, 140, 1, 1, 1, 1, 1, 20, 20, '2021-12-23 00:19:55', '2021-12-23 00:19:55'),
(32198, 28, 141, 0, 0, 0, 0, 0, 20, 20, '2021-12-23 00:19:55', '2021-12-23 00:19:55'),
(32199, 28, 142, 0, 0, 0, 0, 0, 20, 20, '2021-12-23 00:19:55', '2021-12-23 00:19:55'),
(32200, 28, 143, 0, 0, 0, 0, 0, 20, 20, '2021-12-23 00:19:55', '2021-12-23 00:19:55'),
(32201, 28, 144, 0, 0, 0, 0, 0, 20, 20, '2021-12-23 00:19:55', '2021-12-23 00:19:55'),
(32202, 28, 145, 0, 0, 0, 0, 0, 20, 20, '2021-12-23 00:19:55', '2021-12-23 00:19:55'),
(32203, 28, 146, 0, 0, 0, 0, 0, 20, 20, '2021-12-23 00:19:55', '2021-12-23 00:19:55'),
(32480, 20, 1, 1, 1, 1, 1, 1, 20, 20, '2021-12-27 05:15:48', '2021-12-27 05:15:48'),
(32481, 20, 2, 1, 1, 1, 1, 1, 20, 20, '2021-12-27 05:15:48', '2021-12-27 05:15:48'),
(32482, 20, 3, 1, 1, 1, 1, 1, 20, 20, '2021-12-27 05:15:48', '2021-12-27 05:15:48'),
(32483, 20, 4, 1, 1, 1, 1, 1, 20, 20, '2021-12-27 05:15:48', '2021-12-27 05:15:48'),
(32484, 20, 5, 1, 1, 1, 1, 1, 20, 20, '2021-12-27 05:15:48', '2021-12-27 05:15:48'),
(32485, 20, 6, 1, 1, 1, 1, 1, 20, 20, '2021-12-27 05:15:48', '2021-12-27 05:15:48'),
(32486, 20, 7, 1, 1, 1, 1, 1, 20, 20, '2021-12-27 05:15:48', '2021-12-27 05:15:48'),
(32487, 20, 8, 1, 1, 1, 1, 1, 20, 20, '2021-12-27 05:15:48', '2021-12-27 05:15:48'),
(32488, 20, 9, 1, 1, 1, 1, 1, 20, 20, '2021-12-27 05:15:48', '2021-12-27 05:15:48'),
(32489, 20, 10, 1, 1, 1, 1, 1, 20, 20, '2021-12-27 05:15:48', '2021-12-27 05:15:48'),
(32490, 20, 11, 1, 1, 1, 1, 1, 20, 20, '2021-12-27 05:15:48', '2021-12-27 05:15:48'),
(32491, 20, 12, 1, 1, 1, 1, 1, 20, 20, '2021-12-27 05:15:48', '2021-12-27 05:15:48'),
(32492, 20, 13, 1, 1, 1, 1, 1, 20, 20, '2021-12-27 05:15:48', '2021-12-27 05:15:48'),
(32493, 20, 14, 1, 1, 1, 1, 1, 20, 20, '2021-12-27 05:15:48', '2021-12-27 05:15:48'),
(32494, 20, 15, 1, 1, 1, 1, 1, 20, 20, '2021-12-27 05:15:48', '2021-12-27 05:15:48'),
(32495, 20, 16, 1, 1, 1, 1, 1, 20, 20, '2021-12-27 05:15:48', '2021-12-27 05:15:48'),
(32496, 20, 17, 1, 1, 1, 1, 1, 20, 20, '2021-12-27 05:15:48', '2021-12-27 05:15:48'),
(32497, 20, 18, 1, 1, 1, 1, 1, 20, 20, '2021-12-27 05:15:48', '2021-12-27 05:15:48'),
(32498, 20, 19, 1, 1, 1, 1, 1, 20, 20, '2021-12-27 05:15:48', '2021-12-27 05:15:48'),
(32499, 20, 20, 1, 1, 1, 1, 1, 20, 20, '2021-12-27 05:15:48', '2021-12-27 05:15:48'),
(32500, 20, 21, 1, 1, 1, 1, 1, 20, 20, '2021-12-27 05:15:48', '2021-12-27 05:15:48'),
(32501, 20, 22, 1, 1, 1, 1, 1, 20, 20, '2021-12-27 05:15:48', '2021-12-27 05:15:48'),
(32502, 20, 23, 1, 1, 1, 1, 1, 20, 20, '2021-12-27 05:15:48', '2021-12-27 05:15:48'),
(32503, 20, 24, 1, 1, 1, 1, 1, 20, 20, '2021-12-27 05:15:48', '2021-12-27 05:15:48'),
(32504, 20, 25, 1, 1, 1, 1, 1, 20, 20, '2021-12-27 05:15:48', '2021-12-27 05:15:48'),
(32505, 20, 26, 1, 1, 1, 1, 1, 20, 20, '2021-12-27 05:15:48', '2021-12-27 05:15:48'),
(32506, 20, 27, 1, 1, 1, 1, 1, 20, 20, '2021-12-27 05:15:48', '2021-12-27 05:15:48'),
(32507, 20, 28, 1, 1, 1, 1, 1, 20, 20, '2021-12-27 05:15:48', '2021-12-27 05:15:48'),
(32508, 20, 29, 1, 1, 1, 1, 1, 20, 20, '2021-12-27 05:15:48', '2021-12-27 05:15:48'),
(32509, 20, 30, 1, 1, 1, 1, 1, 20, 20, '2021-12-27 05:15:48', '2021-12-27 05:15:48'),
(32510, 20, 31, 1, 1, 1, 1, 1, 20, 20, '2021-12-27 05:15:48', '2021-12-27 05:15:48'),
(32511, 20, 32, 1, 1, 1, 1, 1, 20, 20, '2021-12-27 05:15:48', '2021-12-27 05:15:48'),
(32512, 20, 33, 1, 1, 1, 1, 1, 20, 20, '2021-12-27 05:15:48', '2021-12-27 05:15:48'),
(32513, 20, 34, 1, 1, 1, 1, 1, 20, 20, '2021-12-27 05:15:48', '2021-12-27 05:15:48'),
(32514, 20, 35, 1, 1, 1, 1, 1, 20, 20, '2021-12-27 05:15:48', '2021-12-27 05:15:48'),
(32515, 20, 36, 1, 1, 1, 1, 1, 20, 20, '2021-12-27 05:15:48', '2021-12-27 05:15:48'),
(32516, 20, 37, 1, 1, 1, 1, 1, 20, 20, '2021-12-27 05:15:48', '2021-12-27 05:15:48'),
(32517, 20, 38, 1, 1, 1, 1, 1, 20, 20, '2021-12-27 05:15:48', '2021-12-27 05:15:48'),
(32518, 20, 39, 1, 1, 1, 1, 1, 20, 20, '2021-12-27 05:15:48', '2021-12-27 05:15:48'),
(32519, 20, 40, 1, 1, 1, 1, 1, 20, 20, '2021-12-27 05:15:48', '2021-12-27 05:15:48'),
(32520, 20, 41, 1, 1, 1, 1, 1, 20, 20, '2021-12-27 05:15:48', '2021-12-27 05:15:48'),
(32521, 20, 42, 1, 1, 1, 1, 1, 20, 20, '2021-12-27 05:15:48', '2021-12-27 05:15:48'),
(32522, 20, 43, 1, 1, 1, 1, 1, 20, 20, '2021-12-27 05:15:48', '2021-12-27 05:15:48'),
(32523, 20, 44, 1, 1, 1, 1, 1, 20, 20, '2021-12-27 05:15:48', '2021-12-27 05:15:48'),
(32524, 20, 45, 1, 1, 1, 1, 1, 20, 20, '2021-12-27 05:15:48', '2021-12-27 05:15:48'),
(32525, 20, 46, 1, 1, 1, 1, 1, 20, 20, '2021-12-27 05:15:48', '2021-12-27 05:15:48'),
(32526, 20, 47, 1, 1, 1, 1, 1, 20, 20, '2021-12-27 05:15:48', '2021-12-27 05:15:48'),
(32527, 20, 48, 1, 1, 1, 1, 1, 20, 20, '2021-12-27 05:15:48', '2021-12-27 05:15:48'),
(32528, 20, 49, 1, 1, 1, 1, 1, 20, 20, '2021-12-27 05:15:48', '2021-12-27 05:15:48'),
(32529, 20, 50, 1, 1, 1, 1, 1, 20, 20, '2021-12-27 05:15:48', '2021-12-27 05:15:48'),
(32530, 20, 51, 1, 1, 1, 1, 1, 20, 20, '2021-12-27 05:15:48', '2021-12-27 05:15:48'),
(32531, 20, 52, 1, 1, 1, 1, 1, 20, 20, '2021-12-27 05:15:48', '2021-12-27 05:15:48'),
(32532, 20, 53, 1, 1, 1, 1, 1, 20, 20, '2021-12-27 05:15:48', '2021-12-27 05:15:48'),
(32533, 20, 54, 1, 1, 1, 1, 1, 20, 20, '2021-12-27 05:15:48', '2021-12-27 05:15:48'),
(32534, 20, 55, 1, 1, 1, 1, 1, 20, 20, '2021-12-27 05:15:48', '2021-12-27 05:15:48'),
(32535, 20, 56, 1, 1, 1, 1, 1, 20, 20, '2021-12-27 05:15:48', '2021-12-27 05:15:48'),
(32536, 20, 57, 1, 1, 1, 1, 1, 20, 20, '2021-12-27 05:15:48', '2021-12-27 05:15:48'),
(32537, 20, 58, 1, 1, 1, 1, 1, 20, 20, '2021-12-27 05:15:48', '2021-12-27 05:15:48'),
(32538, 20, 59, 1, 1, 1, 1, 1, 20, 20, '2021-12-27 05:15:48', '2021-12-27 05:15:48'),
(32539, 20, 60, 1, 1, 1, 1, 1, 20, 20, '2021-12-27 05:15:48', '2021-12-27 05:15:48'),
(32540, 20, 61, 1, 1, 1, 1, 1, 20, 20, '2021-12-27 05:15:48', '2021-12-27 05:15:48'),
(32541, 20, 62, 1, 1, 1, 1, 1, 20, 20, '2021-12-27 05:15:48', '2021-12-27 05:15:48'),
(32542, 20, 66, 1, 1, 1, 1, 1, 20, 20, '2021-12-27 05:15:48', '2021-12-27 05:15:48'),
(32543, 20, 67, 1, 1, 1, 1, 1, 20, 20, '2021-12-27 05:15:48', '2021-12-27 05:15:48'),
(32544, 20, 68, 1, 1, 1, 1, 1, 20, 20, '2021-12-27 05:15:48', '2021-12-27 05:15:48'),
(32545, 20, 69, 1, 1, 1, 1, 1, 20, 20, '2021-12-27 05:15:48', '2021-12-27 05:15:48'),
(32546, 20, 70, 1, 1, 1, 1, 1, 20, 20, '2021-12-27 05:15:48', '2021-12-27 05:15:48'),
(32547, 20, 74, 1, 1, 1, 1, 1, 20, 20, '2021-12-27 05:15:48', '2021-12-27 05:15:48'),
(32548, 20, 75, 1, 1, 1, 1, 1, 20, 20, '2021-12-27 05:15:48', '2021-12-27 05:15:48'),
(32549, 20, 76, 1, 1, 1, 1, 1, 20, 20, '2021-12-27 05:15:48', '2021-12-27 05:15:48'),
(32550, 20, 77, 1, 1, 1, 1, 1, 20, 20, '2021-12-27 05:15:48', '2021-12-27 05:15:48'),
(32551, 20, 79, 1, 1, 1, 1, 1, 20, 20, '2021-12-27 05:15:48', '2021-12-27 05:15:48'),
(32552, 20, 80, 1, 1, 1, 1, 1, 20, 20, '2021-12-27 05:15:48', '2021-12-27 05:15:48'),
(32553, 20, 81, 1, 1, 1, 1, 1, 20, 20, '2021-12-27 05:15:48', '2021-12-27 05:15:48'),
(32554, 20, 82, 1, 1, 1, 1, 1, 20, 20, '2021-12-27 05:15:48', '2021-12-27 05:15:48'),
(32555, 20, 83, 1, 1, 1, 1, 1, 20, 20, '2021-12-27 05:15:48', '2021-12-27 05:15:48'),
(32556, 20, 84, 1, 1, 1, 1, 1, 20, 20, '2021-12-27 05:15:48', '2021-12-27 05:15:48'),
(32557, 20, 85, 1, 1, 1, 1, 1, 20, 20, '2021-12-27 05:15:48', '2021-12-27 05:15:48'),
(32558, 20, 86, 1, 1, 1, 1, 1, 20, 20, '2021-12-27 05:15:48', '2021-12-27 05:15:48'),
(32559, 20, 88, 1, 1, 1, 1, 1, 20, 20, '2021-12-27 05:15:48', '2021-12-27 05:15:48'),
(32560, 20, 89, 1, 1, 1, 1, 1, 20, 20, '2021-12-27 05:15:48', '2021-12-27 05:15:48'),
(32561, 20, 90, 1, 1, 1, 1, 1, 20, 20, '2021-12-27 05:15:48', '2021-12-27 05:15:48'),
(32562, 20, 91, 1, 1, 1, 1, 1, 20, 20, '2021-12-27 05:15:48', '2021-12-27 05:15:48'),
(32563, 20, 92, 1, 1, 1, 1, 1, 20, 20, '2021-12-27 05:15:48', '2021-12-27 05:15:48'),
(32564, 20, 93, 1, 1, 1, 1, 1, 20, 20, '2021-12-27 05:15:48', '2021-12-27 05:15:48'),
(32565, 20, 94, 1, 1, 1, 1, 1, 20, 20, '2021-12-27 05:15:48', '2021-12-27 05:15:48'),
(32566, 20, 95, 1, 1, 1, 1, 1, 20, 20, '2021-12-27 05:15:48', '2021-12-27 05:15:48'),
(32567, 20, 96, 1, 1, 1, 1, 1, 20, 20, '2021-12-27 05:15:48', '2021-12-27 05:15:48'),
(32568, 20, 97, 1, 1, 1, 1, 1, 20, 20, '2021-12-27 05:15:48', '2021-12-27 05:15:48'),
(32569, 20, 98, 1, 1, 1, 1, 1, 20, 20, '2021-12-27 05:15:48', '2021-12-27 05:15:48'),
(32570, 20, 99, 1, 1, 1, 1, 1, 20, 20, '2021-12-27 05:15:48', '2021-12-27 05:15:48'),
(32571, 20, 100, 1, 1, 1, 1, 1, 20, 20, '2021-12-27 05:15:48', '2021-12-27 05:15:48'),
(32572, 20, 101, 1, 1, 1, 1, 1, 20, 20, '2021-12-27 05:15:48', '2021-12-27 05:15:48'),
(32573, 20, 102, 1, 1, 1, 1, 1, 20, 20, '2021-12-27 05:15:48', '2021-12-27 05:15:48'),
(32574, 20, 103, 1, 1, 1, 1, 1, 20, 20, '2021-12-27 05:15:48', '2021-12-27 05:15:48'),
(32575, 20, 104, 1, 1, 1, 1, 1, 20, 20, '2021-12-27 05:15:48', '2021-12-27 05:15:48'),
(32576, 20, 105, 1, 1, 1, 1, 1, 20, 20, '2021-12-27 05:15:48', '2021-12-27 05:15:48'),
(32577, 20, 106, 1, 1, 1, 1, 1, 20, 20, '2021-12-27 05:15:48', '2021-12-27 05:15:48'),
(32578, 20, 107, 1, 1, 1, 1, 1, 20, 20, '2021-12-27 05:15:48', '2021-12-27 05:15:48'),
(32579, 20, 108, 1, 1, 1, 1, 1, 20, 20, '2021-12-27 05:15:48', '2021-12-27 05:15:48'),
(32580, 20, 109, 1, 1, 1, 1, 1, 20, 20, '2021-12-27 05:15:48', '2021-12-27 05:15:48'),
(32581, 20, 110, 1, 1, 1, 1, 1, 20, 20, '2021-12-27 05:15:48', '2021-12-27 05:15:48'),
(32582, 20, 111, 1, 1, 1, 1, 1, 20, 20, '2021-12-27 05:15:48', '2021-12-27 05:15:48'),
(32583, 20, 112, 1, 1, 1, 1, 1, 20, 20, '2021-12-27 05:15:48', '2021-12-27 05:15:48'),
(32584, 20, 113, 1, 1, 1, 1, 1, 20, 20, '2021-12-27 05:15:48', '2021-12-27 05:15:48'),
(32585, 20, 114, 1, 1, 1, 1, 1, 20, 20, '2021-12-27 05:15:48', '2021-12-27 05:15:48'),
(32586, 20, 115, 1, 1, 1, 1, 1, 20, 20, '2021-12-27 05:15:48', '2021-12-27 05:15:48'),
(32587, 20, 116, 1, 1, 1, 1, 1, 20, 20, '2021-12-27 05:15:48', '2021-12-27 05:15:48'),
(32588, 20, 117, 1, 1, 1, 1, 1, 20, 20, '2021-12-27 05:15:48', '2021-12-27 05:15:48'),
(32589, 20, 118, 1, 1, 1, 1, 1, 20, 20, '2021-12-27 05:15:48', '2021-12-27 05:15:48'),
(32590, 20, 119, 1, 1, 1, 1, 1, 20, 20, '2021-12-27 05:15:48', '2021-12-27 05:15:48'),
(32591, 20, 120, 1, 1, 1, 1, 1, 20, 20, '2021-12-27 05:15:48', '2021-12-27 05:15:48'),
(32592, 20, 121, 1, 1, 1, 1, 1, 20, 20, '2021-12-27 05:15:48', '2021-12-27 05:15:48'),
(32593, 20, 122, 1, 1, 1, 1, 1, 20, 20, '2021-12-27 05:15:48', '2021-12-27 05:15:48'),
(32594, 20, 123, 1, 1, 1, 1, 1, 20, 20, '2021-12-27 05:15:48', '2021-12-27 05:15:48'),
(32595, 20, 124, 1, 1, 1, 1, 1, 20, 20, '2021-12-27 05:15:48', '2021-12-27 05:15:48'),
(32596, 20, 125, 1, 1, 1, 1, 1, 20, 20, '2021-12-27 05:15:48', '2021-12-27 05:15:48'),
(32597, 20, 126, 1, 1, 1, 1, 1, 20, 20, '2021-12-27 05:15:48', '2021-12-27 05:15:48'),
(32598, 20, 127, 1, 1, 1, 1, 1, 20, 20, '2021-12-27 05:15:48', '2021-12-27 05:15:48'),
(32599, 20, 128, 1, 1, 1, 1, 1, 20, 20, '2021-12-27 05:15:48', '2021-12-27 05:15:48'),
(32600, 20, 129, 1, 1, 1, 1, 1, 20, 20, '2021-12-27 05:15:48', '2021-12-27 05:15:48'),
(32601, 20, 130, 1, 1, 1, 1, 1, 20, 20, '2021-12-27 05:15:48', '2021-12-27 05:15:48'),
(32602, 20, 131, 1, 1, 1, 1, 1, 20, 20, '2021-12-27 05:15:48', '2021-12-27 05:15:48'),
(32603, 20, 132, 1, 1, 1, 1, 1, 20, 20, '2021-12-27 05:15:48', '2021-12-27 05:15:48'),
(32604, 20, 133, 1, 1, 1, 1, 1, 20, 20, '2021-12-27 05:15:48', '2021-12-27 05:15:48'),
(32605, 20, 134, 1, 1, 1, 1, 1, 20, 20, '2021-12-27 05:15:48', '2021-12-27 05:15:48'),
(32606, 20, 135, 1, 1, 1, 1, 1, 20, 20, '2021-12-27 05:15:48', '2021-12-27 05:15:48'),
(32607, 20, 136, 1, 1, 1, 1, 1, 20, 20, '2021-12-27 05:15:48', '2021-12-27 05:15:48'),
(32608, 20, 137, 1, 1, 1, 1, 1, 20, 20, '2021-12-27 05:15:48', '2021-12-27 05:15:48'),
(32609, 20, 138, 1, 1, 1, 1, 1, 20, 20, '2021-12-27 05:15:48', '2021-12-27 05:15:48'),
(32610, 20, 139, 1, 1, 1, 1, 1, 20, 20, '2021-12-27 05:15:48', '2021-12-27 05:15:48'),
(32611, 20, 140, 1, 1, 1, 1, 1, 20, 20, '2021-12-27 05:15:48', '2021-12-27 05:15:48'),
(32612, 20, 141, 1, 1, 1, 1, 1, 20, 20, '2021-12-27 05:15:48', '2021-12-27 05:15:48'),
(32613, 20, 142, 1, 1, 1, 1, 1, 20, 20, '2021-12-27 05:15:48', '2021-12-27 05:15:48'),
(32614, 20, 143, 1, 1, 1, 1, 1, 20, 20, '2021-12-27 05:15:48', '2021-12-27 05:15:48'),
(32615, 20, 144, 1, 1, 1, 1, 1, 20, 20, '2021-12-27 05:15:48', '2021-12-27 05:15:48'),
(32616, 20, 145, 1, 1, 1, 1, 1, 20, 20, '2021-12-27 05:15:48', '2021-12-27 05:15:48'),
(32617, 20, 146, 1, 1, 1, 1, 1, 20, 20, '2021-12-27 05:15:48', '2021-12-27 05:15:48'),
(32756, 7, 1, 1, 1, 1, 1, 1, 20, 20, '2021-12-28 00:25:07', '2021-12-28 00:25:07'),
(32757, 7, 2, 1, 1, 1, 1, 1, 20, 20, '2021-12-28 00:25:07', '2021-12-28 00:25:07'),
(32758, 7, 3, 1, 1, 1, 1, 1, 20, 20, '2021-12-28 00:25:07', '2021-12-28 00:25:07'),
(32759, 7, 4, 1, 1, 1, 1, 1, 20, 20, '2021-12-28 00:25:07', '2021-12-28 00:25:07'),
(32760, 7, 5, 1, 1, 1, 1, 1, 20, 20, '2021-12-28 00:25:07', '2021-12-28 00:25:07'),
(32761, 7, 6, 1, 1, 1, 1, 1, 20, 20, '2021-12-28 00:25:07', '2021-12-28 00:25:07'),
(32762, 7, 7, 1, 1, 1, 1, 1, 20, 20, '2021-12-28 00:25:07', '2021-12-28 00:25:07'),
(32763, 7, 8, 1, 1, 1, 1, 1, 20, 20, '2021-12-28 00:25:07', '2021-12-28 00:25:07'),
(32764, 7, 9, 1, 1, 1, 1, 1, 20, 20, '2021-12-28 00:25:07', '2021-12-28 00:25:07'),
(32765, 7, 10, 1, 1, 1, 1, 1, 20, 20, '2021-12-28 00:25:07', '2021-12-28 00:25:07'),
(32766, 7, 11, 1, 1, 1, 1, 1, 20, 20, '2021-12-28 00:25:07', '2021-12-28 00:25:07'),
(32767, 7, 12, 1, 1, 1, 1, 1, 20, 20, '2021-12-28 00:25:07', '2021-12-28 00:25:07'),
(32768, 7, 13, 1, 1, 1, 1, 1, 20, 20, '2021-12-28 00:25:07', '2021-12-28 00:25:07'),
(32769, 7, 14, 1, 1, 1, 1, 1, 20, 20, '2021-12-28 00:25:07', '2021-12-28 00:25:07'),
(32770, 7, 15, 1, 1, 1, 1, 1, 20, 20, '2021-12-28 00:25:07', '2021-12-28 00:25:07'),
(32771, 7, 16, 1, 1, 1, 1, 1, 20, 20, '2021-12-28 00:25:07', '2021-12-28 00:25:07'),
(32772, 7, 17, 1, 1, 1, 1, 1, 20, 20, '2021-12-28 00:25:07', '2021-12-28 00:25:07'),
(32773, 7, 18, 1, 1, 1, 1, 1, 20, 20, '2021-12-28 00:25:07', '2021-12-28 00:25:07'),
(32774, 7, 19, 1, 1, 1, 1, 1, 20, 20, '2021-12-28 00:25:07', '2021-12-28 00:25:07'),
(32775, 7, 20, 1, 1, 1, 1, 1, 20, 20, '2021-12-28 00:25:07', '2021-12-28 00:25:07'),
(32776, 7, 21, 1, 1, 1, 1, 1, 20, 20, '2021-12-28 00:25:07', '2021-12-28 00:25:07'),
(32777, 7, 22, 1, 1, 1, 1, 1, 20, 20, '2021-12-28 00:25:07', '2021-12-28 00:25:07'),
(32778, 7, 23, 1, 1, 1, 1, 1, 20, 20, '2021-12-28 00:25:07', '2021-12-28 00:25:07'),
(32779, 7, 24, 1, 1, 1, 1, 1, 20, 20, '2021-12-28 00:25:07', '2021-12-28 00:25:07'),
(32780, 7, 25, 1, 1, 1, 1, 1, 20, 20, '2021-12-28 00:25:07', '2021-12-28 00:25:07'),
(32781, 7, 26, 1, 1, 1, 1, 1, 20, 20, '2021-12-28 00:25:07', '2021-12-28 00:25:07'),
(32782, 7, 27, 1, 1, 1, 1, 1, 20, 20, '2021-12-28 00:25:07', '2021-12-28 00:25:07'),
(32783, 7, 28, 1, 1, 1, 1, 1, 20, 20, '2021-12-28 00:25:07', '2021-12-28 00:25:07'),
(32784, 7, 29, 1, 1, 1, 1, 1, 20, 20, '2021-12-28 00:25:07', '2021-12-28 00:25:07'),
(32785, 7, 30, 1, 1, 1, 1, 1, 20, 20, '2021-12-28 00:25:07', '2021-12-28 00:25:07'),
(32786, 7, 31, 1, 1, 1, 1, 1, 20, 20, '2021-12-28 00:25:07', '2021-12-28 00:25:07'),
(32787, 7, 32, 1, 1, 1, 1, 1, 20, 20, '2021-12-28 00:25:07', '2021-12-28 00:25:07'),
(32788, 7, 33, 1, 1, 1, 1, 1, 20, 20, '2021-12-28 00:25:07', '2021-12-28 00:25:07'),
(32789, 7, 34, 1, 1, 1, 1, 1, 20, 20, '2021-12-28 00:25:07', '2021-12-28 00:25:07'),
(32790, 7, 35, 1, 1, 1, 1, 1, 20, 20, '2021-12-28 00:25:07', '2021-12-28 00:25:07'),
(32791, 7, 36, 1, 1, 1, 1, 1, 20, 20, '2021-12-28 00:25:07', '2021-12-28 00:25:07'),
(32792, 7, 37, 1, 1, 1, 1, 1, 20, 20, '2021-12-28 00:25:07', '2021-12-28 00:25:07'),
(32793, 7, 38, 1, 1, 1, 1, 1, 20, 20, '2021-12-28 00:25:07', '2021-12-28 00:25:07'),
(32794, 7, 39, 1, 1, 1, 1, 1, 20, 20, '2021-12-28 00:25:07', '2021-12-28 00:25:07'),
(32795, 7, 40, 1, 1, 1, 1, 1, 20, 20, '2021-12-28 00:25:07', '2021-12-28 00:25:07'),
(32796, 7, 41, 1, 1, 1, 1, 1, 20, 20, '2021-12-28 00:25:07', '2021-12-28 00:25:07'),
(32797, 7, 42, 1, 1, 1, 1, 1, 20, 20, '2021-12-28 00:25:07', '2021-12-28 00:25:07'),
(32798, 7, 43, 1, 1, 1, 1, 1, 20, 20, '2021-12-28 00:25:07', '2021-12-28 00:25:07'),
(32799, 7, 44, 1, 1, 1, 1, 1, 20, 20, '2021-12-28 00:25:07', '2021-12-28 00:25:07'),
(32800, 7, 45, 1, 1, 1, 1, 1, 20, 20, '2021-12-28 00:25:07', '2021-12-28 00:25:07'),
(32801, 7, 46, 1, 1, 1, 1, 1, 20, 20, '2021-12-28 00:25:07', '2021-12-28 00:25:07'),
(32802, 7, 47, 1, 1, 1, 1, 1, 20, 20, '2021-12-28 00:25:07', '2021-12-28 00:25:07'),
(32803, 7, 48, 0, 0, 0, 0, 0, 20, 20, '2021-12-28 00:25:07', '2021-12-28 00:25:07'),
(32804, 7, 49, 1, 1, 1, 1, 1, 20, 20, '2021-12-28 00:25:07', '2021-12-28 00:25:07'),
(32805, 7, 50, 1, 1, 1, 1, 1, 20, 20, '2021-12-28 00:25:07', '2021-12-28 00:25:07'),
(32806, 7, 51, 1, 1, 1, 1, 1, 20, 20, '2021-12-28 00:25:07', '2021-12-28 00:25:07'),
(32807, 7, 52, 1, 1, 1, 1, 1, 20, 20, '2021-12-28 00:25:07', '2021-12-28 00:25:07'),
(32808, 7, 53, 1, 1, 1, 1, 1, 20, 20, '2021-12-28 00:25:07', '2021-12-28 00:25:07'),
(32809, 7, 54, 1, 1, 1, 1, 1, 20, 20, '2021-12-28 00:25:07', '2021-12-28 00:25:07'),
(32810, 7, 55, 1, 1, 1, 1, 1, 20, 20, '2021-12-28 00:25:07', '2021-12-28 00:25:07'),
(32811, 7, 56, 1, 1, 1, 1, 1, 20, 20, '2021-12-28 00:25:07', '2021-12-28 00:25:07'),
(32812, 7, 57, 1, 1, 1, 1, 1, 20, 20, '2021-12-28 00:25:07', '2021-12-28 00:25:07'),
(32813, 7, 58, 1, 1, 1, 1, 1, 20, 20, '2021-12-28 00:25:07', '2021-12-28 00:25:07'),
(32814, 7, 59, 1, 1, 1, 1, 1, 20, 20, '2021-12-28 00:25:07', '2021-12-28 00:25:07'),
(32815, 7, 60, 1, 1, 1, 1, 1, 20, 20, '2021-12-28 00:25:07', '2021-12-28 00:25:07'),
(32816, 7, 61, 1, 1, 1, 1, 1, 20, 20, '2021-12-28 00:25:07', '2021-12-28 00:25:07'),
(32817, 7, 62, 1, 1, 1, 1, 1, 20, 20, '2021-12-28 00:25:07', '2021-12-28 00:25:07'),
(32818, 7, 66, 1, 1, 1, 1, 1, 20, 20, '2021-12-28 00:25:07', '2021-12-28 00:25:07'),
(32819, 7, 67, 1, 1, 1, 1, 1, 20, 20, '2021-12-28 00:25:07', '2021-12-28 00:25:07'),
(32820, 7, 68, 1, 1, 1, 1, 1, 20, 20, '2021-12-28 00:25:07', '2021-12-28 00:25:07'),
(32821, 7, 69, 1, 1, 1, 1, 1, 20, 20, '2021-12-28 00:25:07', '2021-12-28 00:25:07'),
(32822, 7, 70, 1, 1, 1, 1, 1, 20, 20, '2021-12-28 00:25:07', '2021-12-28 00:25:07'),
(32823, 7, 74, 0, 0, 0, 0, 0, 20, 20, '2021-12-28 00:25:07', '2021-12-28 00:25:07'),
(32824, 7, 75, 1, 1, 1, 1, 1, 20, 20, '2021-12-28 00:25:07', '2021-12-28 00:25:07'),
(32825, 7, 76, 1, 1, 1, 1, 1, 20, 20, '2021-12-28 00:25:07', '2021-12-28 00:25:07'),
(32826, 7, 77, 1, 1, 1, 1, 1, 20, 20, '2021-12-28 00:25:07', '2021-12-28 00:25:07'),
(32827, 7, 79, 1, 1, 1, 1, 1, 20, 20, '2021-12-28 00:25:07', '2021-12-28 00:25:07'),
(32828, 7, 80, 1, 1, 1, 1, 1, 20, 20, '2021-12-28 00:25:07', '2021-12-28 00:25:07'),
(32829, 7, 81, 1, 1, 1, 1, 1, 20, 20, '2021-12-28 00:25:07', '2021-12-28 00:25:07'),
(32830, 7, 82, 1, 1, 1, 1, 1, 20, 20, '2021-12-28 00:25:07', '2021-12-28 00:25:07'),
(32831, 7, 83, 1, 1, 1, 1, 1, 20, 20, '2021-12-28 00:25:07', '2021-12-28 00:25:07'),
(32832, 7, 84, 1, 1, 1, 1, 1, 20, 20, '2021-12-28 00:25:07', '2021-12-28 00:25:07'),
(32833, 7, 85, 1, 1, 1, 1, 1, 20, 20, '2021-12-28 00:25:07', '2021-12-28 00:25:07'),
(32834, 7, 86, 0, 0, 0, 0, 0, 20, 20, '2021-12-28 00:25:07', '2021-12-28 00:25:07'),
(32835, 7, 88, 1, 1, 1, 1, 1, 20, 20, '2021-12-28 00:25:07', '2021-12-28 00:25:07'),
(32836, 7, 89, 0, 0, 0, 0, 0, 20, 20, '2021-12-28 00:25:07', '2021-12-28 00:25:07'),
(32837, 7, 90, 0, 0, 0, 0, 0, 20, 20, '2021-12-28 00:25:07', '2021-12-28 00:25:07'),
(32838, 7, 91, 0, 0, 0, 0, 0, 20, 20, '2021-12-28 00:25:07', '2021-12-28 00:25:07'),
(32839, 7, 92, 0, 0, 0, 0, 0, 20, 20, '2021-12-28 00:25:07', '2021-12-28 00:25:07'),
(32840, 7, 93, 0, 0, 0, 0, 0, 20, 20, '2021-12-28 00:25:07', '2021-12-28 00:25:07'),
(32841, 7, 94, 0, 0, 0, 0, 0, 20, 20, '2021-12-28 00:25:07', '2021-12-28 00:25:07'),
(32842, 7, 95, 0, 0, 0, 0, 0, 20, 20, '2021-12-28 00:25:07', '2021-12-28 00:25:07'),
(32843, 7, 96, 0, 0, 0, 0, 0, 20, 20, '2021-12-28 00:25:07', '2021-12-28 00:25:07'),
(32844, 7, 97, 0, 0, 0, 0, 0, 20, 20, '2021-12-28 00:25:07', '2021-12-28 00:25:07'),
(32845, 7, 98, 0, 0, 0, 0, 0, 20, 20, '2021-12-28 00:25:07', '2021-12-28 00:25:07'),
(32846, 7, 99, 0, 0, 0, 0, 0, 20, 20, '2021-12-28 00:25:07', '2021-12-28 00:25:07'),
(32847, 7, 100, 0, 0, 0, 0, 0, 20, 20, '2021-12-28 00:25:07', '2021-12-28 00:25:07'),
(32848, 7, 101, 0, 0, 0, 0, 0, 20, 20, '2021-12-28 00:25:07', '2021-12-28 00:25:07'),
(32849, 7, 102, 0, 0, 0, 0, 0, 20, 20, '2021-12-28 00:25:07', '2021-12-28 00:25:07'),
(32850, 7, 103, 0, 0, 0, 0, 0, 20, 20, '2021-12-28 00:25:07', '2021-12-28 00:25:07'),
(32851, 7, 104, 0, 0, 0, 0, 0, 20, 20, '2021-12-28 00:25:07', '2021-12-28 00:25:07'),
(32852, 7, 105, 0, 0, 0, 0, 0, 20, 20, '2021-12-28 00:25:07', '2021-12-28 00:25:07'),
(32853, 7, 106, 0, 0, 0, 0, 0, 20, 20, '2021-12-28 00:25:07', '2021-12-28 00:25:07'),
(32854, 7, 107, 0, 0, 0, 0, 0, 20, 20, '2021-12-28 00:25:07', '2021-12-28 00:25:07'),
(32855, 7, 108, 0, 0, 0, 0, 0, 20, 20, '2021-12-28 00:25:07', '2021-12-28 00:25:07'),
(32856, 7, 109, 0, 0, 0, 0, 0, 20, 20, '2021-12-28 00:25:07', '2021-12-28 00:25:07'),
(32857, 7, 110, 0, 0, 0, 0, 0, 20, 20, '2021-12-28 00:25:07', '2021-12-28 00:25:07'),
(32858, 7, 111, 0, 0, 0, 0, 0, 20, 20, '2021-12-28 00:25:07', '2021-12-28 00:25:07'),
(32859, 7, 112, 0, 0, 0, 0, 0, 20, 20, '2021-12-28 00:25:07', '2021-12-28 00:25:07'),
(32860, 7, 113, 0, 0, 0, 0, 0, 20, 20, '2021-12-28 00:25:07', '2021-12-28 00:25:07'),
(32861, 7, 114, 0, 0, 0, 0, 0, 20, 20, '2021-12-28 00:25:07', '2021-12-28 00:25:07'),
(32862, 7, 115, 0, 0, 0, 0, 0, 20, 20, '2021-12-28 00:25:07', '2021-12-28 00:25:07'),
(32863, 7, 116, 0, 0, 0, 0, 0, 20, 20, '2021-12-28 00:25:07', '2021-12-28 00:25:07'),
(32864, 7, 117, 0, 0, 0, 0, 0, 20, 20, '2021-12-28 00:25:07', '2021-12-28 00:25:07'),
(32865, 7, 118, 0, 0, 0, 0, 0, 20, 20, '2021-12-28 00:25:07', '2021-12-28 00:25:07'),
(32866, 7, 119, 0, 0, 0, 0, 0, 20, 20, '2021-12-28 00:25:07', '2021-12-28 00:25:07'),
(32867, 7, 120, 0, 0, 0, 0, 0, 20, 20, '2021-12-28 00:25:07', '2021-12-28 00:25:07'),
(32868, 7, 121, 0, 0, 0, 0, 0, 20, 20, '2021-12-28 00:25:07', '2021-12-28 00:25:07'),
(32869, 7, 122, 0, 0, 0, 0, 0, 20, 20, '2021-12-28 00:25:07', '2021-12-28 00:25:07'),
(32870, 7, 123, 0, 0, 0, 0, 0, 20, 20, '2021-12-28 00:25:07', '2021-12-28 00:25:07'),
(32871, 7, 124, 0, 0, 0, 0, 0, 20, 20, '2021-12-28 00:25:07', '2021-12-28 00:25:07'),
(32872, 7, 125, 0, 0, 0, 0, 0, 20, 20, '2021-12-28 00:25:07', '2021-12-28 00:25:07'),
(32873, 7, 126, 1, 1, 1, 1, 1, 20, 20, '2021-12-28 00:25:07', '2021-12-28 00:25:07'),
(32874, 7, 127, 1, 1, 1, 1, 1, 20, 20, '2021-12-28 00:25:07', '2021-12-28 00:25:07'),
(32875, 7, 128, 1, 1, 1, 1, 1, 20, 20, '2021-12-28 00:25:07', '2021-12-28 00:25:07'),
(32876, 7, 129, 0, 0, 0, 0, 0, 20, 20, '2021-12-28 00:25:07', '2021-12-28 00:25:07'),
(32877, 7, 130, 1, 1, 1, 1, 1, 20, 20, '2021-12-28 00:25:07', '2021-12-28 00:25:07'),
(32878, 7, 131, 1, 1, 1, 1, 1, 20, 20, '2021-12-28 00:25:07', '2021-12-28 00:25:07'),
(32879, 7, 132, 0, 0, 0, 0, 0, 20, 20, '2021-12-28 00:25:07', '2021-12-28 00:25:07'),
(32880, 7, 133, 0, 0, 0, 0, 0, 20, 20, '2021-12-28 00:25:07', '2021-12-28 00:25:07'),
(32881, 7, 134, 0, 0, 0, 0, 0, 20, 20, '2021-12-28 00:25:07', '2021-12-28 00:25:07'),
(32882, 7, 135, 1, 1, 1, 1, 1, 20, 20, '2021-12-28 00:25:07', '2021-12-28 00:25:07'),
(32883, 7, 136, 1, 1, 1, 1, 1, 20, 20, '2021-12-28 00:25:07', '2021-12-28 00:25:07'),
(32884, 7, 137, 1, 1, 1, 1, 1, 20, 20, '2021-12-28 00:25:07', '2021-12-28 00:25:07'),
(32885, 7, 138, 1, 1, 1, 1, 1, 20, 20, '2021-12-28 00:25:07', '2021-12-28 00:25:07'),
(32886, 7, 139, 1, 1, 1, 1, 1, 20, 20, '2021-12-28 00:25:07', '2021-12-28 00:25:07'),
(32887, 7, 140, 1, 1, 1, 1, 1, 20, 20, '2021-12-28 00:25:07', '2021-12-28 00:25:07'),
(32888, 7, 141, 1, 1, 1, 1, 1, 20, 20, '2021-12-28 00:25:07', '2021-12-28 00:25:07'),
(32889, 7, 142, 1, 1, 1, 1, 1, 20, 20, '2021-12-28 00:25:07', '2021-12-28 00:25:07'),
(32890, 7, 143, 1, 1, 1, 1, 1, 20, 20, '2021-12-28 00:25:07', '2021-12-28 00:25:07'),
(32891, 7, 144, 1, 1, 1, 1, 1, 20, 20, '2021-12-28 00:25:07', '2021-12-28 00:25:07'),
(32892, 7, 145, 0, 0, 0, 0, 0, 20, 20, '2021-12-28 00:25:07', '2021-12-28 00:25:07'),
(32893, 7, 146, 0, 0, 0, 0, 0, 20, 20, '2021-12-28 00:25:07', '2021-12-28 00:25:07');

-- --------------------------------------------------------

--
-- Table structure for table `hris_event_calendar_tbl`
--

CREATE TABLE `hris_event_calendar_tbl` (
  `eventCalendarID` bigint(20) NOT NULL,
  `eventCalendarName` text NOT NULL,
  `eventCalendarBackground` text NOT NULL,
  `eventCalendarDateFrom` date NOT NULL,
  `eventCalendarDateTo` date NOT NULL,
  `createdBy` bigint(20) NOT NULL,
  `updatedBy` bigint(20) NOT NULL,
  `createdAt` timestamp NOT NULL DEFAULT current_timestamp(),
  `updatedAt` timestamp NOT NULL DEFAULT current_timestamp() ON UPDATE current_timestamp()
) ENGINE=InnoDB DEFAULT CHARSET=utf8mb4;

--
-- Dumping data for table `hris_event_calendar_tbl`
--

INSERT INTO `hris_event_calendar_tbl` (`eventCalendarID`, `eventCalendarName`, `eventCalendarBackground`, `eventCalendarDateFrom`, `eventCalendarDateTo`, `createdBy`, `updatedBy`, `createdAt`, `updatedAt`) VALUES
(1, 'Departmental Meeting', 'bg-green', '2021-05-17', '2021-05-18', 0, 1, '2021-05-14 06:54:48', '2021-05-14 06:54:48'),
(2, 'General Meeting', 'bg-yellow', '2021-05-24', '2021-05-26', 0, 1, '2021-05-14 06:55:24', '2021-05-14 06:55:24'),
(3, 'Operation Meeting', 'bg-orange', '2021-05-07', '2021-05-08', 0, 1, '2021-05-14 06:55:54', '2021-05-14 06:55:54'),
(4, 'ECQ', 'bg-red', '2021-08-06', '2021-08-20', 0, 1, '2021-08-03 07:39:33', '2021-08-03 07:39:33'),
(5, 'sample', 'bg-orange', '2021-09-07', '2021-09-07', 0, 1, '2021-09-06 23:40:09', '2021-09-06 23:40:09'),
(6, 'Departmental Meeting', 'bg-blue', '2021-12-07', '2021-12-07', 0, 2, '2021-12-07 00:56:21', '2021-12-07 00:56:21'),
(7, 'General Meeting', 'bg-green', '2021-12-15', '2021-12-15', 0, 2, '2021-12-07 00:56:49', '2021-12-07 00:56:49'),
(8, 'Deadline in Testing', 'bg-red', '2021-12-08', '2021-12-08', 0, 2, '2021-12-07 00:57:33', '2021-12-07 00:57:33'),
(9, 'Deadline in Development', 'bg-red', '2021-12-09', '2021-12-09', 0, 2, '2021-12-07 00:58:52', '2021-12-07 00:58:52'),
(10, 'General Meeting', 'bg-blue', '2021-12-10', '2021-12-10', 0, 2, '2021-12-07 00:59:27', '2021-12-07 00:59:27'),
(11, 'Christmas Party', 'bg-yellow', '2021-12-10', '2021-12-10', 0, 2, '2021-12-07 01:00:22', '2021-12-07 01:00:22'),
(12, 'Client Meeting', 'bg-blue', '2021-12-09', '2021-12-09', 0, 2, '2021-12-07 01:01:34', '2021-12-07 01:01:34'),
(13, 'Releasing of 13th Month Pay', 'bg-green', '2021-12-14', '2021-12-14', 0, 1, '2021-12-12 23:28:45', '2021-12-12 23:28:45'),
(14, 'Weekly General Meeting', 'bg-blue', '2021-12-17', '2021-12-17', 0, 1, '2021-12-12 23:29:35', '2021-12-12 23:29:35'),
(15, 'Scrum Meeting', 'bg-blue', '2021-12-16', '2021-12-16', 0, 1, '2021-12-12 23:30:19', '2021-12-12 23:30:19'),
(16, 'Presentation of Production', 'bg-green', '2021-12-14', '2021-12-14', 0, 1, '2021-12-12 23:38:00', '2021-12-12 23:38:00'),
(17, 'General Meeting', 'bg-green', '2021-12-20', '2021-12-20', 0, 20, '2021-12-20 05:46:19', '2021-12-20 05:46:19'),
(18, 'Christmas Party', 'bg-green', '2021-12-22', '2021-12-25', 0, 2, '2021-12-21 23:50:32', '2021-12-21 23:50:32'),
(19, 'General Meeting', 'bg-green', '2021-12-29', '2021-12-29', 0, 2, '2021-12-28 01:09:22', '2021-12-28 01:09:22'),
(20, 'Holiday', 'bg-blue', '2021-12-30', '2021-12-30', 0, 2, '2021-12-28 01:09:45', '2021-12-28 01:10:28'),
(21, 'Half Day', 'bg-red', '2021-12-31', '2021-12-31', 0, 2, '2021-12-28 01:10:45', '2021-12-28 01:10:45');

-- --------------------------------------------------------

--
-- Table structure for table `hris_examination_choices_tbl`
--

CREATE TABLE `hris_examination_choices_tbl` (
  `examinationChoicesID` bigint(21) NOT NULL,
  `examinationID` bigint(21) NOT NULL,
  `examinationQaID` bigint(21) NOT NULL,
  `keyID` varchar(100) COLLATE utf8mb4_unicode_ci DEFAULT NULL,
  `description` text COLLATE utf8mb4_unicode_ci DEFAULT NULL,
  `createdBy` bigint(21) DEFAULT NULL,
  `updatedBy` bigint(21) DEFAULT NULL,
  `createdAt` timestamp NULL DEFAULT current_timestamp(),
  `updatedAt` timestamp NULL DEFAULT current_timestamp() ON UPDATE current_timestamp()
) ENGINE=InnoDB DEFAULT CHARSET=utf8mb4 COLLATE=utf8mb4_unicode_ci;

--
-- Dumping data for table `hris_examination_choices_tbl`
--

INSERT INTO `hris_examination_choices_tbl` (`examinationChoicesID`, `examinationID`, `examinationQaID`, `keyID`, `description`, `createdBy`, `updatedBy`, `createdAt`, `updatedAt`) VALUES
(5, 3, 18, 'A', 'Perceptual, conditional, and somewhat subjective attribute and may be understood differently by different people', 1, 1, '2021-08-24 07:46:19', '2021-08-24 07:46:19'),
(6, 3, 18, 'B', 'Any systematic process of checking to see whether a product or service being developed is meeting specified requirements', 1, 1, '2021-08-24 07:46:19', '2021-08-24 07:46:19'),
(7, 3, 18, 'C', 'Is a process of executing a program or application with the intent of finding software bugs', 1, 1, '2021-08-24 07:46:19', '2021-08-24 07:46:19'),
(8, 3, 18, 'D', 'None of the above', 1, 1, '2021-08-24 07:46:19', '2021-08-24 07:46:19'),
(9, 3, 19, 'A', 'A process of executing a program or application with the intent of finding software bugs', 1, 1, '2021-08-24 07:46:19', '2021-08-24 07:46:19'),
(10, 3, 19, 'B', 'A process of evaluating a system by manual or automatic means and verify that it satisfies specified requirements or identity differences between expe', 1, 1, '2021-08-24 07:46:19', '2021-08-24 07:46:19'),
(11, 3, 19, 'C', 'Any activity aimed at evaluating an attribute or capability of a program or system and determining that it meets its required results', 1, 1, '2021-08-24 07:46:19', '2021-08-24 07:46:19'),
(12, 3, 19, 'D', 'All above', 1, 1, '2021-08-24 07:46:19', '2021-08-24 07:46:19'),
(13, 3, 20, 'A', 'Finding faults in the system', 1, 1, '2021-08-24 07:46:19', '2021-08-24 07:46:19'),
(14, 3, 20, 'B', 'Ensuring that the system is acceptable to all users', 1, 1, '2021-08-24 07:46:19', '2021-08-24 07:46:19'),
(15, 3, 20, 'C', 'Testing the system with other systems', 1, 1, '2021-08-24 07:46:19', '2021-08-24 07:46:19'),
(16, 3, 20, 'D', 'Testing for a business perspective', 1, 1, '2021-08-24 07:46:19', '2021-08-24 07:46:19'),
(17, 3, 21, 'A', 'Beta', 1, 1, '2021-08-24 07:46:19', '2021-08-24 07:46:19'),
(18, 3, 21, 'B', 'Gamma', 1, 1, '2021-08-24 07:46:19', '2021-08-24 07:46:19'),
(19, 3, 21, 'C', 'Alpha', 1, 1, '2021-08-24 07:46:19', '2021-08-24 07:46:19'),
(20, 3, 21, 'D', 'None of the above', 1, 1, '2021-08-24 07:46:19', '2021-08-24 07:46:19'),
(21, 3, 22, 'A', 'Unit Regression', 1, 1, '2021-08-24 07:46:19', '2021-08-24 07:46:19'),
(22, 3, 22, 'B', 'Retesting', 1, 1, '2021-08-24 07:46:19', '2021-08-24 07:46:19'),
(23, 3, 22, 'C', 'Regional Regression', 1, 1, '2021-08-24 07:46:19', '2021-08-24 07:46:19'),
(24, 3, 22, 'D', 'Full Regression Testing', 1, 1, '2021-08-24 07:46:19', '2021-08-24 07:46:19'),
(25, 5, 148, 'A', 'This is correct', 1, 1, '2021-09-07 07:14:37', '2021-09-07 07:14:37'),
(26, 5, 148, 'B', 'This is wrong', 1, 1, '2021-09-07 07:14:37', '2021-09-07 07:14:37'),
(27, 5, 148, 'C', 'Mejj correct', 1, 1, '2021-09-07 07:14:37', '2021-09-07 07:14:37'),
(28, 5, 148, 'D', 'Totally wrong', 1, 1, '2021-09-07 07:14:37', '2021-09-07 07:14:37'),
(29, 5, 149, 'A', 'This is wrong', 1, 1, '2021-09-07 07:14:37', '2021-09-07 07:14:37'),
(30, 5, 149, 'B', 'This is correct', 1, 1, '2021-09-07 07:14:37', '2021-09-07 07:14:37'),
(31, 5, 149, 'C', 'Mejj correct', 1, 1, '2021-09-07 07:14:37', '2021-09-07 07:14:37'),
(32, 5, 149, 'D', 'Totally wrong', 1, 1, '2021-09-07 07:14:37', '2021-09-07 07:14:37'),
(33, 5, 150, 'A', 'This is wrong', 1, 1, '2021-09-07 07:14:37', '2021-09-07 07:14:37'),
(34, 5, 150, 'B', 'Mejj correct', 1, 1, '2021-09-07 07:14:37', '2021-09-07 07:14:37'),
(35, 5, 150, 'C', 'This is correct', 1, 1, '2021-09-07 07:14:37', '2021-09-07 07:14:37'),
(36, 5, 150, 'D', 'Totally wrong', 1, 1, '2021-09-07 07:14:37', '2021-09-07 07:14:37'),
(37, 5, 151, 'A', 'This is wrong', 1, 1, '2021-09-07 07:14:37', '2021-09-07 07:14:37'),
(38, 5, 151, 'B', 'Mejj correct', 1, 1, '2021-09-07 07:14:37', '2021-09-07 07:14:37'),
(39, 5, 151, 'C', 'Totally wrong', 1, 1, '2021-09-07 07:14:37', '2021-09-07 07:14:37'),
(40, 5, 151, 'D', 'This is correct', 1, 1, '2021-09-07 07:14:37', '2021-09-07 07:14:37'),
(41, 7, 152, 'A', 'ant', 20, 20, '2021-10-19 01:05:19', '2021-10-19 01:05:19'),
(42, 7, 152, 'B', 'bird', 20, 20, '2021-10-19 01:05:19', '2021-10-19 01:05:19'),
(43, 7, 152, 'C', 'cat', 20, 20, '2021-10-19 01:05:19', '2021-10-19 01:05:19'),
(44, 7, 152, 'D', 'errol', 20, 20, '2021-10-19 01:05:19', '2021-10-19 01:05:19'),
(45, 7, 153, 'A', 'ant', 20, 20, '2021-10-19 01:05:19', '2021-10-19 01:05:19'),
(46, 7, 153, 'B', 'bird', 20, 20, '2021-10-19 01:05:19', '2021-10-19 01:05:19'),
(47, 7, 153, 'C', 'charles', 20, 20, '2021-10-19 01:05:19', '2021-10-19 01:05:19'),
(48, 7, 153, 'D', 'dog', 20, 20, '2021-10-19 01:05:19', '2021-10-19 01:05:19'),
(49, 7, 154, 'A', 'Isaac Ramirez Mathew', 20, 20, '2021-10-19 01:05:19', '2021-10-19 01:05:19'),
(50, 7, 154, 'B', 'Charles Darwin Verdadero', 20, 20, '2021-10-19 01:05:19', '2021-10-19 01:05:19'),
(51, 7, 154, 'C', 'Mark Luningning', 20, 20, '2021-10-19 01:05:19', '2021-10-19 01:05:19'),
(52, 7, 154, 'D', 'Baka Renna Jane To', 20, 20, '2021-10-19 01:05:19', '2021-10-19 01:05:19'),
(73, 2, 165, 'A', 'goals, silence', 1, 1, '2021-12-27 07:16:22', '2021-12-27 07:16:22'),
(74, 2, 165, 'B', 'illusion goal', 1, 1, '2021-12-27 07:16:22', '2021-12-27 07:16:22'),
(75, 2, 165, 'C', 'destination, end', 1, 1, '2021-12-27 07:16:22', '2021-12-27 07:16:22'),
(76, 2, 165, 'D', 'action, fuel', 1, 1, '2021-12-27 07:16:22', '2021-12-27 07:16:22'),
(77, 2, 166, 'A', 'Rigid', 1, 1, '2021-12-27 07:16:22', '2021-12-27 07:16:22'),
(78, 2, 166, 'B', 'Imperturbable', 1, 1, '2021-12-27 07:16:22', '2021-12-27 07:16:22'),
(79, 2, 166, 'C', 'Strong', 1, 1, '2021-12-27 07:16:22', '2021-12-27 07:16:22'),
(80, 2, 166, 'D', 'Wealthy', 1, 1, '2021-12-27 07:16:22', '2021-12-27 07:16:22'),
(81, 2, 167, 'A', 'Tiger - cobra', 1, 1, '2021-12-27 07:16:22', '2021-12-27 07:16:22'),
(82, 2, 167, 'B', 'Human - duck', 1, 1, '2021-12-27 07:16:22', '2021-12-27 07:16:22'),
(83, 2, 167, 'C', 'Hummingbird - elephant', 1, 1, '2021-12-27 07:16:22', '2021-12-27 07:16:22'),
(84, 2, 167, 'D', 'Ostrich - Gorilla', 1, 1, '2021-12-27 07:16:22', '2021-12-27 07:16:22'),
(85, 2, 168, 'A', 'The drunk driver died from the fatal bruices.', 1, 1, '2021-12-27 07:16:22', '2021-12-27 07:16:22'),
(86, 2, 168, 'B', 'The ulcer was so deep that they had to quickly go to the emergency room.', 1, 1, '2021-12-27 07:16:22', '2021-12-27 07:16:22'),
(87, 2, 168, 'C', 'Studying improperly marcks the dissimilarity in the notes.', 1, 1, '2021-12-27 07:16:22', '2021-12-27 07:16:22'),
(88, 2, 168, 'D', 'The foliage was so dense that it was difficult to tells the tigers apart.', 1, 1, '2021-12-27 07:16:22', '2021-12-27 07:16:22'),
(89, 2, 169, 'A', '110110110110101', 1, 1, '2021-12-27 07:16:22', '2021-12-27 07:16:22'),
(90, 2, 169, 'B', '10110110101010', 1, 1, '2021-12-27 07:16:22', '2021-12-27 07:16:22'),
(91, 2, 169, 'C', '. 111011011010111', 1, 1, '2021-12-27 07:16:22', '2021-12-27 07:16:22'),
(92, 2, 169, 'D', '110110111011011', 1, 1, '2021-12-27 07:16:22', '2021-12-27 07:16:22');

-- --------------------------------------------------------

--
-- Table structure for table `hris_examination_qa_tbl`
--

CREATE TABLE `hris_examination_qa_tbl` (
  `examinationQaID` bigint(21) NOT NULL,
  `examinationID` bigint(21) NOT NULL,
  `examinationType` varchar(100) COLLATE utf8mb4_unicode_ci DEFAULT NULL,
  `question` text COLLATE utf8mb4_unicode_ci DEFAULT NULL,
  `answer` text COLLATE utf8mb4_unicode_ci DEFAULT NULL,
  `points` decimal(10,2) DEFAULT NULL,
  `createdBy` bigint(21) DEFAULT NULL,
  `updatedBy` bigint(21) DEFAULT NULL,
  `createdAt` timestamp NULL DEFAULT current_timestamp(),
  `updatedAt` timestamp NULL DEFAULT current_timestamp() ON UPDATE current_timestamp()
) ENGINE=InnoDB DEFAULT CHARSET=utf8mb4 COLLATE=utf8mb4_unicode_ci;

--
-- Dumping data for table `hris_examination_qa_tbl`
--

INSERT INTO `hris_examination_qa_tbl` (`examinationQaID`, `examinationID`, `examinationType`, `question`, `answer`, `points`, `createdBy`, `updatedBy`, `createdAt`, `updatedAt`) VALUES
(18, 3, 'Multiple Choice', 'What is Quality assurance (QA)?', 'B', '20.00', 1, 1, '2021-08-24 07:46:19', '2021-08-24 07:46:19'),
(19, 3, 'Multiple Choice', 'What is Software Testing?', 'D', '20.00', 1, 1, '2021-08-24 07:46:19', '2021-08-24 07:46:19'),
(20, 3, 'Multiple Choice', 'The main focus of acceptance testing is:', 'D', '20.00', 1, 1, '2021-08-24 07:46:19', '2021-08-24 07:46:19'),
(21, 3, 'Multiple Choice', 'Before launching a software which testing is to be done in-house?', 'C', '20.00', 1, 1, '2021-08-24 07:46:19', '2021-08-24 07:46:19'),
(22, 3, 'Multiple Choice', 'Retesting of a single program or component after a change has been made?', 'A', '20.00', 1, 1, '2021-08-24 07:46:19', '2021-08-24 07:46:19'),
(143, 6, 'True or False', 'TRUE or False?', 'True', '10.00', 1, 1, '2021-09-07 07:12:52', '2021-09-07 07:12:52'),
(144, 6, 'True or False', 'True or FALSE', 'False', '10.00', 1, 1, '2021-09-07 07:12:52', '2021-09-07 07:12:52'),
(145, 6, 'True or False', 'True or FALSE', 'False', '10.00', 1, 1, '2021-09-07 07:12:52', '2021-09-07 07:12:52'),
(146, 6, 'True or False', 'TRUE or False', 'True', '10.00', 1, 1, '2021-09-07 07:12:52', '2021-09-07 07:12:52'),
(147, 6, 'True or False', 'TRUE or False', 'True', '10.00', 1, 1, '2021-09-07 07:12:52', '2021-09-07 07:12:52'),
(148, 5, 'Multiple Choice', 'What is correct?', 'A', '10.00', 1, 1, '2021-09-07 07:14:37', '2021-09-07 07:14:37'),
(149, 5, 'Multiple Choice', 'What is correct?', 'B', '10.00', 1, 1, '2021-09-07 07:14:37', '2021-09-07 07:14:37'),
(150, 5, 'Multiple Choice', 'What is correct?', 'C', '10.00', 1, 1, '2021-09-07 07:14:37', '2021-09-07 07:14:37'),
(151, 5, 'Multiple Choice', 'What is correct?', 'D', '10.00', 1, 1, '2021-09-07 07:14:37', '2021-09-07 07:14:37'),
(152, 7, 'Multiple Choice', 'What is mobile development?', 'D', '3.50', 20, 20, '2021-10-19 01:05:19', '2021-10-19 01:05:19'),
(153, 7, 'Multiple Choice', 'What is life?', 'C', '1.50', 20, 20, '2021-10-19 01:05:19', '2021-10-19 01:05:19'),
(154, 7, 'Multiple Choice', 'Who is the father of biology?', '', '5.00', 20, 20, '2021-10-19 01:05:19', '2021-10-19 01:05:19'),
(155, 1, 'Identification', 'I felt that my father seldom', '', '25.00', 1, 1, '2021-12-27 06:35:45', '2021-12-27 06:35:45'),
(156, 1, 'Identification', 'When the odds are against me', '', '25.00', 1, 1, '2021-12-27 06:35:45', '2021-12-27 06:35:45'),
(157, 1, 'Identification', 'I always wanted', '', '10.00', 1, 1, '2021-12-27 06:35:45', '2021-12-27 06:35:45'),
(158, 1, 'Identification', 'If I were in-charge', '', '10.00', 1, 1, '2021-12-27 06:35:45', '2021-12-27 06:35:45'),
(159, 1, 'Identification', 'For me, the future looks', '', '30.00', 1, 1, '2021-12-27 06:35:45', '2021-12-27 06:35:45'),
(165, 2, 'Multiple Choice', 'Dreams without _____ are just dreams; and they will lead you to disappointments. The goals are the _____ towards your dreams; but they cannot be achieved without discipline and consistency.', 'D', '20.00', 1, 1, '2021-12-27 07:16:22', '2021-12-27 07:16:22'),
(166, 2, 'Multiple Choice', 'Find the synonym for powerful.', 'C', '20.00', 1, 1, '2021-12-27 07:16:22', '2021-12-27 07:16:22'),
(167, 2, 'Multiple Choice', 'Find the analogy: Hen - Penguin', 'B', '20.00', 1, 1, '2021-12-27 07:16:22', '2021-12-27 07:16:22'),
(168, 2, 'Multiple Choice', 'Indicate the phrase that does NOT contain misspellings.', 'B', '20.00', 1, 1, '2021-12-27 07:16:22', '2021-12-27 07:16:22'),
(169, 2, 'Multiple Choice', 'Accept is 10111011 as motivation is:', 'A', '20.00', 1, 1, '2021-12-27 07:16:22', '2021-12-27 07:16:22');

-- --------------------------------------------------------

--
-- Table structure for table `hris_examination_setup_tbl`
--

CREATE TABLE `hris_examination_setup_tbl` (
  `examSetupID` bigint(20) NOT NULL,
  `examinationID` bigint(20) NOT NULL,
  `designationID` bigint(20) NOT NULL,
  `timeLimit` time NOT NULL,
  `percentage` decimal(10,2) NOT NULL,
  `createdBy` bigint(20) DEFAULT NULL,
  `updatedBy` bigint(20) DEFAULT NULL,
  `createdAt` timestamp NOT NULL DEFAULT current_timestamp(),
  `updatedAt` timestamp NOT NULL DEFAULT current_timestamp() ON UPDATE current_timestamp()
) ENGINE=InnoDB DEFAULT CHARSET=utf8mb4 COLLATE=utf8mb4_unicode_ci;

--
-- Dumping data for table `hris_examination_setup_tbl`
--

INSERT INTO `hris_examination_setup_tbl` (`examSetupID`, `examinationID`, `designationID`, `timeLimit`, `percentage`, `createdBy`, `updatedBy`, `createdAt`, `updatedAt`) VALUES
(40, 1, 0, '00:10:00', '50.00', NULL, NULL, '2021-12-27 07:29:01', '2021-12-27 07:29:01'),
(41, 2, 0, '00:10:00', '25.00', NULL, NULL, '2021-12-27 07:29:01', '2021-12-27 07:29:01'),
(42, 3, 0, '00:10:00', '25.00', NULL, NULL, '2021-12-27 07:29:01', '2021-12-27 07:29:01'),
(43, 3, 9, '00:10:00', '40.00', NULL, NULL, '2021-12-27 07:29:34', '2021-12-27 07:29:34'),
(44, 1, 9, '00:10:00', '30.00', NULL, NULL, '2021-12-27 07:29:34', '2021-12-27 07:29:34'),
(45, 3, 9, '00:10:00', '30.00', NULL, NULL, '2021-12-27 07:29:34', '2021-12-27 07:29:34'),
(46, 1, 5, '00:10:00', '50.00', NULL, NULL, '2021-12-27 07:29:56', '2021-12-27 07:29:56'),
(47, 2, 5, '00:10:00', '50.00', NULL, NULL, '2021-12-27 07:29:56', '2021-12-27 07:29:56'),
(48, 1, 2, '00:10:00', '50.00', NULL, NULL, '2021-12-28 01:42:18', '2021-12-28 01:42:18'),
(49, 2, 2, '00:10:00', '25.00', NULL, NULL, '2021-12-28 01:42:18', '2021-12-28 01:42:18'),
(50, 3, 2, '00:10:00', '25.00', NULL, NULL, '2021-12-28 01:42:18', '2021-12-28 01:42:18'),
(51, 2, 1, '00:10:00', '40.00', NULL, NULL, '2021-12-28 01:42:54', '2021-12-28 01:42:54'),
(52, 1, 1, '00:10:00', '20.00', NULL, NULL, '2021-12-28 01:42:54', '2021-12-28 01:42:54'),
(53, 3, 1, '00:10:00', '40.00', NULL, NULL, '2021-12-28 01:42:54', '2021-12-28 01:42:54'),
(54, 1, 14, '00:30:00', '25.00', NULL, NULL, '2021-12-29 02:56:32', '2021-12-29 02:56:32'),
(55, 2, 14, '01:30:00', '75.00', NULL, NULL, '2021-12-29 02:56:32', '2021-12-29 02:56:32');

-- --------------------------------------------------------

--
-- Table structure for table `hris_examination_tbl`
--

CREATE TABLE `hris_examination_tbl` (
  `examinationID` bigint(21) NOT NULL,
  `examinationName` varchar(255) COLLATE utf8mb4_unicode_ci DEFAULT NULL,
  `examinationDescription` text COLLATE utf8mb4_unicode_ci DEFAULT NULL,
  `examinationType` varchar(100) COLLATE utf8mb4_unicode_ci DEFAULT NULL,
  `examinationPicture` text COLLATE utf8mb4_unicode_ci DEFAULT NULL,
  `examinationStatus` int(11) DEFAULT NULL,
  `examinationPoints` decimal(15,2) DEFAULT NULL,
  `createdBy` bigint(21) DEFAULT NULL,
  `updatedBy` bigint(21) DEFAULT NULL,
  `createdAt` timestamp NULL DEFAULT current_timestamp(),
  `updatedAt` timestamp NULL DEFAULT current_timestamp() ON UPDATE current_timestamp()
) ENGINE=InnoDB DEFAULT CHARSET=utf8mb4 COLLATE=utf8mb4_unicode_ci;

--
-- Dumping data for table `hris_examination_tbl`
--

INSERT INTO `hris_examination_tbl` (`examinationID`, `examinationName`, `examinationDescription`, `examinationType`, `examinationPicture`, `examinationStatus`, `examinationPoints`, `createdBy`, `updatedBy`, `createdAt`, `updatedAt`) VALUES
(1, 'SACK Sentence Completion Exam', 'This serves as a sample input and output for the examination description field where it displays and to determine the person\'s personality. This serves as a sample input and output for the examination description field where it displays and to determine the person\'s personality. This serves as a sample input and output for the examination description field where it displays and to determine the person\'s personality. This serves as a sample input and output for the examination description field where it displays and to determine the person\'s personality. This serves as a sample input and output for the examination description field where it displays and to determine the person\'s personality. This serves as a sample input and output for the examination description field where it displays and to determine the person\'s personality. This serves as a sample input and output for the examination description field where it displays and to determine the person\'s personality. This serves as a sample input and output for the examination description field where it displays and to determine the person\'s personality. This serves as a sample input and output for the examination description field where it displays and to determine the person\'s personality. This serves as a sample input and output for the examination description field where it displays and to determine the person\'s personality. ', 'Identification', 'examination01640589908.png', 1, '100.00', 1, 2, '2021-07-28 23:49:09', '2021-12-27 23:52:04'),
(2, 'Technical Examination (Junior Developer)', 'A technical test, officially known as the Technical Test Battery, is an exam designed not only to test your knowledge of basic mechanics, but also to assess your spatial reasoning and visual acuity.\n\nTechnical tests are designed specifically for technical fields. A technical exam is a pre-employment assessment for graduates who want to become engineers, mechanics, technicians, and machine operators.', 'Multiple Choice', 'examination01640589891.png', 1, '100.00', 1, 1, '2021-08-24 07:25:38', '2021-12-27 07:24:51'),
(3, 'Technical Exam (QA)', 'This serves as a sample input and output  for the examination description field where it display and to determine the person\'s knowledge about the System Quality Analyst. This is just an example.', 'Multiple Choice', 'examination01640589949.png', 1, '100.00', 1, 1, '2021-08-24 07:29:44', '2021-12-27 07:25:49'),
(4, 'Aptitude Examination (Accountant)', 'This examination description serves as a sample description for this examination.', 'Identification', '01629790372.jfif', 0, NULL, 1, 1, '2021-08-24 07:32:52', '2021-12-27 07:26:46'),
(5, 'Multiple Choice Examination', 'This serves as a sample examination description for this field.', 'Multiple Choice', '01630998641.svg', 0, '40.00', 1, 1, '2021-08-24 07:36:20', '2021-12-27 07:26:31'),
(6, 'True or False', 'test', 'True or False', '01630998589.svg', 0, '50.00', 1, 1, '2021-08-24 07:47:17', '2021-12-27 07:26:01'),
(7, 'Technical Examination (Mobile Developer)', 'test', 'Multiple Choice', 'microsoft_word_icon_132203 (1)01634605194.ico', 0, '10.00', 20, 1, '2021-10-19 00:59:54', '2021-12-27 07:26:17');

-- --------------------------------------------------------

--
-- Table structure for table `hris_holiday_tbl`
--

CREATE TABLE `hris_holiday_tbl` (
  `holidayID` bigint(20) NOT NULL,
  `holidayCode` text NOT NULL,
  `holidayName` text NOT NULL,
  `holidayDate` date NOT NULL,
  `holidayType` text NOT NULL,
  `holidayStatus` int(10) NOT NULL,
  `createdBy` bigint(20) NOT NULL,
  `updatedBy` bigint(20) NOT NULL,
  `createdAt` timestamp NOT NULL DEFAULT current_timestamp(),
  `updatedAt` timestamp NOT NULL DEFAULT current_timestamp() ON UPDATE current_timestamp()
) ENGINE=InnoDB DEFAULT CHARSET=utf8mb4;

--
-- Dumping data for table `hris_holiday_tbl`
--

INSERT INTO `hris_holiday_tbl` (`holidayID`, `holidayCode`, `holidayName`, `holidayDate`, `holidayType`, `holidayStatus`, `createdBy`, `updatedBy`, `createdAt`, `updatedAt`) VALUES
(1, 'HLD-21-00001', 'New Year\'s Day', '2021-01-01', 'Regular Holiday', 0, 1, 2, '2021-04-14 23:37:43', '2021-11-03 00:23:24'),
(2, 'HLD-21-00002', 'Chinese Lunar New Year\'s Day', '2021-02-12', 'Special Non-Working Holiday', 1, 1, 2, '2021-04-14 23:38:15', '2021-11-03 00:25:17'),
(3, 'HLD-21-00003', 'People Power Anniversary', '2021-02-25', 'Special Non-Working Holiday', 1, 1, 1, '2021-04-14 23:38:44', '2021-04-14 23:38:44'),
(4, 'HLD-21-00004', 'Maundy Thursday', '2021-04-01', 'Regular Holiday', 1, 1, 1, '2021-04-14 23:39:35', '2021-04-14 23:39:35'),
(5, 'HLD-21-00005', 'Good Friday', '2021-04-02', 'Regular Holiday', 1, 1, 2, '2021-04-14 23:40:13', '2021-05-28 02:02:04'),
(6, 'HLD-21-00006', 'The Day of Valor', '2021-04-09', 'Regular Holiday', 1, 1, 1, '2021-04-14 23:40:38', '2021-04-14 23:40:38'),
(7, 'HLD-21-00007', 'Eidul-Fitar', '2021-05-13', 'Regular Holiday', 1, 1, 1, '2021-04-14 23:41:23', '2021-04-14 23:41:23'),
(8, 'HLD-21-00008', 'Eid al-Adha (Feast of the Sacrifice)', '2021-07-20', 'Regular Holiday', 1, 1, 1, '2021-04-14 23:42:04', '2021-04-14 23:42:04'),
(9, 'HLD-21-00009', 'National Heroes Day', '2021-08-30', 'Regular Holiday', 1, 1, 1, '2021-04-14 23:42:36', '2021-04-14 23:42:36'),
(10, 'HLD-21-00010', 'All Saints\' Day', '2021-11-01', 'Regular Holiday', 1, 1, 2, '2021-04-14 23:44:32', '2021-10-14 23:48:19'),
(11, 'HLD-21-00011', 'Bonifacio Day', '2021-11-30', 'Regular Holiday', 1, 1, 1, '2021-04-14 23:45:08', '2021-04-14 23:45:08'),
(12, 'HLD-21-00012', 'Feast of the Immaculate Conception', '2021-12-08', 'Special Non-Working Holiday', 1, 1, 1, '2021-04-14 23:45:36', '2021-04-14 23:45:36'),
(13, 'HLD-21-00013', 'Christmas Day', '2021-12-25', 'Regular Holiday', 1, 1, 1, '2021-04-14 23:46:07', '2021-04-14 23:46:07'),
(14, 'HLD-21-00014', 'Rizal Day', '2021-12-30', 'Regular Holiday', 1, 1, 1, '2021-04-14 23:46:30', '2021-04-14 23:46:30'),
(15, 'HLD-21-00015', 'All Souls Day', '2021-11-02', 'Special Working Holiday', 1, 20, 20, '2021-10-14 01:14:02', '2021-10-14 01:14:02'),
(16, 'HLD-21-00016', 'New Year 2022', '2022-01-01', 'Special Non-Working Holiday', 1, 1, 1, '2021-11-03 00:23:00', '2021-11-03 00:23:00');

-- --------------------------------------------------------

--
-- Table structure for table `hris_job_posting_tbl`
--

CREATE TABLE `hris_job_posting_tbl` (
  `jobID` bigint(20) NOT NULL,
  `requisitionID` bigint(20) NOT NULL,
  `requisitionCode` varchar(255) COLLATE utf8mb4_unicode_ci NOT NULL,
  `jobDescription` longtext COLLATE utf8mb4_unicode_ci NOT NULL,
  `jobBenefits` longtext COLLATE utf8mb4_unicode_ci NOT NULL,
  `jobSlot` int(50) NOT NULL,
  `jobStatus` int(50) NOT NULL,
  `datecreated` timestamp NOT NULL DEFAULT current_timestamp(),
  `createdAt` timestamp NOT NULL DEFAULT current_timestamp(),
  `updatedAt` timestamp NOT NULL DEFAULT current_timestamp() ON UPDATE current_timestamp(),
  `createdBy` bigint(20) NOT NULL,
  `updatedBy` bigint(20) NOT NULL
) ENGINE=InnoDB DEFAULT CHARSET=utf8mb4 COLLATE=utf8mb4_unicode_ci;

--
-- Dumping data for table `hris_job_posting_tbl`
--

INSERT INTO `hris_job_posting_tbl` (`jobID`, `requisitionID`, `requisitionCode`, `jobDescription`, `jobBenefits`, `jobSlot`, `jobStatus`, `datecreated`, `createdAt`, `updatedAt`, `createdBy`, `updatedBy`) VALUES
(1, 1, 'PRF-21-00000', 'Front end developers are computer programmers who specialize in website design. Front end developer duties include determining the structure and design of web pages, striking a balance between functional and aesthetic design, and ensuring web design is optimized for smartphones.', '\nHealth insurance\nDisability insurance\nDental and vision insurance\nLife insurance\nPTO/paid holidays\nRetirement planning\nFamily leave\nRemote work or flexible schedules\nStudent loan repayment\nContinued education and professional development', 1, 1, '2021-12-28 00:58:28', '2021-12-28 00:58:28', '2021-12-28 01:00:07', 2, 2),
(2, 2, 'PRF-21-00002', 'The responsibilities of senior developers include writing code, analyzing data, and contributing to the design and implementation of software. ... Ultimately, a top-notch senior developer should have extensive experience in software development, be able to keep up-to-date with deadlines, and have strong analytical skills.', 'Health insurance\nDisability insurance\nDental and vision insurance\nLife insurance\nPTO/paid holidays\nRetirement planning\nFamily leave\nRemote work or flexible schedules\nStudent loan repayment\nContinued education and professional development', 1, 1, '2021-12-28 04:55:55', '2021-12-28 04:55:55', '2021-12-28 04:57:45', 2, 2);

-- --------------------------------------------------------

--
-- Table structure for table `hris_leave_request_tbl`
--

CREATE TABLE `hris_leave_request_tbl` (
  `leaveRequestID` bigint(20) NOT NULL,
  `reviseLeaveRequestID` bigint(21) DEFAULT NULL,
  `leaveRequestCode` varchar(100) COLLATE utf8mb4_unicode_ci NOT NULL,
  `employeeID` bigint(20) NOT NULL,
  `leaveRequestDate` varchar(255) COLLATE utf8mb4_unicode_ci NOT NULL,
  `leaveRequestDateFrom` date NOT NULL,
  `leaveRequestDateTo` date NOT NULL,
  `leaveRequestNumberOfDate` bigint(20) NOT NULL,
  `leaveID` bigint(20) NOT NULL,
  `leaveName` varchar(100) COLLATE utf8mb4_unicode_ci DEFAULT NULL,
  `leaveRequestRemainingLeave` bigint(20) NOT NULL,
  `leaveStatus` int(50) NOT NULL,
  `leaveWorkingDay` int(50) NOT NULL,
  `timeIn` text COLLATE utf8mb4_unicode_ci NOT NULL,
  `timeOut` text COLLATE utf8mb4_unicode_ci NOT NULL,
  `leaveRequestReason` text COLLATE utf8mb4_unicode_ci DEFAULT NULL,
  `approversID` text COLLATE utf8mb4_unicode_ci DEFAULT NULL,
  `approversStatus` text COLLATE utf8mb4_unicode_ci DEFAULT NULL,
  `approversDate` text COLLATE utf8mb4_unicode_ci DEFAULT NULL,
  `leaveRequestStatus` int(20) NOT NULL,
  `leaveRequestRemarks` text COLLATE utf8mb4_unicode_ci DEFAULT NULL,
  `leaveDocument` text COLLATE utf8mb4_unicode_ci DEFAULT NULL,
  `submittedAt` timestamp NULL DEFAULT NULL,
  `createdBy` bigint(20) NOT NULL,
  `updatedBy` bigint(20) NOT NULL,
  `createdAt` timestamp NOT NULL DEFAULT current_timestamp(),
  `updatedAt` timestamp NOT NULL DEFAULT current_timestamp() ON UPDATE current_timestamp()
) ENGINE=InnoDB DEFAULT CHARSET=utf8mb4 COLLATE=utf8mb4_unicode_ci;

--
-- Dumping data for table `hris_leave_request_tbl`
--

INSERT INTO `hris_leave_request_tbl` (`leaveRequestID`, `reviseLeaveRequestID`, `leaveRequestCode`, `employeeID`, `leaveRequestDate`, `leaveRequestDateFrom`, `leaveRequestDateTo`, `leaveRequestNumberOfDate`, `leaveID`, `leaveName`, `leaveRequestRemainingLeave`, `leaveStatus`, `leaveWorkingDay`, `timeIn`, `timeOut`, `leaveRequestReason`, `approversID`, `approversStatus`, `approversDate`, `leaveRequestStatus`, `leaveRequestRemarks`, `leaveDocument`, `submittedAt`, `createdBy`, `updatedBy`, `createdAt`, `updatedAt`) VALUES
(1, NULL, '', 2, '2021-12-28', '2021-12-28', '2021-12-28', 1, 2, 'Vacation Leave', 5, 0, 1, '', '', 'Vacation to province.', '2', '2', '2021-12-27 12:41:02', 5, NULL, NULL, '2021-12-27 12:41:02', 2, 2, '2021-12-27 12:41:02', '2021-12-28 03:23:58'),
(2, NULL, '', 2, '2021-12-29', '2021-12-29', '2021-12-29', 1, 2, 'Vacation Leave', 5, 1, 1, '', '', 'Vacation to the province for new year', '1', '2', '2021-12-27 12:48:49', 2, NULL, NULL, '2021-12-27 12:47:18', 2, 1, '2021-12-27 12:47:18', '2021-12-27 04:48:51'),
(3, NULL, '', 2, '2022-01-07', '2022-01-07', '2022-01-07', 1, 2, 'Vacation Leave', 5, 0, 1, '', '', 'Vacation to Canada', '4', '2', '2021-12-28 10:19:59', 2, NULL, NULL, '2021-12-28 09:49:33', 2, 4, '2021-12-28 09:49:33', '2021-12-28 02:20:01'),
(4, NULL, '', 20, '2021-12-30', '2021-12-30', '2021-12-30', 1, 2, 'Vacation Leave', 7, 0, 1, '', '', 'tstng', '20', '2', '2021-12-29 07:46:32', 2, NULL, NULL, '2021-12-29 07:46:32', 20, 20, '2021-12-29 07:46:17', '2021-12-28 23:46:42'),
(5, NULL, '', 20, '2021-12-31', '2021-12-31', '2021-12-31', 1, 2, 'Vacation Leave', 7, 0, 1, '', '', 'tstng', '2', '2', '2021-12-29 07:50:27', 2, NULL, NULL, '2021-12-29 07:49:50', 20, 2, '2021-12-29 07:49:50', '2021-12-28 23:51:20'),
(6, NULL, '', 20, '2022-01-01', '2022-01-01', '2022-01-01', 1, 2, 'Vacation Leave', 7, 1, 1, '', '', 'tstng', '2', '2', '2021-12-29 07:52:55', 2, NULL, NULL, '2021-12-29 07:52:04', 20, 2, '2021-12-29 07:52:04', '2021-12-28 23:52:58'),
(7, NULL, '', 20, '2021-12-29', '2021-12-29', '2021-12-29', 1, 2, 'Vacation Leave', 6, 0, 1, '', '', 'tstng', '2', '2', '2021-12-29 07:54:24', 2, NULL, NULL, '2021-12-29 07:53:57', 20, 2, '2021-12-29 07:53:57', '2021-12-28 23:54:25'),
(8, NULL, '', 2, '2021-12-31', '2021-12-31', '2021-12-31', 1, 2, 'Vacation Leave', 5, 1, 1, '', '', 'Rest', '4', '2', '2021-12-29 08:48:51', 2, NULL, NULL, '2021-12-29 08:46:59', 2, 4, '2021-12-29 08:46:59', '2021-12-29 00:48:57'),
(9, NULL, '', 2, '2021-12-29', '2021-12-29', '2021-12-29', 1, 2, 'Vacation Leave', 4, 0, 1, '', '', 'Rest day', '4', '2', '2021-12-29 08:51:36', 2, NULL, NULL, '2021-12-29 08:50:59', 2, 4, '2021-12-29 08:50:59', '2021-12-29 00:51:38');

-- --------------------------------------------------------

--
-- Table structure for table `hris_leave_tbl`
--

CREATE TABLE `hris_leave_tbl` (
  `leaveID` bigint(20) NOT NULL,
  `leaveCode` text NOT NULL,
  `leaveName` text NOT NULL,
  `leaveStatus` int(10) NOT NULL,
  `createdBy` bigint(20) NOT NULL,
  `updatedBy` bigint(20) NOT NULL,
  `createdAt` timestamp NOT NULL DEFAULT current_timestamp(),
  `updatedAt` timestamp NOT NULL DEFAULT current_timestamp() ON UPDATE current_timestamp()
) ENGINE=InnoDB DEFAULT CHARSET=utf8mb4;

--
-- Dumping data for table `hris_leave_tbl`
--

INSERT INTO `hris_leave_tbl` (`leaveID`, `leaveCode`, `leaveName`, `leaveStatus`, `createdBy`, `updatedBy`, `createdAt`, `updatedAt`) VALUES
(1, 'LVE-21-00001', 'Sick Leave', 1, 1, 1, '2021-04-14 23:47:43', '2021-04-14 23:47:43'),
(2, 'LVE-21-00002', 'Vacation Leave', 1, 1, 1, '2021-04-14 23:47:54', '2021-04-14 23:47:54'),
(3, 'LVE-21-00003', 'Emergency Leave', 1, 1, 1, '2021-04-14 23:48:07', '2021-04-14 23:48:07'),
(4, 'LVE-21-00004', 'Maternity Leave', 1, 1, 1, '2021-04-14 23:48:20', '2021-04-14 23:48:20'),
(5, 'LVE-21-00005', 'Paternity Leave', 1, 1, 20, '2021-04-14 23:48:38', '2021-10-19 01:21:55');

-- --------------------------------------------------------

--
-- Table structure for table `hris_loan_ammortization_tbl`
--

CREATE TABLE `hris_loan_ammortization_tbl` (
  `ammortizationID` bigint(20) NOT NULL,
  `loanFormID` bigint(20) NOT NULL,
  `dueDate` date DEFAULT NULL,
  `recievedDate` date DEFAULT NULL,
  `payrollID` bigint(20) NOT NULL,
  `payrollCode` varchar(255) COLLATE utf8mb4_unicode_ci DEFAULT NULL,
  `payrollAmount` decimal(10,2) NOT NULL,
  `loanAmount` decimal(10,2) NOT NULL,
  `ammortizationStatus` int(50) NOT NULL,
  `createdBy` bigint(20) DEFAULT NULL,
  `updatedBy` bigint(20) DEFAULT NULL,
  `createdAt` timestamp NULL DEFAULT current_timestamp(),
  `updatedAt` timestamp NULL DEFAULT current_timestamp() ON UPDATE current_timestamp()
) ENGINE=InnoDB DEFAULT CHARSET=utf8mb4 COLLATE=utf8mb4_unicode_ci;

--
-- Dumping data for table `hris_loan_ammortization_tbl`
--

INSERT INTO `hris_loan_ammortization_tbl` (`ammortizationID`, `loanFormID`, `dueDate`, `recievedDate`, `payrollID`, `payrollCode`, `payrollAmount`, `loanAmount`, `ammortizationStatus`, `createdBy`, `updatedBy`, `createdAt`, `updatedAt`) VALUES
(1, 1, '2021-12-15', '2021-12-28', 1, 'PRL-21-00001', '20854.17', '20854.17', 1, 20, NULL, '2021-12-27 08:02:47', '2021-12-28 00:59:48'),
(2, 1, '2021-12-30', '2021-12-29', 2, 'PRL-21-00002', '20854.17', '20854.17', 1, 20, NULL, '2021-12-27 08:02:47', '2021-12-29 00:19:12'),
(3, 1, '2022-01-15', NULL, 0, NULL, '0.00', '20854.17', 0, 20, NULL, '2021-12-27 08:02:47', '2021-12-27 08:02:47'),
(4, 1, '2022-01-30', NULL, 0, NULL, '0.00', '20854.17', 0, 20, NULL, '2021-12-27 08:02:47', '2021-12-27 08:02:47'),
(5, 1, '2022-02-15', NULL, 0, NULL, '0.00', '20854.17', 0, 20, NULL, '2021-12-27 08:02:47', '2021-12-27 08:02:47'),
(6, 1, '2022-02-28', NULL, 0, NULL, '0.00', '20854.17', 0, 20, NULL, '2021-12-27 08:02:47', '2021-12-27 08:02:47'),
(7, 1, '2022-03-15', NULL, 0, NULL, '0.00', '20854.17', 0, 20, NULL, '2021-12-27 08:02:47', '2021-12-27 08:02:47'),
(8, 1, '2022-03-30', NULL, 0, NULL, '0.00', '20854.17', 0, 20, NULL, '2021-12-27 08:02:47', '2021-12-27 08:02:47'),
(9, 1, '2022-04-15', NULL, 0, NULL, '0.00', '20854.17', 0, 20, NULL, '2021-12-27 08:02:47', '2021-12-27 08:02:47'),
(10, 1, '2022-04-30', NULL, 0, NULL, '0.00', '20854.17', 0, 20, NULL, '2021-12-27 08:02:47', '2021-12-27 08:02:47'),
(11, 1, '2022-05-15', NULL, 0, NULL, '0.00', '20854.17', 0, 20, NULL, '2021-12-27 08:02:47', '2021-12-27 08:02:47'),
(12, 1, '2022-05-30', NULL, 0, NULL, '0.00', '20854.17', 0, 20, NULL, '2021-12-27 08:02:47', '2021-12-27 08:02:47'),
(13, 1, '2022-06-15', NULL, 0, NULL, '0.00', '20854.17', 0, 20, NULL, '2021-12-27 08:02:47', '2021-12-27 08:02:47'),
(14, 1, '2022-06-30', NULL, 0, NULL, '0.00', '20854.17', 0, 20, NULL, '2021-12-27 08:02:47', '2021-12-27 08:02:47'),
(15, 1, '2022-07-15', NULL, 0, NULL, '0.00', '20854.17', 0, 20, NULL, '2021-12-27 08:02:47', '2021-12-27 08:02:47'),
(16, 1, '2022-07-30', NULL, 0, NULL, '0.00', '20854.17', 0, 20, NULL, '2021-12-27 08:02:47', '2021-12-27 08:02:47'),
(17, 1, '2022-08-15', NULL, 0, NULL, '0.00', '20854.17', 0, 20, NULL, '2021-12-27 08:02:47', '2021-12-27 08:02:47'),
(18, 1, '2022-08-30', NULL, 0, NULL, '0.00', '20854.17', 0, 20, NULL, '2021-12-27 08:02:47', '2021-12-27 08:02:47'),
(19, 1, '2022-09-15', NULL, 0, NULL, '0.00', '20854.17', 0, 20, NULL, '2021-12-27 08:02:47', '2021-12-27 08:02:47'),
(20, 1, '2022-09-30', NULL, 0, NULL, '0.00', '20854.17', 0, 20, NULL, '2021-12-27 08:02:47', '2021-12-27 08:02:47'),
(21, 1, '2022-10-15', NULL, 0, NULL, '0.00', '20854.17', 0, 20, NULL, '2021-12-27 08:02:47', '2021-12-27 08:02:47'),
(22, 1, '2022-10-30', NULL, 0, NULL, '0.00', '20854.17', 0, 20, NULL, '2021-12-27 08:02:47', '2021-12-27 08:02:47'),
(23, 1, '2022-11-15', NULL, 0, NULL, '0.00', '20854.17', 0, 20, NULL, '2021-12-27 08:02:47', '2021-12-27 08:02:47'),
(24, 1, '2022-11-30', NULL, 0, NULL, '0.00', '20854.17', 0, 20, NULL, '2021-12-27 08:02:47', '2021-12-27 08:02:47'),
(25, 1, '2022-12-15', NULL, 0, NULL, '0.00', '20854.17', 0, 20, NULL, '2021-12-27 08:02:47', '2021-12-27 08:02:47'),
(26, 1, '2022-12-30', NULL, 0, NULL, '0.00', '20854.17', 0, 20, NULL, '2021-12-27 08:02:47', '2021-12-27 08:02:47');

-- --------------------------------------------------------

--
-- Table structure for table `hris_loan_form_tbl`
--

CREATE TABLE `hris_loan_form_tbl` (
  `loanFormID` bigint(20) NOT NULL,
  `reviseLoanFormID` bigint(20) DEFAULT NULL,
  `loanFormCode` text NOT NULL,
  `employeeID` bigint(20) NOT NULL,
  `loanID` bigint(20) NOT NULL,
  `loanFormTermPayment` varchar(255) DEFAULT NULL,
  `loanFormDate` text NOT NULL,
  `loanFormNoOfDays` int(10) NOT NULL,
  `loanFormInterest` decimal(10,2) DEFAULT NULL,
  `loanFormAmount` decimal(19,2) NOT NULL,
  `loanFormDeductionAmount` decimal(19,2) NOT NULL,
  `approversID` text NOT NULL,
  `approversStatus` text NOT NULL,
  `approversDate` text NOT NULL,
  `loanFormStatus` int(11) NOT NULL,
  `loanFormRemarks` text NOT NULL,
  `submittedAt` timestamp NULL DEFAULT NULL,
  `createdBy` bigint(20) NOT NULL,
  `updatedBy` bigint(20) NOT NULL,
  `createdAt` timestamp NOT NULL DEFAULT current_timestamp(),
  `updatedAt` timestamp NOT NULL DEFAULT current_timestamp() ON UPDATE current_timestamp()
) ENGINE=InnoDB DEFAULT CHARSET=utf8mb4;

--
-- Dumping data for table `hris_loan_form_tbl`
--

INSERT INTO `hris_loan_form_tbl` (`loanFormID`, `reviseLoanFormID`, `loanFormCode`, `employeeID`, `loanID`, `loanFormTermPayment`, `loanFormDate`, `loanFormNoOfDays`, `loanFormInterest`, `loanFormAmount`, `loanFormDeductionAmount`, `approversID`, `approversStatus`, `approversDate`, `loanFormStatus`, `loanFormRemarks`, `submittedAt`, `createdBy`, `updatedBy`, `createdAt`, `updatedAt`) VALUES
(1, NULL, '', 20, 2, '0', 'December 27, 2021 - December 27, 2022', 0, '0.10', '500000.00', '20854.17', '2', '2', '2021-12-27 16:02:44', 2, '', '2021-12-27 16:02:27', 20, 2, '2021-12-27 16:02:27', '2021-12-27 08:02:46');

-- --------------------------------------------------------

--
-- Table structure for table `hris_loan_tbl`
--

CREATE TABLE `hris_loan_tbl` (
  `loanID` bigint(20) NOT NULL,
  `loanCode` text NOT NULL,
  `loanName` text NOT NULL,
  `loanStatus` int(10) NOT NULL,
  `createdBy` bigint(20) NOT NULL,
  `updatedBy` bigint(20) NOT NULL,
  `createdAt` timestamp NOT NULL DEFAULT current_timestamp(),
  `updatedAt` timestamp NOT NULL DEFAULT current_timestamp() ON UPDATE current_timestamp()
) ENGINE=InnoDB DEFAULT CHARSET=utf8mb4;

--
-- Dumping data for table `hris_loan_tbl`
--

INSERT INTO `hris_loan_tbl` (`loanID`, `loanCode`, `loanName`, `loanStatus`, `createdBy`, `updatedBy`, `createdAt`, `updatedAt`) VALUES
(1, 'LON-21-00001', 'Cash Loan', 1, 1, 1, '2021-04-15 01:04:36', '2021-04-15 01:04:36'),
(2, 'LON-21-00002', 'Car Loan', 1, 1, 1, '2021-04-15 01:05:44', '2021-04-15 01:05:44'),
(3, 'LON-21-00003', 'Salary Loan', 1, 1, 1, '2021-04-15 01:06:42', '2021-04-15 01:06:42'),
(4, 'LON-21-00004', 'Calamity Loan', 1, 1, 1, '2021-04-15 01:06:53', '2021-04-20 23:14:19'),
(5, 'LON-21-00005', 'House Loan', 0, 1, 1, '2021-04-15 01:07:37', '2021-04-20 23:10:04');

-- --------------------------------------------------------

--
-- Table structure for table `hris_no_timein_timeout_tbl`
--

CREATE TABLE `hris_no_timein_timeout_tbl` (
  `noTimeinTimeoutID` bigint(20) NOT NULL,
  `reviseNoTimeinTimeoutID` bigint(20) DEFAULT NULL,
  `noTimeinTimeoutCode` varchar(100) NOT NULL,
  `employeeID` bigint(20) NOT NULL,
  `noTimeinTimeoutNegligence` int(11) DEFAULT NULL,
  `noTimeinTimeoutDate` date NOT NULL,
  `noTimeinTimeoutTimeIn` time NOT NULL,
  `noTimeinTimeoutTimeOut` time NOT NULL,
  `noTimeinTimeoutReason` text DEFAULT NULL,
  `approversID` text DEFAULT NULL,
  `approversStatus` text DEFAULT NULL,
  `approversDate` text DEFAULT NULL,
  `noTimeinTimeoutStatus` int(11) NOT NULL,
  `noTimeinTimeoutRemarks` text DEFAULT NULL,
  `submittedAt` timestamp NULL DEFAULT NULL,
  `createdBy` bigint(20) NOT NULL,
  `updatedBy` bigint(20) NOT NULL,
  `createdAt` timestamp NOT NULL DEFAULT current_timestamp(),
  `updatedAt` timestamp NOT NULL DEFAULT current_timestamp() ON UPDATE current_timestamp()
) ENGINE=InnoDB DEFAULT CHARSET=utf8mb4;

--
-- Dumping data for table `hris_no_timein_timeout_tbl`
--

INSERT INTO `hris_no_timein_timeout_tbl` (`noTimeinTimeoutID`, `reviseNoTimeinTimeoutID`, `noTimeinTimeoutCode`, `employeeID`, `noTimeinTimeoutNegligence`, `noTimeinTimeoutDate`, `noTimeinTimeoutTimeIn`, `noTimeinTimeoutTimeOut`, `noTimeinTimeoutReason`, `approversID`, `approversStatus`, `approversDate`, `noTimeinTimeoutStatus`, `noTimeinTimeoutRemarks`, `submittedAt`, `createdBy`, `updatedBy`, `createdAt`, `updatedAt`) VALUES
(8, NULL, '', 1, 1, '2021-04-21', '07:00:00', '00:00:00', 'Sample no time-in', '2|4|5', NULL, NULL, 1, NULL, '2021-04-21 08:53:49', 1, 1, '2021-04-21 08:53:49', '2021-04-21 00:53:54'),
(9, NULL, '', 1, 2, '2021-04-19', '00:00:00', '17:00:00', 'Sample reason for no time out', '2|4|5', NULL, NULL, 1, NULL, '2021-04-21 08:56:32', 1, 1, '2021-04-21 08:56:32', '2021-04-21 00:56:41'),
(10, NULL, '', 1, 3, '2021-04-10', '07:00:00', '17:00:00', 'No Time-in/out', '2|4|5', NULL, NULL, 4, NULL, '2021-04-21 08:57:28', 1, 1, '2021-04-21 08:57:28', '2021-04-21 00:59:51'),
(11, NULL, '', 1, 2, '2021-04-08', '00:00:00', '00:00:00', '', NULL, NULL, NULL, 0, NULL, NULL, 1, 1, '2021-04-21 09:00:28', '2021-04-21 01:00:31'),
(12, NULL, '', 1, 1, '2021-07-07', '18:00:00', '00:00:00', 'No time in ', '2|4|5', NULL, NULL, 1, NULL, '2021-07-07 11:07:09', 1, 1, '2021-07-07 11:07:09', '2021-07-07 03:07:11'),
(13, NULL, '', 20, 3, '2021-10-11', '07:00:00', '16:00:00', 'neglected', '2', '2', '2021-10-19 10:18:30', 2, NULL, '2021-10-19 10:18:02', 20, 2, '2021-10-19 10:18:02', '2021-10-19 02:18:32'),
(14, NULL, '', 2, 2, '2021-11-03', '00:00:00', '18:00:00', 'TEST', '2', '2', '2021-11-03 11:59:51', 2, NULL, '2021-11-03 11:59:51', 2, 2, '2021-11-03 11:59:51', '2021-11-03 03:59:52'),
(15, NULL, '', 20, 1, '2021-12-13', '06:57:00', '00:00:00', 'for testing purposes only.', '2', '2', '2021-12-13 10:03:15', 5, NULL, '2021-12-13 09:55:31', 20, 20, '2021-12-13 09:55:31', '2021-12-13 02:37:33'),
(16, NULL, '', 20, 3, '2021-12-13', '07:00:00', '16:00:00', 'for testing purposes only', '2', '2', '2021-12-13 10:50:31', 2, NULL, '2021-12-13 10:47:03', 20, 2, '2021-12-13 10:37:19', '2021-12-13 02:50:33'),
(17, NULL, '', 4, 1, '2021-12-13', '06:00:00', '00:00:00', 'too busy to time in', '4', '2', '2021-12-21 13:25:35', 2, NULL, '2021-12-21 13:25:35', 4, 4, '2021-12-21 13:25:35', '2021-12-21 05:25:37');

-- --------------------------------------------------------

--
-- Table structure for table `hris_official_business_tbl`
--

CREATE TABLE `hris_official_business_tbl` (
  `officialBusinessID` bigint(20) NOT NULL,
  `reviseOfficialBusinessID` bigint(20) DEFAULT NULL,
  `officialBusinessCode` varchar(50) NOT NULL,
  `employeeID` bigint(20) NOT NULL,
  `officialBusinessCompanyID` bigint(40) NOT NULL,
  `officialBusinessAddress` text NOT NULL,
  `officialBusinessDate` date NOT NULL,
  `officialBusinessTimeIn` time NOT NULL,
  `officialBusinessTimeOut` time NOT NULL,
  `officialBusinessReason` text NOT NULL,
  `approversID` text NOT NULL,
  `approversStatus` text NOT NULL,
  `approversDate` text NOT NULL,
  `officialBusinessStatus` int(11) NOT NULL,
  `officialBusinessRemarks` text NOT NULL,
  `submittedAt` timestamp NULL DEFAULT NULL,
  `createdBy` bigint(20) NOT NULL,
  `updatedBy` bigint(20) NOT NULL,
  `createdAt` timestamp NOT NULL DEFAULT current_timestamp(),
  `updatedAt` timestamp NOT NULL DEFAULT current_timestamp() ON UPDATE current_timestamp()
) ENGINE=InnoDB DEFAULT CHARSET=utf8mb4;

--
-- Dumping data for table `hris_official_business_tbl`
--

INSERT INTO `hris_official_business_tbl` (`officialBusinessID`, `reviseOfficialBusinessID`, `officialBusinessCode`, `employeeID`, `officialBusinessCompanyID`, `officialBusinessAddress`, `officialBusinessDate`, `officialBusinessTimeIn`, `officialBusinessTimeOut`, `officialBusinessReason`, `approversID`, `approversStatus`, `approversDate`, `officialBusinessStatus`, `officialBusinessRemarks`, `submittedAt`, `createdBy`, `updatedBy`, `createdAt`, `updatedAt`) VALUES
(1, NULL, 'OBF-21-00001', 1, 0, '', '2021-04-13', '08:00:00', '17:00:00', 'TEST', '', '', '', 4, '', '2021-04-13 09:25:50', 1, 1, '2021-04-13 08:32:04', '2021-05-17 00:29:54'),
(2, NULL, 'OBF-21-00002', 1, 0, '', '2021-04-13', '08:00:00', '17:00:00', '', '', '', '', 0, '', NULL, 1, 1, '2021-04-13 08:33:24', '2021-04-13 00:33:28'),
(3, NULL, 'OBF-21-00003', 1, 1, '2, Sample Building, Dilaguidi, Dilasag, Aurora, Philippines, 1212', '2021-04-22', '08:00:00', '17:00:00', 'rererer', '2|3|5', '', '', 1, '', '2021-04-13 10:07:46', 1, 1, '2021-04-13 10:07:46', '2021-04-13 02:07:46'),
(4, NULL, 'OBF-21-00004', 1, 3, '1201, Katipunan Street, Batasan Hills, Quezon City, National Capital Region - Second District, Philippines, 1119', '2021-04-20', '08:00:00', '17:00:00', 'dwa', '', '', '', 1, '', '2021-04-13 10:09:07', 1, 1, '2021-04-13 10:08:05', '2021-04-13 02:09:05'),
(5, NULL, '', 1, 1, '2, Sample Building, Dilaguidi, Dilasag, Aurora, Philippines, 1212', '2021-04-14', '08:00:00', '17:00:00', 'test', '2|3|5', '2|2|2', '2021-04-14 08:29:33|2021-04-14 08:30:38|2021-04-14 08:31:42', 2, '', '2021-04-14 08:26:46', 1, 5, '2021-04-14 08:26:46', '2021-04-14 00:31:45'),
(6, NULL, '', 1, 0, '', '2021-04-14', '08:00:00', '17:00:00', 'test', '', '', '', 0, '', NULL, 1, 1, '2021-04-14 09:26:56', '2021-04-14 01:26:59'),
(7, NULL, '', 1, 0, '', '2021-04-14', '08:00:00', '17:00:00', 'test', '', '', '', 0, '', NULL, 1, 1, '2021-04-14 09:27:20', '2021-04-14 01:27:22'),
(8, NULL, '', 1, 3, '28D Eastwood Excelsior Eastwood Avenue, Eastwood City, Bagumbayan, Quezon City, National Capital Region - Second District, Philippines, 1110', '2021-05-28', '05:00:00', '17:00:00', 'Test', '2|3|5', '', '', 1, '', '2021-05-17 08:31:15', 1, 1, '2021-04-14 09:27:29', '2021-05-17 00:31:17'),
(9, NULL, '', 1, 4, '1709, Antel Global Corporate Center, San Antonio, City Of Pasig, National Capital Region - Second District, Philippines, 1605', '2021-04-21', '09:00:00', '17:00:00', 'UAT', '2|3|5', '', '', 4, '', '2021-04-21 08:42:34', 1, 1, '2021-04-21 08:42:34', '2021-04-21 00:59:20'),
(10, NULL, '', 20, 2, 'Cristanto M. Delos Reyes, Higway, Brgy. Dagatan, Dagatan, Amadeo, Cavite, Philippines, 4119', '2021-10-28', '08:00:00', '17:00:00', 'client meeting', '1|3', '2|2', '2021-10-19 10:26:50|2021-10-19 10:29:01', 2, '', '2021-10-19 10:25:28', 20, 3, '2021-10-19 10:25:28', '2021-10-19 02:29:17'),
(11, NULL, '', 2, 2, 'Cristanto M. Delos Reyes, Higway, Brgy. Dagatan, Dagatan, Amadeo, Cavite, Philippines, 4119', '2021-11-10', '08:00:00', '17:00:00', 'Client Meeting', '2', '2', '2021-11-03 11:59:14', 2, '', '2021-11-03 11:59:14', 2, 2, '2021-11-03 11:59:14', '2021-11-03 03:59:16');

-- --------------------------------------------------------

--
-- Table structure for table `hris_onboarding_progress_tbl`
--

CREATE TABLE `hris_onboarding_progress_tbl` (
  `onboardingProgressID` int(100) NOT NULL,
  `employeeID` int(100) NOT NULL,
  `approvalCount` int(50) NOT NULL,
  `onboardingProgressCount` int(100) NOT NULL,
  `approvalEmployee` varchar(100) COLLATE utf8mb4_unicode_ci DEFAULT NULL
) ENGINE=InnoDB DEFAULT CHARSET=utf8mb4 COLLATE=utf8mb4_unicode_ci;

-- --------------------------------------------------------

--
-- Table structure for table `hris_onboarding_tbl`
--

CREATE TABLE `hris_onboarding_tbl` (
  `onboardingID` bigint(25) UNSIGNED NOT NULL,
  `orientationID` int(11) NOT NULL,
  `employeeID` int(25) DEFAULT NULL,
  `designationID` int(50) NOT NULL,
  `approvalEmployeeID` int(50) NOT NULL,
  `onboardingDate` date NOT NULL,
  `onboardingStatus` int(20) NOT NULL,
  `createdBy` int(11) NOT NULL
) ENGINE=InnoDB DEFAULT CHARSET=utf8mb4 COLLATE=utf8mb4_unicode_ci;

-- --------------------------------------------------------

--
-- Table structure for table `hris_orientation_setup_tbl`
--

CREATE TABLE `hris_orientation_setup_tbl` (
  `orientationID` bigint(11) NOT NULL,
  `orientationCode` varchar(25) COLLATE utf8mb4_unicode_ci NOT NULL,
  `departmentID` bigint(11) NOT NULL,
  `designationID` int(20) NOT NULL,
  `employeeID` int(11) DEFAULT NULL,
  `employeeDesignationID` int(50) NOT NULL,
  `OrientationName` text COLLATE utf8mb4_unicode_ci NOT NULL,
  `orientationStatus` int(11) NOT NULL
) ENGINE=InnoDB DEFAULT CHARSET=utf8mb4 COLLATE=utf8mb4_unicode_ci;

--
-- Dumping data for table `hris_orientation_setup_tbl`
--

INSERT INTO `hris_orientation_setup_tbl` (`orientationID`, `orientationCode`, `departmentID`, `designationID`, `employeeID`, `employeeDesignationID`, `OrientationName`, `orientationStatus`) VALUES
(3, '', 0, 6, 2, 6, 'Try', 0),
(4, '', 0, 6, 4, 6, 'Try 1', 0),
(8, '', 0, 1, 2, 1, 'Orientation 1', 0),
(9, '', 0, 1, 3, 1, 'Orientation 2', 0),
(10, '', 0, 1, 1, 1, 'Orientation 3', 0);

-- --------------------------------------------------------

--
-- Table structure for table `hris_overtime_request_tbl`
--

CREATE TABLE `hris_overtime_request_tbl` (
  `overtimeRequestID` bigint(20) NOT NULL,
  `reviseOvertimeRequestID` bigint(20) DEFAULT NULL,
  `overtimeRequestCode` text COLLATE utf8mb4_unicode_ci NOT NULL,
  `employeeID` bigint(20) NOT NULL,
  `overtimeRequestDate` date NOT NULL,
  `overtimeRequestTimeIn` time NOT NULL,
  `overtimeRequestTimeOut` time NOT NULL,
  `overtimeRequestBreak` decimal(10,2) NOT NULL,
  `overtimeRequestLocation` longtext COLLATE utf8mb4_unicode_ci NOT NULL,
  `overtimeRequestClass` text COLLATE utf8mb4_unicode_ci NOT NULL,
  `overtimeRequestClientID` bigint(20) NOT NULL,
  `overtimeRequestClientName` text COLLATE utf8mb4_unicode_ci NOT NULL,
  `overtimeRequestProjectID` bigint(20) NOT NULL,
  `overtimeRequestProjectName` text COLLATE utf8mb4_unicode_ci NOT NULL,
  `overtimeRequestProjectStatus` text COLLATE utf8mb4_unicode_ci NOT NULL,
  `overtimeRequestReason` text COLLATE utf8mb4_unicode_ci NOT NULL,
  `approversID` text COLLATE utf8mb4_unicode_ci NOT NULL,
  `approversStatus` text COLLATE utf8mb4_unicode_ci NOT NULL,
  `approversDate` text COLLATE utf8mb4_unicode_ci NOT NULL,
  `overtimeRequestStatus` int(11) NOT NULL,
  `overtimeRequestRemarks` text COLLATE utf8mb4_unicode_ci NOT NULL,
  `submittedAt` timestamp NULL DEFAULT NULL,
  `createdBy` bigint(20) NOT NULL,
  `updatedBy` bigint(20) NOT NULL,
  `createdAt` timestamp NOT NULL DEFAULT current_timestamp(),
  `updatedAt` timestamp NOT NULL DEFAULT current_timestamp() ON UPDATE current_timestamp()
) ENGINE=InnoDB DEFAULT CHARSET=utf8mb4 COLLATE=utf8mb4_unicode_ci;

--
-- Dumping data for table `hris_overtime_request_tbl`
--

INSERT INTO `hris_overtime_request_tbl` (`overtimeRequestID`, `reviseOvertimeRequestID`, `overtimeRequestCode`, `employeeID`, `overtimeRequestDate`, `overtimeRequestTimeIn`, `overtimeRequestTimeOut`, `overtimeRequestBreak`, `overtimeRequestLocation`, `overtimeRequestClass`, `overtimeRequestClientID`, `overtimeRequestClientName`, `overtimeRequestProjectID`, `overtimeRequestProjectName`, `overtimeRequestProjectStatus`, `overtimeRequestReason`, `approversID`, `approversStatus`, `approversDate`, `overtimeRequestStatus`, `overtimeRequestRemarks`, `submittedAt`, `createdBy`, `updatedBy`, `createdAt`, `updatedAt`) VALUES
(1, NULL, '', 20, '2021-12-21', '16:00:00', '19:00:00', '0.00', 'Office', 'Billable', 4, 'Gatchallan Tangalin and Co CPAs', 5, 'CCTV Installation', '', 'test reason for the integration of overtime to the production report.', '2', '2', '2021-12-27 13:30:44', 2, '', '2021-12-27 13:30:10', 20, 2, '2021-12-27 13:30:10', '2021-12-27 05:30:45'),
(2, NULL, '', 2, '2021-12-30', '17:00:00', '21:00:00', '0.00', 'Office', 'Billable', 1, 'DeltaMike Security Inc.', 1, 'BlackBox - Enterprise Resource Planning System', '', 'Testing Login module, Approval Setup and Company Setup', '4', '2', '2021-12-28 09:18:29', 2, '', '2021-12-28 09:17:06', 2, 4, '2021-12-28 09:17:06', '2021-12-28 01:18:30'),
(3, NULL, '', 2, '2022-01-05', '17:00:00', '21:00:00', '0.00', 'Office', 'Billable', 2, 'Ricardo\'s Coffee + Classic Cuisine', 5, 'CCTV Installation', '', 'Creating user story for ERP System', '4', '2', '2021-12-28 10:00:33', 5, '', '2021-12-28 09:50:36', 2, 2, '2021-12-28 09:50:36', '2021-12-28 03:26:16'),
(4, NULL, '', 20, '2021-12-27', '16:00:00', '18:50:00', '0.00', 'Office', 'Billable', 2, 'Ricardo\'s Coffee + Classic Cuisine', 5, 'CCTV Installation', '', 'tstng', '2', '2', '2021-12-29 08:52:48', 2, '', '2021-12-29 08:52:30', 20, 2, '2021-12-29 08:52:30', '2021-12-29 00:52:49');

-- --------------------------------------------------------

--
-- Table structure for table `hris_payroll_adjustment_items_tbl`
--

CREATE TABLE `hris_payroll_adjustment_items_tbl` (
  `payrollAdjustmentItemID` bigint(20) NOT NULL,
  `payrollAdjustmentID` bigint(20) DEFAULT NULL,
  `payrollItemID` bigint(20) DEFAULT NULL,
  `applyAdjustment` int(11) DEFAULT 0,
  `employeeID` bigint(20) DEFAULT NULL,
  `basicPay` decimal(15,2) DEFAULT NULL,
  `holidayPay` decimal(15,2) DEFAULT NULL,
  `overtimePay` decimal(15,2) DEFAULT NULL,
  `nightDifferentialPay` decimal(15,2) DEFAULT NULL,
  `allowancePay` decimal(15,2) DEFAULT NULL,
  `lateUndertimePay` decimal(15,2) DEFAULT NULL,
  `lwopPay` decimal(15,2) DEFAULT NULL,
  `sssPay` decimal(15,2) DEFAULT NULL,
  `phicPay` decimal(15,2) DEFAULT NULL,
  `hdmfPay` decimal(15,2) DEFAULT NULL,
  `withHoldingPay` decimal(15,2) DEFAULT NULL,
  `loanPay` decimal(15,2) DEFAULT NULL,
  `otherPay` decimal(15,2) DEFAULT NULL,
  `basicAdjustment` decimal(15,2) DEFAULT NULL,
  `holidayAdjustment` decimal(15,2) DEFAULT NULL,
  `overtimeAdjustment` decimal(15,2) DEFAULT NULL,
  `nightDifferentialAdjustment` decimal(15,2) DEFAULT NULL,
  `allowanceAdjustment` decimal(15,2) DEFAULT NULL,
  `lateUndertimeAdjustment` decimal(15,2) DEFAULT NULL,
  `lwopAdjustment` decimal(15,2) DEFAULT NULL,
  `sssAdjustment` decimal(15,2) DEFAULT NULL,
  `phicAdjustment` decimal(15,2) DEFAULT NULL,
  `hdmfAdjustment` decimal(15,2) DEFAULT NULL,
  `withHoldingAdjustment` decimal(15,2) DEFAULT NULL,
  `loanAdjustment` decimal(15,2) DEFAULT NULL,
  `otherAdjustment` decimal(15,2) DEFAULT NULL,
  `basicRemarks` text DEFAULT NULL,
  `holidayRemarks` text DEFAULT NULL,
  `overtimeRemarks` text DEFAULT NULL,
  `nightDifferentialRemarks` text DEFAULT NULL,
  `allowanceRemarks` text DEFAULT NULL,
  `lateUndertimeRemarks` text DEFAULT NULL,
  `lwopRemarks` text DEFAULT NULL,
  `sssRemarks` text DEFAULT NULL,
  `phicRemarks` text DEFAULT NULL,
  `hdmfRemarks` text DEFAULT NULL,
  `withHoldingRemarks` text DEFAULT NULL,
  `loanRemarks` text DEFAULT NULL,
  `otherRemarks` text DEFAULT NULL,
  `createdBy` bigint(21) DEFAULT NULL,
  `updatedBy` bigint(21) DEFAULT NULL,
  `createdAt` timestamp NULL DEFAULT current_timestamp(),
  `updatedAt` timestamp NULL DEFAULT current_timestamp() ON UPDATE current_timestamp()
) ENGINE=InnoDB DEFAULT CHARSET=utf8mb4;

--
-- Dumping data for table `hris_payroll_adjustment_items_tbl`
--

INSERT INTO `hris_payroll_adjustment_items_tbl` (`payrollAdjustmentItemID`, `payrollAdjustmentID`, `payrollItemID`, `applyAdjustment`, `employeeID`, `basicPay`, `holidayPay`, `overtimePay`, `nightDifferentialPay`, `allowancePay`, `lateUndertimePay`, `lwopPay`, `sssPay`, `phicPay`, `hdmfPay`, `withHoldingPay`, `loanPay`, `otherPay`, `basicAdjustment`, `holidayAdjustment`, `overtimeAdjustment`, `nightDifferentialAdjustment`, `allowanceAdjustment`, `lateUndertimeAdjustment`, `lwopAdjustment`, `sssAdjustment`, `phicAdjustment`, `hdmfAdjustment`, `withHoldingAdjustment`, `loanAdjustment`, `otherAdjustment`, `basicRemarks`, `holidayRemarks`, `overtimeRemarks`, `nightDifferentialRemarks`, `allowanceRemarks`, `lateUndertimeRemarks`, `lwopRemarks`, `sssRemarks`, `phicRemarks`, `hdmfRemarks`, `withHoldingRemarks`, `loanRemarks`, `otherRemarks`, `createdBy`, `updatedBy`, `createdAt`, `updatedAt`) VALUES
(1, 1, 1, 1, 2, '4835.33', '0.00', '0.00', '0.00', '200.00', '73.63', '3272.64', '247.50', '98.94', '100.00', '0.00', '0.00', '0.00', '0.00', '0.00', '0.00', '0.00', '-100.00', '-3.63', '72.64', '-47.50', '8.94', '0.00', '0.00', '0.00', '0.00', NULL, '', '', '', '', '', '', '', '', '', '', '', '', 20, 20, '2021-12-28 00:52:36', '2021-12-28 00:56:36'),
(2, 1, 2, 0, 4, '560.51', '0.00', '0.00', '0.00', '0.00', '82.82', '349.92', '0.00', '0.00', '100.00', '0.00', '0.00', '0.00', '0.00', '0.00', '0.00', '0.00', '0.00', '0.00', '0.00', '0.00', '0.00', '0.00', '0.00', '0.00', '0.00', NULL, NULL, NULL, NULL, NULL, NULL, NULL, NULL, NULL, NULL, NULL, NULL, NULL, 20, 20, '2021-12-28 00:52:36', '2021-12-28 00:52:36'),
(3, 1, 3, 0, 5, '510.39', '0.00', '0.00', '0.00', '0.00', '7.99', '345.60', '0.00', '0.00', '100.00', '0.00', '0.00', '0.00', '0.00', '0.00', '0.00', '0.00', '0.00', '0.00', '0.00', '0.00', '0.00', '0.00', '0.00', '0.00', '0.00', NULL, NULL, NULL, NULL, NULL, NULL, NULL, NULL, NULL, NULL, NULL, NULL, NULL, 20, 20, '2021-12-28 00:52:36', '2021-12-28 00:52:36'),
(4, 1, 4, 0, 7, '3356.43', '0.00', '0.00', '0.00', '0.00', '52.56', '2272.64', '180.00', '68.68', '100.00', '0.00', '0.00', '0.00', '0.00', '0.00', '0.00', '0.00', '0.00', '0.00', '0.00', '0.00', '0.00', '0.00', '0.00', '0.00', '0.00', NULL, NULL, NULL, NULL, NULL, NULL, NULL, NULL, NULL, NULL, NULL, NULL, NULL, 20, 20, '2021-12-28 00:52:36', '2021-12-28 00:52:36'),
(5, 1, 5, 1, 20, '13058.44', '0.00', '0.00', '0.00', '250.00', '1973.00', '8333.28', '652.50', '257.14', '100.00', '0.00', '20854.17', '0.00', '0.00', '0.00', '0.00', '0.00', '50.00', '73.00', '-33.28', '52.50', '-57.14', '0.00', '0.00', '0.00', '0.00', NULL, '', '', '', '', '', '', '', '', '', '', '', '', 20, 20, '2021-12-28 00:52:36', '2021-12-28 00:56:36'),
(6, 1, 6, 0, 22, '0.00', '0.00', '0.00', '0.00', '0.00', '0.00', '6499.74', '0.00', '0.00', '100.00', '0.00', '0.00', '0.00', '0.00', '0.00', '0.00', '0.00', '0.00', '0.00', '0.00', '0.00', '0.00', '0.00', '0.00', '0.00', '0.00', NULL, NULL, NULL, NULL, NULL, NULL, NULL, NULL, NULL, NULL, NULL, NULL, NULL, 20, 20, '2021-12-28 00:52:36', '2021-12-28 00:52:36'),
(7, 1, 7, 0, 23, '0.00', '0.00', '0.00', '0.00', '0.00', '0.00', '10500.00', '0.00', '0.00', '0.00', '0.00', '0.00', '0.00', '0.00', '0.00', '0.00', '0.00', '0.00', '0.00', '0.00', '0.00', '0.00', '0.00', '0.00', '0.00', '0.00', NULL, NULL, NULL, NULL, NULL, NULL, NULL, NULL, NULL, NULL, NULL, NULL, NULL, 20, 20, '2021-12-28 00:52:36', '2021-12-28 00:52:36');

-- --------------------------------------------------------

--
-- Table structure for table `hris_payroll_adjustment_pending_tbl`
--

CREATE TABLE `hris_payroll_adjustment_pending_tbl` (
  `payrollAdjustmentPendingID` bigint(20) NOT NULL,
  `payrollAdjustmentID` bigint(20) DEFAULT NULL,
  `payrollID` bigint(20) DEFAULT NULL,
  `employeeID` bigint(20) DEFAULT NULL,
  `tableName` varchar(100) DEFAULT NULL,
  `tablePrimaryID` bigint(20) DEFAULT NULL,
  `tablePrimaryCode` varchar(45) DEFAULT NULL,
  `adjustmentType` varchar(45) DEFAULT NULL,
  `controller` text DEFAULT NULL,
  `adjustmentAmount` decimal(15,2) DEFAULT NULL,
  `adjustmentRemarks` text DEFAULT NULL,
  `createdBy` bigint(21) DEFAULT NULL,
  `updatedBy` bigint(21) DEFAULT NULL,
  `createdAt` timestamp NULL DEFAULT current_timestamp(),
  `updatedAt` timestamp NULL DEFAULT current_timestamp() ON UPDATE current_timestamp()
) ENGINE=InnoDB DEFAULT CHARSET=utf8mb4;

-- --------------------------------------------------------

--
-- Table structure for table `hris_payroll_adjustment_tbl`
--

CREATE TABLE `hris_payroll_adjustment_tbl` (
  `payrollAdjustmentID` bigint(20) NOT NULL,
  `payrollAdjustmentCode` varchar(45) DEFAULT NULL,
  `revisePayrollAdjustmentID` bigint(20) DEFAULT NULL,
  `revisePayrollAdjustmentCode` varchar(45) DEFAULT NULL,
  `payrollID` bigint(20) DEFAULT NULL,
  `payrollCode` varchar(45) DEFAULT NULL,
  `employeeID` bigint(20) DEFAULT NULL,
  `payrollAdjustmentReason` text DEFAULT NULL,
  `approversID` text DEFAULT NULL,
  `approversDate` text DEFAULT NULL,
  `approversStatus` text DEFAULT NULL,
  `submittedAt` timestamp NULL DEFAULT NULL,
  `payrollAdjustmentStatus` int(10) DEFAULT NULL,
  `payrollAdjustmentRemarks` text DEFAULT NULL,
  `createdBy` bigint(21) DEFAULT NULL,
  `updatedBy` bigint(21) DEFAULT NULL,
  `createdAt` timestamp NULL DEFAULT current_timestamp(),
  `updatedAt` timestamp NULL DEFAULT current_timestamp() ON UPDATE current_timestamp()
) ENGINE=InnoDB DEFAULT CHARSET=utf8mb4;

--
-- Dumping data for table `hris_payroll_adjustment_tbl`
--

INSERT INTO `hris_payroll_adjustment_tbl` (`payrollAdjustmentID`, `payrollAdjustmentCode`, `revisePayrollAdjustmentID`, `revisePayrollAdjustmentCode`, `payrollID`, `payrollCode`, `employeeID`, `payrollAdjustmentReason`, `approversID`, `approversDate`, `approversStatus`, `submittedAt`, `payrollAdjustmentStatus`, `payrollAdjustmentRemarks`, `createdBy`, `updatedBy`, `createdAt`, `updatedAt`) VALUES
(1, 'PRA-21-00001', NULL, NULL, 1, 'PRL-21-00001', 20, 'this will serve as a sample description for the payroll adjustment that will be reflected on the system.', '2', '2021-12-28 08:57:38', '2', '2021-12-28 08:56:35', 2, NULL, 20, 2, '2021-12-28 00:52:36', '2021-12-28 00:57:40');

-- --------------------------------------------------------

--
-- Table structure for table `hris_payroll_items_tbl`
--

CREATE TABLE `hris_payroll_items_tbl` (
  `payrollItemID` bigint(21) NOT NULL,
  `payrollID` bigint(21) DEFAULT NULL,
  `timekeepingID` bigint(21) DEFAULT NULL,
  `payrollAdjustmentID` bigint(20) DEFAULT NULL,
  `onAdjustment` int(11) DEFAULT NULL,
  `employeeID` bigint(21) DEFAULT NULL,
  `hourlyRate` decimal(15,2) DEFAULT NULL,
  `holdSalary` int(11) DEFAULT NULL,
  `deductMandates` int(11) DEFAULT NULL,
  `startDate` date DEFAULT NULL,
  `endDate` date DEFAULT NULL,
  `workingDays` int(11) DEFAULT NULL,
  `holidays` int(11) DEFAULT NULL,
  `lwopDays` int(11) DEFAULT NULL,
  `paidLeaveDays` int(11) DEFAULT NULL,
  `restDays` int(11) DEFAULT NULL,
  `scheduleHours` decimal(10,2) DEFAULT NULL,
  `basicHours` decimal(10,2) DEFAULT NULL,
  `overtimeHours` decimal(10,2) DEFAULT NULL,
  `nightDifferentialHours` decimal(10,2) DEFAULT NULL,
  `lateUndertimeHours` decimal(10,2) DEFAULT NULL,
  `lwopHours` decimal(10,2) DEFAULT NULL,
  `basicSalary` decimal(15,2) DEFAULT NULL,
  `basicPay` decimal(15,2) DEFAULT NULL,
  `holidayPay` decimal(15,2) DEFAULT NULL,
  `holidayAdjustment` decimal(15,2) DEFAULT NULL,
  `holidayAdjustmentRemarks` text DEFAULT NULL,
  `overtimePay` decimal(15,2) DEFAULT NULL,
  `overtimeAdjustment` decimal(15,2) DEFAULT NULL,
  `overtimeAdjustmentRemarks` text DEFAULT NULL,
  `nightDifferentialPay` decimal(15,2) DEFAULT NULL,
  `nightDifferentialAdjustment` decimal(15,2) DEFAULT NULL,
  `nightDifferentialAdjustmentRemarks` text DEFAULT NULL,
  `allowance` decimal(15,2) DEFAULT NULL,
  `allowanceAdjustment` decimal(15,2) DEFAULT NULL,
  `allowanceAdjustmentRemarks` text DEFAULT NULL,
  `leavePay` decimal(15,2) DEFAULT NULL,
  `lateUndertimeDeduction` decimal(15,2) DEFAULT NULL,
  `lateUndertimeAdjustment` decimal(15,2) DEFAULT NULL,
  `lateUndertimeAdjustmentRemarks` text DEFAULT NULL,
  `lwopDeduction` decimal(15,2) DEFAULT NULL,
  `lwopAdjustment` decimal(15,2) DEFAULT NULL,
  `lwopAdjustmentRemarks` text DEFAULT NULL,
  `prevGrossPay` decimal(15,2) DEFAULT NULL,
  `grossPay` decimal(15,2) DEFAULT NULL,
  `sssBasis` decimal(15,2) DEFAULT NULL,
  `sssDeduction` decimal(15,2) DEFAULT NULL,
  `sssAdjustment` decimal(15,2) DEFAULT NULL,
  `sssAdjustmentRemarks` text DEFAULT NULL,
  `sssEmployer` decimal(15,2) DEFAULT NULL,
  `sssTotal` decimal(15,2) DEFAULT NULL,
  `phicBasis` decimal(15,2) DEFAULT NULL,
  `phicDeduction` decimal(15,2) DEFAULT NULL,
  `phicAdjustment` decimal(15,2) DEFAULT NULL,
  `phicAdjustmentRemarks` text DEFAULT NULL,
  `phicEmployer` decimal(15,2) DEFAULT NULL,
  `phicTotal` decimal(15,2) DEFAULT NULL,
  `hdmfBasis` decimal(15,2) DEFAULT NULL,
  `hdmfDeduction` decimal(15,2) DEFAULT NULL,
  `hdmfAdjustment` decimal(15,2) DEFAULT NULL,
  `hdmfAdjustmentRemarks` text DEFAULT NULL,
  `hdmfEmployer` decimal(15,2) DEFAULT NULL,
  `hdmfTotal` decimal(15,2) DEFAULT NULL,
  `withHoldingBasis` decimal(15,2) DEFAULT NULL,
  `withHoldingDeduction` decimal(15,2) DEFAULT NULL,
  `withHoldingAdjustment` decimal(15,2) DEFAULT NULL,
  `withHoldingAdjustmentRemarks` text DEFAULT NULL,
  `totalDeduction` decimal(15,2) DEFAULT NULL,
  `loanBasis` decimal(15,2) DEFAULT NULL,
  `loanDeduction` decimal(15,2) DEFAULT NULL,
  `loanAdjustment` decimal(15,2) DEFAULT NULL,
  `loanAdjustmentRemarks` text DEFAULT NULL,
  `otherAdjustment` decimal(15,2) DEFAULT NULL,
  `otherAdjustmentRemarks` text DEFAULT NULL,
  `prevNetPay` decimal(15,2) DEFAULT NULL,
  `salaryReleaseID` text DEFAULT NULL,
  `salaryReleaseAmount` decimal(15,2) DEFAULT NULL,
  `netPay` decimal(15,2) DEFAULT NULL,
  `ammortizationID` text DEFAULT NULL,
  `ammortizationName` text DEFAULT NULL,
  `ammortizationAmount` text DEFAULT NULL,
  `printedPayslip` int(11) DEFAULT 0,
  `createdBy` bigint(21) DEFAULT NULL,
  `updatedBy` bigint(21) DEFAULT NULL,
  `createdAt` timestamp NULL DEFAULT current_timestamp(),
  `updatedAt` timestamp NULL DEFAULT current_timestamp() ON UPDATE current_timestamp()
) ENGINE=InnoDB DEFAULT CHARSET=utf8mb4;

--
-- Dumping data for table `hris_payroll_items_tbl`
--

INSERT INTO `hris_payroll_items_tbl` (`payrollItemID`, `payrollID`, `timekeepingID`, `payrollAdjustmentID`, `onAdjustment`, `employeeID`, `hourlyRate`, `holdSalary`, `deductMandates`, `startDate`, `endDate`, `workingDays`, `holidays`, `lwopDays`, `paidLeaveDays`, `restDays`, `scheduleHours`, `basicHours`, `overtimeHours`, `nightDifferentialHours`, `lateUndertimeHours`, `lwopHours`, `basicSalary`, `basicPay`, `holidayPay`, `holidayAdjustment`, `holidayAdjustmentRemarks`, `overtimePay`, `overtimeAdjustment`, `overtimeAdjustmentRemarks`, `nightDifferentialPay`, `nightDifferentialAdjustment`, `nightDifferentialAdjustmentRemarks`, `allowance`, `allowanceAdjustment`, `allowanceAdjustmentRemarks`, `leavePay`, `lateUndertimeDeduction`, `lateUndertimeAdjustment`, `lateUndertimeAdjustmentRemarks`, `lwopDeduction`, `lwopAdjustment`, `lwopAdjustmentRemarks`, `prevGrossPay`, `grossPay`, `sssBasis`, `sssDeduction`, `sssAdjustment`, `sssAdjustmentRemarks`, `sssEmployer`, `sssTotal`, `phicBasis`, `phicDeduction`, `phicAdjustment`, `phicAdjustmentRemarks`, `phicEmployer`, `phicTotal`, `hdmfBasis`, `hdmfDeduction`, `hdmfAdjustment`, `hdmfAdjustmentRemarks`, `hdmfEmployer`, `hdmfTotal`, `withHoldingBasis`, `withHoldingDeduction`, `withHoldingAdjustment`, `withHoldingAdjustmentRemarks`, `totalDeduction`, `loanBasis`, `loanDeduction`, `loanAdjustment`, `loanAdjustmentRemarks`, `otherAdjustment`, `otherAdjustmentRemarks`, `prevNetPay`, `salaryReleaseID`, `salaryReleaseAmount`, `netPay`, `ammortizationID`, `ammortizationName`, `ammortizationAmount`, `printedPayslip`, `createdBy`, `updatedBy`, `createdAt`, `updatedAt`) VALUES
(1, 1, 1, 0, 0, 2, '102.27', 0, 1, '2021-12-06', '2021-12-20', 11, 0, 4, 0, 4, '87.00', '46.28', '0.00', '0.00', '0.72', '32.00', '9000.00', '4835.33', '0.00', '0.00', '', '0.00', '0.00', '', '0.00', '0.00', '', '200.00', '-100.00', '', '0.00', '73.63', '-3.63', '', '3272.64', '72.64', '', '0.00', '5584.72', '247.50', '247.50', '0.00', '', '257.50', '505.00', '97.73', '97.73', '8.94', '', '97.73', '195.47', '100.00', '100.00', '0.00', '', '100.00', '200.00', '0.00', '0.00', '0.00', '', '445.23', '0.00', '0.00', '0.00', '', '0.00', '', '0.00', NULL, NULL, '5239.49', '', '', '', 0, 2, 2, '2021-12-27 16:03:23', '2021-12-28 00:57:40'),
(2, 1, 1, 0, 0, 4, '11.67', 0, 1, '2021-12-06', '2021-12-20', 9, 0, 3, 0, 6, '88.00', '48.03', '0.00', '0.00', '9.04', '24.00', '1050.00', '560.51', '0.00', '0.00', NULL, '0.00', '0.00', NULL, '0.00', '0.00', NULL, '0.00', '0.00', NULL, '0.00', '82.82', '0.00', NULL, '349.92', '0.00', NULL, '0.00', '617.26', '0.00', '0.00', '0.00', NULL, '0.00', '0.00', '0.00', '0.00', '0.00', NULL, '0.00', '0.00', '100.00', '100.00', '0.00', NULL, '100.00', '200.00', '0.00', '0.00', '0.00', NULL, '100.00', '0.00', '0.00', '0.00', NULL, '0.00', NULL, '0.00', NULL, NULL, '517.26', '', '', '', 0, 2, 2, '2021-12-27 16:03:23', '2021-12-28 00:57:40'),
(3, 1, 1, 0, 0, 5, '10.80', 1, 1, '2021-12-06', '2021-12-20', 11, 0, 4, 0, 4, '87.00', '46.26', '0.00', '0.00', '0.74', '32.00', '950.00', '510.39', '0.00', '0.00', NULL, '0.00', '0.00', NULL, '0.00', '0.00', NULL, '0.00', '0.00', NULL, '0.00', '7.99', '0.00', NULL, '345.60', '0.00', NULL, '0.00', '596.41', '0.00', '0.00', '0.00', NULL, '0.00', '0.00', '0.00', '0.00', '0.00', NULL, '0.00', '0.00', '100.00', '100.00', '0.00', NULL, '100.00', '200.00', '0.00', '0.00', '0.00', NULL, '100.00', '0.00', '0.00', '0.00', NULL, '0.00', NULL, '0.00', NULL, NULL, '496.41', '', '', '', 0, 2, 2, '2021-12-27 16:03:23', '2021-12-28 00:57:40'),
(4, 1, 1, 0, 0, 7, '71.02', 1, 1, '2021-12-06', '2021-12-20', 11, 0, 4, 0, 4, '87.00', '46.26', '0.00', '0.00', '0.74', '32.00', '6250.00', '3356.43', '0.00', '0.00', NULL, '0.00', '0.00', NULL, '0.00', '0.00', NULL, '0.00', '0.00', NULL, '0.00', '52.56', '0.00', NULL, '2272.64', '0.00', NULL, '0.00', '3924.80', '180.00', '180.00', '0.00', NULL, '190.00', '370.00', '68.68', '68.68', '0.00', NULL, '68.68', '137.37', '100.00', '100.00', '0.00', NULL, '100.00', '200.00', '0.00', '0.00', '0.00', NULL, '348.68', '0.00', '0.00', '0.00', NULL, '0.00', NULL, '0.00', NULL, NULL, '3576.12', '', '', '', 0, 2, 2, '2021-12-27 16:03:23', '2021-12-28 00:57:40'),
(5, 1, 1, 0, 0, 20, '277.78', 0, 1, '2021-12-06', '2021-12-20', 9, 0, 3, 0, 6, '88.00', '47.01', '0.00', '0.00', '9.04', '24.00', '25000.00', '13058.44', '0.00', '0.00', '', '0.00', '0.00', '', '0.00', '0.00', '', '250.00', '50.00', '', '0.00', '1973.00', '73.00', '', '8333.28', '-33.28', '', '0.00', '14654.00', '652.50', '652.50', '0.00', '', '662.50', '1315.00', '256.45', '256.45', '-57.14', '', '256.45', '512.89', '100.00', '100.00', '0.00', '', '100.00', '200.00', '0.00', '0.00', '0.00', '', '1008.95', '20854.17', '20854.17', '0.00', '', '0.00', '', '0.00', NULL, NULL, '-6909.12', '1', 'Car Loan', '20854.17', 0, 2, 2, '2021-12-27 16:03:23', '2021-12-28 00:57:40'),
(6, 1, 1, 0, 0, 22, '73.86', 1, 1, '2021-12-06', '2021-12-20', 11, 0, 11, 0, 4, '87.00', '0.00', '0.00', '0.00', '0.00', '87.00', '6500.00', '0.00', '0.00', '0.00', NULL, '0.00', '0.00', NULL, '0.00', '0.00', NULL, '0.00', '0.00', NULL, '0.00', '0.00', '0.00', NULL, '6499.74', '0.00', NULL, '0.00', '0.26', '0.00', '0.00', '0.00', NULL, '0.00', '0.00', '0.00', '0.00', '0.00', NULL, '0.00', '0.00', '100.00', '100.00', '0.00', NULL, '100.00', '200.00', '0.00', '0.00', '0.00', NULL, '100.00', '0.00', '0.00', '0.00', NULL, '0.00', NULL, '0.00', NULL, NULL, '-99.74', '', '', '', 0, 2, 2, '2021-12-27 16:03:23', '2021-12-28 00:57:40'),
(7, 1, 1, 0, 0, 23, '119.32', 0, 1, '2021-12-06', '2021-12-20', 11, 0, 11, 0, 4, '87.00', '0.00', '0.00', '0.00', '0.00', '87.00', '10500.00', '0.00', '0.00', '0.00', NULL, '0.00', '0.00', NULL, '0.00', '0.00', NULL, '0.00', '0.00', NULL, '0.00', '0.00', '0.00', NULL, '10500.00', '0.00', NULL, '0.00', '0.00', '0.00', '0.00', '0.00', NULL, '0.00', '0.00', '0.00', '0.00', '0.00', NULL, '0.00', '0.00', '100.00', '0.00', '0.00', NULL, '100.00', '200.00', '0.00', '0.00', '0.00', NULL, '0.00', '0.00', '0.00', '0.00', NULL, '0.00', NULL, '0.00', NULL, NULL, '0.00', '', '', '', 0, 2, 2, '2021-12-27 16:03:23', '2021-12-28 00:57:40'),
(8, 2, 2, NULL, NULL, 2, '0.00', 0, 1, '2021-11-21', '2021-12-05', 9, 0, 0, 0, 6, '69.00', '69.67', '0.00', '1.00', '0.53', '0.00', '9000.00', '9100.42', '0.00', NULL, NULL, '0.00', NULL, NULL, '14.29', NULL, NULL, '200.00', NULL, NULL, '0.00', '71.07', NULL, NULL, '0.00', NULL, NULL, '5584.72', '8943.22', '652.50', '652.50', NULL, NULL, '662.50', '1315.00', '254.24', '254.24', NULL, NULL, '254.24', '508.48', '100.00', '100.00', NULL, NULL, '100.00', '200.00', '0.00', '0.00', NULL, NULL, '0.00', '0.00', '0.00', NULL, NULL, NULL, NULL, '5239.49', NULL, NULL, '8136.48', '', '', '', 0, 2, 2, '2021-12-29 08:18:06', '2021-12-29 00:19:00'),
(9, 2, 2, NULL, NULL, 4, '0.00', 0, 1, '2021-11-21', '2021-12-05', 7, 0, 0, 0, 8, '78.00', '40.64', '0.00', '0.00', '12.88', '0.00', '1050.00', '598.88', '0.00', NULL, NULL, '0.00', NULL, NULL, '0.00', NULL, NULL, '0.00', NULL, NULL, '0.00', '145.84', NULL, NULL, '0.00', NULL, NULL, '617.26', '904.16', '135.00', '135.00', NULL, NULL, '145.00', '280.00', '26.62', '26.62', NULL, NULL, '26.62', '53.25', '100.00', '100.00', NULL, NULL, '100.00', '200.00', '0.00', '0.00', NULL, NULL, '0.00', '0.00', '0.00', NULL, NULL, NULL, NULL, '517.26', NULL, NULL, '642.54', '', '', '', 0, 2, 2, '2021-12-29 08:18:06', '2021-12-29 00:19:00'),
(10, 2, 2, NULL, NULL, 5, '0.00', 1, 1, '2021-11-21', '2021-12-05', 9, 0, 0, 0, 6, '70.00', '61.74', '0.00', '0.00', '0.26', '0.00', '950.00', '840.81', '0.00', NULL, NULL, '0.00', NULL, NULL, '0.00', NULL, NULL, '0.00', NULL, NULL, '0.00', '3.43', NULL, NULL, '0.00', NULL, NULL, '596.41', '946.57', '135.00', '135.00', NULL, NULL, '145.00', '280.00', '27.00', '27.00', NULL, NULL, '27.00', '54.00', '100.00', '100.00', NULL, NULL, '100.00', '200.00', '0.00', '0.00', NULL, NULL, '0.00', '0.00', '0.00', NULL, NULL, NULL, NULL, '496.41', NULL, NULL, '684.57', '', '', '', 0, 2, 2, '2021-12-29 08:18:06', '2021-12-29 00:19:00'),
(11, 2, 2, NULL, NULL, 7, '0.00', 0, 1, '2021-11-21', '2021-12-05', 9, 0, 0, 0, 6, '70.00', '61.74', '0.00', '0.00', '0.26', '0.00', '6250.00', '5533.25', '0.00', NULL, NULL, '0.00', NULL, NULL, '0.00', NULL, NULL, '0.00', NULL, NULL, '0.00', '22.57', NULL, NULL, '0.00', NULL, NULL, '3924.80', '6227.43', '450.00', '450.00', NULL, NULL, '460.00', '910.00', '177.66', '177.66', NULL, NULL, '177.66', '355.33', '100.00', '100.00', NULL, NULL, '100.00', '200.00', '0.00', '0.00', NULL, NULL, '0.00', '0.00', '0.00', NULL, NULL, NULL, NULL, '3576.12', NULL, NULL, '5499.77', '', '', '', 0, 2, 2, '2021-12-29 08:18:06', '2021-12-29 00:19:00'),
(12, 2, 2, NULL, NULL, 20, '0.00', 0, 1, '2021-11-21', '2021-12-05', 7, 0, 0, 0, 8, '78.00', '40.63', '0.00', '0.00', '20.02', '0.00', '25000.00', '14255.51', '0.00', NULL, NULL, '0.00', NULL, NULL, '0.00', NULL, NULL, '250.00', NULL, NULL, '0.00', '6023.42', NULL, NULL, '0.00', NULL, NULL, '14654.00', '18976.58', '900.00', '900.00', NULL, NULL, '930.00', '1830.00', '588.54', '588.54', NULL, NULL, '588.54', '1177.07', '100.00', '100.00', NULL, NULL, '100.00', '200.00', '0.00', '2177.26', NULL, NULL, '0.00', '20854.17', '20854.17', NULL, NULL, NULL, NULL, '-6909.12', NULL, NULL, '-5393.39', '2', 'Car Loan', '20854.17', 0, 2, 2, '2021-12-29 08:18:07', '2021-12-29 00:19:00'),
(13, 2, 2, NULL, NULL, 22, '0.00', 1, 1, '2021-11-21', '2021-12-05', 9, 0, 9, 0, 6, '70.00', '0.00', '0.00', '0.00', '0.00', '70.00', '6500.00', '0.00', '0.00', NULL, NULL, '0.00', NULL, NULL, '0.00', NULL, NULL, '0.00', NULL, NULL, '0.00', '0.00', NULL, NULL, '6500.00', NULL, NULL, '0.26', '0.00', '0.00', '0.00', NULL, NULL, '0.00', '0.00', '0.00', '0.00', NULL, NULL, '0.00', '0.00', '100.00', '0.00', NULL, NULL, '100.00', '200.00', '0.00', '0.00', NULL, NULL, '0.00', '0.00', '0.00', NULL, NULL, NULL, NULL, '-99.74', NULL, NULL, '0.00', '', '', '', 0, 2, 2, '2021-12-29 08:18:07', '2021-12-29 00:19:00'),
(14, 2, 2, NULL, NULL, 23, '0.00', 1, 1, '2021-11-21', '2021-12-05', 9, 0, 9, 0, 6, '70.00', '0.00', '0.00', '0.00', '0.00', '70.00', '10500.00', '0.00', '0.00', NULL, NULL, '0.00', NULL, NULL, '0.00', NULL, NULL, '0.00', NULL, NULL, '0.00', '0.00', NULL, NULL, '10499.86', NULL, NULL, '0.00', '0.14', '0.00', '0.00', NULL, NULL, '0.00', '0.00', '0.00', '0.00', NULL, NULL, '0.00', '0.00', '100.00', '100.00', NULL, NULL, '100.00', '200.00', '0.00', '0.00', NULL, NULL, '0.00', '0.00', '0.00', NULL, NULL, NULL, NULL, '0.00', NULL, NULL, '-99.86', '', '', '', 0, 2, 2, '2021-12-29 08:18:07', '2021-12-29 00:19:00');

-- --------------------------------------------------------

--
-- Table structure for table `hris_payroll_production_tbl`
--

CREATE TABLE `hris_payroll_production_tbl` (
  `payrollProductionID` bigint(20) NOT NULL,
  `payrollID` bigint(20) DEFAULT NULL,
  `timekeepingID` bigint(20) DEFAULT NULL,
  `timekeepingItemID` bigint(20) DEFAULT NULL,
  `employeeID` bigint(20) DEFAULT NULL,
  `hourlyRate` decimal(15,2) DEFAULT NULL,
  `scheduleDate` date DEFAULT NULL,
  `scheduleDuration` decimal(10,2) DEFAULT NULL,
  `dayType` varchar(45) DEFAULT NULL,
  `restDay` int(11) DEFAULT NULL,
  `status` varchar(45) DEFAULT NULL,
  `lwopHours` decimal(15,2) DEFAULT NULL,
  `lateHours` decimal(15,2) DEFAULT NULL,
  `undertimeHours` decimal(15,2) DEFAULT NULL,
  `basicHours` decimal(10,2) DEFAULT NULL,
  `overtimeHours` decimal(10,2) DEFAULT NULL,
  `nightDifferentialHours` decimal(10,2) DEFAULT NULL,
  `overtimeNightDifferentialHours` decimal(15,2) DEFAULT NULL,
  `lateUndertimeHours` decimal(10,2) DEFAULT NULL,
  `leaveHours` decimal(15,2) DEFAULT NULL,
  `basicRate` decimal(10,2) DEFAULT NULL,
  `overtimeRate` decimal(10,2) DEFAULT NULL,
  `nightDifferentialRate` decimal(10,2) DEFAULT NULL,
  `lwopDeduction` decimal(15,2) DEFAULT NULL,
  `lateDeduction` decimal(15,2) DEFAULT NULL,
  `undertimeDeduction` decimal(15,2) DEFAULT NULL,
  `basicPay` decimal(15,2) DEFAULT NULL,
  `holidayPay` decimal(15,2) DEFAULT NULL,
  `leavePay` decimal(15,2) DEFAULT NULL,
  `overtimePay` decimal(15,2) DEFAULT NULL,
  `nightDifferentialPay` decimal(15,2) DEFAULT NULL,
  `lateUndertimeDeduction` decimal(15,2) DEFAULT NULL,
  `schedulePay` decimal(15,2) DEFAULT NULL,
  `totalPay` decimal(15,2) DEFAULT NULL,
  `createdBy` bigint(21) DEFAULT NULL,
  `updatedBy` bigint(21) DEFAULT NULL,
  `createdAt` timestamp NULL DEFAULT current_timestamp(),
  `updatedAt` timestamp NULL DEFAULT current_timestamp() ON UPDATE current_timestamp()
) ENGINE=InnoDB DEFAULT CHARSET=utf8mb4;

--
-- Dumping data for table `hris_payroll_production_tbl`
--

INSERT INTO `hris_payroll_production_tbl` (`payrollProductionID`, `payrollID`, `timekeepingID`, `timekeepingItemID`, `employeeID`, `hourlyRate`, `scheduleDate`, `scheduleDuration`, `dayType`, `restDay`, `status`, `lwopHours`, `lateHours`, `undertimeHours`, `basicHours`, `overtimeHours`, `nightDifferentialHours`, `overtimeNightDifferentialHours`, `lateUndertimeHours`, `leaveHours`, `basicRate`, `overtimeRate`, `nightDifferentialRate`, `lwopDeduction`, `lateDeduction`, `undertimeDeduction`, `basicPay`, `holidayPay`, `leavePay`, `overtimePay`, `nightDifferentialPay`, `lateUndertimeDeduction`, `schedulePay`, `totalPay`, `createdBy`, `updatedBy`, `createdAt`, `updatedAt`) VALUES
(1, 1, 1, 1, 2, '102.27', '2021-12-06', '8.00', 'ordinary day', 0, 'COMPLETE', NULL, NULL, NULL, '8.00', '0.00', '0.00', '0.00', '0.00', '0.00', '1.00', '1.25', '0.10', NULL, NULL, NULL, '818.16', '0.00', '0.00', '0.00', '0.00', '0.00', '818.16', '818.16', 2, 2, '2021-12-27 16:03:23', '2021-12-27 08:03:23'),
(2, 1, 1, 2, 2, '102.27', '2021-12-07', '8.00', 'ordinary day', 0, 'COMPLETE', NULL, NULL, NULL, '8.00', '0.00', '0.00', '0.00', '0.00', '0.00', '1.00', '1.25', '0.10', NULL, NULL, NULL, '818.16', '0.00', '0.00', '0.00', '0.00', '0.00', '818.16', '818.16', 2, 2, '2021-12-27 16:03:23', '2021-12-27 08:03:23'),
(3, 1, 1, 3, 2, '0.00', '2021-12-08', '0.00', 'special non-working holiday', 1, 'NO_SCHEDULE', NULL, NULL, NULL, '0.00', '0.00', '0.00', '0.00', '0.00', '0.00', '1.50', '1.95', '0.10', NULL, NULL, NULL, '0.00', '0.00', '0.00', '0.00', '0.00', '0.00', '0.00', '0.00', 2, 2, '2021-12-27 16:03:23', '2021-12-27 08:03:23'),
(4, 1, 1, 4, 2, '102.27', '2021-12-09', '8.00', 'ordinary day', 0, 'COMPLETE', NULL, NULL, NULL, '8.00', '0.00', '0.00', '0.00', '0.00', '0.00', '1.00', '1.25', '0.10', NULL, NULL, NULL, '818.16', '0.00', '0.00', '0.00', '0.00', '0.00', '818.16', '818.16', 2, 2, '2021-12-27 16:03:23', '2021-12-27 08:03:23'),
(5, 1, 1, 5, 2, '102.27', '2021-12-10', '8.00', 'ordinary day', 0, 'COMPLETE', NULL, NULL, NULL, '7.66', '0.00', '0.00', '0.00', '0.34', '0.00', '1.00', '1.25', '0.10', NULL, NULL, NULL, '783.39', '0.00', '0.00', '0.00', '0.00', '34.77', '818.16', '783.39', 2, 2, '2021-12-27 16:03:23', '2021-12-27 08:03:23'),
(6, 1, 1, 6, 2, '102.27', '2021-12-11', '8.00', 'ordinary day', 0, 'ABSENT', NULL, NULL, NULL, '0.00', '0.00', '0.00', '0.00', '0.00', '0.00', '1.00', '1.25', '0.10', NULL, NULL, NULL, '0.00', '0.00', '0.00', '0.00', '0.00', '0.00', '818.16', '0.00', 2, 2, '2021-12-27 16:03:23', '2021-12-27 08:03:23'),
(7, 1, 1, 7, 2, '0.00', '2021-12-12', '0.00', 'ordinary day', 1, 'REST_DAY', NULL, NULL, NULL, '0.00', '0.00', '0.00', '0.00', '0.00', '0.00', '1.30', '1.69', '0.10', NULL, NULL, NULL, '0.00', '0.00', '0.00', '0.00', '0.00', '0.00', '0.00', '0.00', 2, 2, '2021-12-27 16:03:23', '2021-12-27 08:03:23'),
(8, 1, 1, 8, 2, '102.27', '2021-12-13', '8.00', 'ordinary day', 0, 'NO_TIME_IN', NULL, NULL, NULL, '0.00', '0.00', '0.00', '0.00', '0.00', '0.00', '1.00', '1.25', '0.10', NULL, NULL, NULL, '0.00', '0.00', '0.00', '0.00', '0.00', '0.00', '818.16', '0.00', 2, 2, '2021-12-27 16:03:23', '2021-12-27 08:03:23'),
(9, 1, 1, 9, 2, '102.27', '2021-12-14', '8.00', 'ordinary day', 0, 'COMPLETE', NULL, NULL, NULL, '7.62', '0.00', '0.00', '0.00', '0.38', '0.00', '1.00', '1.25', '0.10', NULL, NULL, NULL, '779.30', '0.00', '0.00', '0.00', '0.00', '38.86', '818.16', '779.30', 2, 2, '2021-12-27 16:03:23', '2021-12-27 08:03:23'),
(10, 1, 1, 10, 2, '116.88', '2021-12-15', '7.00', 'ordinary day', 0, 'COMPLETE', NULL, NULL, NULL, '7.00', '0.00', '0.00', '0.00', '0.00', '0.00', '1.00', '1.25', '0.10', NULL, NULL, NULL, '818.16', '0.00', '0.00', '0.00', '0.00', '0.00', '818.16', '818.16', 2, 2, '2021-12-27 16:03:23', '2021-12-27 08:03:23'),
(11, 1, 1, 11, 2, '102.27', '2021-12-16', '8.00', 'ordinary day', 0, 'ABSENT', NULL, NULL, NULL, '0.00', '0.00', '0.00', '0.00', '0.00', '0.00', '1.00', '1.25', '0.10', NULL, NULL, NULL, '0.00', '0.00', '0.00', '0.00', '0.00', '0.00', '818.16', '0.00', 2, 2, '2021-12-27 16:03:23', '2021-12-27 08:03:23'),
(12, 1, 1, 12, 2, '102.27', '2021-12-17', '8.00', 'ordinary day', 0, 'ABSENT', NULL, NULL, NULL, '0.00', '0.00', '0.00', '0.00', '0.00', '0.00', '1.00', '1.25', '0.10', NULL, NULL, NULL, '0.00', '0.00', '0.00', '0.00', '0.00', '0.00', '818.16', '0.00', 2, 2, '2021-12-27 16:03:23', '2021-12-27 08:03:23'),
(13, 1, 1, 13, 2, '0.00', '2021-12-18', '0.00', 'ordinary day', 1, 'REST_DAY', NULL, NULL, NULL, '0.00', '0.00', '0.00', '0.00', '0.00', '0.00', '1.30', '1.69', '0.10', NULL, NULL, NULL, '0.00', '0.00', '0.00', '0.00', '0.00', '0.00', '0.00', '0.00', 2, 2, '2021-12-27 16:03:23', '2021-12-27 08:03:23'),
(14, 1, 1, 14, 2, '0.00', '2021-12-19', '0.00', 'ordinary day', 1, 'REST_DAY', NULL, NULL, NULL, '0.00', '0.00', '0.00', '0.00', '0.00', '0.00', '1.30', '1.69', '0.10', NULL, NULL, NULL, '0.00', '0.00', '0.00', '0.00', '0.00', '0.00', '0.00', '0.00', 2, 2, '2021-12-27 16:03:23', '2021-12-27 08:03:23'),
(15, 1, 1, 15, 2, '102.27', '2021-12-20', '8.00', 'ordinary day', 0, 'ABSENT', NULL, NULL, NULL, '0.00', '0.00', '0.00', '0.00', '0.00', '0.00', '1.00', '1.25', '0.10', NULL, NULL, NULL, '0.00', '0.00', '0.00', '0.00', '0.00', '0.00', '818.16', '0.00', 2, 2, '2021-12-27 16:03:23', '2021-12-27 08:03:23'),
(16, 1, 1, 16, 4, '11.67', '2021-12-06', '10.00', 'ordinary day', 0, 'COMPLETE', NULL, NULL, NULL, '9.45', '0.00', '0.00', '0.00', '0.68', '0.00', '1.00', '1.25', '0.10', NULL, NULL, NULL, '110.28', '0.00', '0.00', '0.00', '0.00', '7.94', '116.70', '110.28', 2, 2, '2021-12-27 16:03:23', '2021-12-27 08:03:23'),
(17, 1, 1, 17, 4, '11.67', '2021-12-07', '10.00', 'ordinary day', 0, 'COMPLETE', NULL, NULL, NULL, '9.31', '0.00', '0.00', '0.00', '0.83', '0.00', '1.00', '1.25', '0.10', NULL, NULL, NULL, '108.65', '0.00', '0.00', '0.00', '0.00', '9.69', '116.70', '108.65', 2, 2, '2021-12-27 16:03:23', '2021-12-27 08:03:23'),
(18, 1, 1, 18, 4, '0.00', '2021-12-08', '0.00', 'special non-working holiday', 1, 'NO_SCHEDULE', NULL, NULL, NULL, '0.00', '0.00', '0.00', '0.00', '0.00', '0.00', '1.50', '1.95', '0.10', NULL, NULL, NULL, '0.00', '0.00', '0.00', '0.00', '0.00', '0.00', '0.00', '0.00', 2, 2, '2021-12-27 16:03:23', '2021-12-27 08:03:23'),
(19, 1, 1, 19, 4, '8.33', '2021-12-09', '14.00', 'ordinary day', 0, 'COMPLETE', NULL, NULL, NULL, '0.00', '0.00', '0.00', '0.00', '6.79', '0.00', '1.00', '1.25', '0.10', NULL, NULL, NULL, '0.00', '0.00', '0.00', '0.00', '0.00', '56.56', '116.62', '0.00', 2, 2, '2021-12-27 16:03:23', '2021-12-27 08:03:23'),
(20, 1, 1, 20, 4, '11.67', '2021-12-10', '10.00', 'ordinary day', 0, 'COMPLETE', NULL, NULL, NULL, '9.66', '0.00', '0.00', '0.00', '0.35', '0.00', '1.00', '1.25', '0.10', NULL, NULL, NULL, '112.73', '0.00', '0.00', '0.00', '0.00', '4.08', '116.70', '112.73', 2, 2, '2021-12-27 16:03:23', '2021-12-27 08:03:23'),
(21, 1, 1, 21, 4, '0.00', '2021-12-11', '0.00', 'ordinary day', 1, 'REST_DAY', NULL, NULL, NULL, '0.00', '0.00', '0.00', '0.00', '0.00', '0.00', '1.30', '1.69', '0.10', NULL, NULL, NULL, '0.00', '0.00', '0.00', '0.00', '0.00', '0.00', '0.00', '0.00', 2, 2, '2021-12-27 16:03:23', '2021-12-27 08:03:23'),
(22, 1, 1, 22, 4, '0.00', '2021-12-12', '0.00', 'ordinary day', 1, 'REST_DAY', NULL, NULL, NULL, '0.00', '0.00', '0.00', '0.00', '0.00', '0.00', '1.30', '1.69', '0.10', NULL, NULL, NULL, '0.00', '0.00', '0.00', '0.00', '0.00', '0.00', '0.00', '0.00', 2, 2, '2021-12-27 16:03:23', '2021-12-27 08:03:23'),
(23, 1, 1, 23, 4, '11.67', '2021-12-13', '10.00', 'ordinary day', 0, 'COMPLETE', NULL, NULL, NULL, '10.00', '0.00', '0.00', '0.00', '0.00', '0.00', '1.00', '1.25', '0.10', NULL, NULL, NULL, '116.70', '0.00', '0.00', '0.00', '0.00', '0.00', '116.70', '116.70', 2, 2, '2021-12-27 16:03:23', '2021-12-27 08:03:23'),
(24, 1, 1, 24, 4, '11.67', '2021-12-14', '10.00', 'ordinary day', 0, 'COMPLETE', NULL, NULL, NULL, '9.61', '0.00', '0.00', '0.00', '0.39', '0.00', '1.00', '1.25', '0.10', NULL, NULL, NULL, '112.15', '0.00', '0.00', '0.00', '0.00', '4.55', '116.70', '112.15', 2, 2, '2021-12-27 16:03:23', '2021-12-27 08:03:23'),
(25, 1, 1, 25, 4, '0.00', '2021-12-15', '0.00', 'ordinary day', 1, 'REST_DAY', NULL, NULL, NULL, '0.00', '0.00', '0.00', '0.00', '0.00', '0.00', '1.30', '1.69', '0.10', NULL, NULL, NULL, '0.00', '0.00', '0.00', '0.00', '0.00', '0.00', '0.00', '0.00', 2, 2, '2021-12-27 16:03:23', '2021-12-27 08:03:23'),
(26, 1, 1, 26, 4, '14.58', '2021-12-16', '8.00', 'ordinary day', 0, 'ABSENT', NULL, NULL, NULL, '0.00', '0.00', '0.00', '0.00', '0.00', '0.00', '1.00', '1.25', '0.10', NULL, NULL, NULL, '0.00', '0.00', '0.00', '0.00', '0.00', '0.00', '116.64', '0.00', 2, 2, '2021-12-27 16:03:23', '2021-12-27 08:03:23'),
(27, 1, 1, 27, 4, '14.58', '2021-12-17', '8.00', 'ordinary day', 0, 'ABSENT', NULL, NULL, NULL, '0.00', '0.00', '0.00', '0.00', '0.00', '0.00', '1.00', '1.25', '0.10', NULL, NULL, NULL, '0.00', '0.00', '0.00', '0.00', '0.00', '0.00', '116.64', '0.00', 2, 2, '2021-12-27 16:03:23', '2021-12-27 08:03:23'),
(28, 1, 1, 28, 4, '0.00', '2021-12-18', '0.00', 'ordinary day', 1, 'REST_DAY', NULL, NULL, NULL, '0.00', '0.00', '0.00', '0.00', '0.00', '0.00', '1.30', '1.69', '0.10', NULL, NULL, NULL, '0.00', '0.00', '0.00', '0.00', '0.00', '0.00', '0.00', '0.00', 2, 2, '2021-12-27 16:03:23', '2021-12-27 08:03:23'),
(29, 1, 1, 29, 4, '0.00', '2021-12-19', '0.00', 'ordinary day', 1, 'REST_DAY', NULL, NULL, NULL, '0.00', '0.00', '0.00', '0.00', '0.00', '0.00', '1.30', '1.69', '0.10', NULL, NULL, NULL, '0.00', '0.00', '0.00', '0.00', '0.00', '0.00', '0.00', '0.00', 2, 2, '2021-12-27 16:03:23', '2021-12-27 08:03:23'),
(30, 1, 1, 30, 4, '14.58', '2021-12-20', '8.00', 'ordinary day', 0, 'ABSENT', NULL, NULL, NULL, '0.00', '0.00', '0.00', '0.00', '0.00', '0.00', '1.00', '1.25', '0.10', NULL, NULL, NULL, '0.00', '0.00', '0.00', '0.00', '0.00', '0.00', '116.64', '0.00', 2, 2, '2021-12-27 16:03:23', '2021-12-27 08:03:23'),
(31, 1, 1, 31, 5, '10.80', '2021-12-06', '8.00', 'ordinary day', 0, 'COMPLETE', NULL, NULL, NULL, '8.00', '0.00', '0.00', '0.00', '0.00', '0.00', '1.00', '1.25', '0.10', NULL, NULL, NULL, '86.40', '0.00', '0.00', '0.00', '0.00', '0.00', '86.40', '86.40', 2, 2, '2021-12-27 16:03:23', '2021-12-27 08:03:23'),
(32, 1, 1, 32, 5, '10.80', '2021-12-07', '8.00', 'ordinary day', 0, 'COMPLETE', NULL, NULL, NULL, '8.00', '0.00', '0.00', '0.00', '0.00', '0.00', '1.00', '1.25', '0.10', NULL, NULL, NULL, '86.40', '0.00', '0.00', '0.00', '0.00', '0.00', '86.40', '86.40', 2, 2, '2021-12-27 16:03:23', '2021-12-27 08:03:23'),
(33, 1, 1, 33, 5, '0.00', '2021-12-08', '0.00', 'special non-working holiday', 1, 'NO_SCHEDULE', NULL, NULL, NULL, '0.00', '0.00', '0.00', '0.00', '0.00', '0.00', '1.50', '1.95', '0.10', NULL, NULL, NULL, '0.00', '0.00', '0.00', '0.00', '0.00', '0.00', '0.00', '0.00', 2, 2, '2021-12-27 16:03:23', '2021-12-27 08:03:23'),
(34, 1, 1, 34, 5, '10.80', '2021-12-09', '8.00', 'ordinary day', 0, 'COMPLETE', NULL, NULL, NULL, '8.00', '0.00', '0.00', '0.00', '0.00', '0.00', '1.00', '1.25', '0.10', NULL, NULL, NULL, '86.40', '0.00', '0.00', '0.00', '0.00', '0.00', '86.40', '86.40', 2, 2, '2021-12-27 16:03:23', '2021-12-27 08:03:23'),
(35, 1, 1, 35, 5, '10.80', '2021-12-10', '8.00', 'ordinary day', 0, 'COMPLETE', NULL, NULL, NULL, '7.65', '0.00', '0.00', '0.00', '0.35', '0.00', '1.00', '1.25', '0.10', NULL, NULL, NULL, '82.62', '0.00', '0.00', '0.00', '0.00', '3.78', '86.40', '82.62', 2, 2, '2021-12-27 16:03:23', '2021-12-27 08:03:23'),
(36, 1, 1, 36, 5, '10.80', '2021-12-11', '8.00', 'ordinary day', 0, 'ABSENT', NULL, NULL, NULL, '0.00', '0.00', '0.00', '0.00', '0.00', '0.00', '1.00', '1.25', '0.10', NULL, NULL, NULL, '0.00', '0.00', '0.00', '0.00', '0.00', '0.00', '86.40', '0.00', 2, 2, '2021-12-27 16:03:23', '2021-12-27 08:03:23'),
(37, 1, 1, 37, 5, '0.00', '2021-12-12', '0.00', 'ordinary day', 1, 'REST_DAY', NULL, NULL, NULL, '0.00', '0.00', '0.00', '0.00', '0.00', '0.00', '1.30', '1.69', '0.10', NULL, NULL, NULL, '0.00', '0.00', '0.00', '0.00', '0.00', '0.00', '0.00', '0.00', 2, 2, '2021-12-27 16:03:23', '2021-12-27 08:03:23'),
(38, 1, 1, 38, 5, '10.80', '2021-12-13', '8.00', 'ordinary day', 0, 'NO_TIME_IN', NULL, NULL, NULL, '0.00', '0.00', '0.00', '0.00', '0.00', '0.00', '1.00', '1.25', '0.10', NULL, NULL, NULL, '0.00', '0.00', '0.00', '0.00', '0.00', '0.00', '86.40', '0.00', 2, 2, '2021-12-27 16:03:23', '2021-12-27 08:03:23'),
(39, 1, 1, 39, 5, '10.80', '2021-12-14', '8.00', 'ordinary day', 0, 'COMPLETE', NULL, NULL, NULL, '7.61', '0.00', '0.00', '0.00', '0.39', '0.00', '1.00', '1.25', '0.10', NULL, NULL, NULL, '82.19', '0.00', '0.00', '0.00', '0.00', '4.21', '86.40', '82.19', 2, 2, '2021-12-27 16:03:23', '2021-12-27 08:03:23'),
(40, 1, 1, 40, 5, '12.34', '2021-12-15', '7.00', 'ordinary day', 0, 'COMPLETE', NULL, NULL, NULL, '7.00', '0.00', '0.00', '0.00', '0.00', '0.00', '1.00', '1.25', '0.10', NULL, NULL, NULL, '86.38', '0.00', '0.00', '0.00', '0.00', '0.00', '86.38', '86.38', 2, 2, '2021-12-27 16:03:23', '2021-12-27 08:03:23'),
(41, 1, 1, 41, 5, '10.80', '2021-12-16', '8.00', 'ordinary day', 0, 'ABSENT', NULL, NULL, NULL, '0.00', '0.00', '0.00', '0.00', '0.00', '0.00', '1.00', '1.25', '0.10', NULL, NULL, NULL, '0.00', '0.00', '0.00', '0.00', '0.00', '0.00', '86.40', '0.00', 2, 2, '2021-12-27 16:03:23', '2021-12-27 08:03:23'),
(42, 1, 1, 42, 5, '10.80', '2021-12-17', '8.00', 'ordinary day', 0, 'ABSENT', NULL, NULL, NULL, '0.00', '0.00', '0.00', '0.00', '0.00', '0.00', '1.00', '1.25', '0.10', NULL, NULL, NULL, '0.00', '0.00', '0.00', '0.00', '0.00', '0.00', '86.40', '0.00', 2, 2, '2021-12-27 16:03:23', '2021-12-27 08:03:23'),
(43, 1, 1, 43, 5, '0.00', '2021-12-18', '0.00', 'ordinary day', 1, 'REST_DAY', NULL, NULL, NULL, '0.00', '0.00', '0.00', '0.00', '0.00', '0.00', '1.30', '1.69', '0.10', NULL, NULL, NULL, '0.00', '0.00', '0.00', '0.00', '0.00', '0.00', '0.00', '0.00', 2, 2, '2021-12-27 16:03:23', '2021-12-27 08:03:23'),
(44, 1, 1, 44, 5, '0.00', '2021-12-19', '0.00', 'ordinary day', 1, 'REST_DAY', NULL, NULL, NULL, '0.00', '0.00', '0.00', '0.00', '0.00', '0.00', '1.30', '1.69', '0.10', NULL, NULL, NULL, '0.00', '0.00', '0.00', '0.00', '0.00', '0.00', '0.00', '0.00', 2, 2, '2021-12-27 16:03:23', '2021-12-27 08:03:23'),
(45, 1, 1, 45, 5, '10.80', '2021-12-20', '8.00', 'ordinary day', 0, 'ABSENT', NULL, NULL, NULL, '0.00', '0.00', '0.00', '0.00', '0.00', '0.00', '1.00', '1.25', '0.10', NULL, NULL, NULL, '0.00', '0.00', '0.00', '0.00', '0.00', '0.00', '86.40', '0.00', 2, 2, '2021-12-27 16:03:23', '2021-12-27 08:03:23'),
(46, 1, 1, 46, 7, '71.02', '2021-12-06', '8.00', 'ordinary day', 0, 'COMPLETE', NULL, NULL, NULL, '8.00', '0.00', '0.00', '0.00', '0.00', '0.00', '1.00', '1.25', '0.10', NULL, NULL, NULL, '568.16', '0.00', '0.00', '0.00', '0.00', '0.00', '568.16', '568.16', 2, 2, '2021-12-27 16:03:23', '2021-12-27 08:03:23'),
(47, 1, 1, 47, 7, '71.02', '2021-12-07', '8.00', 'ordinary day', 0, 'COMPLETE', NULL, NULL, NULL, '8.00', '0.00', '0.00', '0.00', '0.00', '0.00', '1.00', '1.25', '0.10', NULL, NULL, NULL, '568.16', '0.00', '0.00', '0.00', '0.00', '0.00', '568.16', '568.16', 2, 2, '2021-12-27 16:03:23', '2021-12-27 08:03:23'),
(48, 1, 1, 48, 7, '0.00', '2021-12-08', '0.00', 'special non-working holiday', 1, 'NO_SCHEDULE', NULL, NULL, NULL, '0.00', '0.00', '0.00', '0.00', '0.00', '0.00', '1.50', '1.95', '0.10', NULL, NULL, NULL, '0.00', '0.00', '0.00', '0.00', '0.00', '0.00', '0.00', '0.00', 2, 2, '2021-12-27 16:03:23', '2021-12-27 08:03:23'),
(49, 1, 1, 49, 7, '71.02', '2021-12-09', '8.00', 'ordinary day', 0, 'COMPLETE', NULL, NULL, NULL, '8.00', '0.00', '0.00', '0.00', '0.00', '0.00', '1.00', '1.25', '0.10', NULL, NULL, NULL, '568.16', '0.00', '0.00', '0.00', '0.00', '0.00', '568.16', '568.16', 2, 2, '2021-12-27 16:03:23', '2021-12-27 08:03:23'),
(50, 1, 1, 50, 7, '71.02', '2021-12-10', '8.00', 'ordinary day', 0, 'COMPLETE', NULL, NULL, NULL, '7.65', '0.00', '0.00', '0.00', '0.35', '0.00', '1.00', '1.25', '0.10', NULL, NULL, NULL, '543.30', '0.00', '0.00', '0.00', '0.00', '24.86', '568.16', '543.30', 2, 2, '2021-12-27 16:03:23', '2021-12-27 08:03:23'),
(51, 1, 1, 51, 7, '71.02', '2021-12-11', '8.00', 'ordinary day', 0, 'ABSENT', NULL, NULL, NULL, '0.00', '0.00', '0.00', '0.00', '0.00', '0.00', '1.00', '1.25', '0.10', NULL, NULL, NULL, '0.00', '0.00', '0.00', '0.00', '0.00', '0.00', '568.16', '0.00', 2, 2, '2021-12-27 16:03:23', '2021-12-27 08:03:23'),
(52, 1, 1, 52, 7, '0.00', '2021-12-12', '0.00', 'ordinary day', 1, 'REST_DAY', NULL, NULL, NULL, '0.00', '0.00', '0.00', '0.00', '0.00', '0.00', '1.30', '1.69', '0.10', NULL, NULL, NULL, '0.00', '0.00', '0.00', '0.00', '0.00', '0.00', '0.00', '0.00', 2, 2, '2021-12-27 16:03:23', '2021-12-27 08:03:23'),
(53, 1, 1, 53, 7, '71.02', '2021-12-13', '8.00', 'ordinary day', 0, 'NO_TIME_IN', NULL, NULL, NULL, '0.00', '0.00', '0.00', '0.00', '0.00', '0.00', '1.00', '1.25', '0.10', NULL, NULL, NULL, '0.00', '0.00', '0.00', '0.00', '0.00', '0.00', '568.16', '0.00', 2, 2, '2021-12-27 16:03:23', '2021-12-27 08:03:23'),
(54, 1, 1, 54, 7, '71.02', '2021-12-14', '8.00', 'ordinary day', 0, 'COMPLETE', NULL, NULL, NULL, '7.61', '0.00', '0.00', '0.00', '0.39', '0.00', '1.00', '1.25', '0.10', NULL, NULL, NULL, '540.46', '0.00', '0.00', '0.00', '0.00', '27.70', '568.16', '540.46', 2, 2, '2021-12-27 16:03:23', '2021-12-27 08:03:23'),
(55, 1, 1, 55, 7, '81.17', '2021-12-15', '7.00', 'ordinary day', 0, 'COMPLETE', NULL, NULL, NULL, '7.00', '0.00', '0.00', '0.00', '0.00', '0.00', '1.00', '1.25', '0.10', NULL, NULL, NULL, '568.19', '0.00', '0.00', '0.00', '0.00', '0.00', '568.19', '568.19', 2, 2, '2021-12-27 16:03:23', '2021-12-27 08:03:23'),
(56, 1, 1, 56, 7, '71.02', '2021-12-16', '8.00', 'ordinary day', 0, 'ABSENT', NULL, NULL, NULL, '0.00', '0.00', '0.00', '0.00', '0.00', '0.00', '1.00', '1.25', '0.10', NULL, NULL, NULL, '0.00', '0.00', '0.00', '0.00', '0.00', '0.00', '568.16', '0.00', 2, 2, '2021-12-27 16:03:23', '2021-12-27 08:03:23'),
(57, 1, 1, 57, 7, '71.02', '2021-12-17', '8.00', 'ordinary day', 0, 'ABSENT', NULL, NULL, NULL, '0.00', '0.00', '0.00', '0.00', '0.00', '0.00', '1.00', '1.25', '0.10', NULL, NULL, NULL, '0.00', '0.00', '0.00', '0.00', '0.00', '0.00', '568.16', '0.00', 2, 2, '2021-12-27 16:03:23', '2021-12-27 08:03:23'),
(58, 1, 1, 58, 7, '0.00', '2021-12-18', '0.00', 'ordinary day', 1, 'REST_DAY', NULL, NULL, NULL, '0.00', '0.00', '0.00', '0.00', '0.00', '0.00', '1.30', '1.69', '0.10', NULL, NULL, NULL, '0.00', '0.00', '0.00', '0.00', '0.00', '0.00', '0.00', '0.00', 2, 2, '2021-12-27 16:03:23', '2021-12-27 08:03:23'),
(59, 1, 1, 59, 7, '0.00', '2021-12-19', '0.00', 'ordinary day', 1, 'REST_DAY', NULL, NULL, NULL, '0.00', '0.00', '0.00', '0.00', '0.00', '0.00', '1.30', '1.69', '0.10', NULL, NULL, NULL, '0.00', '0.00', '0.00', '0.00', '0.00', '0.00', '0.00', '0.00', 2, 2, '2021-12-27 16:03:23', '2021-12-27 08:03:23'),
(60, 1, 1, 60, 7, '71.02', '2021-12-20', '8.00', 'ordinary day', 0, 'ABSENT', NULL, NULL, NULL, '0.00', '0.00', '0.00', '0.00', '0.00', '0.00', '1.00', '1.25', '0.10', NULL, NULL, NULL, '0.00', '0.00', '0.00', '0.00', '0.00', '0.00', '568.16', '0.00', 2, 2, '2021-12-27 16:03:23', '2021-12-27 08:03:23'),
(61, 1, 1, 61, 20, '277.78', '2021-12-06', '10.00', 'ordinary day', 0, 'COMPLETE', NULL, NULL, NULL, '9.45', '0.00', '0.00', '0.00', '0.69', '0.00', '1.00', '1.25', '0.10', NULL, NULL, NULL, '2625.02', '0.00', '0.00', '0.00', '0.00', '191.67', '2777.80', '2625.02', 2, 2, '2021-12-27 16:03:23', '2021-12-27 08:03:23'),
(62, 1, 1, 62, 20, '277.78', '2021-12-07', '10.00', 'ordinary day', 0, 'COMPLETE', NULL, NULL, NULL, '9.30', '0.00', '0.00', '0.00', '0.83', '0.00', '1.00', '1.25', '0.10', NULL, NULL, NULL, '2583.35', '0.00', '0.00', '0.00', '0.00', '230.56', '2777.80', '2583.35', 2, 2, '2021-12-27 16:03:23', '2021-12-27 08:03:23'),
(63, 1, 1, 63, 20, '0.00', '2021-12-08', '0.00', 'special non-working holiday', 1, 'NO_SCHEDULE', NULL, NULL, NULL, '0.00', '0.00', '0.00', '0.00', '0.00', '0.00', '1.50', '1.95', '0.10', NULL, NULL, NULL, '0.00', '0.00', '0.00', '0.00', '0.00', '0.00', '0.00', '0.00', 2, 2, '2021-12-27 16:03:23', '2021-12-27 08:03:23'),
(64, 1, 1, 64, 20, '198.41', '2021-12-09', '14.00', 'ordinary day', 0, 'COMPLETE', NULL, NULL, NULL, '0.00', '0.00', '0.00', '0.00', '6.78', '0.00', '1.00', '1.25', '0.10', NULL, NULL, NULL, '0.00', '0.00', '0.00', '0.00', '0.00', '1345.22', '2777.74', '0.00', 2, 2, '2021-12-27 16:03:23', '2021-12-27 08:03:23'),
(65, 1, 1, 65, 20, '277.78', '2021-12-10', '10.00', 'ordinary day', 0, 'COMPLETE', NULL, NULL, NULL, '9.65', '0.00', '0.00', '0.00', '0.35', '0.00', '1.00', '1.25', '0.10', NULL, NULL, NULL, '2680.58', '0.00', '0.00', '0.00', '0.00', '97.22', '2777.80', '2680.58', 2, 2, '2021-12-27 16:03:23', '2021-12-27 08:03:23'),
(66, 1, 1, 66, 20, '0.00', '2021-12-11', '0.00', 'ordinary day', 1, 'REST_DAY', NULL, NULL, NULL, '0.00', '0.00', '0.00', '0.00', '0.00', '0.00', '1.30', '1.69', '0.10', NULL, NULL, NULL, '0.00', '0.00', '0.00', '0.00', '0.00', '0.00', '0.00', '0.00', 2, 2, '2021-12-27 16:03:23', '2021-12-27 08:03:23'),
(67, 1, 1, 67, 20, '0.00', '2021-12-12', '0.00', 'ordinary day', 1, 'REST_DAY', NULL, NULL, NULL, '0.00', '0.00', '0.00', '0.00', '0.00', '0.00', '1.30', '1.69', '0.10', NULL, NULL, NULL, '0.00', '0.00', '0.00', '0.00', '0.00', '0.00', '0.00', '0.00', 2, 2, '2021-12-27 16:03:23', '2021-12-27 08:03:23'),
(68, 1, 1, 68, 20, '277.78', '2021-12-13', '10.00', 'ordinary day', 0, 'COMPLETE', NULL, NULL, NULL, '9.00', '0.00', '0.00', '0.00', '0.00', '0.00', '1.00', '1.25', '0.10', NULL, NULL, NULL, '2500.02', '0.00', '0.00', '0.00', '0.00', '0.00', '2777.80', '2500.02', 2, 2, '2021-12-27 16:03:23', '2021-12-27 08:03:23'),
(69, 1, 1, 69, 20, '277.78', '2021-12-14', '10.00', 'ordinary day', 0, 'COMPLETE', NULL, NULL, NULL, '9.61', '0.00', '0.00', '0.00', '0.39', '0.00', '1.00', '1.25', '0.10', NULL, NULL, NULL, '2669.47', '0.00', '0.00', '0.00', '0.00', '108.33', '2777.80', '2669.47', 2, 2, '2021-12-27 16:03:23', '2021-12-27 08:03:23'),
(70, 1, 1, 70, 20, '0.00', '2021-12-15', '0.00', 'ordinary day', 1, 'REST_DAY', NULL, NULL, NULL, '0.00', '0.00', '0.00', '0.00', '0.00', '0.00', '1.30', '1.69', '0.10', NULL, NULL, NULL, '0.00', '0.00', '0.00', '0.00', '0.00', '0.00', '0.00', '0.00', 2, 2, '2021-12-27 16:03:23', '2021-12-27 08:03:23'),
(71, 1, 1, 71, 20, '347.22', '2021-12-16', '8.00', 'ordinary day', 0, 'ABSENT', NULL, NULL, NULL, '0.00', '0.00', '0.00', '0.00', '0.00', '0.00', '1.00', '1.25', '0.10', NULL, NULL, NULL, '0.00', '0.00', '0.00', '0.00', '0.00', '0.00', '2777.76', '0.00', 2, 2, '2021-12-27 16:03:23', '2021-12-27 08:03:23'),
(72, 1, 1, 72, 20, '347.22', '2021-12-17', '8.00', 'ordinary day', 0, 'ABSENT', NULL, NULL, NULL, '0.00', '0.00', '0.00', '0.00', '0.00', '0.00', '1.00', '1.25', '0.10', NULL, NULL, NULL, '0.00', '0.00', '0.00', '0.00', '0.00', '0.00', '2777.76', '0.00', 2, 2, '2021-12-27 16:03:23', '2021-12-27 08:03:23'),
(73, 1, 1, 73, 20, '0.00', '2021-12-18', '0.00', 'ordinary day', 1, 'REST_DAY', NULL, NULL, NULL, '0.00', '0.00', '0.00', '0.00', '0.00', '0.00', '1.30', '1.69', '0.10', NULL, NULL, NULL, '0.00', '0.00', '0.00', '0.00', '0.00', '0.00', '0.00', '0.00', 2, 2, '2021-12-27 16:03:23', '2021-12-27 08:03:23'),
(74, 1, 1, 74, 20, '0.00', '2021-12-19', '0.00', 'ordinary day', 1, 'REST_DAY', NULL, NULL, NULL, '0.00', '0.00', '0.00', '0.00', '0.00', '0.00', '1.30', '1.69', '0.10', NULL, NULL, NULL, '0.00', '0.00', '0.00', '0.00', '0.00', '0.00', '0.00', '0.00', 2, 2, '2021-12-27 16:03:23', '2021-12-27 08:03:23'),
(75, 1, 1, 75, 20, '347.22', '2021-12-20', '8.00', 'ordinary day', 0, 'ABSENT', NULL, NULL, NULL, '0.00', '0.00', '0.00', '0.00', '0.00', '0.00', '1.00', '1.25', '0.10', NULL, NULL, NULL, '0.00', '0.00', '0.00', '0.00', '0.00', '0.00', '2777.76', '0.00', 2, 2, '2021-12-27 16:03:23', '2021-12-27 08:03:23'),
(76, 1, 1, 76, 22, '73.86', '2021-12-06', '8.00', 'ordinary day', 0, 'ABSENT', NULL, NULL, NULL, '0.00', '0.00', '0.00', '0.00', '0.00', '0.00', '1.00', '1.25', '0.10', NULL, NULL, NULL, '0.00', '0.00', '0.00', '0.00', '0.00', '0.00', '590.88', '0.00', 2, 2, '2021-12-27 16:03:23', '2021-12-27 08:03:23'),
(77, 1, 1, 77, 22, '73.86', '2021-12-07', '8.00', 'ordinary day', 0, 'ABSENT', NULL, NULL, NULL, '0.00', '0.00', '0.00', '0.00', '0.00', '0.00', '1.00', '1.25', '0.10', NULL, NULL, NULL, '0.00', '0.00', '0.00', '0.00', '0.00', '0.00', '590.88', '0.00', 2, 2, '2021-12-27 16:03:23', '2021-12-27 08:03:23'),
(78, 1, 1, 78, 22, '0.00', '2021-12-08', '0.00', 'special non-working holiday', 1, 'NO_SCHEDULE', NULL, NULL, NULL, '0.00', '0.00', '0.00', '0.00', '0.00', '0.00', '1.50', '1.95', '0.10', NULL, NULL, NULL, '0.00', '0.00', '0.00', '0.00', '0.00', '0.00', '0.00', '0.00', 2, 2, '2021-12-27 16:03:23', '2021-12-27 08:03:23'),
(79, 1, 1, 79, 22, '73.86', '2021-12-09', '8.00', 'ordinary day', 0, 'ABSENT', NULL, NULL, NULL, '0.00', '0.00', '0.00', '0.00', '0.00', '0.00', '1.00', '1.25', '0.10', NULL, NULL, NULL, '0.00', '0.00', '0.00', '0.00', '0.00', '0.00', '590.88', '0.00', 2, 2, '2021-12-27 16:03:23', '2021-12-27 08:03:23'),
(80, 1, 1, 80, 22, '73.86', '2021-12-10', '8.00', 'ordinary day', 0, 'ABSENT', NULL, NULL, NULL, '0.00', '0.00', '0.00', '0.00', '0.00', '0.00', '1.00', '1.25', '0.10', NULL, NULL, NULL, '0.00', '0.00', '0.00', '0.00', '0.00', '0.00', '590.88', '0.00', 2, 2, '2021-12-27 16:03:23', '2021-12-27 08:03:23'),
(81, 1, 1, 81, 22, '73.86', '2021-12-11', '8.00', 'ordinary day', 0, 'ABSENT', NULL, NULL, NULL, '0.00', '0.00', '0.00', '0.00', '0.00', '0.00', '1.00', '1.25', '0.10', NULL, NULL, NULL, '0.00', '0.00', '0.00', '0.00', '0.00', '0.00', '590.88', '0.00', 2, 2, '2021-12-27 16:03:23', '2021-12-27 08:03:23'),
(82, 1, 1, 82, 22, '0.00', '2021-12-12', '0.00', 'ordinary day', 1, 'REST_DAY', NULL, NULL, NULL, '0.00', '0.00', '0.00', '0.00', '0.00', '0.00', '1.30', '1.69', '0.10', NULL, NULL, NULL, '0.00', '0.00', '0.00', '0.00', '0.00', '0.00', '0.00', '0.00', 2, 2, '2021-12-27 16:03:23', '2021-12-27 08:03:23'),
(83, 1, 1, 83, 22, '73.86', '2021-12-13', '8.00', 'ordinary day', 0, 'ABSENT', NULL, NULL, NULL, '0.00', '0.00', '0.00', '0.00', '0.00', '0.00', '1.00', '1.25', '0.10', NULL, NULL, NULL, '0.00', '0.00', '0.00', '0.00', '0.00', '0.00', '590.88', '0.00', 2, 2, '2021-12-27 16:03:23', '2021-12-27 08:03:23'),
(84, 1, 1, 84, 22, '73.86', '2021-12-14', '8.00', 'ordinary day', 0, 'ABSENT', NULL, NULL, NULL, '0.00', '0.00', '0.00', '0.00', '0.00', '0.00', '1.00', '1.25', '0.10', NULL, NULL, NULL, '0.00', '0.00', '0.00', '0.00', '0.00', '0.00', '590.88', '0.00', 2, 2, '2021-12-27 16:03:23', '2021-12-27 08:03:23'),
(85, 1, 1, 85, 22, '84.42', '2021-12-15', '7.00', 'ordinary day', 0, 'ABSENT', NULL, NULL, NULL, '0.00', '0.00', '0.00', '0.00', '0.00', '0.00', '1.00', '1.25', '0.10', NULL, NULL, NULL, '0.00', '0.00', '0.00', '0.00', '0.00', '0.00', '590.94', '0.00', 2, 2, '2021-12-27 16:03:23', '2021-12-27 08:03:23'),
(86, 1, 1, 86, 22, '73.86', '2021-12-16', '8.00', 'ordinary day', 0, 'ABSENT', NULL, NULL, NULL, '0.00', '0.00', '0.00', '0.00', '0.00', '0.00', '1.00', '1.25', '0.10', NULL, NULL, NULL, '0.00', '0.00', '0.00', '0.00', '0.00', '0.00', '590.88', '0.00', 2, 2, '2021-12-27 16:03:23', '2021-12-27 08:03:23'),
(87, 1, 1, 87, 22, '73.86', '2021-12-17', '8.00', 'ordinary day', 0, 'ABSENT', NULL, NULL, NULL, '0.00', '0.00', '0.00', '0.00', '0.00', '0.00', '1.00', '1.25', '0.10', NULL, NULL, NULL, '0.00', '0.00', '0.00', '0.00', '0.00', '0.00', '590.88', '0.00', 2, 2, '2021-12-27 16:03:23', '2021-12-27 08:03:23'),
(88, 1, 1, 88, 22, '0.00', '2021-12-18', '0.00', 'ordinary day', 1, 'REST_DAY', NULL, NULL, NULL, '0.00', '0.00', '0.00', '0.00', '0.00', '0.00', '1.30', '1.69', '0.10', NULL, NULL, NULL, '0.00', '0.00', '0.00', '0.00', '0.00', '0.00', '0.00', '0.00', 2, 2, '2021-12-27 16:03:23', '2021-12-27 08:03:23'),
(89, 1, 1, 89, 22, '0.00', '2021-12-19', '0.00', 'ordinary day', 1, 'REST_DAY', NULL, NULL, NULL, '0.00', '0.00', '0.00', '0.00', '0.00', '0.00', '1.30', '1.69', '0.10', NULL, NULL, NULL, '0.00', '0.00', '0.00', '0.00', '0.00', '0.00', '0.00', '0.00', 2, 2, '2021-12-27 16:03:23', '2021-12-27 08:03:23'),
(90, 1, 1, 90, 22, '73.86', '2021-12-20', '8.00', 'ordinary day', 0, 'ABSENT', NULL, NULL, NULL, '0.00', '0.00', '0.00', '0.00', '0.00', '0.00', '1.00', '1.25', '0.10', NULL, NULL, NULL, '0.00', '0.00', '0.00', '0.00', '0.00', '0.00', '590.88', '0.00', 2, 2, '2021-12-27 16:03:23', '2021-12-27 08:03:23'),
(91, 1, 1, 91, 23, '119.32', '2021-12-06', '8.00', 'ordinary day', 0, 'ABSENT', NULL, NULL, NULL, '0.00', '0.00', '0.00', '0.00', '0.00', '0.00', '1.00', '1.25', '0.10', NULL, NULL, NULL, '0.00', '0.00', '0.00', '0.00', '0.00', '0.00', '954.56', '0.00', 2, 2, '2021-12-27 16:03:23', '2021-12-27 08:03:23'),
(92, 1, 1, 92, 23, '119.32', '2021-12-07', '8.00', 'ordinary day', 0, 'ABSENT', NULL, NULL, NULL, '0.00', '0.00', '0.00', '0.00', '0.00', '0.00', '1.00', '1.25', '0.10', NULL, NULL, NULL, '0.00', '0.00', '0.00', '0.00', '0.00', '0.00', '954.56', '0.00', 2, 2, '2021-12-27 16:03:23', '2021-12-27 08:03:23'),
(93, 1, 1, 93, 23, '0.00', '2021-12-08', '0.00', 'special non-working holiday', 1, 'NO_SCHEDULE', NULL, NULL, NULL, '0.00', '0.00', '0.00', '0.00', '0.00', '0.00', '1.50', '1.95', '0.10', NULL, NULL, NULL, '0.00', '0.00', '0.00', '0.00', '0.00', '0.00', '0.00', '0.00', 2, 2, '2021-12-27 16:03:23', '2021-12-27 08:03:23'),
(94, 1, 1, 94, 23, '119.32', '2021-12-09', '8.00', 'ordinary day', 0, 'ABSENT', NULL, NULL, NULL, '0.00', '0.00', '0.00', '0.00', '0.00', '0.00', '1.00', '1.25', '0.10', NULL, NULL, NULL, '0.00', '0.00', '0.00', '0.00', '0.00', '0.00', '954.56', '0.00', 2, 2, '2021-12-27 16:03:23', '2021-12-27 08:03:23'),
(95, 1, 1, 95, 23, '119.32', '2021-12-10', '8.00', 'ordinary day', 0, 'ABSENT', NULL, NULL, NULL, '0.00', '0.00', '0.00', '0.00', '0.00', '0.00', '1.00', '1.25', '0.10', NULL, NULL, NULL, '0.00', '0.00', '0.00', '0.00', '0.00', '0.00', '954.56', '0.00', 2, 2, '2021-12-27 16:03:23', '2021-12-27 08:03:23'),
(96, 1, 1, 96, 23, '119.32', '2021-12-11', '8.00', 'ordinary day', 0, 'ABSENT', NULL, NULL, NULL, '0.00', '0.00', '0.00', '0.00', '0.00', '0.00', '1.00', '1.25', '0.10', NULL, NULL, NULL, '0.00', '0.00', '0.00', '0.00', '0.00', '0.00', '954.56', '0.00', 2, 2, '2021-12-27 16:03:23', '2021-12-27 08:03:23'),
(97, 1, 1, 97, 23, '0.00', '2021-12-12', '0.00', 'ordinary day', 1, 'REST_DAY', NULL, NULL, NULL, '0.00', '0.00', '0.00', '0.00', '0.00', '0.00', '1.30', '1.69', '0.10', NULL, NULL, NULL, '0.00', '0.00', '0.00', '0.00', '0.00', '0.00', '0.00', '0.00', 2, 2, '2021-12-27 16:03:23', '2021-12-27 08:03:23'),
(98, 1, 1, 98, 23, '119.32', '2021-12-13', '8.00', 'ordinary day', 0, 'ABSENT', NULL, NULL, NULL, '0.00', '0.00', '0.00', '0.00', '0.00', '0.00', '1.00', '1.25', '0.10', NULL, NULL, NULL, '0.00', '0.00', '0.00', '0.00', '0.00', '0.00', '954.56', '0.00', 2, 2, '2021-12-27 16:03:23', '2021-12-27 08:03:23'),
(99, 1, 1, 99, 23, '119.32', '2021-12-14', '8.00', 'ordinary day', 0, 'ABSENT', NULL, NULL, NULL, '0.00', '0.00', '0.00', '0.00', '0.00', '0.00', '1.00', '1.25', '0.10', NULL, NULL, NULL, '0.00', '0.00', '0.00', '0.00', '0.00', '0.00', '954.56', '0.00', 2, 2, '2021-12-27 16:03:23', '2021-12-27 08:03:23'),
(100, 1, 1, 100, 23, '136.36', '2021-12-15', '7.00', 'ordinary day', 0, 'ABSENT', NULL, NULL, NULL, '0.00', '0.00', '0.00', '0.00', '0.00', '0.00', '1.00', '1.25', '0.10', NULL, NULL, NULL, '0.00', '0.00', '0.00', '0.00', '0.00', '0.00', '954.52', '0.00', 2, 2, '2021-12-27 16:03:23', '2021-12-27 08:03:23'),
(101, 1, 1, 101, 23, '119.32', '2021-12-16', '8.00', 'ordinary day', 0, 'ABSENT', NULL, NULL, NULL, '0.00', '0.00', '0.00', '0.00', '0.00', '0.00', '1.00', '1.25', '0.10', NULL, NULL, NULL, '0.00', '0.00', '0.00', '0.00', '0.00', '0.00', '954.56', '0.00', 2, 2, '2021-12-27 16:03:23', '2021-12-27 08:03:23'),
(102, 1, 1, 102, 23, '119.32', '2021-12-17', '8.00', 'ordinary day', 0, 'ABSENT', NULL, NULL, NULL, '0.00', '0.00', '0.00', '0.00', '0.00', '0.00', '1.00', '1.25', '0.10', NULL, NULL, NULL, '0.00', '0.00', '0.00', '0.00', '0.00', '0.00', '954.56', '0.00', 2, 2, '2021-12-27 16:03:23', '2021-12-27 08:03:23'),
(103, 1, 1, 103, 23, '0.00', '2021-12-18', '0.00', 'ordinary day', 1, 'REST_DAY', NULL, NULL, NULL, '0.00', '0.00', '0.00', '0.00', '0.00', '0.00', '1.30', '1.69', '0.10', NULL, NULL, NULL, '0.00', '0.00', '0.00', '0.00', '0.00', '0.00', '0.00', '0.00', 2, 2, '2021-12-27 16:03:23', '2021-12-27 08:03:23'),
(104, 1, 1, 104, 23, '0.00', '2021-12-19', '0.00', 'ordinary day', 1, 'REST_DAY', NULL, NULL, NULL, '0.00', '0.00', '0.00', '0.00', '0.00', '0.00', '1.30', '1.69', '0.10', NULL, NULL, NULL, '0.00', '0.00', '0.00', '0.00', '0.00', '0.00', '0.00', '0.00', 2, 2, '2021-12-27 16:03:23', '2021-12-27 08:03:23'),
(105, 1, 1, 105, 23, '119.32', '2021-12-20', '8.00', 'ordinary day', 0, 'ABSENT', NULL, NULL, NULL, '0.00', '0.00', '0.00', '0.00', '0.00', '0.00', '1.00', '1.25', '0.10', NULL, NULL, NULL, '0.00', '0.00', '0.00', '0.00', '0.00', '0.00', '954.56', '0.00', 2, 2, '2021-12-27 16:03:23', '2021-12-27 08:03:23'),
(106, 2, 2, 106, 2, '0.00', '2021-11-21', '0.00', 'ordinary day', 1, 'NO_SCHEDULE', NULL, NULL, NULL, '0.00', '0.00', '0.00', '0.00', '0.00', '0.00', '1.30', '1.69', '0.10', NULL, NULL, NULL, '0.00', '0.00', '0.00', '0.00', '0.00', '0.00', '0.00', '0.00', 2, 2, '2021-12-29 08:18:06', '2021-12-29 00:18:06'),
(107, 2, 2, 107, 2, '142.86', '2021-11-22', '7.00', 'ordinary day', 0, 'COMPLETE', NULL, NULL, NULL, '7.93', '0.00', '1.00', '1.00', '0.27', '0.00', '1.00', '1.25', '0.10', NULL, NULL, NULL, '1132.88', '0.00', '0.00', '0.00', '14.29', '38.57', '1000.02', '1147.17', 2, 2, '2021-12-29 08:18:06', '2021-12-29 00:18:06'),
(108, 2, 2, 108, 2, '125.00', '2021-11-23', '8.00', 'ordinary day', 0, 'COMPLETE', NULL, NULL, NULL, '7.89', '0.00', '0.00', '0.00', '0.11', '0.00', '1.00', '1.25', '0.10', NULL, NULL, NULL, '986.25', '0.00', '0.00', '0.00', '0.00', '13.75', '1000.00', '986.25', 2, 2, '2021-12-29 08:18:06', '2021-12-29 00:18:06'),
(109, 2, 2, 109, 2, '142.86', '2021-11-24', '7.00', 'ordinary day', 0, 'COMPLETE', NULL, NULL, NULL, '7.00', '0.00', '0.00', '0.00', '0.00', '0.00', '1.00', '1.25', '0.10', NULL, NULL, NULL, '1000.02', '0.00', '0.00', '0.00', '0.00', '0.00', '1000.02', '1000.02', 2, 2, '2021-12-29 08:18:06', '2021-12-29 00:18:06'),
(110, 2, 2, 110, 2, '125.00', '2021-11-25', '8.00', 'ordinary day', 0, 'COMPLETE', NULL, NULL, NULL, '7.95', '0.00', '0.00', '0.00', '0.05', '0.00', '1.00', '1.25', '0.10', NULL, NULL, NULL, '993.75', '0.00', '0.00', '0.00', '0.00', '6.25', '1000.00', '993.75', 2, 2, '2021-12-29 08:18:06', '2021-12-29 00:18:06'),
(111, 2, 2, 111, 2, '125.00', '2021-11-26', '8.00', 'ordinary day', 0, 'COMPLETE', NULL, NULL, NULL, '7.90', '0.00', '0.00', '0.00', '0.10', '0.00', '1.00', '1.25', '0.10', NULL, NULL, NULL, '987.50', '0.00', '0.00', '0.00', '0.00', '12.50', '1000.00', '987.50', 2, 2, '2021-12-29 08:18:06', '2021-12-29 00:18:06'),
(112, 2, 2, 112, 2, '0.00', '2021-11-27', '0.00', 'ordinary day', 1, 'NO_SCHEDULE', NULL, NULL, NULL, '0.00', '0.00', '0.00', '0.00', '0.00', '0.00', '1.30', '1.69', '0.10', NULL, NULL, NULL, '0.00', '0.00', '0.00', '0.00', '0.00', '0.00', '0.00', '0.00', 2, 2, '2021-12-29 08:18:06', '2021-12-29 00:18:06'),
(113, 2, 2, 113, 2, '0.00', '2021-11-28', '0.00', 'ordinary day', 1, 'NO_SCHEDULE', NULL, NULL, NULL, '0.00', '0.00', '0.00', '0.00', '0.00', '0.00', '1.30', '1.69', '0.10', NULL, NULL, NULL, '0.00', '0.00', '0.00', '0.00', '0.00', '0.00', '0.00', '0.00', 2, 2, '2021-12-29 08:18:06', '2021-12-29 00:18:06'),
(114, 2, 2, 114, 2, '125.00', '2021-11-29', '8.00', 'ordinary day', 0, 'COMPLETE', NULL, NULL, NULL, '8.00', '0.00', '0.00', '0.00', '0.00', '0.00', '1.00', '1.25', '0.10', NULL, NULL, NULL, '1000.00', '0.00', '0.00', '0.00', '0.00', '0.00', '1000.00', '1000.00', 2, 2, '2021-12-29 08:18:06', '2021-12-29 00:18:06'),
(115, 2, 2, 115, 2, '0.00', '2021-11-30', '0.00', 'regular holiday', 1, 'NO_SCHEDULE', NULL, NULL, NULL, '0.00', '0.00', '0.00', '0.00', '0.00', '0.00', '2.60', '3.38', '0.10', NULL, NULL, NULL, '0.00', '0.00', '0.00', '0.00', '0.00', '0.00', '0.00', '0.00', 2, 2, '2021-12-29 08:18:06', '2021-12-29 00:18:06'),
(116, 2, 2, 116, 2, '142.86', '2021-12-01', '7.00', 'ordinary day', 0, 'COMPLETE', NULL, NULL, NULL, '7.00', '0.00', '0.00', '0.00', '0.00', '0.00', '1.00', '1.25', '0.10', NULL, NULL, NULL, '1000.02', '0.00', '0.00', '0.00', '0.00', '0.00', '1000.02', '1000.02', 2, 2, '2021-12-29 08:18:06', '2021-12-29 00:18:06'),
(117, 2, 2, 117, 2, '125.00', '2021-12-02', '8.00', 'ordinary day', 0, 'COMPLETE', NULL, NULL, NULL, '8.00', '0.00', '0.00', '0.00', '0.00', '0.00', '1.00', '1.25', '0.10', NULL, NULL, NULL, '1000.00', '0.00', '0.00', '0.00', '0.00', '0.00', '1000.00', '1000.00', 2, 2, '2021-12-29 08:18:06', '2021-12-29 00:18:06'),
(118, 2, 2, 118, 2, '125.00', '2021-12-03', '8.00', 'ordinary day', 0, 'COMPLETE', NULL, NULL, NULL, '8.00', '0.00', '0.00', '0.00', '0.00', '0.00', '1.00', '1.25', '0.10', NULL, NULL, NULL, '1000.00', '0.00', '0.00', '0.00', '0.00', '0.00', '1000.00', '1000.00', 2, 2, '2021-12-29 08:18:06', '2021-12-29 00:18:06'),
(119, 2, 2, 119, 2, '0.00', '2021-12-04', '0.00', 'ordinary day', 1, 'NO_SCHEDULE', NULL, NULL, NULL, '0.00', '0.00', '0.00', '0.00', '0.00', '0.00', '1.30', '1.69', '0.10', NULL, NULL, NULL, '0.00', '0.00', '0.00', '0.00', '0.00', '0.00', '0.00', '0.00', 2, 2, '2021-12-29 08:18:06', '2021-12-29 00:18:06'),
(120, 2, 2, 120, 2, '0.00', '2021-12-05', '0.00', 'ordinary day', 1, 'NO_SCHEDULE', NULL, NULL, NULL, '0.00', '0.00', '0.00', '0.00', '0.00', '0.00', '1.30', '1.69', '0.10', NULL, NULL, NULL, '0.00', '0.00', '0.00', '0.00', '0.00', '0.00', '0.00', '0.00', 2, 2, '2021-12-29 08:18:06', '2021-12-29 00:18:06'),
(121, 2, 2, 121, 4, '0.00', '2021-11-21', '0.00', 'ordinary day', 1, 'NO_SCHEDULE', NULL, NULL, NULL, '0.00', '0.00', '0.00', '0.00', '0.00', '0.00', '1.30', '1.69', '0.10', NULL, NULL, NULL, '0.00', '0.00', '0.00', '0.00', '0.00', '0.00', '0.00', '0.00', 2, 2, '2021-12-29 08:18:06', '2021-12-29 00:18:06'),
(122, 2, 2, 122, 4, '15.00', '2021-11-22', '10.00', 'ordinary day', 0, 'NO_TIME_IN', NULL, NULL, NULL, '0.00', '0.00', '0.00', '0.00', '0.80', '0.00', '1.00', '1.25', '0.10', NULL, NULL, NULL, '0.00', '0.00', '0.00', '0.00', '0.00', '12.00', '150.00', '0.00', 2, 2, '2021-12-29 08:18:06', '2021-12-29 00:18:06'),
(123, 2, 2, 123, 4, '15.00', '2021-11-23', '10.00', 'ordinary day', 0, 'COMPLETE', NULL, NULL, NULL, '9.48', '0.00', '0.00', '0.00', '0.11', '0.00', '1.00', '1.25', '0.10', NULL, NULL, NULL, '142.20', '0.00', '0.00', '0.00', '0.00', '1.65', '150.00', '142.20', 2, 2, '2021-12-29 08:18:06', '2021-12-29 00:18:06'),
(124, 2, 2, 124, 4, '0.00', '2021-11-24', '0.00', 'ordinary day', 1, 'REST_DAY', NULL, NULL, NULL, '0.00', '0.00', '0.00', '0.00', '0.00', '0.00', '1.30', '1.69', '0.10', NULL, NULL, NULL, '0.00', '0.00', '0.00', '0.00', '0.00', '0.00', '0.00', '0.00', 2, 2, '2021-12-29 08:18:06', '2021-12-29 00:18:06'),
(125, 2, 2, 125, 4, '10.71', '2021-11-25', '14.00', 'ordinary day', 0, 'COMPLETE', NULL, NULL, NULL, '0.00', '0.00', '0.00', '0.00', '6.54', '0.00', '1.00', '1.25', '0.10', NULL, NULL, NULL, '0.00', '0.00', '0.00', '0.00', '0.00', '70.04', '149.94', '0.00', 2, 2, '2021-12-29 08:18:06', '2021-12-29 00:18:06'),
(126, 2, 2, 126, 4, '15.00', '2021-11-26', '10.00', 'ordinary day', 0, 'COMPLETE', NULL, NULL, NULL, '9.90', '0.00', '0.00', '0.00', '0.10', '0.00', '1.00', '1.25', '0.10', NULL, NULL, NULL, '148.50', '0.00', '0.00', '0.00', '0.00', '1.50', '150.00', '148.50', 2, 2, '2021-12-29 08:18:06', '2021-12-29 00:18:06'),
(127, 2, 2, 127, 4, '0.00', '2021-11-27', '0.00', 'ordinary day', 1, 'NO_SCHEDULE', NULL, NULL, NULL, '0.00', '0.00', '0.00', '0.00', '0.00', '0.00', '1.30', '1.69', '0.10', NULL, NULL, NULL, '0.00', '0.00', '0.00', '0.00', '0.00', '0.00', '0.00', '0.00', 2, 2, '2021-12-29 08:18:06', '2021-12-29 00:18:06'),
(128, 2, 2, 128, 4, '0.00', '2021-11-28', '0.00', 'ordinary day', 1, 'NO_SCHEDULE', NULL, NULL, NULL, '0.00', '0.00', '0.00', '0.00', '0.00', '0.00', '1.30', '1.69', '0.10', NULL, NULL, NULL, '0.00', '0.00', '0.00', '0.00', '0.00', '0.00', '0.00', '0.00', 2, 2, '2021-12-29 08:18:06', '2021-12-29 00:18:06'),
(129, 2, 2, 129, 4, '15.00', '2021-11-29', '10.00', 'ordinary day', 0, 'COMPLETE', NULL, NULL, NULL, '9.28', '0.00', '0.00', '0.00', '0.00', '0.00', '1.00', '1.25', '0.10', NULL, NULL, NULL, '139.20', '0.00', '0.00', '0.00', '0.00', '0.00', '150.00', '139.20', 2, 2, '2021-12-29 08:18:06', '2021-12-29 00:18:06'),
(130, 2, 2, 130, 4, '0.00', '2021-11-30', '0.00', 'regular holiday', 1, 'NO_SCHEDULE', NULL, NULL, NULL, '0.00', '0.00', '0.00', '0.00', '0.00', '0.00', '2.60', '3.38', '0.10', NULL, NULL, NULL, '0.00', '0.00', '0.00', '0.00', '0.00', '0.00', '0.00', '0.00', 2, 2, '2021-12-29 08:18:06', '2021-12-29 00:18:06'),
(131, 2, 2, 131, 4, '0.00', '2021-12-01', '0.00', 'ordinary day', 1, 'REST_DAY', NULL, NULL, NULL, '0.00', '0.00', '0.00', '0.00', '0.00', '0.00', '1.30', '1.69', '0.10', NULL, NULL, NULL, '0.00', '0.00', '0.00', '0.00', '0.00', '0.00', '0.00', '0.00', 2, 2, '2021-12-29 08:18:06', '2021-12-29 00:18:06'),
(132, 2, 2, 132, 4, '10.71', '2021-12-02', '14.00', 'ordinary day', 0, 'COMPLETE', NULL, NULL, NULL, '2.50', '0.00', '0.00', '0.00', '4.50', '0.00', '1.00', '1.25', '0.10', NULL, NULL, NULL, '26.78', '0.00', '0.00', '0.00', '0.00', '48.20', '149.94', '26.78', 2, 2, '2021-12-29 08:18:06', '2021-12-29 00:18:06'),
(133, 2, 2, 133, 4, '15.00', '2021-12-03', '10.00', 'ordinary day', 0, 'COMPLETE', NULL, NULL, NULL, '9.48', '0.00', '0.00', '0.00', '0.83', '0.00', '1.00', '1.25', '0.10', NULL, NULL, NULL, '142.20', '0.00', '0.00', '0.00', '0.00', '12.45', '150.00', '142.20', 2, 2, '2021-12-29 08:18:06', '2021-12-29 00:18:06'),
(134, 2, 2, 134, 4, '0.00', '2021-12-04', '0.00', 'ordinary day', 1, 'NO_SCHEDULE', NULL, NULL, NULL, '0.00', '0.00', '0.00', '0.00', '0.00', '0.00', '1.30', '1.69', '0.10', NULL, NULL, NULL, '0.00', '0.00', '0.00', '0.00', '0.00', '0.00', '0.00', '0.00', 2, 2, '2021-12-29 08:18:06', '2021-12-29 00:18:06'),
(135, 2, 2, 135, 4, '0.00', '2021-12-05', '0.00', 'ordinary day', 1, 'NO_SCHEDULE', NULL, NULL, NULL, '0.00', '0.00', '0.00', '0.00', '0.00', '0.00', '1.30', '1.69', '0.10', NULL, NULL, NULL, '0.00', '0.00', '0.00', '0.00', '0.00', '0.00', '0.00', '0.00', 2, 2, '2021-12-29 08:18:06', '2021-12-29 00:18:06'),
(136, 2, 2, 136, 5, '0.00', '2021-11-21', '0.00', 'ordinary day', 1, 'NO_SCHEDULE', NULL, NULL, NULL, '0.00', '0.00', '0.00', '0.00', '0.00', '0.00', '1.30', '1.69', '0.10', NULL, NULL, NULL, '0.00', '0.00', '0.00', '0.00', '0.00', '0.00', '0.00', '0.00', 2, 2, '2021-12-29 08:18:06', '2021-12-29 00:18:06'),
(137, 2, 2, 137, 5, '13.19', '2021-11-22', '8.00', 'ordinary day', 0, 'NO_TIME_IN', NULL, NULL, NULL, '0.00', '0.00', '0.00', '0.00', '0.00', '0.00', '1.00', '1.25', '0.10', NULL, NULL, NULL, '0.00', '0.00', '0.00', '0.00', '0.00', '0.00', '105.52', '0.00', 2, 2, '2021-12-29 08:18:06', '2021-12-29 00:18:06'),
(138, 2, 2, 138, 5, '13.19', '2021-11-23', '8.00', 'ordinary day', 0, 'COMPLETE', NULL, NULL, NULL, '7.89', '0.00', '0.00', '0.00', '0.11', '0.00', '1.00', '1.25', '0.10', NULL, NULL, NULL, '104.07', '0.00', '0.00', '0.00', '0.00', '1.45', '105.52', '104.07', 2, 2, '2021-12-29 08:18:06', '2021-12-29 00:18:06'),
(139, 2, 2, 139, 5, '15.08', '2021-11-24', '7.00', 'ordinary day', 0, 'COMPLETE', NULL, NULL, NULL, '7.00', '0.00', '0.00', '0.00', '0.00', '0.00', '1.00', '1.25', '0.10', NULL, NULL, NULL, '105.56', '0.00', '0.00', '0.00', '0.00', '0.00', '105.56', '105.56', 2, 2, '2021-12-29 08:18:06', '2021-12-29 00:18:06'),
(140, 2, 2, 140, 5, '13.19', '2021-11-25', '8.00', 'ordinary day', 0, 'COMPLETE', NULL, NULL, NULL, '7.95', '0.00', '0.00', '0.00', '0.05', '0.00', '1.00', '1.25', '0.10', NULL, NULL, NULL, '104.86', '0.00', '0.00', '0.00', '0.00', '0.66', '105.52', '104.86', 2, 2, '2021-12-29 08:18:06', '2021-12-29 00:18:06'),
(141, 2, 2, 141, 5, '13.19', '2021-11-26', '8.00', 'ordinary day', 0, 'COMPLETE', NULL, NULL, NULL, '7.90', '0.00', '0.00', '0.00', '0.10', '0.00', '1.00', '1.25', '0.10', NULL, NULL, NULL, '104.20', '0.00', '0.00', '0.00', '0.00', '1.32', '105.52', '104.20', 2, 2, '2021-12-29 08:18:06', '2021-12-29 00:18:06'),
(142, 2, 2, 142, 5, '0.00', '2021-11-27', '0.00', 'ordinary day', 1, 'NO_SCHEDULE', NULL, NULL, NULL, '0.00', '0.00', '0.00', '0.00', '0.00', '0.00', '1.30', '1.69', '0.10', NULL, NULL, NULL, '0.00', '0.00', '0.00', '0.00', '0.00', '0.00', '0.00', '0.00', 2, 2, '2021-12-29 08:18:06', '2021-12-29 00:18:06'),
(143, 2, 2, 143, 5, '0.00', '2021-11-28', '0.00', 'ordinary day', 1, 'NO_SCHEDULE', NULL, NULL, NULL, '0.00', '0.00', '0.00', '0.00', '0.00', '0.00', '1.30', '1.69', '0.10', NULL, NULL, NULL, '0.00', '0.00', '0.00', '0.00', '0.00', '0.00', '0.00', '0.00', 2, 2, '2021-12-29 08:18:06', '2021-12-29 00:18:06'),
(144, 2, 2, 144, 5, '13.19', '2021-11-29', '8.00', 'ordinary day', 0, 'COMPLETE', NULL, NULL, NULL, '8.00', '0.00', '0.00', '0.00', '0.00', '0.00', '1.00', '1.25', '0.10', NULL, NULL, NULL, '105.52', '0.00', '0.00', '0.00', '0.00', '0.00', '105.52', '105.52', 2, 2, '2021-12-29 08:18:06', '2021-12-29 00:18:06'),
(145, 2, 2, 145, 5, '0.00', '2021-11-30', '0.00', 'regular holiday', 1, 'NO_SCHEDULE', NULL, NULL, NULL, '0.00', '0.00', '0.00', '0.00', '0.00', '0.00', '2.60', '3.38', '0.10', NULL, NULL, NULL, '0.00', '0.00', '0.00', '0.00', '0.00', '0.00', '0.00', '0.00', 2, 2, '2021-12-29 08:18:06', '2021-12-29 00:18:06'),
(146, 2, 2, 146, 5, '15.08', '2021-12-01', '7.00', 'ordinary day', 0, 'COMPLETE', NULL, NULL, NULL, '7.00', '0.00', '0.00', '0.00', '0.00', '0.00', '1.00', '1.25', '0.10', NULL, NULL, NULL, '105.56', '0.00', '0.00', '0.00', '0.00', '0.00', '105.56', '105.56', 2, 2, '2021-12-29 08:18:06', '2021-12-29 00:18:06'),
(147, 2, 2, 147, 5, '13.19', '2021-12-02', '8.00', 'ordinary day', 0, 'COMPLETE', NULL, NULL, NULL, '8.00', '0.00', '0.00', '0.00', '0.00', '0.00', '1.00', '1.25', '0.10', NULL, NULL, NULL, '105.52', '0.00', '0.00', '0.00', '0.00', '0.00', '105.52', '105.52', 2, 2, '2021-12-29 08:18:06', '2021-12-29 00:18:06'),
(148, 2, 2, 148, 5, '13.19', '2021-12-03', '8.00', 'ordinary day', 0, 'COMPLETE', NULL, NULL, NULL, '8.00', '0.00', '0.00', '0.00', '0.00', '0.00', '1.00', '1.25', '0.10', NULL, NULL, NULL, '105.52', '0.00', '0.00', '0.00', '0.00', '0.00', '105.52', '105.52', 2, 2, '2021-12-29 08:18:06', '2021-12-29 00:18:06'),
(149, 2, 2, 149, 5, '0.00', '2021-12-04', '0.00', 'ordinary day', 1, 'NO_SCHEDULE', NULL, NULL, NULL, '0.00', '0.00', '0.00', '0.00', '0.00', '0.00', '1.30', '1.69', '0.10', NULL, NULL, NULL, '0.00', '0.00', '0.00', '0.00', '0.00', '0.00', '0.00', '0.00', 2, 2, '2021-12-29 08:18:06', '2021-12-29 00:18:06'),
(150, 2, 2, 150, 5, '0.00', '2021-12-05', '0.00', 'ordinary day', 1, 'NO_SCHEDULE', NULL, NULL, NULL, '0.00', '0.00', '0.00', '0.00', '0.00', '0.00', '1.30', '1.69', '0.10', NULL, NULL, NULL, '0.00', '0.00', '0.00', '0.00', '0.00', '0.00', '0.00', '0.00', 2, 2, '2021-12-29 08:18:06', '2021-12-29 00:18:06'),
(151, 2, 2, 151, 7, '0.00', '2021-11-21', '0.00', 'ordinary day', 1, 'NO_SCHEDULE', NULL, NULL, NULL, '0.00', '0.00', '0.00', '0.00', '0.00', '0.00', '1.30', '1.69', '0.10', NULL, NULL, NULL, '0.00', '0.00', '0.00', '0.00', '0.00', '0.00', '0.00', '0.00', 2, 2, '2021-12-29 08:18:06', '2021-12-29 00:18:06'),
(152, 2, 2, 152, 7, '86.81', '2021-11-22', '8.00', 'ordinary day', 0, 'NO_TIME_IN', NULL, NULL, NULL, '0.00', '0.00', '0.00', '0.00', '0.00', '0.00', '1.00', '1.25', '0.10', NULL, NULL, NULL, '0.00', '0.00', '0.00', '0.00', '0.00', '0.00', '694.48', '0.00', 2, 2, '2021-12-29 08:18:06', '2021-12-29 00:18:06'),
(153, 2, 2, 153, 7, '86.81', '2021-11-23', '8.00', 'ordinary day', 0, 'COMPLETE', NULL, NULL, NULL, '7.89', '0.00', '0.00', '0.00', '0.11', '0.00', '1.00', '1.25', '0.10', NULL, NULL, NULL, '684.93', '0.00', '0.00', '0.00', '0.00', '9.55', '694.48', '684.93', 2, 2, '2021-12-29 08:18:06', '2021-12-29 00:18:06'),
(154, 2, 2, 154, 7, '99.21', '2021-11-24', '7.00', 'ordinary day', 0, 'COMPLETE', NULL, NULL, NULL, '7.00', '0.00', '0.00', '0.00', '0.00', '0.00', '1.00', '1.25', '0.10', NULL, NULL, NULL, '694.47', '0.00', '0.00', '0.00', '0.00', '0.00', '694.47', '694.47', 2, 2, '2021-12-29 08:18:06', '2021-12-29 00:18:06'),
(155, 2, 2, 155, 7, '86.81', '2021-11-25', '8.00', 'ordinary day', 0, 'COMPLETE', NULL, NULL, NULL, '7.95', '0.00', '0.00', '0.00', '0.05', '0.00', '1.00', '1.25', '0.10', NULL, NULL, NULL, '690.14', '0.00', '0.00', '0.00', '0.00', '4.34', '694.48', '690.14', 2, 2, '2021-12-29 08:18:06', '2021-12-29 00:18:06'),
(156, 2, 2, 156, 7, '86.81', '2021-11-26', '8.00', 'ordinary day', 0, 'COMPLETE', NULL, NULL, NULL, '7.90', '0.00', '0.00', '0.00', '0.10', '0.00', '1.00', '1.25', '0.10', NULL, NULL, NULL, '685.80', '0.00', '0.00', '0.00', '0.00', '8.68', '694.48', '685.80', 2, 2, '2021-12-29 08:18:06', '2021-12-29 00:18:06'),
(157, 2, 2, 157, 7, '0.00', '2021-11-27', '0.00', 'ordinary day', 1, 'NO_SCHEDULE', NULL, NULL, NULL, '0.00', '0.00', '0.00', '0.00', '0.00', '0.00', '1.30', '1.69', '0.10', NULL, NULL, NULL, '0.00', '0.00', '0.00', '0.00', '0.00', '0.00', '0.00', '0.00', 2, 2, '2021-12-29 08:18:06', '2021-12-29 00:18:06'),
(158, 2, 2, 158, 7, '0.00', '2021-11-28', '0.00', 'ordinary day', 1, 'NO_SCHEDULE', NULL, NULL, NULL, '0.00', '0.00', '0.00', '0.00', '0.00', '0.00', '1.30', '1.69', '0.10', NULL, NULL, NULL, '0.00', '0.00', '0.00', '0.00', '0.00', '0.00', '0.00', '0.00', 2, 2, '2021-12-29 08:18:06', '2021-12-29 00:18:06'),
(159, 2, 2, 159, 7, '86.81', '2021-11-29', '8.00', 'ordinary day', 0, 'COMPLETE', NULL, NULL, NULL, '8.00', '0.00', '0.00', '0.00', '0.00', '0.00', '1.00', '1.25', '0.10', NULL, NULL, NULL, '694.48', '0.00', '0.00', '0.00', '0.00', '0.00', '694.48', '694.48', 2, 2, '2021-12-29 08:18:06', '2021-12-29 00:18:06'),
(160, 2, 2, 160, 7, '0.00', '2021-11-30', '0.00', 'regular holiday', 1, 'NO_SCHEDULE', NULL, NULL, NULL, '0.00', '0.00', '0.00', '0.00', '0.00', '0.00', '2.60', '3.38', '0.10', NULL, NULL, NULL, '0.00', '0.00', '0.00', '0.00', '0.00', '0.00', '0.00', '0.00', 2, 2, '2021-12-29 08:18:06', '2021-12-29 00:18:06');
INSERT INTO `hris_payroll_production_tbl` (`payrollProductionID`, `payrollID`, `timekeepingID`, `timekeepingItemID`, `employeeID`, `hourlyRate`, `scheduleDate`, `scheduleDuration`, `dayType`, `restDay`, `status`, `lwopHours`, `lateHours`, `undertimeHours`, `basicHours`, `overtimeHours`, `nightDifferentialHours`, `overtimeNightDifferentialHours`, `lateUndertimeHours`, `leaveHours`, `basicRate`, `overtimeRate`, `nightDifferentialRate`, `lwopDeduction`, `lateDeduction`, `undertimeDeduction`, `basicPay`, `holidayPay`, `leavePay`, `overtimePay`, `nightDifferentialPay`, `lateUndertimeDeduction`, `schedulePay`, `totalPay`, `createdBy`, `updatedBy`, `createdAt`, `updatedAt`) VALUES
(161, 2, 2, 161, 7, '99.21', '2021-12-01', '7.00', 'ordinary day', 0, 'COMPLETE', NULL, NULL, NULL, '7.00', '0.00', '0.00', '0.00', '0.00', '0.00', '1.00', '1.25', '0.10', NULL, NULL, NULL, '694.47', '0.00', '0.00', '0.00', '0.00', '0.00', '694.47', '694.47', 2, 2, '2021-12-29 08:18:06', '2021-12-29 00:18:06'),
(162, 2, 2, 162, 7, '86.81', '2021-12-02', '8.00', 'ordinary day', 0, 'COMPLETE', NULL, NULL, NULL, '8.00', '0.00', '0.00', '0.00', '0.00', '0.00', '1.00', '1.25', '0.10', NULL, NULL, NULL, '694.48', '0.00', '0.00', '0.00', '0.00', '0.00', '694.48', '694.48', 2, 2, '2021-12-29 08:18:06', '2021-12-29 00:18:06'),
(163, 2, 2, 163, 7, '86.81', '2021-12-03', '8.00', 'ordinary day', 0, 'COMPLETE', NULL, NULL, NULL, '8.00', '0.00', '0.00', '0.00', '0.00', '0.00', '1.00', '1.25', '0.10', NULL, NULL, NULL, '694.48', '0.00', '0.00', '0.00', '0.00', '0.00', '694.48', '694.48', 2, 2, '2021-12-29 08:18:06', '2021-12-29 00:18:06'),
(164, 2, 2, 164, 7, '0.00', '2021-12-04', '0.00', 'ordinary day', 1, 'NO_SCHEDULE', NULL, NULL, NULL, '0.00', '0.00', '0.00', '0.00', '0.00', '0.00', '1.30', '1.69', '0.10', NULL, NULL, NULL, '0.00', '0.00', '0.00', '0.00', '0.00', '0.00', '0.00', '0.00', 2, 2, '2021-12-29 08:18:06', '2021-12-29 00:18:06'),
(165, 2, 2, 165, 7, '0.00', '2021-12-05', '0.00', 'ordinary day', 1, 'NO_SCHEDULE', NULL, NULL, NULL, '0.00', '0.00', '0.00', '0.00', '0.00', '0.00', '1.30', '1.69', '0.10', NULL, NULL, NULL, '0.00', '0.00', '0.00', '0.00', '0.00', '0.00', '0.00', '0.00', 2, 2, '2021-12-29 08:18:06', '2021-12-29 00:18:06'),
(166, 2, 2, 166, 20, '0.00', '2021-11-21', '0.00', 'ordinary day', 1, 'NO_SCHEDULE', NULL, NULL, NULL, '0.00', '0.00', '0.00', '0.00', '0.00', '0.00', '1.30', '1.69', '0.10', NULL, NULL, NULL, '0.00', '0.00', '0.00', '0.00', '0.00', '0.00', '0.00', '0.00', 2, 2, '2021-12-29 08:18:06', '2021-12-29 00:18:06'),
(167, 2, 2, 167, 20, '357.14', '2021-11-22', '10.00', 'ordinary day', 0, 'NO_TIME_IN', NULL, NULL, NULL, '0.00', '0.00', '0.00', '0.00', '7.91', '0.00', '1.00', '1.25', '0.10', NULL, NULL, NULL, '0.00', '0.00', '0.00', '0.00', '0.00', '2824.98', '3571.40', '0.00', 2, 2, '2021-12-29 08:18:06', '2021-12-29 00:18:06'),
(168, 2, 2, 168, 20, '357.14', '2021-11-23', '10.00', 'ordinary day', 0, 'COMPLETE', NULL, NULL, NULL, '9.48', '0.00', '0.00', '0.00', '0.11', '0.00', '1.00', '1.25', '0.10', NULL, NULL, NULL, '3385.69', '0.00', '0.00', '0.00', '0.00', '39.29', '3571.40', '3385.69', 2, 2, '2021-12-29 08:18:06', '2021-12-29 00:18:06'),
(169, 2, 2, 169, 20, '0.00', '2021-11-24', '0.00', 'ordinary day', 1, 'REST_DAY', NULL, NULL, NULL, '0.00', '0.00', '0.00', '0.00', '0.00', '0.00', '1.30', '1.69', '0.10', NULL, NULL, NULL, '0.00', '0.00', '0.00', '0.00', '0.00', '0.00', '0.00', '0.00', 2, 2, '2021-12-29 08:18:06', '2021-12-29 00:18:06'),
(170, 2, 2, 170, 20, '255.10', '2021-11-25', '14.00', 'ordinary day', 0, 'COMPLETE', NULL, NULL, NULL, '0.00', '0.00', '0.00', '0.00', '6.54', '0.00', '1.00', '1.25', '0.10', NULL, NULL, NULL, '0.00', '0.00', '0.00', '0.00', '0.00', '1668.35', '3571.40', '0.00', 2, 2, '2021-12-29 08:18:06', '2021-12-29 00:18:06'),
(171, 2, 2, 171, 20, '357.14', '2021-11-26', '10.00', 'ordinary day', 0, 'COMPLETE', NULL, NULL, NULL, '9.90', '0.00', '0.00', '0.00', '0.10', '0.00', '1.00', '1.25', '0.10', NULL, NULL, NULL, '3535.69', '0.00', '0.00', '0.00', '0.00', '35.71', '3571.40', '3535.69', 2, 2, '2021-12-29 08:18:06', '2021-12-29 00:18:06'),
(172, 2, 2, 172, 20, '0.00', '2021-11-27', '0.00', 'ordinary day', 1, 'NO_SCHEDULE', NULL, NULL, NULL, '0.00', '0.00', '0.00', '0.00', '0.00', '0.00', '1.30', '1.69', '0.10', NULL, NULL, NULL, '0.00', '0.00', '0.00', '0.00', '0.00', '0.00', '0.00', '0.00', 2, 2, '2021-12-29 08:18:06', '2021-12-29 00:18:06'),
(173, 2, 2, 173, 20, '0.00', '2021-11-28', '0.00', 'ordinary day', 1, 'NO_SCHEDULE', NULL, NULL, NULL, '0.00', '0.00', '0.00', '0.00', '0.00', '0.00', '1.30', '1.69', '0.10', NULL, NULL, NULL, '0.00', '0.00', '0.00', '0.00', '0.00', '0.00', '0.00', '0.00', 2, 2, '2021-12-29 08:18:06', '2021-12-29 00:18:06'),
(174, 2, 2, 174, 20, '357.14', '2021-11-29', '10.00', 'ordinary day', 0, 'COMPLETE', NULL, NULL, NULL, '9.28', '0.00', '0.00', '0.00', '0.01', '0.00', '1.00', '1.25', '0.10', NULL, NULL, NULL, '3314.26', '0.00', '0.00', '0.00', '0.00', '3.57', '3571.40', '3314.26', 2, 2, '2021-12-29 08:18:06', '2021-12-29 00:18:06'),
(175, 2, 2, 175, 20, '0.00', '2021-11-30', '0.00', 'regular holiday', 1, 'NO_SCHEDULE', NULL, NULL, NULL, '0.00', '0.00', '0.00', '0.00', '0.00', '0.00', '2.60', '3.38', '0.10', NULL, NULL, NULL, '0.00', '0.00', '0.00', '0.00', '0.00', '0.00', '0.00', '0.00', 2, 2, '2021-12-29 08:18:06', '2021-12-29 00:18:06'),
(176, 2, 2, 176, 20, '0.00', '2021-12-01', '0.00', 'ordinary day', 1, 'REST_DAY', NULL, NULL, NULL, '0.00', '0.00', '0.00', '0.00', '0.00', '0.00', '1.30', '1.69', '0.10', NULL, NULL, NULL, '0.00', '0.00', '0.00', '0.00', '0.00', '0.00', '0.00', '0.00', 2, 2, '2021-12-29 08:18:06', '2021-12-29 00:18:06'),
(177, 2, 2, 177, 20, '255.10', '2021-12-02', '14.00', 'ordinary day', 0, 'COMPLETE', NULL, NULL, NULL, '2.50', '0.00', '0.00', '0.00', '4.50', '0.00', '1.00', '1.25', '0.10', NULL, NULL, NULL, '637.75', '0.00', '0.00', '0.00', '0.00', '1147.95', '3571.40', '637.75', 2, 2, '2021-12-29 08:18:06', '2021-12-29 00:18:06'),
(178, 2, 2, 178, 20, '357.14', '2021-12-03', '10.00', 'ordinary day', 0, 'COMPLETE', NULL, NULL, NULL, '9.47', '0.00', '0.00', '0.00', '0.85', '0.00', '1.00', '1.25', '0.10', NULL, NULL, NULL, '3382.12', '0.00', '0.00', '0.00', '0.00', '303.57', '3571.40', '3382.12', 2, 2, '2021-12-29 08:18:06', '2021-12-29 00:18:06'),
(179, 2, 2, 179, 20, '0.00', '2021-12-04', '0.00', 'ordinary day', 1, 'NO_SCHEDULE', NULL, NULL, NULL, '0.00', '0.00', '0.00', '0.00', '0.00', '0.00', '1.30', '1.69', '0.10', NULL, NULL, NULL, '0.00', '0.00', '0.00', '0.00', '0.00', '0.00', '0.00', '0.00', 2, 2, '2021-12-29 08:18:06', '2021-12-29 00:18:06'),
(180, 2, 2, 180, 20, '0.00', '2021-12-05', '0.00', 'ordinary day', 1, 'NO_SCHEDULE', NULL, NULL, NULL, '0.00', '0.00', '0.00', '0.00', '0.00', '0.00', '1.30', '1.69', '0.10', NULL, NULL, NULL, '0.00', '0.00', '0.00', '0.00', '0.00', '0.00', '0.00', '0.00', 2, 2, '2021-12-29 08:18:06', '2021-12-29 00:18:06'),
(181, 2, 2, 181, 22, '0.00', '2021-11-21', '0.00', 'ordinary day', 1, 'NO_SCHEDULE', NULL, NULL, NULL, '0.00', '0.00', '0.00', '0.00', '0.00', '0.00', '1.30', '1.69', '0.10', NULL, NULL, NULL, '0.00', '0.00', '0.00', '0.00', '0.00', '0.00', '0.00', '0.00', 2, 2, '2021-12-29 08:18:06', '2021-12-29 00:18:06'),
(182, 2, 2, 182, 22, '90.28', '2021-11-22', '8.00', 'ordinary day', 0, 'ABSENT', NULL, NULL, NULL, '0.00', '0.00', '0.00', '0.00', '0.00', '0.00', '1.00', '1.25', '0.10', NULL, NULL, NULL, '0.00', '0.00', '0.00', '0.00', '0.00', '0.00', '722.24', '0.00', 2, 2, '2021-12-29 08:18:06', '2021-12-29 00:18:06'),
(183, 2, 2, 183, 22, '90.28', '2021-11-23', '8.00', 'ordinary day', 0, 'ABSENT', NULL, NULL, NULL, '0.00', '0.00', '0.00', '0.00', '0.00', '0.00', '1.00', '1.25', '0.10', NULL, NULL, NULL, '0.00', '0.00', '0.00', '0.00', '0.00', '0.00', '722.24', '0.00', 2, 2, '2021-12-29 08:18:06', '2021-12-29 00:18:06'),
(184, 2, 2, 184, 22, '103.17', '2021-11-24', '7.00', 'ordinary day', 0, 'ABSENT', NULL, NULL, NULL, '0.00', '0.00', '0.00', '0.00', '0.00', '0.00', '1.00', '1.25', '0.10', NULL, NULL, NULL, '0.00', '0.00', '0.00', '0.00', '0.00', '0.00', '722.19', '0.00', 2, 2, '2021-12-29 08:18:06', '2021-12-29 00:18:06'),
(185, 2, 2, 185, 22, '90.28', '2021-11-25', '8.00', 'ordinary day', 0, 'ABSENT', NULL, NULL, NULL, '0.00', '0.00', '0.00', '0.00', '0.00', '0.00', '1.00', '1.25', '0.10', NULL, NULL, NULL, '0.00', '0.00', '0.00', '0.00', '0.00', '0.00', '722.24', '0.00', 2, 2, '2021-12-29 08:18:06', '2021-12-29 00:18:06'),
(186, 2, 2, 186, 22, '90.28', '2021-11-26', '8.00', 'ordinary day', 0, 'ABSENT', NULL, NULL, NULL, '0.00', '0.00', '0.00', '0.00', '0.00', '0.00', '1.00', '1.25', '0.10', NULL, NULL, NULL, '0.00', '0.00', '0.00', '0.00', '0.00', '0.00', '722.24', '0.00', 2, 2, '2021-12-29 08:18:06', '2021-12-29 00:18:06'),
(187, 2, 2, 187, 22, '0.00', '2021-11-27', '0.00', 'ordinary day', 1, 'NO_SCHEDULE', NULL, NULL, NULL, '0.00', '0.00', '0.00', '0.00', '0.00', '0.00', '1.30', '1.69', '0.10', NULL, NULL, NULL, '0.00', '0.00', '0.00', '0.00', '0.00', '0.00', '0.00', '0.00', 2, 2, '2021-12-29 08:18:06', '2021-12-29 00:18:06'),
(188, 2, 2, 188, 22, '0.00', '2021-11-28', '0.00', 'ordinary day', 1, 'NO_SCHEDULE', NULL, NULL, NULL, '0.00', '0.00', '0.00', '0.00', '0.00', '0.00', '1.30', '1.69', '0.10', NULL, NULL, NULL, '0.00', '0.00', '0.00', '0.00', '0.00', '0.00', '0.00', '0.00', 2, 2, '2021-12-29 08:18:06', '2021-12-29 00:18:06'),
(189, 2, 2, 189, 22, '90.28', '2021-11-29', '8.00', 'ordinary day', 0, 'ABSENT', NULL, NULL, NULL, '0.00', '0.00', '0.00', '0.00', '0.00', '0.00', '1.00', '1.25', '0.10', NULL, NULL, NULL, '0.00', '0.00', '0.00', '0.00', '0.00', '0.00', '722.24', '0.00', 2, 2, '2021-12-29 08:18:06', '2021-12-29 00:18:06'),
(190, 2, 2, 190, 22, '0.00', '2021-11-30', '0.00', 'regular holiday', 1, 'NO_SCHEDULE', NULL, NULL, NULL, '0.00', '0.00', '0.00', '0.00', '0.00', '0.00', '2.60', '3.38', '0.10', NULL, NULL, NULL, '0.00', '0.00', '0.00', '0.00', '0.00', '0.00', '0.00', '0.00', 2, 2, '2021-12-29 08:18:06', '2021-12-29 00:18:06'),
(191, 2, 2, 191, 22, '103.17', '2021-12-01', '7.00', 'ordinary day', 0, 'ABSENT', NULL, NULL, NULL, '0.00', '0.00', '0.00', '0.00', '0.00', '0.00', '1.00', '1.25', '0.10', NULL, NULL, NULL, '0.00', '0.00', '0.00', '0.00', '0.00', '0.00', '722.19', '0.00', 2, 2, '2021-12-29 08:18:06', '2021-12-29 00:18:06'),
(192, 2, 2, 192, 22, '90.28', '2021-12-02', '8.00', 'ordinary day', 0, 'ABSENT', NULL, NULL, NULL, '0.00', '0.00', '0.00', '0.00', '0.00', '0.00', '1.00', '1.25', '0.10', NULL, NULL, NULL, '0.00', '0.00', '0.00', '0.00', '0.00', '0.00', '722.24', '0.00', 2, 2, '2021-12-29 08:18:06', '2021-12-29 00:18:06'),
(193, 2, 2, 193, 22, '90.28', '2021-12-03', '8.00', 'ordinary day', 0, 'ABSENT', NULL, NULL, NULL, '0.00', '0.00', '0.00', '0.00', '0.00', '0.00', '1.00', '1.25', '0.10', NULL, NULL, NULL, '0.00', '0.00', '0.00', '0.00', '0.00', '0.00', '722.24', '0.00', 2, 2, '2021-12-29 08:18:06', '2021-12-29 00:18:06'),
(194, 2, 2, 194, 22, '0.00', '2021-12-04', '0.00', 'ordinary day', 1, 'NO_SCHEDULE', NULL, NULL, NULL, '0.00', '0.00', '0.00', '0.00', '0.00', '0.00', '1.30', '1.69', '0.10', NULL, NULL, NULL, '0.00', '0.00', '0.00', '0.00', '0.00', '0.00', '0.00', '0.00', 2, 2, '2021-12-29 08:18:06', '2021-12-29 00:18:06'),
(195, 2, 2, 195, 22, '0.00', '2021-12-05', '0.00', 'ordinary day', 1, 'NO_SCHEDULE', NULL, NULL, NULL, '0.00', '0.00', '0.00', '0.00', '0.00', '0.00', '1.30', '1.69', '0.10', NULL, NULL, NULL, '0.00', '0.00', '0.00', '0.00', '0.00', '0.00', '0.00', '0.00', 2, 2, '2021-12-29 08:18:06', '2021-12-29 00:18:06'),
(196, 2, 2, 196, 23, '0.00', '2021-11-21', '0.00', 'ordinary day', 1, 'NO_SCHEDULE', NULL, NULL, NULL, '0.00', '0.00', '0.00', '0.00', '0.00', '0.00', '1.30', '1.69', '0.10', NULL, NULL, NULL, '0.00', '0.00', '0.00', '0.00', '0.00', '0.00', '0.00', '0.00', 2, 2, '2021-12-29 08:18:06', '2021-12-29 00:18:06'),
(197, 2, 2, 197, 23, '145.83', '2021-11-22', '8.00', 'ordinary day', 0, 'ABSENT', NULL, NULL, NULL, '0.00', '0.00', '0.00', '0.00', '0.00', '0.00', '1.00', '1.25', '0.10', NULL, NULL, NULL, '0.00', '0.00', '0.00', '0.00', '0.00', '0.00', '1166.64', '0.00', 2, 2, '2021-12-29 08:18:06', '2021-12-29 00:18:06'),
(198, 2, 2, 198, 23, '145.83', '2021-11-23', '8.00', 'ordinary day', 0, 'ABSENT', NULL, NULL, NULL, '0.00', '0.00', '0.00', '0.00', '0.00', '0.00', '1.00', '1.25', '0.10', NULL, NULL, NULL, '0.00', '0.00', '0.00', '0.00', '0.00', '0.00', '1166.64', '0.00', 2, 2, '2021-12-29 08:18:06', '2021-12-29 00:18:06'),
(199, 2, 2, 199, 23, '166.67', '2021-11-24', '7.00', 'ordinary day', 0, 'ABSENT', NULL, NULL, NULL, '0.00', '0.00', '0.00', '0.00', '0.00', '0.00', '1.00', '1.25', '0.10', NULL, NULL, NULL, '0.00', '0.00', '0.00', '0.00', '0.00', '0.00', '1166.69', '0.00', 2, 2, '2021-12-29 08:18:06', '2021-12-29 00:18:06'),
(200, 2, 2, 200, 23, '145.83', '2021-11-25', '8.00', 'ordinary day', 0, 'ABSENT', NULL, NULL, NULL, '0.00', '0.00', '0.00', '0.00', '0.00', '0.00', '1.00', '1.25', '0.10', NULL, NULL, NULL, '0.00', '0.00', '0.00', '0.00', '0.00', '0.00', '1166.64', '0.00', 2, 2, '2021-12-29 08:18:06', '2021-12-29 00:18:06'),
(201, 2, 2, 201, 23, '145.83', '2021-11-26', '8.00', 'ordinary day', 0, 'ABSENT', NULL, NULL, NULL, '0.00', '0.00', '0.00', '0.00', '0.00', '0.00', '1.00', '1.25', '0.10', NULL, NULL, NULL, '0.00', '0.00', '0.00', '0.00', '0.00', '0.00', '1166.64', '0.00', 2, 2, '2021-12-29 08:18:06', '2021-12-29 00:18:06'),
(202, 2, 2, 202, 23, '0.00', '2021-11-27', '0.00', 'ordinary day', 1, 'NO_SCHEDULE', NULL, NULL, NULL, '0.00', '0.00', '0.00', '0.00', '0.00', '0.00', '1.30', '1.69', '0.10', NULL, NULL, NULL, '0.00', '0.00', '0.00', '0.00', '0.00', '0.00', '0.00', '0.00', 2, 2, '2021-12-29 08:18:06', '2021-12-29 00:18:06'),
(203, 2, 2, 203, 23, '0.00', '2021-11-28', '0.00', 'ordinary day', 1, 'NO_SCHEDULE', NULL, NULL, NULL, '0.00', '0.00', '0.00', '0.00', '0.00', '0.00', '1.30', '1.69', '0.10', NULL, NULL, NULL, '0.00', '0.00', '0.00', '0.00', '0.00', '0.00', '0.00', '0.00', 2, 2, '2021-12-29 08:18:06', '2021-12-29 00:18:06'),
(204, 2, 2, 204, 23, '145.83', '2021-11-29', '8.00', 'ordinary day', 0, 'ABSENT', NULL, NULL, NULL, '0.00', '0.00', '0.00', '0.00', '0.00', '0.00', '1.00', '1.25', '0.10', NULL, NULL, NULL, '0.00', '0.00', '0.00', '0.00', '0.00', '0.00', '1166.64', '0.00', 2, 2, '2021-12-29 08:18:06', '2021-12-29 00:18:06'),
(205, 2, 2, 205, 23, '0.00', '2021-11-30', '0.00', 'regular holiday', 1, 'NO_SCHEDULE', NULL, NULL, NULL, '0.00', '0.00', '0.00', '0.00', '0.00', '0.00', '2.60', '3.38', '0.10', NULL, NULL, NULL, '0.00', '0.00', '0.00', '0.00', '0.00', '0.00', '0.00', '0.00', 2, 2, '2021-12-29 08:18:06', '2021-12-29 00:18:06'),
(206, 2, 2, 206, 23, '166.67', '2021-12-01', '7.00', 'ordinary day', 0, 'ABSENT', NULL, NULL, NULL, '0.00', '0.00', '0.00', '0.00', '0.00', '0.00', '1.00', '1.25', '0.10', NULL, NULL, NULL, '0.00', '0.00', '0.00', '0.00', '0.00', '0.00', '1166.69', '0.00', 2, 2, '2021-12-29 08:18:06', '2021-12-29 00:18:06'),
(207, 2, 2, 207, 23, '145.83', '2021-12-02', '8.00', 'ordinary day', 0, 'ABSENT', NULL, NULL, NULL, '0.00', '0.00', '0.00', '0.00', '0.00', '0.00', '1.00', '1.25', '0.10', NULL, NULL, NULL, '0.00', '0.00', '0.00', '0.00', '0.00', '0.00', '1166.64', '0.00', 2, 2, '2021-12-29 08:18:06', '2021-12-29 00:18:06'),
(208, 2, 2, 208, 23, '145.83', '2021-12-03', '8.00', 'ordinary day', 0, 'ABSENT', NULL, NULL, NULL, '0.00', '0.00', '0.00', '0.00', '0.00', '0.00', '1.00', '1.25', '0.10', NULL, NULL, NULL, '0.00', '0.00', '0.00', '0.00', '0.00', '0.00', '1166.64', '0.00', 2, 2, '2021-12-29 08:18:06', '2021-12-29 00:18:06'),
(209, 2, 2, 209, 23, '0.00', '2021-12-04', '0.00', 'ordinary day', 1, 'NO_SCHEDULE', NULL, NULL, NULL, '0.00', '0.00', '0.00', '0.00', '0.00', '0.00', '1.30', '1.69', '0.10', NULL, NULL, NULL, '0.00', '0.00', '0.00', '0.00', '0.00', '0.00', '0.00', '0.00', 2, 2, '2021-12-29 08:18:06', '2021-12-29 00:18:06'),
(210, 2, 2, 210, 23, '0.00', '2021-12-05', '0.00', 'ordinary day', 1, 'NO_SCHEDULE', NULL, NULL, NULL, '0.00', '0.00', '0.00', '0.00', '0.00', '0.00', '1.30', '1.69', '0.10', NULL, NULL, NULL, '0.00', '0.00', '0.00', '0.00', '0.00', '0.00', '0.00', '0.00', 2, 2, '2021-12-29 08:18:06', '2021-12-29 00:18:06');

-- --------------------------------------------------------

--
-- Table structure for table `hris_payroll_register_items_tbl`
--

CREATE TABLE `hris_payroll_register_items_tbl` (
  `payrollRegisterItemID` bigint(20) NOT NULL,
  `payrollRegisterID` bigint(20) DEFAULT NULL,
  `payrollID` bigint(21) DEFAULT NULL,
  `employeeID` bigint(20) DEFAULT NULL,
  `totalDays` int(11) DEFAULT NULL,
  `basicSalary` decimal(15,2) DEFAULT NULL,
  `basicPay` decimal(15,2) DEFAULT NULL,
  `holidayPay` decimal(15,2) DEFAULT NULL,
  `overtimePay` decimal(15,2) DEFAULT NULL,
  `nightDifferentialPay` decimal(15,2) DEFAULT NULL,
  `allowance` decimal(15,2) DEFAULT NULL,
  `paidLeave` decimal(15,2) DEFAULT NULL,
  `additionalAdjustment` decimal(15,2) DEFAULT NULL,
  `lateUndertimeDeduction` decimal(15,2) DEFAULT NULL,
  `lwopDeduction` decimal(15,2) DEFAULT NULL,
  `grossPay` decimal(15,2) DEFAULT NULL,
  `sssDeduction` decimal(15,2) DEFAULT NULL,
  `phicDeduction` decimal(15,2) DEFAULT NULL,
  `hdmfDeduction` decimal(15,2) DEFAULT NULL,
  `withHoldingDeduction` decimal(15,2) DEFAULT NULL,
  `loanDeduction` decimal(15,2) DEFAULT NULL,
  `totalMandates` decimal(15,2) DEFAULT NULL,
  `otherDeductions` decimal(15,2) DEFAULT NULL,
  `totalDeductions` decimal(15,2) DEFAULT NULL,
  `netPay` decimal(15,2) DEFAULT NULL,
  `hasBank` int(11) DEFAULT NULL,
  `salaryWages` decimal(15,2) DEFAULT NULL,
  `salaryOnBank` decimal(15,2) DEFAULT NULL,
  `salaryOnCheck` decimal(15,2) DEFAULT NULL,
  `onHoldSalary` decimal(15,2) DEFAULT NULL,
  `salaryRelease` decimal(15,2) DEFAULT NULL,
  `totalSalary` decimal(15,2) DEFAULT NULL,
  `createdBy` bigint(21) DEFAULT NULL,
  `updatedBy` bigint(21) DEFAULT NULL,
  `createdAt` timestamp NULL DEFAULT current_timestamp(),
  `updatedAt` timestamp NULL DEFAULT current_timestamp() ON UPDATE current_timestamp()
) ENGINE=InnoDB DEFAULT CHARSET=utf8mb4;

--
-- Dumping data for table `hris_payroll_register_items_tbl`
--

INSERT INTO `hris_payroll_register_items_tbl` (`payrollRegisterItemID`, `payrollRegisterID`, `payrollID`, `employeeID`, `totalDays`, `basicSalary`, `basicPay`, `holidayPay`, `overtimePay`, `nightDifferentialPay`, `allowance`, `paidLeave`, `additionalAdjustment`, `lateUndertimeDeduction`, `lwopDeduction`, `grossPay`, `sssDeduction`, `phicDeduction`, `hdmfDeduction`, `withHoldingDeduction`, `loanDeduction`, `totalMandates`, `otherDeductions`, `totalDeductions`, `netPay`, `hasBank`, `salaryWages`, `salaryOnBank`, `salaryOnCheck`, `onHoldSalary`, `salaryRelease`, `totalSalary`, `createdBy`, `updatedBy`, `createdAt`, `updatedAt`) VALUES
(1, 1, 1, 2, 11, '9000.00', '4835.33', '0.00', '0.00', '0.00', '200.00', '0.00', '81.58', '73.63', '3272.64', '5584.72', '247.50', '97.73', '100.00', '0.00', '0.00', '445.23', '0.00', NULL, '5239.49', 1, '5384.72', '5239.49', '0.00', '0.00', NULL, '5239.49', 2, 2, '2021-12-28 00:59:48', '2021-12-29 00:16:33'),
(2, 1, 1, 4, 9, '1050.00', '560.51', '0.00', '0.00', '0.00', '0.00', '0.00', '0.00', '82.82', '349.92', '617.26', '0.00', '0.00', '100.00', '0.00', '0.00', '100.00', '0.00', NULL, '517.26', 1, '617.26', '517.26', '0.00', '0.00', NULL, '517.26', 2, 2, '2021-12-28 00:59:48', '2021-12-28 00:59:48'),
(3, 1, 1, 5, 11, '950.00', '510.39', '0.00', '0.00', '0.00', '0.00', '0.00', '0.00', '7.99', '345.60', '596.41', '0.00', '0.00', '100.00', '0.00', '0.00', '100.00', '0.00', NULL, '496.41', 0, '596.41', '0.00', '0.00', '496.41', NULL, '496.41', 2, 2, '2021-12-28 00:59:48', '2021-12-28 00:59:48'),
(4, 1, 1, 7, 11, '6250.00', '3356.43', '0.00', '0.00', '0.00', '0.00', '0.00', '0.00', '52.56', '2272.64', '3924.80', '180.00', '68.68', '100.00', '0.00', '0.00', '348.68', '0.00', NULL, '3576.12', 1, '3924.80', '0.00', '0.00', '3576.12', NULL, '3576.12', 2, 2, '2021-12-28 00:59:48', '2021-12-28 00:59:48'),
(5, 1, 1, 20, 9, '25000.00', '13058.44', '0.00', '0.00', '0.00', '250.00', '0.00', '123.00', '1973.00', '8333.28', '14654.00', '652.50', '256.45', '100.00', '0.00', '20854.17', '1008.95', '0.00', NULL, '-6909.12', 1, '14404.00', '-6909.12', '0.00', '0.00', NULL, '-6909.12', 2, 2, '2021-12-28 00:59:48', '2021-12-29 00:16:33'),
(6, 1, 1, 22, 11, '6500.00', '0.00', '0.00', '0.00', '0.00', '0.00', '0.00', '0.00', '0.00', '6499.74', '0.26', '0.00', '0.00', '100.00', '0.00', '0.00', '100.00', '0.00', NULL, '-99.74', 0, '0.26', '0.00', '0.00', '-99.74', NULL, '-99.74', 2, 2, '2021-12-28 00:59:48', '2021-12-28 00:59:48'),
(7, 1, 1, 23, 11, '10500.00', '0.00', '0.00', '0.00', '0.00', '0.00', '0.00', '0.00', '0.00', '10500.00', '0.00', '0.00', '0.00', '0.00', '0.00', '0.00', '0.00', '0.00', NULL, '0.00', 0, '0.00', '0.00', '0.00', '0.00', NULL, '0.00', 2, 2, '2021-12-28 00:59:48', '2021-12-28 00:59:48'),
(8, 2, 2, 2, 9, '9000.00', '9100.42', '0.00', '0.00', '14.29', '200.00', '0.00', '0.00', '71.07', '0.00', '8943.22', '652.50', '254.24', '100.00', '0.00', '0.00', '0.00', '0.00', NULL, '8136.48', 1, '8743.22', '8136.48', '0.00', '0.00', NULL, '8136.48', 2, 2, '2021-12-29 00:19:12', '2021-12-29 00:19:12'),
(9, 2, 2, 4, 7, '1050.00', '598.88', '0.00', '0.00', '0.00', '0.00', '0.00', '0.00', '145.84', '0.00', '904.16', '135.00', '26.62', '100.00', '0.00', '0.00', '0.00', '0.00', NULL, '642.54', 1, '904.16', '642.54', '0.00', '0.00', NULL, '642.54', 2, 2, '2021-12-29 00:19:12', '2021-12-29 00:19:12'),
(10, 2, 2, 5, 9, '950.00', '840.81', '0.00', '0.00', '0.00', '0.00', '0.00', '0.00', '3.43', '0.00', '946.57', '135.00', '27.00', '100.00', '0.00', '0.00', '0.00', '0.00', NULL, '684.57', 0, '946.57', '0.00', '0.00', '684.57', NULL, '684.57', 2, 2, '2021-12-29 00:19:12', '2021-12-29 00:19:12'),
(11, 2, 2, 7, 9, '6250.00', '5533.25', '0.00', '0.00', '0.00', '0.00', '0.00', '0.00', '22.57', '0.00', '6227.43', '450.00', '177.66', '100.00', '0.00', '0.00', '0.00', '0.00', NULL, '5499.77', 1, '6227.43', '5499.77', '0.00', '0.00', NULL, '5499.77', 2, 2, '2021-12-29 00:19:12', '2021-12-29 00:19:12'),
(12, 2, 2, 20, 7, '25000.00', '14255.51', '0.00', '0.00', '0.00', '250.00', '0.00', '0.00', '6023.42', '0.00', '18976.58', '900.00', '588.54', '100.00', '2177.26', '20854.17', '0.00', '0.00', NULL, '-5393.39', 1, '18726.58', '-5393.39', '0.00', '0.00', NULL, '-5393.39', 2, 2, '2021-12-29 00:19:12', '2021-12-29 00:19:12'),
(13, 2, 2, 22, 9, '6500.00', '0.00', '0.00', '0.00', '0.00', '0.00', '0.00', '0.00', '0.00', '6500.00', '0.00', '0.00', '0.00', '0.00', '0.00', '0.00', '0.00', '0.00', NULL, '0.00', 0, '0.00', '0.00', '0.00', '0.00', NULL, '0.00', 2, 2, '2021-12-29 00:19:12', '2021-12-29 00:19:12'),
(14, 2, 2, 23, 9, '10500.00', '0.00', '0.00', '0.00', '0.00', '0.00', '0.00', '0.00', '0.00', '10499.86', '0.14', '0.00', '0.00', '100.00', '0.00', '0.00', '0.00', '0.00', NULL, '-99.86', 0, '0.14', '0.00', '0.00', '-99.86', NULL, '-99.86', 2, 2, '2021-12-29 00:19:12', '2021-12-29 00:19:12');

-- --------------------------------------------------------

--
-- Table structure for table `hris_payroll_register_tbl`
--

CREATE TABLE `hris_payroll_register_tbl` (
  `payrollRegisterID` bigint(20) NOT NULL,
  `payrollRegisterCode` varchar(45) DEFAULT NULL,
  `revisePayrollRegisterID` bigint(20) DEFAULT NULL,
  `revisePayrollRegisterCode` varchar(45) DEFAULT NULL,
  `payrollID` bigint(20) DEFAULT NULL,
  `payrollCode` varchar(45) DEFAULT NULL,
  `employeeID` bigint(20) DEFAULT NULL,
  `payrollRegisterReason` text DEFAULT NULL,
  `approversID` text DEFAULT NULL,
  `approversDate` text DEFAULT NULL,
  `approversStatus` text DEFAULT NULL,
  `submittedAt` timestamp NULL DEFAULT NULL,
  `payrollRegisterStatus` int(10) DEFAULT NULL,
  `payrollRegisterRemarks` text DEFAULT NULL,
  `totalOnHoldSalary` decimal(15,2) DEFAULT NULL,
  `totalSalaryOnCheck` decimal(15,2) DEFAULT NULL,
  `totalSalaryOnBank` decimal(15,2) DEFAULT NULL,
  `totalNetPay` decimal(15,2) DEFAULT NULL,
  `totalPayroll` decimal(15,2) DEFAULT NULL,
  `createdBy` bigint(21) DEFAULT NULL,
  `updatedBy` bigint(21) DEFAULT NULL,
  `createdAt` timestamp NULL DEFAULT current_timestamp(),
  `updatedAt` timestamp NULL DEFAULT current_timestamp() ON UPDATE current_timestamp()
) ENGINE=InnoDB DEFAULT CHARSET=utf8mb4;

--
-- Dumping data for table `hris_payroll_register_tbl`
--

INSERT INTO `hris_payroll_register_tbl` (`payrollRegisterID`, `payrollRegisterCode`, `revisePayrollRegisterID`, `revisePayrollRegisterCode`, `payrollID`, `payrollCode`, `employeeID`, `payrollRegisterReason`, `approversID`, `approversDate`, `approversStatus`, `submittedAt`, `payrollRegisterStatus`, `payrollRegisterRemarks`, `totalOnHoldSalary`, `totalSalaryOnCheck`, `totalSalaryOnBank`, `totalNetPay`, `totalPayroll`, `createdBy`, `updatedBy`, `createdAt`, `updatedAt`) VALUES
(1, 'PRR-21-00001', NULL, NULL, 1, 'PRL-21-00001', 20, 'fr.tstng.prpss.nly', '20', '2021-12-29 08:17:19', '2', '2021-12-29 08:17:19', 2, NULL, '3972.79', '0.00', '-1152.37', '2820.42', '2820.42', 2, 20, '2021-12-28 00:59:48', '2021-12-29 00:17:20'),
(2, 'PRR-21-00002', NULL, NULL, 2, 'PRL-21-00002', 20, 'tstng', '20', '2021-12-29 08:24:11', '2', '2021-12-29 08:24:11', 2, NULL, '584.71', '0.00', '8885.40', '9470.11', '9470.11', 2, 20, '2021-12-29 00:19:12', '2021-12-29 00:24:13');

-- --------------------------------------------------------

--
-- Table structure for table `hris_payroll_tbl`
--

CREATE TABLE `hris_payroll_tbl` (
  `payrollID` bigint(21) NOT NULL,
  `payrollCode` varchar(45) DEFAULT NULL,
  `revisePayrollID` bigint(21) DEFAULT NULL,
  `revisePayrollCode` varchar(45) DEFAULT NULL,
  `timekeepingID` bigint(21) DEFAULT NULL,
  `timekeepingCode` varchar(45) DEFAULT NULL,
  `employeeID` bigint(21) DEFAULT NULL,
  `payrollStartDate` date DEFAULT NULL,
  `payrollEndDate` date DEFAULT NULL,
  `cutOff` int(11) DEFAULT NULL,
  `payOut` date DEFAULT NULL,
  `deduction` int(11) DEFAULT NULL,
  `payrollReason` text DEFAULT NULL,
  `approversID` text DEFAULT NULL,
  `approversDate` text DEFAULT NULL,
  `approversStatus` text DEFAULT NULL,
  `submittedAt` timestamp NULL DEFAULT NULL,
  `payrollStatus` int(10) DEFAULT NULL,
  `payrollRemarks` text DEFAULT NULL,
  `createdBy` bigint(21) DEFAULT NULL,
  `updatedBy` bigint(21) DEFAULT NULL,
  `createdAt` timestamp NULL DEFAULT current_timestamp(),
  `updatedAt` timestamp NULL DEFAULT current_timestamp() ON UPDATE current_timestamp()
) ENGINE=InnoDB DEFAULT CHARSET=utf8mb4;

--
-- Dumping data for table `hris_payroll_tbl`
--

INSERT INTO `hris_payroll_tbl` (`payrollID`, `payrollCode`, `revisePayrollID`, `revisePayrollCode`, `timekeepingID`, `timekeepingCode`, `employeeID`, `payrollStartDate`, `payrollEndDate`, `cutOff`, `payOut`, `deduction`, `payrollReason`, `approversID`, `approversDate`, `approversStatus`, `submittedAt`, `payrollStatus`, `payrollRemarks`, `createdBy`, `updatedBy`, `createdAt`, `updatedAt`) VALUES
(1, 'PRL-21-00001', NULL, NULL, 1, 'TMK-21-00001', 20, '2021-12-06', '2021-12-20', 2, NULL, NULL, 'for testing purposes only.', '2', '2021-12-28 08:59:47', '2', '2021-12-28 08:58:54', 2, NULL, 2, 2, '2021-12-27 16:03:23', '2021-12-28 00:59:48'),
(2, 'PRL-21-00002', NULL, NULL, 2, 'TMK-21-00002', 20, '2021-11-21', '2021-12-05', 1, NULL, NULL, 'tstng', '2', '2021-12-29 08:19:11', '2', '2021-12-29 08:18:59', 2, NULL, 2, 2, '2021-12-29 08:18:06', '2021-12-29 00:19:12');

-- --------------------------------------------------------

--
-- Table structure for table `hris_payslip_tbl`
--

CREATE TABLE `hris_payslip_tbl` (
  `payslipID` bigint(20) NOT NULL,
  `payrollID` bigint(20) DEFAULT NULL,
  `departmentID` bigint(20) DEFAULT NULL,
  `designationID` bigint(20) DEFAULT NULL,
  `employeeID` bigint(20) DEFAULT NULL,
  `employeeCode` varchar(45) DEFAULT NULL,
  `fullname` varchar(255) DEFAULT NULL,
  `departmentName` varchar(255) DEFAULT NULL,
  `designationName` varchar(255) DEFAULT NULL,
  `employeeSSS` varchar(100) DEFAULT NULL,
  `employeePhilHealth` varchar(100) DEFAULT NULL,
  `employeePagibig` varchar(100) DEFAULT NULL,
  `employeeTIN` varchar(100) DEFAULT NULL,
  `payPeriod` varchar(200) DEFAULT NULL,
  `payOut` varchar(100) DEFAULT NULL,
  `totalDays` int(11) DEFAULT NULL,
  `basicSalary` decimal(15,2) DEFAULT NULL,
  `basicPay` decimal(15,2) DEFAULT NULL,
  `holidayPay` decimal(15,2) DEFAULT NULL,
  `overtimePay` decimal(15,2) DEFAULT NULL,
  `nightDifferentialPay` decimal(15,2) DEFAULT NULL,
  `allowance` decimal(15,2) DEFAULT NULL,
  `leavePay` decimal(15,2) DEFAULT NULL,
  `otherEarning` decimal(15,2) DEFAULT NULL,
  `totalEarning` decimal(15,2) DEFAULT NULL,
  `lateUndertimeDeduction` decimal(15,2) DEFAULT NULL,
  `lwopDeduction` decimal(15,2) DEFAULT NULL,
  `grossPay` decimal(15,2) DEFAULT NULL,
  `sssDeduction` decimal(15,2) DEFAULT NULL,
  `phicDeduction` decimal(15,2) DEFAULT NULL,
  `hdmfDeduction` decimal(15,2) DEFAULT NULL,
  `withHoldingDeduction` decimal(15,2) DEFAULT NULL,
  `ammortizationName` text DEFAULT NULL,
  `ammortizationAmount` text DEFAULT NULL,
  `loanDeduction` decimal(15,2) DEFAULT NULL,
  `otherDeduction` decimal(15,2) DEFAULT NULL,
  `totalDeduction` decimal(15,2) DEFAULT NULL,
  `netPay` decimal(15,2) DEFAULT NULL,
  `slTotal` decimal(15,2) DEFAULT NULL,
  `slUsed` decimal(15,2) DEFAULT NULL,
  `slRemaining` decimal(15,2) DEFAULT NULL,
  `vlTotal` decimal(15,2) DEFAULT NULL,
  `vlUsed` decimal(15,2) DEFAULT NULL,
  `vlRemaining` decimal(15,2) DEFAULT NULL,
  `printedPayslip` int(11) DEFAULT 0,
  `generatedDate` datetime DEFAULT NULL,
  `generatedBy` bigint(20) DEFAULT NULL,
  `createdBy` bigint(20) DEFAULT NULL,
  `updatedBy` bigint(20) DEFAULT NULL,
  `createdAt` timestamp NOT NULL DEFAULT current_timestamp(),
  `updatedAt` timestamp NOT NULL DEFAULT current_timestamp() ON UPDATE current_timestamp()
) ENGINE=InnoDB DEFAULT CHARSET=utf8mb4;

--
-- Dumping data for table `hris_payslip_tbl`
--

INSERT INTO `hris_payslip_tbl` (`payslipID`, `payrollID`, `departmentID`, `designationID`, `employeeID`, `employeeCode`, `fullname`, `departmentName`, `designationName`, `employeeSSS`, `employeePhilHealth`, `employeePagibig`, `employeeTIN`, `payPeriod`, `payOut`, `totalDays`, `basicSalary`, `basicPay`, `holidayPay`, `overtimePay`, `nightDifferentialPay`, `allowance`, `leavePay`, `otherEarning`, `totalEarning`, `lateUndertimeDeduction`, `lwopDeduction`, `grossPay`, `sssDeduction`, `phicDeduction`, `hdmfDeduction`, `withHoldingDeduction`, `ammortizationName`, `ammortizationAmount`, `loanDeduction`, `otherDeduction`, `totalDeduction`, `netPay`, `slTotal`, `slUsed`, `slRemaining`, `vlTotal`, `vlUsed`, `vlRemaining`, `printedPayslip`, `generatedDate`, `generatedBy`, `createdBy`, `updatedBy`, `createdAt`, `updatedAt`) VALUES
(1, 1, 3, 15, 2, 'EMP-21-00001', 'Arjay Diangzon', 'Operations Department', 'Junior Developer II', '32-4567898-7', '43-254657687-6', '4567-8987-6543', '234-567-890', 'December 06, 2021 - December 20, 2021', 'December 31, 2021', 11, '9000.00', '4835.33', '0.00', '0.00', '0.00', '100.00', '0.00', '0.00', '9100.00', '70.00', '3345.28', '5584.72', '247.50', '106.67', '100.00', '0.00', NULL, NULL, '0.00', '0.00', '3869.45', '5239.49', '0.00', '0.00', '0.00', '5.00', '0.00', '5.00', 0, NULL, NULL, NULL, NULL, '2021-12-28 00:59:48', '2021-12-28 00:59:48'),
(2, 1, 3, 4, 4, 'EMP-21-00003', 'Charles Verdadero', 'Operations Department', 'Junior Developer', '', '', '', '', 'December 06, 2021 - December 20, 2021', 'December 31, 2021', 9, '1050.00', '560.51', '0.00', '0.00', '0.00', '0.00', '0.00', '0.00', '1050.00', '82.82', '349.92', '617.26', '0.00', '0.00', '100.00', '0.00', NULL, NULL, '0.00', '0.00', '532.74', '517.26', '0.00', '0.00', '0.00', '0.00', '0.00', '0.00', 0, NULL, NULL, NULL, NULL, '2021-12-28 00:59:48', '2021-12-28 00:59:48'),
(3, 1, 3, 4, 5, 'EMP-21-00004', 'Mark Nieto', 'Operations Department', 'Junior Developer', '', '', '', '', 'December 06, 2021 - December 20, 2021', 'December 31, 2021', 11, '950.00', '510.39', '0.00', '0.00', '0.00', '0.00', '0.00', '0.00', '950.00', '7.99', '345.60', '596.41', '0.00', '0.00', '100.00', '0.00', NULL, NULL, '0.00', '0.00', '453.59', '496.41', '0.00', '0.00', '0.00', '0.00', '0.00', '0.00', 0, NULL, NULL, NULL, NULL, '2021-12-28 00:59:48', '2021-12-28 00:59:48'),
(4, 1, 7, 16, 7, 'EMP-21-00006', 'Renna Telesforo', 'Purchasing Department', 'Purchaser', '35-4657687-6', '46-556765435-6', '3456-7865-4324', '345-367-876', 'December 06, 2021 - December 20, 2021', 'December 31, 2021', 11, '6250.00', '3356.43', '0.00', '0.00', '0.00', '0.00', '0.00', '0.00', '6250.00', '52.56', '2272.64', '3924.80', '180.00', '68.68', '100.00', '0.00', NULL, NULL, '0.00', '0.00', '2673.88', '3576.12', '2.00', '0.00', '2.00', '0.00', '0.00', '0.00', 0, NULL, NULL, NULL, NULL, '2021-12-28 00:59:48', '2021-12-28 00:59:48'),
(5, 1, 3, 9, 20, 'EMP-21-00019', 'Joseph Berongoy', 'Operations Department', 'Quality Analyst', '32-5435435-3', '24-353445653-4', '4656-4562-4344', '253-453-532', 'December 06, 2021 - December 20, 2021', 'December 31, 2021', 9, '25000.00', '13058.44', '0.00', '0.00', '0.00', '300.00', '0.00', '0.00', '25300.00', '2046.00', '8300.00', '14654.00', '652.50', '199.31', '100.00', '0.00', NULL, NULL, '20854.17', '0.00', '11297.81', '-6909.12', '0.00', '0.00', '0.00', '7.00', '0.00', '7.00', 0, NULL, NULL, NULL, NULL, '2021-12-28 00:59:48', '2021-12-28 00:59:48'),
(6, 1, 4, 2, 22, 'EMP-21-00021', 'Jelo De Guzman', 'Admin Department', 'Network Engineer', '', '', '', '', 'December 06, 2021 - December 20, 2021', 'December 31, 2021', 11, '6500.00', '0.00', '0.00', '0.00', '0.00', '0.00', '0.00', '0.00', '6500.00', '0.00', '6499.74', '0.26', '0.00', '0.00', '100.00', '0.00', NULL, NULL, '0.00', '0.00', '6599.74', '-99.74', '0.00', '0.00', '0.00', '0.00', '0.00', '0.00', 0, NULL, NULL, NULL, NULL, '2021-12-28 00:59:48', '2021-12-28 00:59:48'),
(7, 1, 4, 2, 23, 'EMP-21-00022', 'Yow Lee Rah Me Zares', 'Admin Department', 'Network Engineer', '', '', '', '', 'December 06, 2021 - December 20, 2021', 'December 31, 2021', 11, '10500.00', '0.00', '0.00', '0.00', '0.00', '0.00', '0.00', '0.00', '10500.00', '0.00', '10500.00', '0.00', '0.00', '0.00', '0.00', '0.00', NULL, NULL, '0.00', '0.00', '10500.00', '0.00', '7.00', '0.00', '7.00', '0.00', '0.00', '0.00', 0, NULL, NULL, NULL, NULL, '2021-12-28 00:59:48', '2021-12-28 00:59:48'),
(8, 2, 3, 15, 2, 'EMP-21-00001', 'Arjay Diangzon', 'Operations Department', 'Junior Developer II', '32-4567898-7', '43-254657687-6', '4567-8987-6543', '234-567-890', 'November 21, 2021 - December 05, 2021', 'December 15, 2021', 9, '9000.00', '9100.42', '0.00', '0.00', '14.29', '200.00', '0.00', '0.00', '9214.29', '71.07', '0.00', '8943.22', '652.50', '254.24', '100.00', '0.00', NULL, NULL, '0.00', '0.00', '1077.81', '8136.48', '0.00', '0.00', '0.00', '5.00', '0.00', '5.00', 0, NULL, NULL, NULL, NULL, '2021-12-29 00:19:12', '2021-12-29 00:19:12'),
(9, 2, 3, 4, 4, 'EMP-21-00003', 'Charles Verdadero', 'Operations Department', 'Junior Developer', '', '', '', '', 'November 21, 2021 - December 05, 2021', 'December 15, 2021', 7, '1050.00', '598.88', '0.00', '0.00', '0.00', '0.00', '0.00', '0.00', '1050.00', '145.84', '0.00', '904.16', '135.00', '26.62', '100.00', '0.00', NULL, NULL, '0.00', '0.00', '407.46', '642.54', '0.00', '0.00', '0.00', '0.00', '0.00', '0.00', 0, NULL, NULL, NULL, NULL, '2021-12-29 00:19:12', '2021-12-29 00:19:12'),
(10, 2, 3, 4, 5, 'EMP-21-00004', 'Mark Nieto', 'Operations Department', 'Junior Developer', '', '', '', '', 'November 21, 2021 - December 05, 2021', 'December 15, 2021', 9, '950.00', '840.81', '0.00', '0.00', '0.00', '0.00', '0.00', '0.00', '950.00', '3.43', '0.00', '946.57', '135.00', '27.00', '100.00', '0.00', NULL, NULL, '0.00', '0.00', '265.43', '684.57', '0.00', '0.00', '0.00', '0.00', '0.00', '0.00', 0, NULL, NULL, NULL, NULL, '2021-12-29 00:19:12', '2021-12-29 00:19:12'),
(11, 2, 7, 16, 7, 'EMP-21-00006', 'Renna Telesforo', 'Purchasing Department', 'Purchaser', '35-4657687-6', '46-556765435-6', '3456-7865-4324', '345-367-876', 'November 21, 2021 - December 05, 2021', 'December 15, 2021', 9, '6250.00', '5533.25', '0.00', '0.00', '0.00', '0.00', '0.00', '0.00', '6250.00', '22.57', '0.00', '6227.43', '450.00', '177.66', '100.00', '0.00', NULL, NULL, '0.00', '0.00', '750.23', '5499.77', '2.00', '0.00', '2.00', '0.00', '0.00', '0.00', 0, NULL, NULL, NULL, NULL, '2021-12-29 00:19:12', '2021-12-29 00:19:12'),
(12, 2, 3, 9, 20, 'EMP-21-00019', 'Joseph Berongoy', 'Operations Department', 'Quality Analyst', '32-5435435-3', '24-353445653-4', '4656-4562-4344', '253-453-532', 'November 21, 2021 - December 05, 2021', 'December 15, 2021', 7, '25000.00', '14255.51', '0.00', '0.00', '0.00', '250.00', '0.00', '0.00', '25250.00', '6023.42', '0.00', '18976.58', '900.00', '588.54', '100.00', '2177.26', NULL, NULL, '20854.17', '0.00', '9789.22', '-5393.39', '0.00', '0.00', '0.00', '6.00', '0.00', '6.00', 0, NULL, NULL, NULL, NULL, '2021-12-29 00:19:12', '2021-12-29 00:19:12'),
(13, 2, 4, 2, 22, 'EMP-21-00021', 'Jelo De Guzman', 'Admin Department', 'Network Engineer', '', '', '', '', 'November 21, 2021 - December 05, 2021', 'December 15, 2021', 9, '6500.00', '0.00', '0.00', '0.00', '0.00', '0.00', '0.00', '0.00', '6500.00', '0.00', '6500.00', '0.00', '0.00', '0.00', '0.00', '0.00', NULL, NULL, '0.00', '0.00', '6500.00', '0.00', '0.00', '0.00', '0.00', '0.00', '0.00', '0.00', 0, NULL, NULL, NULL, NULL, '2021-12-29 00:19:12', '2021-12-29 00:19:12'),
(14, 2, 4, 2, 23, 'EMP-21-00022', 'Yow Lee Rah Me Zares', 'Admin Department', 'Network Engineer', '', '', '', '', 'November 21, 2021 - December 05, 2021', 'December 15, 2021', 9, '10500.00', '0.00', '0.00', '0.00', '0.00', '0.00', '0.00', '0.00', '10500.00', '0.00', '10499.86', '0.14', '0.00', '0.00', '100.00', '0.00', NULL, NULL, '0.00', '0.00', '10599.86', '-99.86', '7.00', '0.00', '7.00', '0.00', '0.00', '0.00', 0, NULL, NULL, NULL, NULL, '2021-12-29 00:19:12', '2021-12-29 00:19:12');

-- --------------------------------------------------------

--
-- Table structure for table `hris_personnel_request_tbl`
--

CREATE TABLE `hris_personnel_request_tbl` (
  `personnelRequestID` bigint(20) NOT NULL,
  `costEstimateID` bigint(20) DEFAULT NULL,
  `billMaterialID` bigint(20) DEFAULT NULL,
  `designationID` bigint(20) NOT NULL,
  `designationCode` text NOT NULL,
  `designation` text NOT NULL,
  `designationQuantity` decimal(10,0) NOT NULL,
  `designationTotalManHours` decimal(10,1) NOT NULL,
  `unitCost` decimal(10,2) NOT NULL,
  `totalCost` decimal(10,2) NOT NULL,
  `createdBy` bigint(20) NOT NULL,
  `updatedBy` bigint(20) NOT NULL,
  `createdAt` timestamp NOT NULL DEFAULT current_timestamp(),
  `updatedAt` timestamp NOT NULL DEFAULT current_timestamp() ON UPDATE current_timestamp()
) ENGINE=InnoDB DEFAULT CHARSET=utf8mb4;

-- --------------------------------------------------------

--
-- Table structure for table `hris_philhealth_table_tbl`
--

CREATE TABLE `hris_philhealth_table_tbl` (
  `phID` bigint(20) NOT NULL,
  `phMinimumRange` decimal(15,2) NOT NULL,
  `phMaximumRange` decimal(15,2) NOT NULL,
  `phPercentage` decimal(15,2) NOT NULL,
  `createdAt` timestamp NOT NULL DEFAULT current_timestamp(),
  `updatedAt` timestamp NOT NULL DEFAULT current_timestamp() ON UPDATE current_timestamp()
) ENGINE=InnoDB DEFAULT CHARSET=utf8mb4;

--
-- Dumping data for table `hris_philhealth_table_tbl`
--

INSERT INTO `hris_philhealth_table_tbl` (`phID`, `phMinimumRange`, `phMaximumRange`, `phPercentage`, `createdAt`, `updatedAt`) VALUES
(1, '1000.00', '10000.00', '3.50', '2021-04-15 23:01:29', '2021-04-15 23:01:29'),
(2, '10000.01', '69999.99', '3.50', '2021-04-15 23:01:29', '2021-04-15 23:01:29'),
(3, '70000.00', '999999.00', '3.50', '2021-04-15 23:01:29', '2021-04-15 23:01:29');

-- --------------------------------------------------------

--
-- Table structure for table `hris_production_activity_tbl`
--

CREATE TABLE `hris_production_activity_tbl` (
  `productionActivityID` bigint(20) NOT NULL,
  `productionEntriesID` bigint(20) DEFAULT NULL,
  `productionID` bigint(20) DEFAULT NULL,
  `dateEntries` date NOT NULL,
  `dayEntries` text COLLATE utf8mb4_unicode_ci DEFAULT NULL,
  `timeStart` text COLLATE utf8mb4_unicode_ci DEFAULT NULL,
  `timeEnd` text COLLATE utf8mb4_unicode_ci DEFAULT NULL,
  `activityLocation` text COLLATE utf8mb4_unicode_ci DEFAULT NULL,
  `activityClass` text COLLATE utf8mb4_unicode_ci NOT NULL,
  `activityProject` int(50) NOT NULL,
  `activityProjectName` text COLLATE utf8mb4_unicode_ci DEFAULT NULL,
  `activityClient` int(50) NOT NULL,
  `activityClientName` text COLLATE utf8mb4_unicode_ci DEFAULT NULL,
  `activityDescription` longtext COLLATE utf8mb4_unicode_ci DEFAULT NULL,
  `activityStatus` text CHARACTER SET utf8mb4 DEFAULT NULL,
  `activityHours` decimal(10,2) NOT NULL,
  `leaveRequestID` int(11) NOT NULL,
  `overtimeRequestID` int(11) NOT NULL,
  `createdBy` bigint(20) DEFAULT NULL,
  `updatedBy` bigint(20) DEFAULT NULL,
  `createdAt` timestamp NULL DEFAULT NULL,
  `updatedAt` timestamp NULL DEFAULT NULL
) ENGINE=InnoDB DEFAULT CHARSET=utf8mb4 COLLATE=utf8mb4_unicode_ci;

--
-- Dumping data for table `hris_production_activity_tbl`
--

INSERT INTO `hris_production_activity_tbl` (`productionActivityID`, `productionEntriesID`, `productionID`, `dateEntries`, `dayEntries`, `timeStart`, `timeEnd`, `activityLocation`, `activityClass`, `activityProject`, `activityProjectName`, `activityClient`, `activityClientName`, `activityDescription`, `activityStatus`, `activityHours`, `leaveRequestID`, `overtimeRequestID`, `createdBy`, `updatedBy`, `createdAt`, `updatedAt`) VALUES
(1, 3, 1, '2021-12-15', 'Wednesday', '07:00', '16:00', NULL, '', 0, NULL, 0, NULL, 'test', NULL, '8.00', 23, 0, 20, NULL, '2021-12-23 09:59:20', NULL),
(2, 1, 1, '2021-12-13', 'Monday', '07:00', '16:00', 'Office', 'Billable', 1, '\n						BlackBox - Enterprise Resource Planning System\n					', 1, '\n				DeltaMike Security Inc.\n			', 'testing the modules', NULL, '8.00', 0, 0, 20, NULL, '2021-12-23 10:14:34', NULL),
(3, 2, 1, '2021-12-14', 'Tuesday', '07:00', '16:00', 'office', 'Billable', 1, '\n						BlackBox - Enterprise Resource Planning System\n					', 1, '\n				DeltaMike Security Inc.\n			', 'testig the module', NULL, '8.00', 0, 0, 20, NULL, '2021-12-23 10:14:56', NULL),
(5, 7, 3, '2021-12-01', 'Wednesday', '03:14', '12:14', 'Office', 'Billable', 5, '\n						CCTV Installation\n					', 2, '\n				Ricardo\'s Coffee + Classic Cuisine\n			', 'test', NULL, '9.00', 0, 0, 1, NULL, '2021-12-27 10:14:55', NULL),
(6, 8, 4, '2021-12-20', 'Monday', '07:00', '16:00', 'Office', 'Billable', 5, '\n						CCTV Installation\n					', 1, '\n				DeltaMike Security Inc.\n			', 'test', NULL, '8.00', 0, 0, 20, NULL, '2021-12-27 01:25:58', NULL),
(7, 9, 4, '2021-12-21', 'Tuesday', '07:00', '16:00', 'Office', 'Billable', 5, '\n						CCTV Installation\n					', 4, '\n				Gatchallan Tangalin and Co CPAs\n			', 'test', NULL, '8.00', 0, 0, 20, NULL, '2021-12-27 01:26:20', NULL),
(8, 10, 4, '2021-12-22', 'Wednesday', '07:00', '16:00', 'Office', 'Billable', 2, '\n						BlackBox POS and Inventory System\n					', 5, '\n				Esquared Universal Company\n			', 'test', NULL, '8.00', 0, 0, 20, NULL, '2021-12-27 01:26:39', NULL),
(9, 11, 4, '2021-12-23', 'Thursday', '07:00', '16:00', 'Office', 'Billable', 12, '\n						BlackCoders Interior Fitout\n					', 6, '\n				STRIDE Company\n			', 'test', NULL, '8.00', 0, 0, 20, NULL, '2021-12-27 01:26:59', NULL),
(10, 12, 4, '2021-12-24', 'Friday', '07:00', '16:00', 'Office', 'Billable', 5, '\n						CCTV Installation\n					', 4, '\n				Gatchallan Tangalin and Co CPAs\n			', 'test', NULL, '8.00', 0, 0, 20, NULL, '2021-12-27 01:27:20', NULL),
(11, 9, 4, '2021-12-21', 'Tuesday', '16:00', '19:00', 'Office', 'Billable', 5, 'CCTV Installation', 4, 'Gatchallan Tangalin and Co CPAs', '<span class=\"badge badge-success\">Paid</span> <span class=\"badge badge-info\">OTRF</span><br>test reason for the integration of overtime to the production report.', '0', '3.00', 0, 1, 20, NULL, NULL, NULL),
(12, 20, 6, '2021-12-29', 'Wednesday', '07:00', '16:00', NULL, '', 0, NULL, 0, NULL, 'tstng', NULL, '8.00', 7, 0, 20, NULL, '2021-12-29 08:42:44', NULL),
(13, 21, 6, '2021-12-30', 'Thursday', '07:00', '16:00', NULL, '', 0, NULL, 0, NULL, 'tstng', NULL, '8.00', 4, 0, 20, NULL, '2021-12-29 08:42:44', NULL),
(14, 22, 6, '2021-12-31', 'Friday', '07:00', '16:00', NULL, '', 0, NULL, 0, NULL, 'tstng', NULL, '8.00', 5, 0, 20, NULL, '2021-12-29 08:42:44', NULL),
(15, 18, 6, '2021-12-27', 'Monday', '16:00', '18:50', 'Office', 'Billable', 5, 'CCTV Installation', 2, 'Ricardo\'s Coffee + Classic Cuisine', '<span class=\"badge badge-success\">Paid</span> <span class=\"badge badge-info\"></span><br>tstng', '0', '2.83', 0, 4, 20, NULL, NULL, NULL);

-- --------------------------------------------------------

--
-- Table structure for table `hris_production_entries_tbl`
--

CREATE TABLE `hris_production_entries_tbl` (
  `productionEntriesID` bigint(20) NOT NULL,
  `productionID` bigint(20) DEFAULT NULL,
  `dateEntries` text COLLATE utf8mb4_unicode_ci DEFAULT NULL,
  `dayEntries` text COLLATE utf8mb4_unicode_ci DEFAULT NULL,
  `dateCredited` int(50) NOT NULL,
  `createdBy` bigint(20) DEFAULT NULL,
  `createdAt` timestamp NULL DEFAULT NULL
) ENGINE=InnoDB DEFAULT CHARSET=utf8mb4 COLLATE=utf8mb4_unicode_ci;

--
-- Dumping data for table `hris_production_entries_tbl`
--

INSERT INTO `hris_production_entries_tbl` (`productionEntriesID`, `productionID`, `dateEntries`, `dayEntries`, `dateCredited`, `createdBy`, `createdAt`) VALUES
(1, 1, '2021-12-13', 'Monday', 1, 20, '2021-12-23 09:59:20'),
(2, 1, '2021-12-14', 'Tuesday', 1, 20, '2021-12-23 09:59:20'),
(3, 1, '2021-12-15', 'Wednesday', 1, 20, '2021-12-23 09:59:20'),
(6, 2, '2021-12-27', 'Monday', 1, 1, '2021-12-27 10:06:44'),
(7, 3, '2021-12-01', 'Wednesday', 1, 1, '2021-12-27 10:14:25'),
(8, 4, '2021-12-20', 'Monday', 1, 20, '2021-12-27 01:10:57'),
(9, 4, '2021-12-21', 'Tuesday', 1, 20, '2021-12-27 01:10:57'),
(10, 4, '2021-12-22', 'Wednesday', 1, 20, '2021-12-27 01:10:57'),
(11, 4, '2021-12-23', 'Thursday', 1, 20, '2021-12-27 01:10:57'),
(12, 4, '2021-12-24', 'Friday', 1, 20, '2021-12-27 01:10:57'),
(13, 5, '2021-12-06', 'Monday', 1, 20, '2021-12-28 01:55:18'),
(14, 5, '2021-12-07', 'Tuesday', 1, 20, '2021-12-28 01:55:18'),
(15, 5, '2021-12-08', 'Wednesday', 1, 20, '2021-12-28 01:55:18'),
(16, 5, '2021-12-09', 'Thursday', 1, 20, '2021-12-28 01:55:18'),
(17, 5, '2021-12-10', 'Friday', 1, 20, '2021-12-28 01:55:18'),
(18, 6, '2021-12-27', 'Monday', 1, 20, '2021-12-29 08:42:44'),
(19, 6, '2021-12-28', 'Tuesday', 1, 20, '2021-12-29 08:42:44'),
(20, 6, '2021-12-29', 'Wednesday', 1, 20, '2021-12-29 08:42:44'),
(21, 6, '2021-12-30', 'Thursday', 1, 20, '2021-12-29 08:42:44'),
(22, 6, '2021-12-31', 'Friday', 1, 20, '2021-12-29 08:42:44');

-- --------------------------------------------------------

--
-- Table structure for table `hris_production_tbl`
--

CREATE TABLE `hris_production_tbl` (
  `productionID` bigint(20) NOT NULL,
  `productionCode` text COLLATE utf8mb4_unicode_ci DEFAULT NULL,
  `reviseProductionID` bigint(20) DEFAULT NULL,
  `reviseProductionCode` text COLLATE utf8mb4_unicode_ci DEFAULT NULL,
  `employeeID` bigint(20) DEFAULT NULL,
  `productionSchedule` text COLLATE utf8mb4_unicode_ci DEFAULT NULL,
  `dateStart` text COLLATE utf8mb4_unicode_ci DEFAULT NULL,
  `dateEnd` text COLLATE utf8mb4_unicode_ci DEFAULT NULL,
  `productionStatus` int(50) NOT NULL,
  `productionReason` longtext COLLATE utf8mb4_unicode_ci DEFAULT NULL,
  `approversID` text COLLATE utf8mb4_unicode_ci DEFAULT NULL,
  `approversDate` text COLLATE utf8mb4_unicode_ci DEFAULT NULL,
  `approversStatus` text COLLATE utf8mb4_unicode_ci DEFAULT NULL,
  `submittedAt` timestamp NULL DEFAULT NULL,
  `createdBy` bigint(20) DEFAULT NULL,
  `updatedBy` bigint(20) DEFAULT NULL,
  `createdAt` timestamp NULL DEFAULT NULL,
  `updatedAt` timestamp NULL DEFAULT NULL
) ENGINE=InnoDB DEFAULT CHARSET=utf8mb4 COLLATE=utf8mb4_unicode_ci;

--
-- Dumping data for table `hris_production_tbl`
--

INSERT INTO `hris_production_tbl` (`productionID`, `productionCode`, `reviseProductionID`, `reviseProductionCode`, `employeeID`, `productionSchedule`, `dateStart`, `dateEnd`, `productionStatus`, `productionReason`, `approversID`, `approversDate`, `approversStatus`, `submittedAt`, `createdBy`, `updatedBy`, `createdAt`, `updatedAt`) VALUES
(1, 'PDN-21-00001', NULL, NULL, 20, 'December 13, 2021 - December 15, 2021', '2021-12-13', '2021-12-15', 0, NULL, '2', NULL, NULL, NULL, 20, 20, '2021-12-23 09:59:20', NULL),
(2, 'PDN-21-00002', NULL, NULL, 1, 'December 27, 2021 - December 27, 2021', '2021-12-27', '2021-12-27', 0, NULL, '2', NULL, NULL, NULL, 1, NULL, '2021-12-27 10:06:44', NULL),
(3, 'PDN-21-00003', NULL, NULL, 1, 'December 01, 2021 - December 01, 2021', '2021-12-01', '2021-12-01', 0, NULL, '2', NULL, NULL, NULL, 1, NULL, '2021-12-27 10:14:25', NULL),
(4, 'PDN-21-00004', NULL, NULL, 20, 'December 20, 2021 - December 24, 2021', '2021-12-20', '2021-12-24', 0, NULL, '2', NULL, NULL, NULL, 20, NULL, '2021-12-27 01:10:57', NULL),
(5, 'PDN-21-00005', NULL, NULL, 20, 'December 06, 2021 - December 10, 2021', '2021-12-06', '2021-12-10', 0, NULL, '2', NULL, NULL, NULL, 20, NULL, '2021-12-28 01:55:18', NULL),
(6, 'PDN-21-00006', NULL, NULL, 20, 'December 27, 2021 - December 31, 2021', '2021-12-27', '2021-12-31', 0, NULL, '2', NULL, NULL, NULL, 20, NULL, '2021-12-29 08:42:44', NULL);

-- --------------------------------------------------------

--
-- Table structure for table `hris_qualification_tbl`
--

CREATE TABLE `hris_qualification_tbl` (
  `qualificationID` bigint(20) NOT NULL,
  `qualificationName` text NOT NULL,
  `qualificationStatus` int(5) NOT NULL,
  `createdBy` bigint(20) NOT NULL,
  `updatedBy` bigint(20) NOT NULL,
  `createdAt` timestamp NOT NULL DEFAULT current_timestamp(),
  `updatedAt` timestamp NOT NULL DEFAULT current_timestamp() ON UPDATE current_timestamp()
) ENGINE=InnoDB DEFAULT CHARSET=utf8mb4;

--
-- Dumping data for table `hris_qualification_tbl`
--

INSERT INTO `hris_qualification_tbl` (`qualificationID`, `qualificationName`, `qualificationStatus`, `createdBy`, `updatedBy`, `createdAt`, `updatedAt`) VALUES
(1, 'To test', 1, 1, 1, '2021-05-06 07:22:05', '2021-05-06 07:22:05');

-- --------------------------------------------------------

--
-- Table structure for table `hris_requirement_tbl`
--

CREATE TABLE `hris_requirement_tbl` (
  `requirementID` bigint(20) NOT NULL,
  `requirementCode` varchar(255) NOT NULL,
  `requirementName` varchar(255) NOT NULL,
  `requirementDescription` longtext NOT NULL,
  `requirementStatus` int(50) NOT NULL,
  `datecreated` date NOT NULL DEFAULT current_timestamp(),
  `createdBy` bigint(20) NOT NULL,
  `updatedBy` bigint(20) NOT NULL,
  `createdAt` timestamp NOT NULL DEFAULT current_timestamp(),
  `updatedAt` timestamp NOT NULL DEFAULT current_timestamp() ON UPDATE current_timestamp()
) ENGINE=InnoDB DEFAULT CHARSET=utf8mb4;

--
-- Dumping data for table `hris_requirement_tbl`
--

INSERT INTO `hris_requirement_tbl` (`requirementID`, `requirementCode`, `requirementName`, `requirementDescription`, `requirementStatus`, `datecreated`, `createdBy`, `updatedBy`, `createdAt`, `updatedAt`) VALUES
(1, 'RQT-21-00001', 'SSS E1 Form', 'Official SSS registration form', 1, '2021-04-15', 1, 1, '2021-04-15 02:54:41', '0000-00-00 00:00:00'),
(2, 'RQT-21-00002', 'SSS E4 Form', 'Official SSS member data change form', 1, '2021-04-15', 1, 1, '2021-04-15 02:56:22', '0000-00-00 00:00:00'),
(3, 'RQT-21-00003', 'SSS List of Employment History', 'Official list of the SSS member\'s employment history', 1, '2021-04-15', 1, 1, '2021-04-15 02:57:08', '0000-00-00 00:00:00'),
(4, 'RQT-21-00004', 'PhilHealth ID', 'Official ID provided by PhilHealth to its members', 1, '2021-04-15', 1, 1, '2021-04-15 02:57:47', '0000-00-00 00:00:00'),
(5, 'RQT-21-00005', 'PhilHealth Member Data Record (MDR)', 'Member information provided by PhilHealth', 1, '2021-04-15', 1, 1, '2021-04-15 02:59:23', '0000-00-00 00:00:00'),
(6, 'RQT-21-00006', 'HDMF ID', 'Official ID provided by PAG-IBIG to its members', 1, '2021-04-15', 1, 1, '2021-04-15 03:00:18', '0000-00-00 00:00:00'),
(7, 'RQT-21-00007', 'HDMF Loyalty Card', 'Official loyalty card provided by PAG-IBIG to some of its members', 1, '2021-04-15', 1, 1, '2021-04-15 03:13:43', '0000-00-00 00:00:00'),
(8, 'RQT-21-00008', 'Tax Identification Number ID', 'Official ID provided by BIR to its members', 1, '2021-04-15', 1, 1, '2021-04-15 03:14:58', '0000-00-00 00:00:00'),
(9, 'RQT-21-00009', 'BIR Form 1902', 'Form accomplished by an old or new employee whether resident citizen or non-resident citizens earning purely compensation income.\nTo be filed with the RDO having jurisdiction over the taxpayer\'s residence or place of employment.', 1, '2021-04-15', 1, 1, '2021-04-15 03:16:47', '0000-00-00 00:00:00'),
(10, 'RQT-21-00010', 'BIR Form 1905', 'Form accomplished by all taxpayers who intend to update/change any data or information, e.g. transfer of business within the same RDO, change in registered activities, cancellation of business registration due to closure of business or transfer to other district, or replacement of lost TIN Card/ Certificate of Registration.\nTo be filed with the RDO having jurisdiction over the taxpayer, whether Head Office or branch.', 1, '2021-04-15', 1, 1, '2021-04-15 03:17:48', '0000-00-00 00:00:00'),
(11, 'RQT-21-00011', 'Certificate of Employment', 'Official document containing the employee\'s records from the specific company', 1, '2021-04-15', 1, 1, '2021-04-15 03:22:08', '0000-00-00 00:00:00'),
(12, 'RQT-21-00012', 'Diploma', 'Certificate award provided by educational establishments to an individual after completing a course or study', 1, '2021-04-15', 1, 1, '2021-04-15 03:23:42', '0000-00-00 00:00:00'),
(13, 'RQT-21-00013', 'Transcript of Records', 'Document provided an educational establishment containing the summary of units, credits and remarks given to an individual under the specific course or study', 1, '2021-04-15', 1, 1, '2021-04-15 03:29:49', '0000-00-00 00:00:00'),
(14, 'RQT-21-00014', 'Birth Certificate', 'Official record given by PSA (NSO) regarding the individual\'s birth', 1, '2021-04-15', 1, 1, '2021-04-15 03:33:04', '0000-00-00 00:00:00'),
(15, 'RQT-21-00015', '2 Valid IDs', 'An individual\'s proof of Identification. Should present atleast 2 of country\'s primary and secondary IDs (ex. Passport, TIN, UMID, Driver\'s License, Postal ID, Voter\'s ID) ', 1, '2021-04-15', 1, 1, '2021-04-15 03:35:49', '0000-00-00 00:00:00'),
(16, 'RQT-21-00016', 'NBI Clearance', 'Government document released to an individual upon request. It certifies that the said individual, at the time of request, is not involved in any ongoing criminal cases', 1, '2021-04-15', 1, 1, '2021-04-15 03:56:38', '0000-00-00 00:00:00'),
(17, 'RQT-21-00017', 'Barangay Clearance', 'A document certifying that an individual is a good resident of the  barangay.', 1, '2021-04-15', 1, 1, '2021-04-15 03:59:20', '0000-00-00 00:00:00'),
(18, 'RQT-21-00018', 'Police Clearance', 'Document proving that an individual has no criminal or derogatory record based on the PNP database', 1, '2021-04-15', 1, 1, '2021-04-15 04:00:32', '0000-00-00 00:00:00'),
(19, 'RQT-21-00019', 'Medical Result with Drug Test', 'Document containing the results of all the medical examination of the individual', 1, '2021-04-15', 1, 1, '2021-04-15 05:03:17', '0000-00-00 00:00:00'),
(20, 'RQT-21-00020', '2 pcs. 2x2 ID Picture', 'Photo (2 inches height, 2 inches width) of an individual wearing formal attire ', 1, '2021-04-15', 1, 1, '2021-04-15 05:08:55', '0000-00-00 00:00:00'),
(21, 'RQT-21-00021', '2 pcs. 1x1 ID Picture', 'Photo (1 inch height, 1 inch width) of an individual wearing formal attire ', 1, '2021-04-15', 1, 1, '2021-04-15 05:09:35', '0000-00-00 00:00:00'),
(22, 'RQT-21-00022', 'TEST', 'TEST', 1, '2021-12-15', 2, 2, '2021-12-15 02:22:17', '2021-12-15 02:22:17');

-- --------------------------------------------------------

--
-- Table structure for table `hris_salary_release_log_tbl`
--

CREATE TABLE `hris_salary_release_log_tbl` (
  `salaryReleaseLogID` bigint(20) NOT NULL,
  `salaryReleaseID` bigint(20) DEFAULT NULL,
  `payrollID` bigint(20) DEFAULT NULL,
  `payrollItemID` bigint(20) DEFAULT NULL,
  `monthID` bigint(20) DEFAULT NULL,
  `monthCode` text DEFAULT NULL,
  `monthDetailsID` bigint(20) DEFAULT NULL,
  `employeeID` bigint(20) DEFAULT NULL,
  `payrollHoldStatus` int(50) DEFAULT NULL,
  `dateRelease` timestamp NULL DEFAULT NULL,
  `action` text DEFAULT NULL,
  `createdBy` bigint(20) DEFAULT NULL,
  `updatedBy` bigint(20) DEFAULT NULL,
  `createdAt` timestamp NOT NULL DEFAULT current_timestamp(),
  `updatedAt` timestamp NULL DEFAULT NULL ON UPDATE current_timestamp()
) ENGINE=InnoDB DEFAULT CHARSET=utf8mb4;

--
-- Dumping data for table `hris_salary_release_log_tbl`
--

INSERT INTO `hris_salary_release_log_tbl` (`salaryReleaseLogID`, `salaryReleaseID`, `payrollID`, `payrollItemID`, `monthID`, `monthCode`, `monthDetailsID`, `employeeID`, `payrollHoldStatus`, `dateRelease`, `action`, `createdBy`, `updatedBy`, `createdAt`, `updatedAt`) VALUES
(1, 1, 0, 0, 1, 'TMP-21-00001', 1, 2, 0, NULL, 'insert', 1, 0, '2021-12-27 10:01:36', NULL),
(2, 2, 0, 0, 1, 'TMP-21-00001', 2, 4, 0, NULL, 'insert', 1, 0, '2021-12-27 10:01:36', NULL),
(3, 3, 0, 0, 1, 'TMP-21-00001', 3, 5, 0, NULL, 'insert', 1, 0, '2021-12-27 10:01:36', NULL),
(4, 1, 0, 0, 1, 'TMP-21-00001', 1, 2, 9, '2021-12-27 10:03:52', 'update', 1, 1, '2021-12-27 10:01:36', '2021-12-27 02:03:52'),
(5, 1, 1, 3, NULL, NULL, NULL, 5, 0, NULL, 'insert', 2, 2, '2021-12-27 06:28:17', NULL),
(6, 2, 1, 6, NULL, NULL, NULL, 22, 0, NULL, 'insert', 2, 2, '2021-12-27 06:28:17', NULL),
(7, 3, 1, 7, NULL, NULL, NULL, 23, 0, NULL, 'insert', 2, 2, '2021-12-27 06:28:17', NULL),
(8, 4, 2, 8, NULL, NULL, NULL, 2, 0, NULL, 'insert', 2, 2, '2021-12-27 06:46:21', NULL),
(9, 5, 2, 9, NULL, NULL, NULL, 4, 0, NULL, 'insert', 2, 2, '2021-12-27 06:46:21', NULL),
(10, 6, 2, 11, NULL, NULL, NULL, 7, 0, NULL, 'insert', 2, 2, '2021-12-27 06:46:21', NULL),
(11, 7, 0, 0, 1, 'TMP-21-00001', 3, 5, 0, NULL, 'insert', 2, 0, '2021-12-27 03:06:20', NULL),
(12, 8, 0, 0, 1, 'TMP-21-00001', 6, 22, 0, NULL, 'insert', 2, 0, '2021-12-27 03:06:20', NULL),
(13, 9, 0, 0, 1, 'TMP-21-00001', 7, 23, 0, NULL, 'insert', 2, 0, '2021-12-27 03:06:20', NULL),
(14, 10, 0, 0, 2, 'TMP-21-00002', 8, 2, 0, NULL, 'insert', 2, 0, '2021-12-27 03:08:34', NULL),
(15, 11, 0, 0, 2, 'TMP-21-00002', 9, 4, 0, NULL, 'insert', 2, 0, '2021-12-27 03:08:34', NULL),
(16, 12, 0, 0, 2, 'TMP-21-00002', 11, 7, 0, NULL, 'insert', 2, 0, '2021-12-27 03:08:34', NULL),
(17, 1, 1, 3, NULL, NULL, NULL, 5, 0, NULL, 'insert', 2, 2, '2021-12-28 00:59:48', NULL),
(18, 2, 1, 4, NULL, NULL, NULL, 7, 0, NULL, 'insert', 2, 2, '2021-12-28 00:59:48', NULL),
(19, 3, 1, 6, NULL, NULL, NULL, 22, 0, NULL, 'insert', 2, 2, '2021-12-28 00:59:48', NULL),
(20, 4, 2, 10, NULL, NULL, NULL, 5, 0, NULL, 'insert', 2, 2, '2021-12-29 00:19:12', NULL),
(21, 5, 2, 13, NULL, NULL, NULL, 22, 0, NULL, 'insert', 2, 2, '2021-12-29 00:19:12', NULL),
(22, 6, 2, 14, NULL, NULL, NULL, 23, 0, NULL, 'insert', 2, 2, '2021-12-29 00:19:12', NULL);

-- --------------------------------------------------------

--
-- Table structure for table `hris_salary_release_tbl`
--

CREATE TABLE `hris_salary_release_tbl` (
  `salaryReleaseID` bigint(20) NOT NULL,
  `payrollID` bigint(20) NOT NULL,
  `payrollItemID` bigint(20) NOT NULL,
  `monthID` bigint(20) DEFAULT NULL,
  `monthCode` text DEFAULT NULL,
  `monthDetailsID` bigint(20) DEFAULT NULL,
  `employeeID` bigint(20) NOT NULL,
  `payrollHoldStatus` int(50) NOT NULL,
  `netPay` decimal(10,2) NOT NULL,
  `salaryReleasePayrollID` bigint(20) DEFAULT NULL,
  `dateRelease` timestamp NULL DEFAULT NULL,
  `createdBy` bigint(20) DEFAULT NULL,
  `updatedBy` bigint(20) NOT NULL,
  `createdAt` timestamp NOT NULL DEFAULT current_timestamp(),
  `updatedAt` timestamp NULL DEFAULT NULL ON UPDATE current_timestamp()
) ENGINE=InnoDB DEFAULT CHARSET=utf8mb4;

--
-- Dumping data for table `hris_salary_release_tbl`
--

INSERT INTO `hris_salary_release_tbl` (`salaryReleaseID`, `payrollID`, `payrollItemID`, `monthID`, `monthCode`, `monthDetailsID`, `employeeID`, `payrollHoldStatus`, `netPay`, `salaryReleasePayrollID`, `dateRelease`, `createdBy`, `updatedBy`, `createdAt`, `updatedAt`) VALUES
(1, 1, 3, NULL, NULL, NULL, 5, 0, '496.41', NULL, NULL, 2, 2, '2021-12-28 00:59:48', NULL),
(2, 1, 4, NULL, NULL, NULL, 7, 0, '3576.12', NULL, NULL, 2, 2, '2021-12-28 00:59:48', NULL),
(3, 1, 6, NULL, NULL, NULL, 22, 0, '-99.74', NULL, NULL, 2, 2, '2021-12-28 00:59:48', NULL),
(4, 2, 10, NULL, NULL, NULL, 5, 0, '684.57', NULL, NULL, 2, 2, '2021-12-29 00:19:12', NULL),
(5, 2, 13, NULL, NULL, NULL, 22, 0, '0.00', NULL, NULL, 2, 2, '2021-12-29 00:19:12', NULL),
(6, 2, 14, NULL, NULL, NULL, 23, 0, '-99.86', NULL, NULL, 2, 2, '2021-12-29 00:19:12', NULL);

--
-- Triggers `hris_salary_release_tbl`
--
DELIMITER $$
CREATE TRIGGER `hris_salary_release_tbl_AFTER_UPDATE` AFTER UPDATE ON `hris_salary_release_tbl` FOR EACH ROW BEGIN
INSERT INTO `hris_salary_release_log_tbl`
	(
    `action`,
	`salaryReleaseID`,
	`payrollID`,
	`payrollItemID`,
     `monthID`,
    `monthCode`,
    `monthDetailsID`,
	`employeeID`,
	`payrollHoldStatus`,
    `dateRelease`,
	`createdBy`,
	`updatedBy`,
	`createdAt`,
	`updatedAt`)
	VALUES
	(
    "update",
	NEW.salaryReleaseID,
	NEW.payrollID,
	NEW.payrollItemID,
    NEW.monthID,
    NEW.monthCode,
    NEW.monthDetailsID,
	NEW.employeeID,
	NEW.payrollHoldStatus,
    NEW.dateRelease,
	NEW.createdBy,
	NEW.updatedBy,
	NEW.createdAt,
	NEW.updatedAt);
END
$$
DELIMITER ;
DELIMITER $$
CREATE TRIGGER `hris_salary_release_tbl_BEFORE_INSERT` AFTER INSERT ON `hris_salary_release_tbl` FOR EACH ROW BEGIN
INSERT INTO `hris_salary_release_log_tbl`
	(
    `action`,
	`salaryReleaseID`,
	`payrollID`,
	`payrollItemID`,
    `monthID`,
    `monthCode`,
    `monthDetailsID`,
	`employeeID`,
	`payrollHoldStatus`,
    `dateRelease`,
	`createdBy`,
	`updatedBy`,
	`createdAt`,
	`updatedAt`)
	VALUES
	(
    "insert",
	NEW.salaryReleaseID,
	NEW.payrollID,
	NEW.payrollItemID,
    NEW.monthID,
    NEW.monthCode,
    NEW.monthDetailsID,
	NEW.employeeID,
	NEW.payrollHoldStatus,
    NEW.dateRelease,
	NEW.createdBy,
	NEW.updatedBy,
	NEW.createdAt,
	NEW.updatedAt);
END
$$
DELIMITER ;

-- --------------------------------------------------------

--
-- Table structure for table `hris_schedule_setup_tbl`
--

CREATE TABLE `hris_schedule_setup_tbl` (
  `scheduleID` bigint(20) NOT NULL,
  `scheduleName` varchar(100) COLLATE utf8mb4_unicode_ci NOT NULL,
  `mondayFrom` time NOT NULL,
  `mondayTo` time NOT NULL,
  `mondayBreakDuration` decimal(10,2) DEFAULT NULL,
  `mondayStatus` int(11) NOT NULL,
  `tuesdayFrom` time NOT NULL,
  `tuesdayTo` time NOT NULL,
  `tuesdayBreakDuration` decimal(10,2) DEFAULT NULL,
  `tuesdayStatus` int(11) NOT NULL,
  `wednesdayFrom` time NOT NULL,
  `wednesdayTo` time NOT NULL,
  `wednesdayBreakDuration` decimal(10,2) DEFAULT NULL,
  `wednesdayStatus` int(11) NOT NULL,
  `thursdayFrom` time NOT NULL,
  `thursdayTo` time NOT NULL,
  `thursdayBreakDuration` decimal(10,2) DEFAULT NULL,
  `thursdayStatus` int(11) NOT NULL,
  `fridayFrom` time NOT NULL,
  `fridayTo` time NOT NULL,
  `fridayBreakDuration` decimal(10,2) DEFAULT NULL,
  `fridayStatus` int(11) NOT NULL,
  `saturdayFrom` time NOT NULL,
  `saturdayTo` time NOT NULL,
  `saturdayBreakDuration` decimal(10,2) DEFAULT NULL,
  `saturdayStatus` int(11) NOT NULL,
  `sundayFrom` time NOT NULL,
  `sundayTo` time NOT NULL,
  `sundayBreakDuration` decimal(10,2) DEFAULT NULL,
  `sundayStatus` int(11) NOT NULL,
  `scheduleStatus` int(11) NOT NULL,
  `createdBy` int(11) NOT NULL,
  `updatedBy` int(11) NOT NULL,
  `createdAt` timestamp NOT NULL DEFAULT current_timestamp(),
  `updatedAt` timestamp NOT NULL DEFAULT current_timestamp() ON UPDATE current_timestamp()
) ENGINE=InnoDB DEFAULT CHARSET=utf8mb4 COLLATE=utf8mb4_unicode_ci;

--
-- Dumping data for table `hris_schedule_setup_tbl`
--

INSERT INTO `hris_schedule_setup_tbl` (`scheduleID`, `scheduleName`, `mondayFrom`, `mondayTo`, `mondayBreakDuration`, `mondayStatus`, `tuesdayFrom`, `tuesdayTo`, `tuesdayBreakDuration`, `tuesdayStatus`, `wednesdayFrom`, `wednesdayTo`, `wednesdayBreakDuration`, `wednesdayStatus`, `thursdayFrom`, `thursdayTo`, `thursdayBreakDuration`, `thursdayStatus`, `fridayFrom`, `fridayTo`, `fridayBreakDuration`, `fridayStatus`, `saturdayFrom`, `saturdayTo`, `saturdayBreakDuration`, `saturdayStatus`, `sundayFrom`, `sundayTo`, `sundayBreakDuration`, `sundayStatus`, `scheduleStatus`, `createdBy`, `updatedBy`, `createdAt`, `updatedAt`) VALUES
(1, 'Regular Schedule', '07:00:00', '16:00:00', '2.00', 1, '07:00:00', '16:00:00', '1.00', 1, '07:00:00', '16:00:00', '1.00', 1, '07:00:00', '16:00:00', '1.00', 1, '07:00:00', '16:00:00', '1.00', 1, '07:00:00', '16:00:00', '1.00', 0, '07:00:00', '16:00:00', '0.50', 0, 1, 0, 0, '2021-04-15 03:25:39', '2021-12-21 01:04:59'),
(2, 'ECQ Schedule', '06:00:00', '17:00:00', '1.00', 1, '06:00:00', '17:00:00', '1.00', 1, '06:00:00', '17:00:00', '1.00', 0, '06:00:00', '17:00:00', '1.00', 0, '06:00:00', '17:00:00', '1.00', 1, '08:00:00', '17:00:00', '1.00', 0, '08:00:00', '17:00:00', '1.00', 0, 1, 0, 0, '2021-04-21 01:28:53', '2021-08-08 05:23:50'),
(3, 'Special Schedule', '07:00:00', '16:00:00', '1.00', 1, '07:00:00', '16:00:00', '1.00', 1, '07:00:00', '16:00:00', '1.00', 1, '07:00:00', '16:00:00', '1.00', 1, '14:00:00', '23:00:00', '1.00', 1, '08:00:00', '20:00:00', '0.25', 0, '08:00:00', '17:00:00', '0.00', 0, 1, 0, 0, '2021-10-19 06:25:19', '2021-12-09 01:59:45');

-- --------------------------------------------------------

--
-- Table structure for table `hris_sss_table_tbl`
--

CREATE TABLE `hris_sss_table_tbl` (
  `sssID` bigint(20) NOT NULL,
  `sssMinimumRange` decimal(15,2) NOT NULL,
  `sssMaximumRange` decimal(15,2) NOT NULL,
  `sssEmployerContribution` decimal(15,2) NOT NULL,
  `sssEmployeeContribution` decimal(15,2) NOT NULL,
  `sssECContribution` decimal(15,2) NOT NULL,
  `sssTotal` decimal(15,2) NOT NULL,
  `createdAt` timestamp NOT NULL DEFAULT current_timestamp(),
  `updatedAt` timestamp NOT NULL DEFAULT current_timestamp() ON UPDATE current_timestamp()
) ENGINE=InnoDB DEFAULT CHARSET=utf8mb4;

--
-- Dumping data for table `hris_sss_table_tbl`
--

INSERT INTO `hris_sss_table_tbl` (`sssID`, `sssMinimumRange`, `sssMaximumRange`, `sssEmployerContribution`, `sssEmployeeContribution`, `sssECContribution`, `sssTotal`, `createdAt`, `updatedAt`) VALUES
(1, '1000.00', '3250.00', '255.70', '135.00', '10.00', '390.00', '2021-04-15 23:01:27', '2021-04-15 23:01:27'),
(2, '3250.00', '3749.99', '297.50', '157.50', '10.00', '455.00', '2021-04-15 23:01:27', '2021-04-15 23:01:27'),
(3, '3750.00', '4249.99', '340.00', '180.00', '10.00', '520.00', '2021-04-15 23:01:27', '2021-04-15 23:01:27'),
(4, '4250.00', '4749.99', '382.50', '202.50', '10.00', '585.00', '2021-04-15 23:01:27', '2021-04-15 23:01:27'),
(5, '4750.00', '5249.99', '425.00', '225.00', '10.00', '650.00', '2021-04-15 23:01:27', '2021-04-15 23:01:27'),
(6, '5250.00', '5749.99', '467.50', '247.50', '10.00', '715.00', '2021-04-15 23:01:27', '2021-04-15 23:01:27'),
(7, '5750.00', '6249.99', '510.00', '270.00', '10.00', '780.00', '2021-04-15 23:01:27', '2021-04-15 23:01:27'),
(8, '6250.00', '6749.99', '552.50', '292.50', '10.00', '845.00', '2021-04-15 23:01:27', '2021-04-15 23:01:27'),
(9, '6750.00', '7249.99', '595.00', '315.00', '10.00', '910.00', '2021-04-15 23:01:27', '2021-04-15 23:01:27'),
(10, '7250.00', '7749.99', '637.50', '337.50', '10.00', '975.00', '2021-04-15 23:01:27', '2021-04-15 23:01:27'),
(11, '7750.00', '8249.99', '680.00', '360.00', '10.00', '1040.00', '2021-04-15 23:01:27', '2021-04-15 23:01:27'),
(12, '8250.00', '8749.99', '722.50', '382.50', '10.00', '1105.00', '2021-04-15 23:01:27', '2021-04-15 23:01:27'),
(13, '8750.00', '9249.99', '765.00', '405.00', '10.00', '1170.00', '2021-04-15 23:01:27', '2021-04-15 23:01:27'),
(14, '9250.00', '9749.99', '807.50', '427.00', '10.00', '1235.00', '2021-04-15 23:01:27', '2021-04-15 23:01:27'),
(15, '9750.00', '10249.99', '850.00', '450.00', '10.00', '1300.00', '2021-04-15 23:01:27', '2021-04-15 23:01:27'),
(16, '10250.00', '10749.99', '892.50', '472.50', '10.00', '1365.00', '2021-04-15 23:01:27', '2021-04-15 23:01:27'),
(17, '10750.00', '11249.99', '935.00', '495.00', '10.00', '1430.00', '2021-04-15 23:01:27', '2021-04-15 23:01:27'),
(18, '11250.00', '11749.99', '977.50', '517.50', '10.00', '1495.00', '2021-04-15 23:01:27', '2021-04-15 23:01:27'),
(19, '11750.00', '12249.99', '1020.00', '540.00', '10.00', '1560.00', '2021-04-15 23:01:27', '2021-04-15 23:01:27'),
(20, '12250.00', '12749.99', '1062.50', '562.50', '10.00', '1625.00', '2021-04-15 23:01:27', '2021-04-15 23:01:27'),
(21, '12750.00', '13249.99', '1105.00', '585.00', '10.00', '1690.00', '2021-04-15 23:01:27', '2021-04-15 23:01:27'),
(22, '13250.00', '13749.99', '1147.50', '607.50', '10.00', '1755.00', '2021-04-15 23:01:27', '2021-04-15 23:01:27'),
(23, '13750.00', '14249.99', '1190.00', '630.00', '10.00', '1820.00', '2021-04-15 23:01:27', '2021-04-15 23:01:27'),
(24, '14250.00', '14749.99', '1232.50', '652.50', '10.00', '1885.00', '2021-04-15 23:01:27', '2021-04-15 23:01:27'),
(25, '14750.00', '15249.99', '1275.00', '675.00', '10.00', '1950.00', '2021-04-15 23:01:27', '2021-04-15 23:01:27'),
(26, '15250.00', '15749.99', '1317.50', '697.50', '10.00', '2015.00', '2021-04-15 23:01:27', '2021-04-15 23:01:27'),
(27, '15750.00', '16249.99', '1360.00', '720.00', '10.00', '2080.00', '2021-04-15 23:01:27', '2021-04-15 23:01:27'),
(28, '16250.00', '16749.99', '1402.50', '742.50', '10.00', '2145.00', '2021-04-15 23:01:27', '2021-04-15 23:01:27'),
(29, '16750.00', '17249.99', '1445.00', '765.00', '10.00', '2210.00', '2021-04-15 23:01:27', '2021-04-15 23:01:27'),
(30, '17250.00', '17749.99', '1487.50', '787.50', '10.00', '2275.00', '2021-04-15 23:01:27', '2021-04-15 23:01:27'),
(31, '17750.00', '18249.99', '1530.00', '810.00', '10.00', '2340.00', '2021-04-15 23:01:27', '2021-04-15 23:01:27'),
(32, '18250.00', '18749.99', '1572.50', '832.50', '10.00', '2405.00', '2021-04-15 23:01:27', '2021-04-15 23:01:27'),
(33, '18750.00', '19249.99', '1615.00', '855.00', '10.00', '2470.00', '2021-04-15 23:01:27', '2021-04-15 23:01:27'),
(34, '19250.00', '19749.99', '1657.50', '877.50', '10.00', '2535.00', '2021-04-15 23:01:27', '2021-04-15 23:01:27'),
(35, '19750.00', '20249.99', '1700.00', '900.00', '30.00', '2600.00', '2021-04-15 23:01:27', '2021-04-15 23:01:27'),
(36, '20250.00', '20749.99', '1700.00', '900.00', '30.00', '2600.00', '2021-04-15 23:01:27', '2021-04-15 23:01:27'),
(37, '20750.00', '21249.99', '1700.00', '900.00', '30.00', '2600.00', '2021-04-15 23:01:27', '2021-04-15 23:01:27'),
(38, '21250.00', '21749.99', '1700.00', '900.00', '30.00', '2600.00', '2021-04-15 23:01:27', '2021-04-15 23:01:27'),
(39, '21750.00', '22249.99', '1700.00', '900.00', '30.00', '2600.00', '2021-04-15 23:01:27', '2021-04-15 23:01:27'),
(40, '22250.00', '22749.99', '1700.00', '900.00', '30.00', '2600.00', '2021-04-15 23:01:27', '2021-04-15 23:01:27'),
(41, '22750.00', '23249.99', '1700.00', '900.00', '30.00', '2600.00', '2021-04-15 23:01:27', '2021-04-15 23:01:27'),
(42, '23250.00', '23749.99', '1700.00', '900.00', '30.00', '2600.00', '2021-04-15 23:01:27', '2021-04-15 23:01:27'),
(43, '23750.00', '24249.99', '1700.00', '900.00', '30.00', '2600.00', '2021-04-15 23:01:27', '2021-04-15 23:01:27'),
(44, '24250.00', '24749.99', '1700.00', '900.00', '30.00', '2600.00', '2021-04-15 23:01:27', '2021-04-15 23:01:27'),
(45, '24750.00', '999999.99', '1700.00', '900.00', '30.00', '2600.00', '2021-04-15 23:01:27', '2021-04-15 23:01:27');

-- --------------------------------------------------------

--
-- Table structure for table `hris_tax_table_tbl`
--

CREATE TABLE `hris_tax_table_tbl` (
  `taxID` bigint(20) NOT NULL,
  `taxMinimumRange` decimal(15,2) NOT NULL,
  `taxMaximumRange` decimal(15,2) NOT NULL,
  `taxAdditionalTax` decimal(15,2) NOT NULL,
  `taxPercentage` decimal(15,2) NOT NULL,
  `createdAt` timestamp NOT NULL DEFAULT current_timestamp(),
  `updatedAt` timestamp NOT NULL DEFAULT current_timestamp() ON UPDATE current_timestamp()
) ENGINE=InnoDB DEFAULT CHARSET=utf8mb4;

--
-- Dumping data for table `hris_tax_table_tbl`
--

INSERT INTO `hris_tax_table_tbl` (`taxID`, `taxMinimumRange`, `taxMaximumRange`, `taxAdditionalTax`, `taxPercentage`, `createdAt`, `updatedAt`) VALUES
(1, '1.00', '20832.00', '0.00', '0.00', '2021-04-15 23:01:28', '2021-04-15 23:01:28'),
(2, '20833.00', '33332.00', '0.00', '20.00', '2021-04-15 23:01:28', '2021-12-10 03:07:48'),
(3, '33333.00', '66666.00', '2500.00', '25.00', '2021-04-15 23:01:28', '2021-12-10 03:07:48'),
(4, '66667.00', '166666.00', '10833.33', '30.00', '2021-04-15 23:01:28', '2021-12-10 03:07:48'),
(5, '166667.00', '666666.00', '40833.33', '32.00', '2021-04-15 23:01:28', '2021-12-10 03:07:49'),
(6, '666667.00', '999999.00', '200833.33', '35.00', '2021-04-15 23:01:28', '2021-12-10 03:07:49');

-- --------------------------------------------------------

--
-- Table structure for table `hris_timekeeping_items_tbl`
--

CREATE TABLE `hris_timekeeping_items_tbl` (
  `timekeepingItemID` bigint(21) NOT NULL,
  `timekeepingID` bigint(21) DEFAULT NULL,
  `employeeID` bigint(21) DEFAULT NULL,
  `workingDays` decimal(15,2) DEFAULT NULL,
  `hourlyRate` decimal(15,2) DEFAULT NULL,
  `scheduleDate` date DEFAULT NULL,
  `scheduleIn` datetime DEFAULT NULL,
  `scheduleOut` datetime DEFAULT NULL,
  `scheduleBreakDuration` decimal(10,2) DEFAULT NULL,
  `scheduleDuration` decimal(10,2) DEFAULT NULL,
  `dayType` varchar(100) COLLATE utf8mb4_unicode_ci DEFAULT NULL,
  `restDay` int(2) DEFAULT NULL,
  `finalCheckIn` datetime DEFAULT NULL,
  `finalCheckOut` datetime DEFAULT NULL,
  `checkIn` datetime DEFAULT NULL,
  `checkOut` datetime DEFAULT NULL,
  `noInOutID` bigint(21) DEFAULT NULL,
  `noInOutReference` text COLLATE utf8mb4_unicode_ci DEFAULT NULL,
  `noTimeIn` datetime DEFAULT NULL,
  `noTimeOut` datetime DEFAULT NULL,
  `overtimeID` bigint(21) DEFAULT NULL,
  `overtimeReference` text COLLATE utf8mb4_unicode_ci DEFAULT NULL,
  `overtimeIn` datetime DEFAULT NULL,
  `overtimeOut` datetime DEFAULT NULL,
  `overtimeBreakDuration` decimal(10,2) DEFAULT NULL,
  `leaveID` bigint(21) DEFAULT NULL,
  `leaveReference` text COLLATE utf8mb4_unicode_ci DEFAULT NULL,
  `leaveType` text COLLATE utf8mb4_unicode_ci DEFAULT NULL,
  `leaveIn` datetime DEFAULT NULL,
  `leaveOut` datetime DEFAULT NULL,
  `leaveWorkingDay` int(2) DEFAULT NULL,
  `leaveDuration` decimal(10,2) DEFAULT NULL,
  `lateDuration` decimal(10,2) DEFAULT NULL,
  `undertimeDuration` decimal(10,2) DEFAULT NULL,
  `checkDuration` decimal(10,2) DEFAULT NULL,
  `basicHours` decimal(10,2) DEFAULT NULL,
  `overtimeHours` decimal(10,2) DEFAULT NULL,
  `nightDifferentialHours` decimal(10,2) DEFAULT NULL,
  `overtimeNightDifferentialHours` decimal(15,2) DEFAULT NULL,
  `totalHours` decimal(10,2) DEFAULT NULL,
  `timekeepingItemStatus` text COLLATE utf8mb4_unicode_ci DEFAULT NULL,
  `createdBy` bigint(21) DEFAULT NULL,
  `updatedBy` bigint(21) DEFAULT NULL,
  `createdAt` timestamp NULL DEFAULT current_timestamp(),
  `updatedAt` timestamp NULL DEFAULT current_timestamp() ON UPDATE current_timestamp()
) ENGINE=InnoDB DEFAULT CHARSET=utf8mb4 COLLATE=utf8mb4_unicode_ci;

-- --------------------------------------------------------

--
-- Table structure for table `hris_timekeeping_production_tbl`
--

CREATE TABLE `hris_timekeeping_production_tbl` (
  `timekeepingProductionID` bigint(21) NOT NULL,
  `timekeepingID` bigint(21) DEFAULT NULL,
  `timekeepingItemID` bigint(21) DEFAULT NULL,
  `employeeID` bigint(21) DEFAULT NULL,
  `scheduleDate` date DEFAULT NULL,
  `dayType` varchar(100) DEFAULT NULL,
  `odBrHours` decimal(10,2) DEFAULT NULL,
  `odOrHours` decimal(10,2) DEFAULT NULL,
  `odNrHours` decimal(10,2) DEFAULT NULL,
  `odBrrHours` decimal(10,2) DEFAULT NULL,
  `odOrrHours` decimal(10,2) DEFAULT NULL,
  `odNrrHours` decimal(10,2) DEFAULT NULL,
  `odOrNrHours` decimal(15,2) DEFAULT NULL,
  `odOrNrrHours` decimal(10,2) DEFAULT NULL,
  `sdBrHours` decimal(10,2) DEFAULT NULL,
  `sdOrHours` decimal(10,2) DEFAULT NULL,
  `sdNrHours` decimal(10,2) DEFAULT NULL,
  `sdBrrHours` decimal(10,2) DEFAULT NULL,
  `sdOrrHours` decimal(10,2) DEFAULT NULL,
  `sdNrrHours` decimal(10,2) DEFAULT NULL,
  `sdOrNrHours` decimal(10,2) DEFAULT NULL,
  `sdOrNrrHours` decimal(10,2) DEFAULT NULL,
  `rhBrHours` decimal(10,2) DEFAULT NULL,
  `rhOrHours` decimal(10,2) DEFAULT NULL,
  `rhNrHours` decimal(10,2) DEFAULT NULL,
  `rhBrrHours` decimal(10,2) DEFAULT NULL,
  `rhOrrHours` decimal(10,2) DEFAULT NULL,
  `rhNrrHours` decimal(10,2) DEFAULT NULL,
  `rhOrNrHours` decimal(10,2) DEFAULT NULL,
  `rhOrNrrHours` decimal(10,2) DEFAULT NULL,
  `dhBrHours` decimal(10,2) DEFAULT NULL,
  `dhOrHours` decimal(10,2) DEFAULT NULL,
  `dhNrHours` decimal(10,2) DEFAULT NULL,
  `dhBrrHours` decimal(10,2) DEFAULT NULL,
  `dhOrrHours` decimal(10,2) DEFAULT NULL,
  `dhNrrHours` decimal(10,2) DEFAULT NULL,
  `dhOrNrHours` decimal(10,2) DEFAULT NULL,
  `dhOrNrrHours` decimal(10,2) DEFAULT NULL,
  `createdBy` bigint(21) DEFAULT NULL,
  `updatedBy` bigint(21) DEFAULT NULL,
  `createdAt` timestamp NULL DEFAULT current_timestamp(),
  `updatedAt` timestamp NULL DEFAULT current_timestamp() ON UPDATE current_timestamp()
) ENGINE=InnoDB DEFAULT CHARSET=utf8mb4 COMMENT='       /**\n         *  Ordinary Day             - OD\n         *  Special Day              - SD\n         *  Regular Holiday          - RH\n         *  Double Holiday           - DH\n         *  Basic Rate               - BR\n         *  Basic Rest Day Rate      - BRR\n         *  Overtime Rate            - OR\n         *  Overtime Rest Day Rate   - ORR \n         *  Night Diff Rate          - NR\n         *  Night Diff Rest Day Rate - NRR \n         * \n         *  ---------------------------------------------------\n         *  |          |                 RATES                |\n         *  | Day Type |---------------------------------------\n         *  |          | BR  | BRR |  OR  | ORR |  NR  | NRR  |\n         *  ---------------------------------------------------\n         *  | OD       | 1.0 | 1.3 | 1.25 | 1.3 | 0.10 | 0.10 |\n         *  ---------------------------------------------------\n         *  | SD       | 1.3 | 1.5 | 1.30 | 1.3 | 0.10 | 0.10 |\n         *  ---------------------------------------------------\n         *  | RH       | 2.0 | 2.6 | 1.30 | 1.3 | 0.10 | 0.10 |\n         *  ---------------------------------------------------\n         *  | DH       | 3.0 | 3.9 | 1.30 | 1.3 | 0.10 | 0.10 |\n         *  ---------------------------------------------------\n         * \n         * \n         */';

--
-- Dumping data for table `hris_timekeeping_production_tbl`
--

INSERT INTO `hris_timekeeping_production_tbl` (`timekeepingProductionID`, `timekeepingID`, `timekeepingItemID`, `employeeID`, `scheduleDate`, `dayType`, `odBrHours`, `odOrHours`, `odNrHours`, `odBrrHours`, `odOrrHours`, `odNrrHours`, `odOrNrHours`, `odOrNrrHours`, `sdBrHours`, `sdOrHours`, `sdNrHours`, `sdBrrHours`, `sdOrrHours`, `sdNrrHours`, `sdOrNrHours`, `sdOrNrrHours`, `rhBrHours`, `rhOrHours`, `rhNrHours`, `rhBrrHours`, `rhOrrHours`, `rhNrrHours`, `rhOrNrHours`, `rhOrNrrHours`, `dhBrHours`, `dhOrHours`, `dhNrHours`, `dhBrrHours`, `dhOrrHours`, `dhNrrHours`, `dhOrNrHours`, `dhOrNrrHours`, `createdBy`, `updatedBy`, `createdAt`, `updatedAt`) VALUES
(1, 1, 1, 2, '2021-12-06', 'ordinary day', '8.00', '0.00', '0.00', '0.00', '0.00', '0.00', '0.00', '0.00', '0.00', '0.00', '0.00', '0.00', '0.00', '0.00', '0.00', '0.00', '0.00', '0.00', '0.00', '0.00', '0.00', '0.00', '0.00', '0.00', '0.00', '0.00', '0.00', '0.00', '0.00', '0.00', '0.00', '0.00', NULL, NULL, '2021-12-27 08:03:02', '2021-12-27 08:03:02'),
(2, 1, 2, 2, '2021-12-07', 'ordinary day', '8.00', '0.00', '0.00', '0.00', '0.00', '0.00', '0.00', '0.00', '0.00', '0.00', '0.00', '0.00', '0.00', '0.00', '0.00', '0.00', '0.00', '0.00', '0.00', '0.00', '0.00', '0.00', '0.00', '0.00', '0.00', '0.00', '0.00', '0.00', '0.00', '0.00', '0.00', '0.00', NULL, NULL, '2021-12-27 08:03:02', '2021-12-27 08:03:02'),
(3, 1, 3, 2, '2021-12-08', 'special non-working holiday', '0.00', '0.00', '0.00', '0.00', '0.00', '0.00', '0.00', '0.00', '0.00', '0.00', '0.00', '0.00', '0.00', '0.00', '0.00', '0.00', '0.00', '0.00', '0.00', '0.00', '0.00', '0.00', '0.00', '0.00', '0.00', '0.00', '0.00', '0.00', '0.00', '0.00', '0.00', '0.00', NULL, NULL, '2021-12-27 08:03:02', '2021-12-27 08:03:02'),
(4, 1, 4, 2, '2021-12-09', 'ordinary day', '8.00', '0.00', '0.00', '0.00', '0.00', '0.00', '0.00', '0.00', '0.00', '0.00', '0.00', '0.00', '0.00', '0.00', '0.00', '0.00', '0.00', '0.00', '0.00', '0.00', '0.00', '0.00', '0.00', '0.00', '0.00', '0.00', '0.00', '0.00', '0.00', '0.00', '0.00', '0.00', NULL, NULL, '2021-12-27 08:03:02', '2021-12-27 08:03:02'),
(5, 1, 5, 2, '2021-12-10', 'ordinary day', '7.66', '0.00', '0.00', '0.00', '0.00', '0.00', '0.00', '0.00', '0.00', '0.00', '0.00', '0.00', '0.00', '0.00', '0.00', '0.00', '0.00', '0.00', '0.00', '0.00', '0.00', '0.00', '0.00', '0.00', '0.00', '0.00', '0.00', '0.00', '0.00', '0.00', '0.00', '0.00', NULL, NULL, '2021-12-27 08:03:02', '2021-12-27 08:03:02'),
(6, 1, 6, 2, '2021-12-11', 'ordinary day', '0.00', '0.00', '0.00', '0.00', '0.00', '0.00', '0.00', '0.00', '0.00', '0.00', '0.00', '0.00', '0.00', '0.00', '0.00', '0.00', '0.00', '0.00', '0.00', '0.00', '0.00', '0.00', '0.00', '0.00', '0.00', '0.00', '0.00', '0.00', '0.00', '0.00', '0.00', '0.00', NULL, NULL, '2021-12-27 08:03:02', '2021-12-27 08:03:02'),
(7, 1, 7, 2, '2021-12-12', 'ordinary day', '0.00', '0.00', '0.00', '0.00', '0.00', '0.00', '0.00', '0.00', '0.00', '0.00', '0.00', '0.00', '0.00', '0.00', '0.00', '0.00', '0.00', '0.00', '0.00', '0.00', '0.00', '0.00', '0.00', '0.00', '0.00', '0.00', '0.00', '0.00', '0.00', '0.00', '0.00', '0.00', NULL, NULL, '2021-12-27 08:03:02', '2021-12-27 08:03:02'),
(8, 1, 8, 2, '2021-12-13', 'ordinary day', '0.00', '0.00', '0.00', '0.00', '0.00', '0.00', '0.00', '0.00', '0.00', '0.00', '0.00', '0.00', '0.00', '0.00', '0.00', '0.00', '0.00', '0.00', '0.00', '0.00', '0.00', '0.00', '0.00', '0.00', '0.00', '0.00', '0.00', '0.00', '0.00', '0.00', '0.00', '0.00', NULL, NULL, '2021-12-27 08:03:02', '2021-12-27 08:03:02'),
(9, 1, 9, 2, '2021-12-14', 'ordinary day', '7.62', '0.00', '0.00', '0.00', '0.00', '0.00', '0.00', '0.00', '0.00', '0.00', '0.00', '0.00', '0.00', '0.00', '0.00', '0.00', '0.00', '0.00', '0.00', '0.00', '0.00', '0.00', '0.00', '0.00', '0.00', '0.00', '0.00', '0.00', '0.00', '0.00', '0.00', '0.00', NULL, NULL, '2021-12-27 08:03:02', '2021-12-27 08:03:02'),
(10, 1, 10, 2, '2021-12-15', 'ordinary day', '7.00', '0.00', '0.00', '0.00', '0.00', '0.00', '0.00', '0.00', '0.00', '0.00', '0.00', '0.00', '0.00', '0.00', '0.00', '0.00', '0.00', '0.00', '0.00', '0.00', '0.00', '0.00', '0.00', '0.00', '0.00', '0.00', '0.00', '0.00', '0.00', '0.00', '0.00', '0.00', NULL, NULL, '2021-12-27 08:03:02', '2021-12-27 08:03:02'),
(11, 1, 11, 2, '2021-12-16', 'ordinary day', '0.00', '0.00', '0.00', '0.00', '0.00', '0.00', '0.00', '0.00', '0.00', '0.00', '0.00', '0.00', '0.00', '0.00', '0.00', '0.00', '0.00', '0.00', '0.00', '0.00', '0.00', '0.00', '0.00', '0.00', '0.00', '0.00', '0.00', '0.00', '0.00', '0.00', '0.00', '0.00', NULL, NULL, '2021-12-27 08:03:02', '2021-12-27 08:03:02'),
(12, 1, 12, 2, '2021-12-17', 'ordinary day', '0.00', '0.00', '0.00', '0.00', '0.00', '0.00', '0.00', '0.00', '0.00', '0.00', '0.00', '0.00', '0.00', '0.00', '0.00', '0.00', '0.00', '0.00', '0.00', '0.00', '0.00', '0.00', '0.00', '0.00', '0.00', '0.00', '0.00', '0.00', '0.00', '0.00', '0.00', '0.00', NULL, NULL, '2021-12-27 08:03:02', '2021-12-27 08:03:02'),
(13, 1, 13, 2, '2021-12-18', 'ordinary day', '0.00', '0.00', '0.00', '0.00', '0.00', '0.00', '0.00', '0.00', '0.00', '0.00', '0.00', '0.00', '0.00', '0.00', '0.00', '0.00', '0.00', '0.00', '0.00', '0.00', '0.00', '0.00', '0.00', '0.00', '0.00', '0.00', '0.00', '0.00', '0.00', '0.00', '0.00', '0.00', NULL, NULL, '2021-12-27 08:03:02', '2021-12-27 08:03:02'),
(14, 1, 14, 2, '2021-12-19', 'ordinary day', '0.00', '0.00', '0.00', '0.00', '0.00', '0.00', '0.00', '0.00', '0.00', '0.00', '0.00', '0.00', '0.00', '0.00', '0.00', '0.00', '0.00', '0.00', '0.00', '0.00', '0.00', '0.00', '0.00', '0.00', '0.00', '0.00', '0.00', '0.00', '0.00', '0.00', '0.00', '0.00', NULL, NULL, '2021-12-27 08:03:02', '2021-12-27 08:03:02'),
(15, 1, 15, 2, '2021-12-20', 'ordinary day', '0.00', '0.00', '0.00', '0.00', '0.00', '0.00', '0.00', '0.00', '0.00', '0.00', '0.00', '0.00', '0.00', '0.00', '0.00', '0.00', '0.00', '0.00', '0.00', '0.00', '0.00', '0.00', '0.00', '0.00', '0.00', '0.00', '0.00', '0.00', '0.00', '0.00', '0.00', '0.00', NULL, NULL, '2021-12-27 08:03:02', '2021-12-27 08:03:02'),
(16, 1, 16, 4, '2021-12-06', 'ordinary day', '8.45', '0.00', '0.00', '0.00', '0.00', '0.00', '0.00', '0.00', '0.00', '0.00', '0.00', '0.00', '0.00', '0.00', '0.00', '0.00', '0.00', '0.00', '0.00', '0.00', '0.00', '0.00', '0.00', '0.00', '0.00', '0.00', '0.00', '0.00', '0.00', '0.00', '0.00', '0.00', NULL, NULL, '2021-12-27 08:03:02', '2021-12-27 08:03:02'),
(17, 1, 17, 4, '2021-12-07', 'ordinary day', '8.31', '0.00', '0.00', '0.00', '0.00', '0.00', '0.00', '0.00', '0.00', '0.00', '0.00', '0.00', '0.00', '0.00', '0.00', '0.00', '0.00', '0.00', '0.00', '0.00', '0.00', '0.00', '0.00', '0.00', '0.00', '0.00', '0.00', '0.00', '0.00', '0.00', '0.00', '0.00', NULL, NULL, '2021-12-27 08:03:02', '2021-12-27 08:03:02'),
(18, 1, 18, 4, '2021-12-08', 'special non-working holiday', '0.00', '0.00', '0.00', '0.00', '0.00', '0.00', '0.00', '0.00', '0.00', '0.00', '0.00', '0.00', '0.00', '0.00', '0.00', '0.00', '0.00', '0.00', '0.00', '0.00', '0.00', '0.00', '0.00', '0.00', '0.00', '0.00', '0.00', '0.00', '0.00', '0.00', '0.00', '0.00', NULL, NULL, '2021-12-27 08:03:02', '2021-12-27 08:03:02'),
(19, 1, 19, 4, '2021-12-09', 'ordinary day', '0.00', '0.00', '0.00', '0.00', '0.00', '0.00', '0.00', '0.00', '0.00', '0.00', '0.00', '0.00', '0.00', '0.00', '0.00', '0.00', '0.00', '0.00', '0.00', '0.00', '0.00', '0.00', '0.00', '0.00', '0.00', '0.00', '0.00', '0.00', '0.00', '0.00', '0.00', '0.00', NULL, NULL, '2021-12-27 08:03:02', '2021-12-27 08:03:02'),
(20, 1, 20, 4, '2021-12-10', 'ordinary day', '8.66', '0.00', '0.00', '0.00', '0.00', '0.00', '0.00', '0.00', '0.00', '0.00', '0.00', '0.00', '0.00', '0.00', '0.00', '0.00', '0.00', '0.00', '0.00', '0.00', '0.00', '0.00', '0.00', '0.00', '0.00', '0.00', '0.00', '0.00', '0.00', '0.00', '0.00', '0.00', NULL, NULL, '2021-12-27 08:03:02', '2021-12-27 08:03:02'),
(21, 1, 21, 4, '2021-12-11', 'ordinary day', '0.00', '0.00', '0.00', '0.00', '0.00', '0.00', '0.00', '0.00', '0.00', '0.00', '0.00', '0.00', '0.00', '0.00', '0.00', '0.00', '0.00', '0.00', '0.00', '0.00', '0.00', '0.00', '0.00', '0.00', '0.00', '0.00', '0.00', '0.00', '0.00', '0.00', '0.00', '0.00', NULL, NULL, '2021-12-27 08:03:02', '2021-12-27 08:03:02'),
(22, 1, 22, 4, '2021-12-12', 'ordinary day', '0.00', '0.00', '0.00', '0.00', '0.00', '0.00', '0.00', '0.00', '0.00', '0.00', '0.00', '0.00', '0.00', '0.00', '0.00', '0.00', '0.00', '0.00', '0.00', '0.00', '0.00', '0.00', '0.00', '0.00', '0.00', '0.00', '0.00', '0.00', '0.00', '0.00', '0.00', '0.00', NULL, NULL, '2021-12-27 08:03:02', '2021-12-27 08:03:02'),
(23, 1, 23, 4, '2021-12-13', 'ordinary day', '10.00', '0.00', '0.00', '0.00', '0.00', '0.00', '0.00', '0.00', '0.00', '0.00', '0.00', '0.00', '0.00', '0.00', '0.00', '0.00', '0.00', '0.00', '0.00', '0.00', '0.00', '0.00', '0.00', '0.00', '0.00', '0.00', '0.00', '0.00', '0.00', '0.00', '0.00', '0.00', NULL, NULL, '2021-12-27 08:03:02', '2021-12-27 08:03:02'),
(24, 1, 24, 4, '2021-12-14', 'ordinary day', '8.61', '0.00', '0.00', '0.00', '0.00', '0.00', '0.00', '0.00', '0.00', '0.00', '0.00', '0.00', '0.00', '0.00', '0.00', '0.00', '0.00', '0.00', '0.00', '0.00', '0.00', '0.00', '0.00', '0.00', '0.00', '0.00', '0.00', '0.00', '0.00', '0.00', '0.00', '0.00', NULL, NULL, '2021-12-27 08:03:02', '2021-12-27 08:03:02'),
(25, 1, 25, 4, '2021-12-15', 'ordinary day', '0.00', '0.00', '0.00', '0.00', '0.00', '0.00', '0.00', '0.00', '0.00', '0.00', '0.00', '0.00', '0.00', '0.00', '0.00', '0.00', '0.00', '0.00', '0.00', '0.00', '0.00', '0.00', '0.00', '0.00', '0.00', '0.00', '0.00', '0.00', '0.00', '0.00', '0.00', '0.00', NULL, NULL, '2021-12-27 08:03:02', '2021-12-27 08:03:02'),
(26, 1, 26, 4, '2021-12-16', 'ordinary day', '0.00', '0.00', '0.00', '0.00', '0.00', '0.00', '0.00', '0.00', '0.00', '0.00', '0.00', '0.00', '0.00', '0.00', '0.00', '0.00', '0.00', '0.00', '0.00', '0.00', '0.00', '0.00', '0.00', '0.00', '0.00', '0.00', '0.00', '0.00', '0.00', '0.00', '0.00', '0.00', NULL, NULL, '2021-12-27 08:03:02', '2021-12-27 08:03:02'),
(27, 1, 27, 4, '2021-12-17', 'ordinary day', '0.00', '0.00', '0.00', '0.00', '0.00', '0.00', '0.00', '0.00', '0.00', '0.00', '0.00', '0.00', '0.00', '0.00', '0.00', '0.00', '0.00', '0.00', '0.00', '0.00', '0.00', '0.00', '0.00', '0.00', '0.00', '0.00', '0.00', '0.00', '0.00', '0.00', '0.00', '0.00', NULL, NULL, '2021-12-27 08:03:02', '2021-12-27 08:03:02'),
(28, 1, 28, 4, '2021-12-18', 'ordinary day', '0.00', '0.00', '0.00', '0.00', '0.00', '0.00', '0.00', '0.00', '0.00', '0.00', '0.00', '0.00', '0.00', '0.00', '0.00', '0.00', '0.00', '0.00', '0.00', '0.00', '0.00', '0.00', '0.00', '0.00', '0.00', '0.00', '0.00', '0.00', '0.00', '0.00', '0.00', '0.00', NULL, NULL, '2021-12-27 08:03:02', '2021-12-27 08:03:02'),
(29, 1, 29, 4, '2021-12-19', 'ordinary day', '0.00', '0.00', '0.00', '0.00', '0.00', '0.00', '0.00', '0.00', '0.00', '0.00', '0.00', '0.00', '0.00', '0.00', '0.00', '0.00', '0.00', '0.00', '0.00', '0.00', '0.00', '0.00', '0.00', '0.00', '0.00', '0.00', '0.00', '0.00', '0.00', '0.00', '0.00', '0.00', NULL, NULL, '2021-12-27 08:03:02', '2021-12-27 08:03:02'),
(30, 1, 30, 4, '2021-12-20', 'ordinary day', '0.00', '0.00', '0.00', '0.00', '0.00', '0.00', '0.00', '0.00', '0.00', '0.00', '0.00', '0.00', '0.00', '0.00', '0.00', '0.00', '0.00', '0.00', '0.00', '0.00', '0.00', '0.00', '0.00', '0.00', '0.00', '0.00', '0.00', '0.00', '0.00', '0.00', '0.00', '0.00', NULL, NULL, '2021-12-27 08:03:02', '2021-12-27 08:03:02'),
(31, 1, 31, 5, '2021-12-06', 'ordinary day', '8.00', '0.00', '0.00', '0.00', '0.00', '0.00', '0.00', '0.00', '0.00', '0.00', '0.00', '0.00', '0.00', '0.00', '0.00', '0.00', '0.00', '0.00', '0.00', '0.00', '0.00', '0.00', '0.00', '0.00', '0.00', '0.00', '0.00', '0.00', '0.00', '0.00', '0.00', '0.00', NULL, NULL, '2021-12-27 08:03:02', '2021-12-27 08:03:02'),
(32, 1, 32, 5, '2021-12-07', 'ordinary day', '8.00', '0.00', '0.00', '0.00', '0.00', '0.00', '0.00', '0.00', '0.00', '0.00', '0.00', '0.00', '0.00', '0.00', '0.00', '0.00', '0.00', '0.00', '0.00', '0.00', '0.00', '0.00', '0.00', '0.00', '0.00', '0.00', '0.00', '0.00', '0.00', '0.00', '0.00', '0.00', NULL, NULL, '2021-12-27 08:03:02', '2021-12-27 08:03:02'),
(33, 1, 33, 5, '2021-12-08', 'special non-working holiday', '0.00', '0.00', '0.00', '0.00', '0.00', '0.00', '0.00', '0.00', '0.00', '0.00', '0.00', '0.00', '0.00', '0.00', '0.00', '0.00', '0.00', '0.00', '0.00', '0.00', '0.00', '0.00', '0.00', '0.00', '0.00', '0.00', '0.00', '0.00', '0.00', '0.00', '0.00', '0.00', NULL, NULL, '2021-12-27 08:03:02', '2021-12-27 08:03:02'),
(34, 1, 34, 5, '2021-12-09', 'ordinary day', '8.00', '0.00', '0.00', '0.00', '0.00', '0.00', '0.00', '0.00', '0.00', '0.00', '0.00', '0.00', '0.00', '0.00', '0.00', '0.00', '0.00', '0.00', '0.00', '0.00', '0.00', '0.00', '0.00', '0.00', '0.00', '0.00', '0.00', '0.00', '0.00', '0.00', '0.00', '0.00', NULL, NULL, '2021-12-27 08:03:02', '2021-12-27 08:03:02'),
(35, 1, 35, 5, '2021-12-10', 'ordinary day', '7.65', '0.00', '0.00', '0.00', '0.00', '0.00', '0.00', '0.00', '0.00', '0.00', '0.00', '0.00', '0.00', '0.00', '0.00', '0.00', '0.00', '0.00', '0.00', '0.00', '0.00', '0.00', '0.00', '0.00', '0.00', '0.00', '0.00', '0.00', '0.00', '0.00', '0.00', '0.00', NULL, NULL, '2021-12-27 08:03:02', '2021-12-27 08:03:02'),
(36, 1, 36, 5, '2021-12-11', 'ordinary day', '0.00', '0.00', '0.00', '0.00', '0.00', '0.00', '0.00', '0.00', '0.00', '0.00', '0.00', '0.00', '0.00', '0.00', '0.00', '0.00', '0.00', '0.00', '0.00', '0.00', '0.00', '0.00', '0.00', '0.00', '0.00', '0.00', '0.00', '0.00', '0.00', '0.00', '0.00', '0.00', NULL, NULL, '2021-12-27 08:03:02', '2021-12-27 08:03:02'),
(37, 1, 37, 5, '2021-12-12', 'ordinary day', '0.00', '0.00', '0.00', '0.00', '0.00', '0.00', '0.00', '0.00', '0.00', '0.00', '0.00', '0.00', '0.00', '0.00', '0.00', '0.00', '0.00', '0.00', '0.00', '0.00', '0.00', '0.00', '0.00', '0.00', '0.00', '0.00', '0.00', '0.00', '0.00', '0.00', '0.00', '0.00', NULL, NULL, '2021-12-27 08:03:02', '2021-12-27 08:03:02'),
(38, 1, 38, 5, '2021-12-13', 'ordinary day', '0.00', '0.00', '0.00', '0.00', '0.00', '0.00', '0.00', '0.00', '0.00', '0.00', '0.00', '0.00', '0.00', '0.00', '0.00', '0.00', '0.00', '0.00', '0.00', '0.00', '0.00', '0.00', '0.00', '0.00', '0.00', '0.00', '0.00', '0.00', '0.00', '0.00', '0.00', '0.00', NULL, NULL, '2021-12-27 08:03:02', '2021-12-27 08:03:02'),
(39, 1, 39, 5, '2021-12-14', 'ordinary day', '7.61', '0.00', '0.00', '0.00', '0.00', '0.00', '0.00', '0.00', '0.00', '0.00', '0.00', '0.00', '0.00', '0.00', '0.00', '0.00', '0.00', '0.00', '0.00', '0.00', '0.00', '0.00', '0.00', '0.00', '0.00', '0.00', '0.00', '0.00', '0.00', '0.00', '0.00', '0.00', NULL, NULL, '2021-12-27 08:03:02', '2021-12-27 08:03:02'),
(40, 1, 40, 5, '2021-12-15', 'ordinary day', '7.00', '0.00', '0.00', '0.00', '0.00', '0.00', '0.00', '0.00', '0.00', '0.00', '0.00', '0.00', '0.00', '0.00', '0.00', '0.00', '0.00', '0.00', '0.00', '0.00', '0.00', '0.00', '0.00', '0.00', '0.00', '0.00', '0.00', '0.00', '0.00', '0.00', '0.00', '0.00', NULL, NULL, '2021-12-27 08:03:02', '2021-12-27 08:03:02'),
(41, 1, 41, 5, '2021-12-16', 'ordinary day', '0.00', '0.00', '0.00', '0.00', '0.00', '0.00', '0.00', '0.00', '0.00', '0.00', '0.00', '0.00', '0.00', '0.00', '0.00', '0.00', '0.00', '0.00', '0.00', '0.00', '0.00', '0.00', '0.00', '0.00', '0.00', '0.00', '0.00', '0.00', '0.00', '0.00', '0.00', '0.00', NULL, NULL, '2021-12-27 08:03:02', '2021-12-27 08:03:02'),
(42, 1, 42, 5, '2021-12-17', 'ordinary day', '0.00', '0.00', '0.00', '0.00', '0.00', '0.00', '0.00', '0.00', '0.00', '0.00', '0.00', '0.00', '0.00', '0.00', '0.00', '0.00', '0.00', '0.00', '0.00', '0.00', '0.00', '0.00', '0.00', '0.00', '0.00', '0.00', '0.00', '0.00', '0.00', '0.00', '0.00', '0.00', NULL, NULL, '2021-12-27 08:03:02', '2021-12-27 08:03:02'),
(43, 1, 43, 5, '2021-12-18', 'ordinary day', '0.00', '0.00', '0.00', '0.00', '0.00', '0.00', '0.00', '0.00', '0.00', '0.00', '0.00', '0.00', '0.00', '0.00', '0.00', '0.00', '0.00', '0.00', '0.00', '0.00', '0.00', '0.00', '0.00', '0.00', '0.00', '0.00', '0.00', '0.00', '0.00', '0.00', '0.00', '0.00', NULL, NULL, '2021-12-27 08:03:02', '2021-12-27 08:03:02'),
(44, 1, 44, 5, '2021-12-19', 'ordinary day', '0.00', '0.00', '0.00', '0.00', '0.00', '0.00', '0.00', '0.00', '0.00', '0.00', '0.00', '0.00', '0.00', '0.00', '0.00', '0.00', '0.00', '0.00', '0.00', '0.00', '0.00', '0.00', '0.00', '0.00', '0.00', '0.00', '0.00', '0.00', '0.00', '0.00', '0.00', '0.00', NULL, NULL, '2021-12-27 08:03:02', '2021-12-27 08:03:02'),
(45, 1, 45, 5, '2021-12-20', 'ordinary day', '0.00', '0.00', '0.00', '0.00', '0.00', '0.00', '0.00', '0.00', '0.00', '0.00', '0.00', '0.00', '0.00', '0.00', '0.00', '0.00', '0.00', '0.00', '0.00', '0.00', '0.00', '0.00', '0.00', '0.00', '0.00', '0.00', '0.00', '0.00', '0.00', '0.00', '0.00', '0.00', NULL, NULL, '2021-12-27 08:03:02', '2021-12-27 08:03:02'),
(46, 1, 46, 7, '2021-12-06', 'ordinary day', '8.00', '0.00', '0.00', '0.00', '0.00', '0.00', '0.00', '0.00', '0.00', '0.00', '0.00', '0.00', '0.00', '0.00', '0.00', '0.00', '0.00', '0.00', '0.00', '0.00', '0.00', '0.00', '0.00', '0.00', '0.00', '0.00', '0.00', '0.00', '0.00', '0.00', '0.00', '0.00', NULL, NULL, '2021-12-27 08:03:02', '2021-12-27 08:03:02'),
(47, 1, 47, 7, '2021-12-07', 'ordinary day', '8.00', '0.00', '0.00', '0.00', '0.00', '0.00', '0.00', '0.00', '0.00', '0.00', '0.00', '0.00', '0.00', '0.00', '0.00', '0.00', '0.00', '0.00', '0.00', '0.00', '0.00', '0.00', '0.00', '0.00', '0.00', '0.00', '0.00', '0.00', '0.00', '0.00', '0.00', '0.00', NULL, NULL, '2021-12-27 08:03:02', '2021-12-27 08:03:02'),
(48, 1, 48, 7, '2021-12-08', 'special non-working holiday', '0.00', '0.00', '0.00', '0.00', '0.00', '0.00', '0.00', '0.00', '0.00', '0.00', '0.00', '0.00', '0.00', '0.00', '0.00', '0.00', '0.00', '0.00', '0.00', '0.00', '0.00', '0.00', '0.00', '0.00', '0.00', '0.00', '0.00', '0.00', '0.00', '0.00', '0.00', '0.00', NULL, NULL, '2021-12-27 08:03:02', '2021-12-27 08:03:02'),
(49, 1, 49, 7, '2021-12-09', 'ordinary day', '8.00', '0.00', '0.00', '0.00', '0.00', '0.00', '0.00', '0.00', '0.00', '0.00', '0.00', '0.00', '0.00', '0.00', '0.00', '0.00', '0.00', '0.00', '0.00', '0.00', '0.00', '0.00', '0.00', '0.00', '0.00', '0.00', '0.00', '0.00', '0.00', '0.00', '0.00', '0.00', NULL, NULL, '2021-12-27 08:03:02', '2021-12-27 08:03:02'),
(50, 1, 50, 7, '2021-12-10', 'ordinary day', '7.65', '0.00', '0.00', '0.00', '0.00', '0.00', '0.00', '0.00', '0.00', '0.00', '0.00', '0.00', '0.00', '0.00', '0.00', '0.00', '0.00', '0.00', '0.00', '0.00', '0.00', '0.00', '0.00', '0.00', '0.00', '0.00', '0.00', '0.00', '0.00', '0.00', '0.00', '0.00', NULL, NULL, '2021-12-27 08:03:02', '2021-12-27 08:03:02'),
(51, 1, 51, 7, '2021-12-11', 'ordinary day', '0.00', '0.00', '0.00', '0.00', '0.00', '0.00', '0.00', '0.00', '0.00', '0.00', '0.00', '0.00', '0.00', '0.00', '0.00', '0.00', '0.00', '0.00', '0.00', '0.00', '0.00', '0.00', '0.00', '0.00', '0.00', '0.00', '0.00', '0.00', '0.00', '0.00', '0.00', '0.00', NULL, NULL, '2021-12-27 08:03:02', '2021-12-27 08:03:02'),
(52, 1, 52, 7, '2021-12-12', 'ordinary day', '0.00', '0.00', '0.00', '0.00', '0.00', '0.00', '0.00', '0.00', '0.00', '0.00', '0.00', '0.00', '0.00', '0.00', '0.00', '0.00', '0.00', '0.00', '0.00', '0.00', '0.00', '0.00', '0.00', '0.00', '0.00', '0.00', '0.00', '0.00', '0.00', '0.00', '0.00', '0.00', NULL, NULL, '2021-12-27 08:03:02', '2021-12-27 08:03:02'),
(53, 1, 53, 7, '2021-12-13', 'ordinary day', '0.00', '0.00', '0.00', '0.00', '0.00', '0.00', '0.00', '0.00', '0.00', '0.00', '0.00', '0.00', '0.00', '0.00', '0.00', '0.00', '0.00', '0.00', '0.00', '0.00', '0.00', '0.00', '0.00', '0.00', '0.00', '0.00', '0.00', '0.00', '0.00', '0.00', '0.00', '0.00', NULL, NULL, '2021-12-27 08:03:02', '2021-12-27 08:03:02'),
(54, 1, 54, 7, '2021-12-14', 'ordinary day', '7.61', '0.00', '0.00', '0.00', '0.00', '0.00', '0.00', '0.00', '0.00', '0.00', '0.00', '0.00', '0.00', '0.00', '0.00', '0.00', '0.00', '0.00', '0.00', '0.00', '0.00', '0.00', '0.00', '0.00', '0.00', '0.00', '0.00', '0.00', '0.00', '0.00', '0.00', '0.00', NULL, NULL, '2021-12-27 08:03:02', '2021-12-27 08:03:02'),
(55, 1, 55, 7, '2021-12-15', 'ordinary day', '7.00', '0.00', '0.00', '0.00', '0.00', '0.00', '0.00', '0.00', '0.00', '0.00', '0.00', '0.00', '0.00', '0.00', '0.00', '0.00', '0.00', '0.00', '0.00', '0.00', '0.00', '0.00', '0.00', '0.00', '0.00', '0.00', '0.00', '0.00', '0.00', '0.00', '0.00', '0.00', NULL, NULL, '2021-12-27 08:03:02', '2021-12-27 08:03:02'),
(56, 1, 56, 7, '2021-12-16', 'ordinary day', '0.00', '0.00', '0.00', '0.00', '0.00', '0.00', '0.00', '0.00', '0.00', '0.00', '0.00', '0.00', '0.00', '0.00', '0.00', '0.00', '0.00', '0.00', '0.00', '0.00', '0.00', '0.00', '0.00', '0.00', '0.00', '0.00', '0.00', '0.00', '0.00', '0.00', '0.00', '0.00', NULL, NULL, '2021-12-27 08:03:02', '2021-12-27 08:03:02'),
(57, 1, 57, 7, '2021-12-17', 'ordinary day', '0.00', '0.00', '0.00', '0.00', '0.00', '0.00', '0.00', '0.00', '0.00', '0.00', '0.00', '0.00', '0.00', '0.00', '0.00', '0.00', '0.00', '0.00', '0.00', '0.00', '0.00', '0.00', '0.00', '0.00', '0.00', '0.00', '0.00', '0.00', '0.00', '0.00', '0.00', '0.00', NULL, NULL, '2021-12-27 08:03:02', '2021-12-27 08:03:02'),
(58, 1, 58, 7, '2021-12-18', 'ordinary day', '0.00', '0.00', '0.00', '0.00', '0.00', '0.00', '0.00', '0.00', '0.00', '0.00', '0.00', '0.00', '0.00', '0.00', '0.00', '0.00', '0.00', '0.00', '0.00', '0.00', '0.00', '0.00', '0.00', '0.00', '0.00', '0.00', '0.00', '0.00', '0.00', '0.00', '0.00', '0.00', NULL, NULL, '2021-12-27 08:03:02', '2021-12-27 08:03:02'),
(59, 1, 59, 7, '2021-12-19', 'ordinary day', '0.00', '0.00', '0.00', '0.00', '0.00', '0.00', '0.00', '0.00', '0.00', '0.00', '0.00', '0.00', '0.00', '0.00', '0.00', '0.00', '0.00', '0.00', '0.00', '0.00', '0.00', '0.00', '0.00', '0.00', '0.00', '0.00', '0.00', '0.00', '0.00', '0.00', '0.00', '0.00', NULL, NULL, '2021-12-27 08:03:02', '2021-12-27 08:03:02'),
(60, 1, 60, 7, '2021-12-20', 'ordinary day', '0.00', '0.00', '0.00', '0.00', '0.00', '0.00', '0.00', '0.00', '0.00', '0.00', '0.00', '0.00', '0.00', '0.00', '0.00', '0.00', '0.00', '0.00', '0.00', '0.00', '0.00', '0.00', '0.00', '0.00', '0.00', '0.00', '0.00', '0.00', '0.00', '0.00', '0.00', '0.00', NULL, NULL, '2021-12-27 08:03:02', '2021-12-27 08:03:02'),
(61, 1, 61, 20, '2021-12-06', 'ordinary day', '8.45', '0.00', '0.00', '0.00', '0.00', '0.00', '0.00', '0.00', '0.00', '0.00', '0.00', '0.00', '0.00', '0.00', '0.00', '0.00', '0.00', '0.00', '0.00', '0.00', '0.00', '0.00', '0.00', '0.00', '0.00', '0.00', '0.00', '0.00', '0.00', '0.00', '0.00', '0.00', NULL, NULL, '2021-12-27 08:03:02', '2021-12-27 08:03:02'),
(62, 1, 62, 20, '2021-12-07', 'ordinary day', '8.30', '0.00', '0.00', '0.00', '0.00', '0.00', '0.00', '0.00', '0.00', '0.00', '0.00', '0.00', '0.00', '0.00', '0.00', '0.00', '0.00', '0.00', '0.00', '0.00', '0.00', '0.00', '0.00', '0.00', '0.00', '0.00', '0.00', '0.00', '0.00', '0.00', '0.00', '0.00', NULL, NULL, '2021-12-27 08:03:02', '2021-12-27 08:03:02'),
(63, 1, 63, 20, '2021-12-08', 'special non-working holiday', '0.00', '0.00', '0.00', '0.00', '0.00', '0.00', '0.00', '0.00', '0.00', '0.00', '0.00', '0.00', '0.00', '0.00', '0.00', '0.00', '0.00', '0.00', '0.00', '0.00', '0.00', '0.00', '0.00', '0.00', '0.00', '0.00', '0.00', '0.00', '0.00', '0.00', '0.00', '0.00', NULL, NULL, '2021-12-27 08:03:02', '2021-12-27 08:03:02'),
(64, 1, 64, 20, '2021-12-09', 'ordinary day', '0.00', '0.00', '0.00', '0.00', '0.00', '0.00', '0.00', '0.00', '0.00', '0.00', '0.00', '0.00', '0.00', '0.00', '0.00', '0.00', '0.00', '0.00', '0.00', '0.00', '0.00', '0.00', '0.00', '0.00', '0.00', '0.00', '0.00', '0.00', '0.00', '0.00', '0.00', '0.00', NULL, NULL, '2021-12-27 08:03:02', '2021-12-27 08:03:02'),
(65, 1, 65, 20, '2021-12-10', 'ordinary day', '8.65', '0.00', '0.00', '0.00', '0.00', '0.00', '0.00', '0.00', '0.00', '0.00', '0.00', '0.00', '0.00', '0.00', '0.00', '0.00', '0.00', '0.00', '0.00', '0.00', '0.00', '0.00', '0.00', '0.00', '0.00', '0.00', '0.00', '0.00', '0.00', '0.00', '0.00', '0.00', NULL, NULL, '2021-12-27 08:03:02', '2021-12-27 08:03:02'),
(66, 1, 66, 20, '2021-12-11', 'ordinary day', '0.00', '0.00', '0.00', '0.00', '0.00', '0.00', '0.00', '0.00', '0.00', '0.00', '0.00', '0.00', '0.00', '0.00', '0.00', '0.00', '0.00', '0.00', '0.00', '0.00', '0.00', '0.00', '0.00', '0.00', '0.00', '0.00', '0.00', '0.00', '0.00', '0.00', '0.00', '0.00', NULL, NULL, '2021-12-27 08:03:02', '2021-12-27 08:03:02'),
(67, 1, 67, 20, '2021-12-12', 'ordinary day', '0.00', '0.00', '0.00', '0.00', '0.00', '0.00', '0.00', '0.00', '0.00', '0.00', '0.00', '0.00', '0.00', '0.00', '0.00', '0.00', '0.00', '0.00', '0.00', '0.00', '0.00', '0.00', '0.00', '0.00', '0.00', '0.00', '0.00', '0.00', '0.00', '0.00', '0.00', '0.00', NULL, NULL, '2021-12-27 08:03:02', '2021-12-27 08:03:02'),
(68, 1, 68, 20, '2021-12-13', 'ordinary day', '9.00', '0.00', '0.00', '0.00', '0.00', '0.00', '0.00', '0.00', '0.00', '0.00', '0.00', '0.00', '0.00', '0.00', '0.00', '0.00', '0.00', '0.00', '0.00', '0.00', '0.00', '0.00', '0.00', '0.00', '0.00', '0.00', '0.00', '0.00', '0.00', '0.00', '0.00', '0.00', NULL, NULL, '2021-12-27 08:03:02', '2021-12-27 08:03:02'),
(69, 1, 69, 20, '2021-12-14', 'ordinary day', '8.61', '0.00', '0.00', '0.00', '0.00', '0.00', '0.00', '0.00', '0.00', '0.00', '0.00', '0.00', '0.00', '0.00', '0.00', '0.00', '0.00', '0.00', '0.00', '0.00', '0.00', '0.00', '0.00', '0.00', '0.00', '0.00', '0.00', '0.00', '0.00', '0.00', '0.00', '0.00', NULL, NULL, '2021-12-27 08:03:02', '2021-12-27 08:03:02'),
(70, 1, 70, 20, '2021-12-15', 'ordinary day', '0.00', '0.00', '0.00', '0.00', '0.00', '0.00', '0.00', '0.00', '0.00', '0.00', '0.00', '0.00', '0.00', '0.00', '0.00', '0.00', '0.00', '0.00', '0.00', '0.00', '0.00', '0.00', '0.00', '0.00', '0.00', '0.00', '0.00', '0.00', '0.00', '0.00', '0.00', '0.00', NULL, NULL, '2021-12-27 08:03:02', '2021-12-27 08:03:02'),
(71, 1, 71, 20, '2021-12-16', 'ordinary day', '0.00', '0.00', '0.00', '0.00', '0.00', '0.00', '0.00', '0.00', '0.00', '0.00', '0.00', '0.00', '0.00', '0.00', '0.00', '0.00', '0.00', '0.00', '0.00', '0.00', '0.00', '0.00', '0.00', '0.00', '0.00', '0.00', '0.00', '0.00', '0.00', '0.00', '0.00', '0.00', NULL, NULL, '2021-12-27 08:03:02', '2021-12-27 08:03:02'),
(72, 1, 72, 20, '2021-12-17', 'ordinary day', '0.00', '0.00', '0.00', '0.00', '0.00', '0.00', '0.00', '0.00', '0.00', '0.00', '0.00', '0.00', '0.00', '0.00', '0.00', '0.00', '0.00', '0.00', '0.00', '0.00', '0.00', '0.00', '0.00', '0.00', '0.00', '0.00', '0.00', '0.00', '0.00', '0.00', '0.00', '0.00', NULL, NULL, '2021-12-27 08:03:02', '2021-12-27 08:03:02'),
(73, 1, 73, 20, '2021-12-18', 'ordinary day', '0.00', '0.00', '0.00', '0.00', '0.00', '0.00', '0.00', '0.00', '0.00', '0.00', '0.00', '0.00', '0.00', '0.00', '0.00', '0.00', '0.00', '0.00', '0.00', '0.00', '0.00', '0.00', '0.00', '0.00', '0.00', '0.00', '0.00', '0.00', '0.00', '0.00', '0.00', '0.00', NULL, NULL, '2021-12-27 08:03:02', '2021-12-27 08:03:02'),
(74, 1, 74, 20, '2021-12-19', 'ordinary day', '0.00', '0.00', '0.00', '0.00', '0.00', '0.00', '0.00', '0.00', '0.00', '0.00', '0.00', '0.00', '0.00', '0.00', '0.00', '0.00', '0.00', '0.00', '0.00', '0.00', '0.00', '0.00', '0.00', '0.00', '0.00', '0.00', '0.00', '0.00', '0.00', '0.00', '0.00', '0.00', NULL, NULL, '2021-12-27 08:03:02', '2021-12-27 08:03:02'),
(75, 1, 75, 20, '2021-12-20', 'ordinary day', '0.00', '0.00', '0.00', '0.00', '0.00', '0.00', '0.00', '0.00', '0.00', '0.00', '0.00', '0.00', '0.00', '0.00', '0.00', '0.00', '0.00', '0.00', '0.00', '0.00', '0.00', '0.00', '0.00', '0.00', '0.00', '0.00', '0.00', '0.00', '0.00', '0.00', '0.00', '0.00', NULL, NULL, '2021-12-27 08:03:02', '2021-12-27 08:03:02'),
(76, 1, 76, 22, '2021-12-06', 'ordinary day', '0.00', '0.00', '0.00', '0.00', '0.00', '0.00', '0.00', '0.00', '0.00', '0.00', '0.00', '0.00', '0.00', '0.00', '0.00', '0.00', '0.00', '0.00', '0.00', '0.00', '0.00', '0.00', '0.00', '0.00', '0.00', '0.00', '0.00', '0.00', '0.00', '0.00', '0.00', '0.00', NULL, NULL, '2021-12-27 08:03:02', '2021-12-27 08:03:02'),
(77, 1, 77, 22, '2021-12-07', 'ordinary day', '0.00', '0.00', '0.00', '0.00', '0.00', '0.00', '0.00', '0.00', '0.00', '0.00', '0.00', '0.00', '0.00', '0.00', '0.00', '0.00', '0.00', '0.00', '0.00', '0.00', '0.00', '0.00', '0.00', '0.00', '0.00', '0.00', '0.00', '0.00', '0.00', '0.00', '0.00', '0.00', NULL, NULL, '2021-12-27 08:03:02', '2021-12-27 08:03:02'),
(78, 1, 78, 22, '2021-12-08', 'special non-working holiday', '0.00', '0.00', '0.00', '0.00', '0.00', '0.00', '0.00', '0.00', '0.00', '0.00', '0.00', '0.00', '0.00', '0.00', '0.00', '0.00', '0.00', '0.00', '0.00', '0.00', '0.00', '0.00', '0.00', '0.00', '0.00', '0.00', '0.00', '0.00', '0.00', '0.00', '0.00', '0.00', NULL, NULL, '2021-12-27 08:03:02', '2021-12-27 08:03:02'),
(79, 1, 79, 22, '2021-12-09', 'ordinary day', '0.00', '0.00', '0.00', '0.00', '0.00', '0.00', '0.00', '0.00', '0.00', '0.00', '0.00', '0.00', '0.00', '0.00', '0.00', '0.00', '0.00', '0.00', '0.00', '0.00', '0.00', '0.00', '0.00', '0.00', '0.00', '0.00', '0.00', '0.00', '0.00', '0.00', '0.00', '0.00', NULL, NULL, '2021-12-27 08:03:02', '2021-12-27 08:03:02'),
(80, 1, 80, 22, '2021-12-10', 'ordinary day', '0.00', '0.00', '0.00', '0.00', '0.00', '0.00', '0.00', '0.00', '0.00', '0.00', '0.00', '0.00', '0.00', '0.00', '0.00', '0.00', '0.00', '0.00', '0.00', '0.00', '0.00', '0.00', '0.00', '0.00', '0.00', '0.00', '0.00', '0.00', '0.00', '0.00', '0.00', '0.00', NULL, NULL, '2021-12-27 08:03:02', '2021-12-27 08:03:02'),
(81, 1, 81, 22, '2021-12-11', 'ordinary day', '0.00', '0.00', '0.00', '0.00', '0.00', '0.00', '0.00', '0.00', '0.00', '0.00', '0.00', '0.00', '0.00', '0.00', '0.00', '0.00', '0.00', '0.00', '0.00', '0.00', '0.00', '0.00', '0.00', '0.00', '0.00', '0.00', '0.00', '0.00', '0.00', '0.00', '0.00', '0.00', NULL, NULL, '2021-12-27 08:03:02', '2021-12-27 08:03:02'),
(82, 1, 82, 22, '2021-12-12', 'ordinary day', '0.00', '0.00', '0.00', '0.00', '0.00', '0.00', '0.00', '0.00', '0.00', '0.00', '0.00', '0.00', '0.00', '0.00', '0.00', '0.00', '0.00', '0.00', '0.00', '0.00', '0.00', '0.00', '0.00', '0.00', '0.00', '0.00', '0.00', '0.00', '0.00', '0.00', '0.00', '0.00', NULL, NULL, '2021-12-27 08:03:02', '2021-12-27 08:03:02'),
(83, 1, 83, 22, '2021-12-13', 'ordinary day', '0.00', '0.00', '0.00', '0.00', '0.00', '0.00', '0.00', '0.00', '0.00', '0.00', '0.00', '0.00', '0.00', '0.00', '0.00', '0.00', '0.00', '0.00', '0.00', '0.00', '0.00', '0.00', '0.00', '0.00', '0.00', '0.00', '0.00', '0.00', '0.00', '0.00', '0.00', '0.00', NULL, NULL, '2021-12-27 08:03:02', '2021-12-27 08:03:02'),
(84, 1, 84, 22, '2021-12-14', 'ordinary day', '0.00', '0.00', '0.00', '0.00', '0.00', '0.00', '0.00', '0.00', '0.00', '0.00', '0.00', '0.00', '0.00', '0.00', '0.00', '0.00', '0.00', '0.00', '0.00', '0.00', '0.00', '0.00', '0.00', '0.00', '0.00', '0.00', '0.00', '0.00', '0.00', '0.00', '0.00', '0.00', NULL, NULL, '2021-12-27 08:03:02', '2021-12-27 08:03:02'),
(85, 1, 85, 22, '2021-12-15', 'ordinary day', '0.00', '0.00', '0.00', '0.00', '0.00', '0.00', '0.00', '0.00', '0.00', '0.00', '0.00', '0.00', '0.00', '0.00', '0.00', '0.00', '0.00', '0.00', '0.00', '0.00', '0.00', '0.00', '0.00', '0.00', '0.00', '0.00', '0.00', '0.00', '0.00', '0.00', '0.00', '0.00', NULL, NULL, '2021-12-27 08:03:02', '2021-12-27 08:03:02'),
(86, 1, 86, 22, '2021-12-16', 'ordinary day', '0.00', '0.00', '0.00', '0.00', '0.00', '0.00', '0.00', '0.00', '0.00', '0.00', '0.00', '0.00', '0.00', '0.00', '0.00', '0.00', '0.00', '0.00', '0.00', '0.00', '0.00', '0.00', '0.00', '0.00', '0.00', '0.00', '0.00', '0.00', '0.00', '0.00', '0.00', '0.00', NULL, NULL, '2021-12-27 08:03:02', '2021-12-27 08:03:02'),
(87, 1, 87, 22, '2021-12-17', 'ordinary day', '0.00', '0.00', '0.00', '0.00', '0.00', '0.00', '0.00', '0.00', '0.00', '0.00', '0.00', '0.00', '0.00', '0.00', '0.00', '0.00', '0.00', '0.00', '0.00', '0.00', '0.00', '0.00', '0.00', '0.00', '0.00', '0.00', '0.00', '0.00', '0.00', '0.00', '0.00', '0.00', NULL, NULL, '2021-12-27 08:03:02', '2021-12-27 08:03:02'),
(88, 1, 88, 22, '2021-12-18', 'ordinary day', '0.00', '0.00', '0.00', '0.00', '0.00', '0.00', '0.00', '0.00', '0.00', '0.00', '0.00', '0.00', '0.00', '0.00', '0.00', '0.00', '0.00', '0.00', '0.00', '0.00', '0.00', '0.00', '0.00', '0.00', '0.00', '0.00', '0.00', '0.00', '0.00', '0.00', '0.00', '0.00', NULL, NULL, '2021-12-27 08:03:02', '2021-12-27 08:03:02'),
(89, 1, 89, 22, '2021-12-19', 'ordinary day', '0.00', '0.00', '0.00', '0.00', '0.00', '0.00', '0.00', '0.00', '0.00', '0.00', '0.00', '0.00', '0.00', '0.00', '0.00', '0.00', '0.00', '0.00', '0.00', '0.00', '0.00', '0.00', '0.00', '0.00', '0.00', '0.00', '0.00', '0.00', '0.00', '0.00', '0.00', '0.00', NULL, NULL, '2021-12-27 08:03:02', '2021-12-27 08:03:02'),
(90, 1, 90, 22, '2021-12-20', 'ordinary day', '0.00', '0.00', '0.00', '0.00', '0.00', '0.00', '0.00', '0.00', '0.00', '0.00', '0.00', '0.00', '0.00', '0.00', '0.00', '0.00', '0.00', '0.00', '0.00', '0.00', '0.00', '0.00', '0.00', '0.00', '0.00', '0.00', '0.00', '0.00', '0.00', '0.00', '0.00', '0.00', NULL, NULL, '2021-12-27 08:03:02', '2021-12-27 08:03:02'),
(91, 1, 91, 23, '2021-12-06', 'ordinary day', '0.00', '0.00', '0.00', '0.00', '0.00', '0.00', '0.00', '0.00', '0.00', '0.00', '0.00', '0.00', '0.00', '0.00', '0.00', '0.00', '0.00', '0.00', '0.00', '0.00', '0.00', '0.00', '0.00', '0.00', '0.00', '0.00', '0.00', '0.00', '0.00', '0.00', '0.00', '0.00', NULL, NULL, '2021-12-27 08:03:02', '2021-12-27 08:03:02'),
(92, 1, 92, 23, '2021-12-07', 'ordinary day', '0.00', '0.00', '0.00', '0.00', '0.00', '0.00', '0.00', '0.00', '0.00', '0.00', '0.00', '0.00', '0.00', '0.00', '0.00', '0.00', '0.00', '0.00', '0.00', '0.00', '0.00', '0.00', '0.00', '0.00', '0.00', '0.00', '0.00', '0.00', '0.00', '0.00', '0.00', '0.00', NULL, NULL, '2021-12-27 08:03:02', '2021-12-27 08:03:02'),
(93, 1, 93, 23, '2021-12-08', 'special non-working holiday', '0.00', '0.00', '0.00', '0.00', '0.00', '0.00', '0.00', '0.00', '0.00', '0.00', '0.00', '0.00', '0.00', '0.00', '0.00', '0.00', '0.00', '0.00', '0.00', '0.00', '0.00', '0.00', '0.00', '0.00', '0.00', '0.00', '0.00', '0.00', '0.00', '0.00', '0.00', '0.00', NULL, NULL, '2021-12-27 08:03:02', '2021-12-27 08:03:02'),
(94, 1, 94, 23, '2021-12-09', 'ordinary day', '0.00', '0.00', '0.00', '0.00', '0.00', '0.00', '0.00', '0.00', '0.00', '0.00', '0.00', '0.00', '0.00', '0.00', '0.00', '0.00', '0.00', '0.00', '0.00', '0.00', '0.00', '0.00', '0.00', '0.00', '0.00', '0.00', '0.00', '0.00', '0.00', '0.00', '0.00', '0.00', NULL, NULL, '2021-12-27 08:03:02', '2021-12-27 08:03:02'),
(95, 1, 95, 23, '2021-12-10', 'ordinary day', '0.00', '0.00', '0.00', '0.00', '0.00', '0.00', '0.00', '0.00', '0.00', '0.00', '0.00', '0.00', '0.00', '0.00', '0.00', '0.00', '0.00', '0.00', '0.00', '0.00', '0.00', '0.00', '0.00', '0.00', '0.00', '0.00', '0.00', '0.00', '0.00', '0.00', '0.00', '0.00', NULL, NULL, '2021-12-27 08:03:02', '2021-12-27 08:03:02'),
(96, 1, 96, 23, '2021-12-11', 'ordinary day', '0.00', '0.00', '0.00', '0.00', '0.00', '0.00', '0.00', '0.00', '0.00', '0.00', '0.00', '0.00', '0.00', '0.00', '0.00', '0.00', '0.00', '0.00', '0.00', '0.00', '0.00', '0.00', '0.00', '0.00', '0.00', '0.00', '0.00', '0.00', '0.00', '0.00', '0.00', '0.00', NULL, NULL, '2021-12-27 08:03:02', '2021-12-27 08:03:02'),
(97, 1, 97, 23, '2021-12-12', 'ordinary day', '0.00', '0.00', '0.00', '0.00', '0.00', '0.00', '0.00', '0.00', '0.00', '0.00', '0.00', '0.00', '0.00', '0.00', '0.00', '0.00', '0.00', '0.00', '0.00', '0.00', '0.00', '0.00', '0.00', '0.00', '0.00', '0.00', '0.00', '0.00', '0.00', '0.00', '0.00', '0.00', NULL, NULL, '2021-12-27 08:03:02', '2021-12-27 08:03:02'),
(98, 1, 98, 23, '2021-12-13', 'ordinary day', '0.00', '0.00', '0.00', '0.00', '0.00', '0.00', '0.00', '0.00', '0.00', '0.00', '0.00', '0.00', '0.00', '0.00', '0.00', '0.00', '0.00', '0.00', '0.00', '0.00', '0.00', '0.00', '0.00', '0.00', '0.00', '0.00', '0.00', '0.00', '0.00', '0.00', '0.00', '0.00', NULL, NULL, '2021-12-27 08:03:02', '2021-12-27 08:03:02'),
(99, 1, 99, 23, '2021-12-14', 'ordinary day', '0.00', '0.00', '0.00', '0.00', '0.00', '0.00', '0.00', '0.00', '0.00', '0.00', '0.00', '0.00', '0.00', '0.00', '0.00', '0.00', '0.00', '0.00', '0.00', '0.00', '0.00', '0.00', '0.00', '0.00', '0.00', '0.00', '0.00', '0.00', '0.00', '0.00', '0.00', '0.00', NULL, NULL, '2021-12-27 08:03:02', '2021-12-27 08:03:02'),
(100, 1, 100, 23, '2021-12-15', 'ordinary day', '0.00', '0.00', '0.00', '0.00', '0.00', '0.00', '0.00', '0.00', '0.00', '0.00', '0.00', '0.00', '0.00', '0.00', '0.00', '0.00', '0.00', '0.00', '0.00', '0.00', '0.00', '0.00', '0.00', '0.00', '0.00', '0.00', '0.00', '0.00', '0.00', '0.00', '0.00', '0.00', NULL, NULL, '2021-12-27 08:03:02', '2021-12-27 08:03:02'),
(101, 1, 101, 23, '2021-12-16', 'ordinary day', '0.00', '0.00', '0.00', '0.00', '0.00', '0.00', '0.00', '0.00', '0.00', '0.00', '0.00', '0.00', '0.00', '0.00', '0.00', '0.00', '0.00', '0.00', '0.00', '0.00', '0.00', '0.00', '0.00', '0.00', '0.00', '0.00', '0.00', '0.00', '0.00', '0.00', '0.00', '0.00', NULL, NULL, '2021-12-27 08:03:02', '2021-12-27 08:03:02'),
(102, 1, 102, 23, '2021-12-17', 'ordinary day', '0.00', '0.00', '0.00', '0.00', '0.00', '0.00', '0.00', '0.00', '0.00', '0.00', '0.00', '0.00', '0.00', '0.00', '0.00', '0.00', '0.00', '0.00', '0.00', '0.00', '0.00', '0.00', '0.00', '0.00', '0.00', '0.00', '0.00', '0.00', '0.00', '0.00', '0.00', '0.00', NULL, NULL, '2021-12-27 08:03:02', '2021-12-27 08:03:02'),
(103, 1, 103, 23, '2021-12-18', 'ordinary day', '0.00', '0.00', '0.00', '0.00', '0.00', '0.00', '0.00', '0.00', '0.00', '0.00', '0.00', '0.00', '0.00', '0.00', '0.00', '0.00', '0.00', '0.00', '0.00', '0.00', '0.00', '0.00', '0.00', '0.00', '0.00', '0.00', '0.00', '0.00', '0.00', '0.00', '0.00', '0.00', NULL, NULL, '2021-12-27 08:03:02', '2021-12-27 08:03:02'),
(104, 1, 104, 23, '2021-12-19', 'ordinary day', '0.00', '0.00', '0.00', '0.00', '0.00', '0.00', '0.00', '0.00', '0.00', '0.00', '0.00', '0.00', '0.00', '0.00', '0.00', '0.00', '0.00', '0.00', '0.00', '0.00', '0.00', '0.00', '0.00', '0.00', '0.00', '0.00', '0.00', '0.00', '0.00', '0.00', '0.00', '0.00', NULL, NULL, '2021-12-27 08:03:02', '2021-12-27 08:03:02'),
(105, 1, 105, 23, '2021-12-20', 'ordinary day', '0.00', '0.00', '0.00', '0.00', '0.00', '0.00', '0.00', '0.00', '0.00', '0.00', '0.00', '0.00', '0.00', '0.00', '0.00', '0.00', '0.00', '0.00', '0.00', '0.00', '0.00', '0.00', '0.00', '0.00', '0.00', '0.00', '0.00', '0.00', '0.00', '0.00', '0.00', '0.00', NULL, NULL, '2021-12-27 08:03:02', '2021-12-27 08:03:02'),
(106, 2, 106, 2, '2021-11-21', 'ordinary day', '0.00', '0.00', '0.00', '0.00', '0.00', '0.00', '0.00', '0.00', '0.00', '0.00', '0.00', '0.00', '0.00', '0.00', '0.00', '0.00', '0.00', '0.00', '0.00', '0.00', '0.00', '0.00', '0.00', '0.00', '0.00', '0.00', '0.00', '0.00', '0.00', '0.00', '0.00', '0.00', NULL, NULL, '2021-12-29 00:17:46', '2021-12-29 00:17:46'),
(107, 2, 107, 2, '2021-11-22', 'ordinary day', '6.73', '0.00', '1.00', '0.00', '0.00', '0.00', '0.00', '0.00', '0.00', '0.00', '0.00', '0.00', '0.00', '0.00', '0.00', '0.00', '0.00', '0.00', '0.00', '0.00', '0.00', '0.00', '0.00', '0.00', '0.00', '0.00', '0.00', '0.00', '0.00', '0.00', '0.00', '0.00', NULL, NULL, '2021-12-29 00:17:46', '2021-12-29 00:17:46'),
(108, 2, 108, 2, '2021-11-23', 'ordinary day', '7.89', '0.00', '0.00', '0.00', '0.00', '0.00', '0.00', '0.00', '0.00', '0.00', '0.00', '0.00', '0.00', '0.00', '0.00', '0.00', '0.00', '0.00', '0.00', '0.00', '0.00', '0.00', '0.00', '0.00', '0.00', '0.00', '0.00', '0.00', '0.00', '0.00', '0.00', '0.00', NULL, NULL, '2021-12-29 00:17:46', '2021-12-29 00:17:46'),
(109, 2, 109, 2, '2021-11-24', 'ordinary day', '7.00', '0.00', '0.00', '0.00', '0.00', '0.00', '0.00', '0.00', '0.00', '0.00', '0.00', '0.00', '0.00', '0.00', '0.00', '0.00', '0.00', '0.00', '0.00', '0.00', '0.00', '0.00', '0.00', '0.00', '0.00', '0.00', '0.00', '0.00', '0.00', '0.00', '0.00', '0.00', NULL, NULL, '2021-12-29 00:17:46', '2021-12-29 00:17:46'),
(110, 2, 110, 2, '2021-11-25', 'ordinary day', '7.95', '0.00', '0.00', '0.00', '0.00', '0.00', '0.00', '0.00', '0.00', '0.00', '0.00', '0.00', '0.00', '0.00', '0.00', '0.00', '0.00', '0.00', '0.00', '0.00', '0.00', '0.00', '0.00', '0.00', '0.00', '0.00', '0.00', '0.00', '0.00', '0.00', '0.00', '0.00', NULL, NULL, '2021-12-29 00:17:46', '2021-12-29 00:17:46'),
(111, 2, 111, 2, '2021-11-26', 'ordinary day', '7.90', '0.00', '0.00', '0.00', '0.00', '0.00', '0.00', '0.00', '0.00', '0.00', '0.00', '0.00', '0.00', '0.00', '0.00', '0.00', '0.00', '0.00', '0.00', '0.00', '0.00', '0.00', '0.00', '0.00', '0.00', '0.00', '0.00', '0.00', '0.00', '0.00', '0.00', '0.00', NULL, NULL, '2021-12-29 00:17:46', '2021-12-29 00:17:46'),
(112, 2, 112, 2, '2021-11-27', 'ordinary day', '0.00', '0.00', '0.00', '0.00', '0.00', '0.00', '0.00', '0.00', '0.00', '0.00', '0.00', '0.00', '0.00', '0.00', '0.00', '0.00', '0.00', '0.00', '0.00', '0.00', '0.00', '0.00', '0.00', '0.00', '0.00', '0.00', '0.00', '0.00', '0.00', '0.00', '0.00', '0.00', NULL, NULL, '2021-12-29 00:17:46', '2021-12-29 00:17:46'),
(113, 2, 113, 2, '2021-11-28', 'ordinary day', '0.00', '0.00', '0.00', '0.00', '0.00', '0.00', '0.00', '0.00', '0.00', '0.00', '0.00', '0.00', '0.00', '0.00', '0.00', '0.00', '0.00', '0.00', '0.00', '0.00', '0.00', '0.00', '0.00', '0.00', '0.00', '0.00', '0.00', '0.00', '0.00', '0.00', '0.00', '0.00', NULL, NULL, '2021-12-29 00:17:46', '2021-12-29 00:17:46'),
(114, 2, 114, 2, '2021-11-29', 'ordinary day', '8.00', '0.00', '0.00', '0.00', '0.00', '0.00', '0.00', '0.00', '0.00', '0.00', '0.00', '0.00', '0.00', '0.00', '0.00', '0.00', '0.00', '0.00', '0.00', '0.00', '0.00', '0.00', '0.00', '0.00', '0.00', '0.00', '0.00', '0.00', '0.00', '0.00', '0.00', '0.00', NULL, NULL, '2021-12-29 00:17:46', '2021-12-29 00:17:46'),
(115, 2, 115, 2, '2021-11-30', 'regular holiday', '0.00', '0.00', '0.00', '0.00', '0.00', '0.00', '0.00', '0.00', '0.00', '0.00', '0.00', '0.00', '0.00', '0.00', '0.00', '0.00', '0.00', '0.00', '0.00', '0.00', '0.00', '0.00', '0.00', '0.00', '0.00', '0.00', '0.00', '0.00', '0.00', '0.00', '0.00', '0.00', NULL, NULL, '2021-12-29 00:17:46', '2021-12-29 00:17:46'),
(116, 2, 116, 2, '2021-12-01', 'ordinary day', '7.00', '0.00', '0.00', '0.00', '0.00', '0.00', '0.00', '0.00', '0.00', '0.00', '0.00', '0.00', '0.00', '0.00', '0.00', '0.00', '0.00', '0.00', '0.00', '0.00', '0.00', '0.00', '0.00', '0.00', '0.00', '0.00', '0.00', '0.00', '0.00', '0.00', '0.00', '0.00', NULL, NULL, '2021-12-29 00:17:46', '2021-12-29 00:17:46'),
(117, 2, 117, 2, '2021-12-02', 'ordinary day', '8.00', '0.00', '0.00', '0.00', '0.00', '0.00', '0.00', '0.00', '0.00', '0.00', '0.00', '0.00', '0.00', '0.00', '0.00', '0.00', '0.00', '0.00', '0.00', '0.00', '0.00', '0.00', '0.00', '0.00', '0.00', '0.00', '0.00', '0.00', '0.00', '0.00', '0.00', '0.00', NULL, NULL, '2021-12-29 00:17:46', '2021-12-29 00:17:46'),
(118, 2, 118, 2, '2021-12-03', 'ordinary day', '8.00', '0.00', '0.00', '0.00', '0.00', '0.00', '0.00', '0.00', '0.00', '0.00', '0.00', '0.00', '0.00', '0.00', '0.00', '0.00', '0.00', '0.00', '0.00', '0.00', '0.00', '0.00', '0.00', '0.00', '0.00', '0.00', '0.00', '0.00', '0.00', '0.00', '0.00', '0.00', NULL, NULL, '2021-12-29 00:17:46', '2021-12-29 00:17:46'),
(119, 2, 119, 2, '2021-12-04', 'ordinary day', '0.00', '0.00', '0.00', '0.00', '0.00', '0.00', '0.00', '0.00', '0.00', '0.00', '0.00', '0.00', '0.00', '0.00', '0.00', '0.00', '0.00', '0.00', '0.00', '0.00', '0.00', '0.00', '0.00', '0.00', '0.00', '0.00', '0.00', '0.00', '0.00', '0.00', '0.00', '0.00', NULL, NULL, '2021-12-29 00:17:46', '2021-12-29 00:17:46'),
(120, 2, 120, 2, '2021-12-05', 'ordinary day', '0.00', '0.00', '0.00', '0.00', '0.00', '0.00', '0.00', '0.00', '0.00', '0.00', '0.00', '0.00', '0.00', '0.00', '0.00', '0.00', '0.00', '0.00', '0.00', '0.00', '0.00', '0.00', '0.00', '0.00', '0.00', '0.00', '0.00', '0.00', '0.00', '0.00', '0.00', '0.00', NULL, NULL, '2021-12-29 00:17:46', '2021-12-29 00:17:46'),
(121, 2, 121, 4, '2021-11-21', 'ordinary day', '0.00', '0.00', '0.00', '0.00', '0.00', '0.00', '0.00', '0.00', '0.00', '0.00', '0.00', '0.00', '0.00', '0.00', '0.00', '0.00', '0.00', '0.00', '0.00', '0.00', '0.00', '0.00', '0.00', '0.00', '0.00', '0.00', '0.00', '0.00', '0.00', '0.00', '0.00', '0.00', NULL, NULL, '2021-12-29 00:17:46', '2021-12-29 00:17:46'),
(122, 2, 122, 4, '2021-11-22', 'ordinary day', '0.00', '0.00', '0.00', '0.00', '0.00', '0.00', '0.00', '0.00', '0.00', '0.00', '0.00', '0.00', '0.00', '0.00', '0.00', '0.00', '0.00', '0.00', '0.00', '0.00', '0.00', '0.00', '0.00', '0.00', '0.00', '0.00', '0.00', '0.00', '0.00', '0.00', '0.00', '0.00', NULL, NULL, '2021-12-29 00:17:46', '2021-12-29 00:17:46'),
(123, 2, 123, 4, '2021-11-23', 'ordinary day', '8.48', '0.00', '0.00', '0.00', '0.00', '0.00', '0.00', '0.00', '0.00', '0.00', '0.00', '0.00', '0.00', '0.00', '0.00', '0.00', '0.00', '0.00', '0.00', '0.00', '0.00', '0.00', '0.00', '0.00', '0.00', '0.00', '0.00', '0.00', '0.00', '0.00', '0.00', '0.00', NULL, NULL, '2021-12-29 00:17:46', '2021-12-29 00:17:46'),
(124, 2, 124, 4, '2021-11-24', 'ordinary day', '0.00', '0.00', '0.00', '0.00', '0.00', '0.00', '0.00', '0.00', '0.00', '0.00', '0.00', '0.00', '0.00', '0.00', '0.00', '0.00', '0.00', '0.00', '0.00', '0.00', '0.00', '0.00', '0.00', '0.00', '0.00', '0.00', '0.00', '0.00', '0.00', '0.00', '0.00', '0.00', NULL, NULL, '2021-12-29 00:17:46', '2021-12-29 00:17:46'),
(125, 2, 125, 4, '2021-11-25', 'ordinary day', '0.00', '0.00', '0.00', '0.00', '0.00', '0.00', '0.00', '0.00', '0.00', '0.00', '0.00', '0.00', '0.00', '0.00', '0.00', '0.00', '0.00', '0.00', '0.00', '0.00', '0.00', '0.00', '0.00', '0.00', '0.00', '0.00', '0.00', '0.00', '0.00', '0.00', '0.00', '0.00', NULL, NULL, '2021-12-29 00:17:46', '2021-12-29 00:17:46'),
(126, 2, 126, 4, '2021-11-26', 'ordinary day', '8.90', '0.00', '0.00', '0.00', '0.00', '0.00', '0.00', '0.00', '0.00', '0.00', '0.00', '0.00', '0.00', '0.00', '0.00', '0.00', '0.00', '0.00', '0.00', '0.00', '0.00', '0.00', '0.00', '0.00', '0.00', '0.00', '0.00', '0.00', '0.00', '0.00', '0.00', '0.00', NULL, NULL, '2021-12-29 00:17:46', '2021-12-29 00:17:46'),
(127, 2, 127, 4, '2021-11-27', 'ordinary day', '0.00', '0.00', '0.00', '0.00', '0.00', '0.00', '0.00', '0.00', '0.00', '0.00', '0.00', '0.00', '0.00', '0.00', '0.00', '0.00', '0.00', '0.00', '0.00', '0.00', '0.00', '0.00', '0.00', '0.00', '0.00', '0.00', '0.00', '0.00', '0.00', '0.00', '0.00', '0.00', NULL, NULL, '2021-12-29 00:17:46', '2021-12-29 00:17:46'),
(128, 2, 128, 4, '2021-11-28', 'ordinary day', '0.00', '0.00', '0.00', '0.00', '0.00', '0.00', '0.00', '0.00', '0.00', '0.00', '0.00', '0.00', '0.00', '0.00', '0.00', '0.00', '0.00', '0.00', '0.00', '0.00', '0.00', '0.00', '0.00', '0.00', '0.00', '0.00', '0.00', '0.00', '0.00', '0.00', '0.00', '0.00', NULL, NULL, '2021-12-29 00:17:46', '2021-12-29 00:17:46'),
(129, 2, 129, 4, '2021-11-29', 'ordinary day', '8.28', '0.00', '0.00', '0.00', '0.00', '0.00', '0.00', '0.00', '0.00', '0.00', '0.00', '0.00', '0.00', '0.00', '0.00', '0.00', '0.00', '0.00', '0.00', '0.00', '0.00', '0.00', '0.00', '0.00', '0.00', '0.00', '0.00', '0.00', '0.00', '0.00', '0.00', '0.00', NULL, NULL, '2021-12-29 00:17:46', '2021-12-29 00:17:46'),
(130, 2, 130, 4, '2021-11-30', 'regular holiday', '0.00', '0.00', '0.00', '0.00', '0.00', '0.00', '0.00', '0.00', '0.00', '0.00', '0.00', '0.00', '0.00', '0.00', '0.00', '0.00', '0.00', '0.00', '0.00', '0.00', '0.00', '0.00', '0.00', '0.00', '0.00', '0.00', '0.00', '0.00', '0.00', '0.00', '0.00', '0.00', NULL, NULL, '2021-12-29 00:17:46', '2021-12-29 00:17:46'),
(131, 2, 131, 4, '2021-12-01', 'ordinary day', '0.00', '0.00', '0.00', '0.00', '0.00', '0.00', '0.00', '0.00', '0.00', '0.00', '0.00', '0.00', '0.00', '0.00', '0.00', '0.00', '0.00', '0.00', '0.00', '0.00', '0.00', '0.00', '0.00', '0.00', '0.00', '0.00', '0.00', '0.00', '0.00', '0.00', '0.00', '0.00', NULL, NULL, '2021-12-29 00:17:46', '2021-12-29 00:17:46'),
(132, 2, 132, 4, '2021-12-02', 'ordinary day', '2.50', '0.00', '0.00', '0.00', '0.00', '0.00', '0.00', '0.00', '0.00', '0.00', '0.00', '0.00', '0.00', '0.00', '0.00', '0.00', '0.00', '0.00', '0.00', '0.00', '0.00', '0.00', '0.00', '0.00', '0.00', '0.00', '0.00', '0.00', '0.00', '0.00', '0.00', '0.00', NULL, NULL, '2021-12-29 00:17:46', '2021-12-29 00:17:46'),
(133, 2, 133, 4, '2021-12-03', 'ordinary day', '8.48', '0.00', '0.00', '0.00', '0.00', '0.00', '0.00', '0.00', '0.00', '0.00', '0.00', '0.00', '0.00', '0.00', '0.00', '0.00', '0.00', '0.00', '0.00', '0.00', '0.00', '0.00', '0.00', '0.00', '0.00', '0.00', '0.00', '0.00', '0.00', '0.00', '0.00', '0.00', NULL, NULL, '2021-12-29 00:17:46', '2021-12-29 00:17:46'),
(134, 2, 134, 4, '2021-12-04', 'ordinary day', '0.00', '0.00', '0.00', '0.00', '0.00', '0.00', '0.00', '0.00', '0.00', '0.00', '0.00', '0.00', '0.00', '0.00', '0.00', '0.00', '0.00', '0.00', '0.00', '0.00', '0.00', '0.00', '0.00', '0.00', '0.00', '0.00', '0.00', '0.00', '0.00', '0.00', '0.00', '0.00', NULL, NULL, '2021-12-29 00:17:46', '2021-12-29 00:17:46'),
(135, 2, 135, 4, '2021-12-05', 'ordinary day', '0.00', '0.00', '0.00', '0.00', '0.00', '0.00', '0.00', '0.00', '0.00', '0.00', '0.00', '0.00', '0.00', '0.00', '0.00', '0.00', '0.00', '0.00', '0.00', '0.00', '0.00', '0.00', '0.00', '0.00', '0.00', '0.00', '0.00', '0.00', '0.00', '0.00', '0.00', '0.00', NULL, NULL, '2021-12-29 00:17:46', '2021-12-29 00:17:46'),
(136, 2, 136, 5, '2021-11-21', 'ordinary day', '0.00', '0.00', '0.00', '0.00', '0.00', '0.00', '0.00', '0.00', '0.00', '0.00', '0.00', '0.00', '0.00', '0.00', '0.00', '0.00', '0.00', '0.00', '0.00', '0.00', '0.00', '0.00', '0.00', '0.00', '0.00', '0.00', '0.00', '0.00', '0.00', '0.00', '0.00', '0.00', NULL, NULL, '2021-12-29 00:17:46', '2021-12-29 00:17:46'),
(137, 2, 137, 5, '2021-11-22', 'ordinary day', '0.00', '0.00', '0.00', '0.00', '0.00', '0.00', '0.00', '0.00', '0.00', '0.00', '0.00', '0.00', '0.00', '0.00', '0.00', '0.00', '0.00', '0.00', '0.00', '0.00', '0.00', '0.00', '0.00', '0.00', '0.00', '0.00', '0.00', '0.00', '0.00', '0.00', '0.00', '0.00', NULL, NULL, '2021-12-29 00:17:46', '2021-12-29 00:17:46');
INSERT INTO `hris_timekeeping_production_tbl` (`timekeepingProductionID`, `timekeepingID`, `timekeepingItemID`, `employeeID`, `scheduleDate`, `dayType`, `odBrHours`, `odOrHours`, `odNrHours`, `odBrrHours`, `odOrrHours`, `odNrrHours`, `odOrNrHours`, `odOrNrrHours`, `sdBrHours`, `sdOrHours`, `sdNrHours`, `sdBrrHours`, `sdOrrHours`, `sdNrrHours`, `sdOrNrHours`, `sdOrNrrHours`, `rhBrHours`, `rhOrHours`, `rhNrHours`, `rhBrrHours`, `rhOrrHours`, `rhNrrHours`, `rhOrNrHours`, `rhOrNrrHours`, `dhBrHours`, `dhOrHours`, `dhNrHours`, `dhBrrHours`, `dhOrrHours`, `dhNrrHours`, `dhOrNrHours`, `dhOrNrrHours`, `createdBy`, `updatedBy`, `createdAt`, `updatedAt`) VALUES
(138, 2, 138, 5, '2021-11-23', 'ordinary day', '7.89', '0.00', '0.00', '0.00', '0.00', '0.00', '0.00', '0.00', '0.00', '0.00', '0.00', '0.00', '0.00', '0.00', '0.00', '0.00', '0.00', '0.00', '0.00', '0.00', '0.00', '0.00', '0.00', '0.00', '0.00', '0.00', '0.00', '0.00', '0.00', '0.00', '0.00', '0.00', NULL, NULL, '2021-12-29 00:17:46', '2021-12-29 00:17:46'),
(139, 2, 139, 5, '2021-11-24', 'ordinary day', '7.00', '0.00', '0.00', '0.00', '0.00', '0.00', '0.00', '0.00', '0.00', '0.00', '0.00', '0.00', '0.00', '0.00', '0.00', '0.00', '0.00', '0.00', '0.00', '0.00', '0.00', '0.00', '0.00', '0.00', '0.00', '0.00', '0.00', '0.00', '0.00', '0.00', '0.00', '0.00', NULL, NULL, '2021-12-29 00:17:46', '2021-12-29 00:17:46'),
(140, 2, 140, 5, '2021-11-25', 'ordinary day', '7.95', '0.00', '0.00', '0.00', '0.00', '0.00', '0.00', '0.00', '0.00', '0.00', '0.00', '0.00', '0.00', '0.00', '0.00', '0.00', '0.00', '0.00', '0.00', '0.00', '0.00', '0.00', '0.00', '0.00', '0.00', '0.00', '0.00', '0.00', '0.00', '0.00', '0.00', '0.00', NULL, NULL, '2021-12-29 00:17:46', '2021-12-29 00:17:46'),
(141, 2, 141, 5, '2021-11-26', 'ordinary day', '7.90', '0.00', '0.00', '0.00', '0.00', '0.00', '0.00', '0.00', '0.00', '0.00', '0.00', '0.00', '0.00', '0.00', '0.00', '0.00', '0.00', '0.00', '0.00', '0.00', '0.00', '0.00', '0.00', '0.00', '0.00', '0.00', '0.00', '0.00', '0.00', '0.00', '0.00', '0.00', NULL, NULL, '2021-12-29 00:17:46', '2021-12-29 00:17:46'),
(142, 2, 142, 5, '2021-11-27', 'ordinary day', '0.00', '0.00', '0.00', '0.00', '0.00', '0.00', '0.00', '0.00', '0.00', '0.00', '0.00', '0.00', '0.00', '0.00', '0.00', '0.00', '0.00', '0.00', '0.00', '0.00', '0.00', '0.00', '0.00', '0.00', '0.00', '0.00', '0.00', '0.00', '0.00', '0.00', '0.00', '0.00', NULL, NULL, '2021-12-29 00:17:46', '2021-12-29 00:17:46'),
(143, 2, 143, 5, '2021-11-28', 'ordinary day', '0.00', '0.00', '0.00', '0.00', '0.00', '0.00', '0.00', '0.00', '0.00', '0.00', '0.00', '0.00', '0.00', '0.00', '0.00', '0.00', '0.00', '0.00', '0.00', '0.00', '0.00', '0.00', '0.00', '0.00', '0.00', '0.00', '0.00', '0.00', '0.00', '0.00', '0.00', '0.00', NULL, NULL, '2021-12-29 00:17:46', '2021-12-29 00:17:46'),
(144, 2, 144, 5, '2021-11-29', 'ordinary day', '8.00', '0.00', '0.00', '0.00', '0.00', '0.00', '0.00', '0.00', '0.00', '0.00', '0.00', '0.00', '0.00', '0.00', '0.00', '0.00', '0.00', '0.00', '0.00', '0.00', '0.00', '0.00', '0.00', '0.00', '0.00', '0.00', '0.00', '0.00', '0.00', '0.00', '0.00', '0.00', NULL, NULL, '2021-12-29 00:17:46', '2021-12-29 00:17:46'),
(145, 2, 145, 5, '2021-11-30', 'regular holiday', '0.00', '0.00', '0.00', '0.00', '0.00', '0.00', '0.00', '0.00', '0.00', '0.00', '0.00', '0.00', '0.00', '0.00', '0.00', '0.00', '0.00', '0.00', '0.00', '0.00', '0.00', '0.00', '0.00', '0.00', '0.00', '0.00', '0.00', '0.00', '0.00', '0.00', '0.00', '0.00', NULL, NULL, '2021-12-29 00:17:46', '2021-12-29 00:17:46'),
(146, 2, 146, 5, '2021-12-01', 'ordinary day', '7.00', '0.00', '0.00', '0.00', '0.00', '0.00', '0.00', '0.00', '0.00', '0.00', '0.00', '0.00', '0.00', '0.00', '0.00', '0.00', '0.00', '0.00', '0.00', '0.00', '0.00', '0.00', '0.00', '0.00', '0.00', '0.00', '0.00', '0.00', '0.00', '0.00', '0.00', '0.00', NULL, NULL, '2021-12-29 00:17:46', '2021-12-29 00:17:46'),
(147, 2, 147, 5, '2021-12-02', 'ordinary day', '8.00', '0.00', '0.00', '0.00', '0.00', '0.00', '0.00', '0.00', '0.00', '0.00', '0.00', '0.00', '0.00', '0.00', '0.00', '0.00', '0.00', '0.00', '0.00', '0.00', '0.00', '0.00', '0.00', '0.00', '0.00', '0.00', '0.00', '0.00', '0.00', '0.00', '0.00', '0.00', NULL, NULL, '2021-12-29 00:17:46', '2021-12-29 00:17:46'),
(148, 2, 148, 5, '2021-12-03', 'ordinary day', '8.00', '0.00', '0.00', '0.00', '0.00', '0.00', '0.00', '0.00', '0.00', '0.00', '0.00', '0.00', '0.00', '0.00', '0.00', '0.00', '0.00', '0.00', '0.00', '0.00', '0.00', '0.00', '0.00', '0.00', '0.00', '0.00', '0.00', '0.00', '0.00', '0.00', '0.00', '0.00', NULL, NULL, '2021-12-29 00:17:46', '2021-12-29 00:17:46'),
(149, 2, 149, 5, '2021-12-04', 'ordinary day', '0.00', '0.00', '0.00', '0.00', '0.00', '0.00', '0.00', '0.00', '0.00', '0.00', '0.00', '0.00', '0.00', '0.00', '0.00', '0.00', '0.00', '0.00', '0.00', '0.00', '0.00', '0.00', '0.00', '0.00', '0.00', '0.00', '0.00', '0.00', '0.00', '0.00', '0.00', '0.00', NULL, NULL, '2021-12-29 00:17:46', '2021-12-29 00:17:46'),
(150, 2, 150, 5, '2021-12-05', 'ordinary day', '0.00', '0.00', '0.00', '0.00', '0.00', '0.00', '0.00', '0.00', '0.00', '0.00', '0.00', '0.00', '0.00', '0.00', '0.00', '0.00', '0.00', '0.00', '0.00', '0.00', '0.00', '0.00', '0.00', '0.00', '0.00', '0.00', '0.00', '0.00', '0.00', '0.00', '0.00', '0.00', NULL, NULL, '2021-12-29 00:17:46', '2021-12-29 00:17:46'),
(151, 2, 151, 7, '2021-11-21', 'ordinary day', '0.00', '0.00', '0.00', '0.00', '0.00', '0.00', '0.00', '0.00', '0.00', '0.00', '0.00', '0.00', '0.00', '0.00', '0.00', '0.00', '0.00', '0.00', '0.00', '0.00', '0.00', '0.00', '0.00', '0.00', '0.00', '0.00', '0.00', '0.00', '0.00', '0.00', '0.00', '0.00', NULL, NULL, '2021-12-29 00:17:46', '2021-12-29 00:17:46'),
(152, 2, 152, 7, '2021-11-22', 'ordinary day', '0.00', '0.00', '0.00', '0.00', '0.00', '0.00', '0.00', '0.00', '0.00', '0.00', '0.00', '0.00', '0.00', '0.00', '0.00', '0.00', '0.00', '0.00', '0.00', '0.00', '0.00', '0.00', '0.00', '0.00', '0.00', '0.00', '0.00', '0.00', '0.00', '0.00', '0.00', '0.00', NULL, NULL, '2021-12-29 00:17:46', '2021-12-29 00:17:46'),
(153, 2, 153, 7, '2021-11-23', 'ordinary day', '7.89', '0.00', '0.00', '0.00', '0.00', '0.00', '0.00', '0.00', '0.00', '0.00', '0.00', '0.00', '0.00', '0.00', '0.00', '0.00', '0.00', '0.00', '0.00', '0.00', '0.00', '0.00', '0.00', '0.00', '0.00', '0.00', '0.00', '0.00', '0.00', '0.00', '0.00', '0.00', NULL, NULL, '2021-12-29 00:17:46', '2021-12-29 00:17:46'),
(154, 2, 154, 7, '2021-11-24', 'ordinary day', '7.00', '0.00', '0.00', '0.00', '0.00', '0.00', '0.00', '0.00', '0.00', '0.00', '0.00', '0.00', '0.00', '0.00', '0.00', '0.00', '0.00', '0.00', '0.00', '0.00', '0.00', '0.00', '0.00', '0.00', '0.00', '0.00', '0.00', '0.00', '0.00', '0.00', '0.00', '0.00', NULL, NULL, '2021-12-29 00:17:46', '2021-12-29 00:17:46'),
(155, 2, 155, 7, '2021-11-25', 'ordinary day', '7.95', '0.00', '0.00', '0.00', '0.00', '0.00', '0.00', '0.00', '0.00', '0.00', '0.00', '0.00', '0.00', '0.00', '0.00', '0.00', '0.00', '0.00', '0.00', '0.00', '0.00', '0.00', '0.00', '0.00', '0.00', '0.00', '0.00', '0.00', '0.00', '0.00', '0.00', '0.00', NULL, NULL, '2021-12-29 00:17:46', '2021-12-29 00:17:46'),
(156, 2, 156, 7, '2021-11-26', 'ordinary day', '7.90', '0.00', '0.00', '0.00', '0.00', '0.00', '0.00', '0.00', '0.00', '0.00', '0.00', '0.00', '0.00', '0.00', '0.00', '0.00', '0.00', '0.00', '0.00', '0.00', '0.00', '0.00', '0.00', '0.00', '0.00', '0.00', '0.00', '0.00', '0.00', '0.00', '0.00', '0.00', NULL, NULL, '2021-12-29 00:17:46', '2021-12-29 00:17:46'),
(157, 2, 157, 7, '2021-11-27', 'ordinary day', '0.00', '0.00', '0.00', '0.00', '0.00', '0.00', '0.00', '0.00', '0.00', '0.00', '0.00', '0.00', '0.00', '0.00', '0.00', '0.00', '0.00', '0.00', '0.00', '0.00', '0.00', '0.00', '0.00', '0.00', '0.00', '0.00', '0.00', '0.00', '0.00', '0.00', '0.00', '0.00', NULL, NULL, '2021-12-29 00:17:46', '2021-12-29 00:17:46'),
(158, 2, 158, 7, '2021-11-28', 'ordinary day', '0.00', '0.00', '0.00', '0.00', '0.00', '0.00', '0.00', '0.00', '0.00', '0.00', '0.00', '0.00', '0.00', '0.00', '0.00', '0.00', '0.00', '0.00', '0.00', '0.00', '0.00', '0.00', '0.00', '0.00', '0.00', '0.00', '0.00', '0.00', '0.00', '0.00', '0.00', '0.00', NULL, NULL, '2021-12-29 00:17:46', '2021-12-29 00:17:46'),
(159, 2, 159, 7, '2021-11-29', 'ordinary day', '8.00', '0.00', '0.00', '0.00', '0.00', '0.00', '0.00', '0.00', '0.00', '0.00', '0.00', '0.00', '0.00', '0.00', '0.00', '0.00', '0.00', '0.00', '0.00', '0.00', '0.00', '0.00', '0.00', '0.00', '0.00', '0.00', '0.00', '0.00', '0.00', '0.00', '0.00', '0.00', NULL, NULL, '2021-12-29 00:17:46', '2021-12-29 00:17:46'),
(160, 2, 160, 7, '2021-11-30', 'regular holiday', '0.00', '0.00', '0.00', '0.00', '0.00', '0.00', '0.00', '0.00', '0.00', '0.00', '0.00', '0.00', '0.00', '0.00', '0.00', '0.00', '0.00', '0.00', '0.00', '0.00', '0.00', '0.00', '0.00', '0.00', '0.00', '0.00', '0.00', '0.00', '0.00', '0.00', '0.00', '0.00', NULL, NULL, '2021-12-29 00:17:46', '2021-12-29 00:17:46'),
(161, 2, 161, 7, '2021-12-01', 'ordinary day', '7.00', '0.00', '0.00', '0.00', '0.00', '0.00', '0.00', '0.00', '0.00', '0.00', '0.00', '0.00', '0.00', '0.00', '0.00', '0.00', '0.00', '0.00', '0.00', '0.00', '0.00', '0.00', '0.00', '0.00', '0.00', '0.00', '0.00', '0.00', '0.00', '0.00', '0.00', '0.00', NULL, NULL, '2021-12-29 00:17:46', '2021-12-29 00:17:46'),
(162, 2, 162, 7, '2021-12-02', 'ordinary day', '8.00', '0.00', '0.00', '0.00', '0.00', '0.00', '0.00', '0.00', '0.00', '0.00', '0.00', '0.00', '0.00', '0.00', '0.00', '0.00', '0.00', '0.00', '0.00', '0.00', '0.00', '0.00', '0.00', '0.00', '0.00', '0.00', '0.00', '0.00', '0.00', '0.00', '0.00', '0.00', NULL, NULL, '2021-12-29 00:17:46', '2021-12-29 00:17:46'),
(163, 2, 163, 7, '2021-12-03', 'ordinary day', '8.00', '0.00', '0.00', '0.00', '0.00', '0.00', '0.00', '0.00', '0.00', '0.00', '0.00', '0.00', '0.00', '0.00', '0.00', '0.00', '0.00', '0.00', '0.00', '0.00', '0.00', '0.00', '0.00', '0.00', '0.00', '0.00', '0.00', '0.00', '0.00', '0.00', '0.00', '0.00', NULL, NULL, '2021-12-29 00:17:46', '2021-12-29 00:17:46'),
(164, 2, 164, 7, '2021-12-04', 'ordinary day', '0.00', '0.00', '0.00', '0.00', '0.00', '0.00', '0.00', '0.00', '0.00', '0.00', '0.00', '0.00', '0.00', '0.00', '0.00', '0.00', '0.00', '0.00', '0.00', '0.00', '0.00', '0.00', '0.00', '0.00', '0.00', '0.00', '0.00', '0.00', '0.00', '0.00', '0.00', '0.00', NULL, NULL, '2021-12-29 00:17:46', '2021-12-29 00:17:46'),
(165, 2, 165, 7, '2021-12-05', 'ordinary day', '0.00', '0.00', '0.00', '0.00', '0.00', '0.00', '0.00', '0.00', '0.00', '0.00', '0.00', '0.00', '0.00', '0.00', '0.00', '0.00', '0.00', '0.00', '0.00', '0.00', '0.00', '0.00', '0.00', '0.00', '0.00', '0.00', '0.00', '0.00', '0.00', '0.00', '0.00', '0.00', NULL, NULL, '2021-12-29 00:17:46', '2021-12-29 00:17:46'),
(166, 2, 166, 20, '2021-11-21', 'ordinary day', '0.00', '0.00', '0.00', '0.00', '0.00', '0.00', '0.00', '0.00', '0.00', '0.00', '0.00', '0.00', '0.00', '0.00', '0.00', '0.00', '0.00', '0.00', '0.00', '0.00', '0.00', '0.00', '0.00', '0.00', '0.00', '0.00', '0.00', '0.00', '0.00', '0.00', '0.00', '0.00', NULL, NULL, '2021-12-29 00:17:46', '2021-12-29 00:17:46'),
(167, 2, 167, 20, '2021-11-22', 'ordinary day', '0.00', '0.00', '0.00', '0.00', '0.00', '0.00', '0.00', '0.00', '0.00', '0.00', '0.00', '0.00', '0.00', '0.00', '0.00', '0.00', '0.00', '0.00', '0.00', '0.00', '0.00', '0.00', '0.00', '0.00', '0.00', '0.00', '0.00', '0.00', '0.00', '0.00', '0.00', '0.00', NULL, NULL, '2021-12-29 00:17:46', '2021-12-29 00:17:46'),
(168, 2, 168, 20, '2021-11-23', 'ordinary day', '8.48', '0.00', '0.00', '0.00', '0.00', '0.00', '0.00', '0.00', '0.00', '0.00', '0.00', '0.00', '0.00', '0.00', '0.00', '0.00', '0.00', '0.00', '0.00', '0.00', '0.00', '0.00', '0.00', '0.00', '0.00', '0.00', '0.00', '0.00', '0.00', '0.00', '0.00', '0.00', NULL, NULL, '2021-12-29 00:17:46', '2021-12-29 00:17:46'),
(169, 2, 169, 20, '2021-11-24', 'ordinary day', '0.00', '0.00', '0.00', '0.00', '0.00', '0.00', '0.00', '0.00', '0.00', '0.00', '0.00', '0.00', '0.00', '0.00', '0.00', '0.00', '0.00', '0.00', '0.00', '0.00', '0.00', '0.00', '0.00', '0.00', '0.00', '0.00', '0.00', '0.00', '0.00', '0.00', '0.00', '0.00', NULL, NULL, '2021-12-29 00:17:46', '2021-12-29 00:17:46'),
(170, 2, 170, 20, '2021-11-25', 'ordinary day', '0.00', '0.00', '0.00', '0.00', '0.00', '0.00', '0.00', '0.00', '0.00', '0.00', '0.00', '0.00', '0.00', '0.00', '0.00', '0.00', '0.00', '0.00', '0.00', '0.00', '0.00', '0.00', '0.00', '0.00', '0.00', '0.00', '0.00', '0.00', '0.00', '0.00', '0.00', '0.00', NULL, NULL, '2021-12-29 00:17:46', '2021-12-29 00:17:46'),
(171, 2, 171, 20, '2021-11-26', 'ordinary day', '8.90', '0.00', '0.00', '0.00', '0.00', '0.00', '0.00', '0.00', '0.00', '0.00', '0.00', '0.00', '0.00', '0.00', '0.00', '0.00', '0.00', '0.00', '0.00', '0.00', '0.00', '0.00', '0.00', '0.00', '0.00', '0.00', '0.00', '0.00', '0.00', '0.00', '0.00', '0.00', NULL, NULL, '2021-12-29 00:17:46', '2021-12-29 00:17:46'),
(172, 2, 172, 20, '2021-11-27', 'ordinary day', '0.00', '0.00', '0.00', '0.00', '0.00', '0.00', '0.00', '0.00', '0.00', '0.00', '0.00', '0.00', '0.00', '0.00', '0.00', '0.00', '0.00', '0.00', '0.00', '0.00', '0.00', '0.00', '0.00', '0.00', '0.00', '0.00', '0.00', '0.00', '0.00', '0.00', '0.00', '0.00', NULL, NULL, '2021-12-29 00:17:46', '2021-12-29 00:17:46'),
(173, 2, 173, 20, '2021-11-28', 'ordinary day', '0.00', '0.00', '0.00', '0.00', '0.00', '0.00', '0.00', '0.00', '0.00', '0.00', '0.00', '0.00', '0.00', '0.00', '0.00', '0.00', '0.00', '0.00', '0.00', '0.00', '0.00', '0.00', '0.00', '0.00', '0.00', '0.00', '0.00', '0.00', '0.00', '0.00', '0.00', '0.00', NULL, NULL, '2021-12-29 00:17:46', '2021-12-29 00:17:46'),
(174, 2, 174, 20, '2021-11-29', 'ordinary day', '8.28', '0.00', '0.00', '0.00', '0.00', '0.00', '0.00', '0.00', '0.00', '0.00', '0.00', '0.00', '0.00', '0.00', '0.00', '0.00', '0.00', '0.00', '0.00', '0.00', '0.00', '0.00', '0.00', '0.00', '0.00', '0.00', '0.00', '0.00', '0.00', '0.00', '0.00', '0.00', NULL, NULL, '2021-12-29 00:17:46', '2021-12-29 00:17:46'),
(175, 2, 175, 20, '2021-11-30', 'regular holiday', '0.00', '0.00', '0.00', '0.00', '0.00', '0.00', '0.00', '0.00', '0.00', '0.00', '0.00', '0.00', '0.00', '0.00', '0.00', '0.00', '0.00', '0.00', '0.00', '0.00', '0.00', '0.00', '0.00', '0.00', '0.00', '0.00', '0.00', '0.00', '0.00', '0.00', '0.00', '0.00', NULL, NULL, '2021-12-29 00:17:46', '2021-12-29 00:17:46'),
(176, 2, 176, 20, '2021-12-01', 'ordinary day', '0.00', '0.00', '0.00', '0.00', '0.00', '0.00', '0.00', '0.00', '0.00', '0.00', '0.00', '0.00', '0.00', '0.00', '0.00', '0.00', '0.00', '0.00', '0.00', '0.00', '0.00', '0.00', '0.00', '0.00', '0.00', '0.00', '0.00', '0.00', '0.00', '0.00', '0.00', '0.00', NULL, NULL, '2021-12-29 00:17:46', '2021-12-29 00:17:46'),
(177, 2, 177, 20, '2021-12-02', 'ordinary day', '2.50', '0.00', '0.00', '0.00', '0.00', '0.00', '0.00', '0.00', '0.00', '0.00', '0.00', '0.00', '0.00', '0.00', '0.00', '0.00', '0.00', '0.00', '0.00', '0.00', '0.00', '0.00', '0.00', '0.00', '0.00', '0.00', '0.00', '0.00', '0.00', '0.00', '0.00', '0.00', NULL, NULL, '2021-12-29 00:17:46', '2021-12-29 00:17:46'),
(178, 2, 178, 20, '2021-12-03', 'ordinary day', '8.47', '0.00', '0.00', '0.00', '0.00', '0.00', '0.00', '0.00', '0.00', '0.00', '0.00', '0.00', '0.00', '0.00', '0.00', '0.00', '0.00', '0.00', '0.00', '0.00', '0.00', '0.00', '0.00', '0.00', '0.00', '0.00', '0.00', '0.00', '0.00', '0.00', '0.00', '0.00', NULL, NULL, '2021-12-29 00:17:46', '2021-12-29 00:17:46'),
(179, 2, 179, 20, '2021-12-04', 'ordinary day', '0.00', '0.00', '0.00', '0.00', '0.00', '0.00', '0.00', '0.00', '0.00', '0.00', '0.00', '0.00', '0.00', '0.00', '0.00', '0.00', '0.00', '0.00', '0.00', '0.00', '0.00', '0.00', '0.00', '0.00', '0.00', '0.00', '0.00', '0.00', '0.00', '0.00', '0.00', '0.00', NULL, NULL, '2021-12-29 00:17:46', '2021-12-29 00:17:46'),
(180, 2, 180, 20, '2021-12-05', 'ordinary day', '0.00', '0.00', '0.00', '0.00', '0.00', '0.00', '0.00', '0.00', '0.00', '0.00', '0.00', '0.00', '0.00', '0.00', '0.00', '0.00', '0.00', '0.00', '0.00', '0.00', '0.00', '0.00', '0.00', '0.00', '0.00', '0.00', '0.00', '0.00', '0.00', '0.00', '0.00', '0.00', NULL, NULL, '2021-12-29 00:17:46', '2021-12-29 00:17:46'),
(181, 2, 181, 22, '2021-11-21', 'ordinary day', '0.00', '0.00', '0.00', '0.00', '0.00', '0.00', '0.00', '0.00', '0.00', '0.00', '0.00', '0.00', '0.00', '0.00', '0.00', '0.00', '0.00', '0.00', '0.00', '0.00', '0.00', '0.00', '0.00', '0.00', '0.00', '0.00', '0.00', '0.00', '0.00', '0.00', '0.00', '0.00', NULL, NULL, '2021-12-29 00:17:46', '2021-12-29 00:17:46'),
(182, 2, 182, 22, '2021-11-22', 'ordinary day', '0.00', '0.00', '0.00', '0.00', '0.00', '0.00', '0.00', '0.00', '0.00', '0.00', '0.00', '0.00', '0.00', '0.00', '0.00', '0.00', '0.00', '0.00', '0.00', '0.00', '0.00', '0.00', '0.00', '0.00', '0.00', '0.00', '0.00', '0.00', '0.00', '0.00', '0.00', '0.00', NULL, NULL, '2021-12-29 00:17:46', '2021-12-29 00:17:46'),
(183, 2, 183, 22, '2021-11-23', 'ordinary day', '0.00', '0.00', '0.00', '0.00', '0.00', '0.00', '0.00', '0.00', '0.00', '0.00', '0.00', '0.00', '0.00', '0.00', '0.00', '0.00', '0.00', '0.00', '0.00', '0.00', '0.00', '0.00', '0.00', '0.00', '0.00', '0.00', '0.00', '0.00', '0.00', '0.00', '0.00', '0.00', NULL, NULL, '2021-12-29 00:17:46', '2021-12-29 00:17:46'),
(184, 2, 184, 22, '2021-11-24', 'ordinary day', '0.00', '0.00', '0.00', '0.00', '0.00', '0.00', '0.00', '0.00', '0.00', '0.00', '0.00', '0.00', '0.00', '0.00', '0.00', '0.00', '0.00', '0.00', '0.00', '0.00', '0.00', '0.00', '0.00', '0.00', '0.00', '0.00', '0.00', '0.00', '0.00', '0.00', '0.00', '0.00', NULL, NULL, '2021-12-29 00:17:46', '2021-12-29 00:17:46'),
(185, 2, 185, 22, '2021-11-25', 'ordinary day', '0.00', '0.00', '0.00', '0.00', '0.00', '0.00', '0.00', '0.00', '0.00', '0.00', '0.00', '0.00', '0.00', '0.00', '0.00', '0.00', '0.00', '0.00', '0.00', '0.00', '0.00', '0.00', '0.00', '0.00', '0.00', '0.00', '0.00', '0.00', '0.00', '0.00', '0.00', '0.00', NULL, NULL, '2021-12-29 00:17:46', '2021-12-29 00:17:46'),
(186, 2, 186, 22, '2021-11-26', 'ordinary day', '0.00', '0.00', '0.00', '0.00', '0.00', '0.00', '0.00', '0.00', '0.00', '0.00', '0.00', '0.00', '0.00', '0.00', '0.00', '0.00', '0.00', '0.00', '0.00', '0.00', '0.00', '0.00', '0.00', '0.00', '0.00', '0.00', '0.00', '0.00', '0.00', '0.00', '0.00', '0.00', NULL, NULL, '2021-12-29 00:17:46', '2021-12-29 00:17:46'),
(187, 2, 187, 22, '2021-11-27', 'ordinary day', '0.00', '0.00', '0.00', '0.00', '0.00', '0.00', '0.00', '0.00', '0.00', '0.00', '0.00', '0.00', '0.00', '0.00', '0.00', '0.00', '0.00', '0.00', '0.00', '0.00', '0.00', '0.00', '0.00', '0.00', '0.00', '0.00', '0.00', '0.00', '0.00', '0.00', '0.00', '0.00', NULL, NULL, '2021-12-29 00:17:46', '2021-12-29 00:17:46'),
(188, 2, 188, 22, '2021-11-28', 'ordinary day', '0.00', '0.00', '0.00', '0.00', '0.00', '0.00', '0.00', '0.00', '0.00', '0.00', '0.00', '0.00', '0.00', '0.00', '0.00', '0.00', '0.00', '0.00', '0.00', '0.00', '0.00', '0.00', '0.00', '0.00', '0.00', '0.00', '0.00', '0.00', '0.00', '0.00', '0.00', '0.00', NULL, NULL, '2021-12-29 00:17:46', '2021-12-29 00:17:46'),
(189, 2, 189, 22, '2021-11-29', 'ordinary day', '0.00', '0.00', '0.00', '0.00', '0.00', '0.00', '0.00', '0.00', '0.00', '0.00', '0.00', '0.00', '0.00', '0.00', '0.00', '0.00', '0.00', '0.00', '0.00', '0.00', '0.00', '0.00', '0.00', '0.00', '0.00', '0.00', '0.00', '0.00', '0.00', '0.00', '0.00', '0.00', NULL, NULL, '2021-12-29 00:17:46', '2021-12-29 00:17:46'),
(190, 2, 190, 22, '2021-11-30', 'regular holiday', '0.00', '0.00', '0.00', '0.00', '0.00', '0.00', '0.00', '0.00', '0.00', '0.00', '0.00', '0.00', '0.00', '0.00', '0.00', '0.00', '0.00', '0.00', '0.00', '0.00', '0.00', '0.00', '0.00', '0.00', '0.00', '0.00', '0.00', '0.00', '0.00', '0.00', '0.00', '0.00', NULL, NULL, '2021-12-29 00:17:46', '2021-12-29 00:17:46'),
(191, 2, 191, 22, '2021-12-01', 'ordinary day', '0.00', '0.00', '0.00', '0.00', '0.00', '0.00', '0.00', '0.00', '0.00', '0.00', '0.00', '0.00', '0.00', '0.00', '0.00', '0.00', '0.00', '0.00', '0.00', '0.00', '0.00', '0.00', '0.00', '0.00', '0.00', '0.00', '0.00', '0.00', '0.00', '0.00', '0.00', '0.00', NULL, NULL, '2021-12-29 00:17:46', '2021-12-29 00:17:46'),
(192, 2, 192, 22, '2021-12-02', 'ordinary day', '0.00', '0.00', '0.00', '0.00', '0.00', '0.00', '0.00', '0.00', '0.00', '0.00', '0.00', '0.00', '0.00', '0.00', '0.00', '0.00', '0.00', '0.00', '0.00', '0.00', '0.00', '0.00', '0.00', '0.00', '0.00', '0.00', '0.00', '0.00', '0.00', '0.00', '0.00', '0.00', NULL, NULL, '2021-12-29 00:17:46', '2021-12-29 00:17:46'),
(193, 2, 193, 22, '2021-12-03', 'ordinary day', '0.00', '0.00', '0.00', '0.00', '0.00', '0.00', '0.00', '0.00', '0.00', '0.00', '0.00', '0.00', '0.00', '0.00', '0.00', '0.00', '0.00', '0.00', '0.00', '0.00', '0.00', '0.00', '0.00', '0.00', '0.00', '0.00', '0.00', '0.00', '0.00', '0.00', '0.00', '0.00', NULL, NULL, '2021-12-29 00:17:46', '2021-12-29 00:17:46'),
(194, 2, 194, 22, '2021-12-04', 'ordinary day', '0.00', '0.00', '0.00', '0.00', '0.00', '0.00', '0.00', '0.00', '0.00', '0.00', '0.00', '0.00', '0.00', '0.00', '0.00', '0.00', '0.00', '0.00', '0.00', '0.00', '0.00', '0.00', '0.00', '0.00', '0.00', '0.00', '0.00', '0.00', '0.00', '0.00', '0.00', '0.00', NULL, NULL, '2021-12-29 00:17:46', '2021-12-29 00:17:46'),
(195, 2, 195, 22, '2021-12-05', 'ordinary day', '0.00', '0.00', '0.00', '0.00', '0.00', '0.00', '0.00', '0.00', '0.00', '0.00', '0.00', '0.00', '0.00', '0.00', '0.00', '0.00', '0.00', '0.00', '0.00', '0.00', '0.00', '0.00', '0.00', '0.00', '0.00', '0.00', '0.00', '0.00', '0.00', '0.00', '0.00', '0.00', NULL, NULL, '2021-12-29 00:17:46', '2021-12-29 00:17:46'),
(196, 2, 196, 23, '2021-11-21', 'ordinary day', '0.00', '0.00', '0.00', '0.00', '0.00', '0.00', '0.00', '0.00', '0.00', '0.00', '0.00', '0.00', '0.00', '0.00', '0.00', '0.00', '0.00', '0.00', '0.00', '0.00', '0.00', '0.00', '0.00', '0.00', '0.00', '0.00', '0.00', '0.00', '0.00', '0.00', '0.00', '0.00', NULL, NULL, '2021-12-29 00:17:46', '2021-12-29 00:17:46'),
(197, 2, 197, 23, '2021-11-22', 'ordinary day', '0.00', '0.00', '0.00', '0.00', '0.00', '0.00', '0.00', '0.00', '0.00', '0.00', '0.00', '0.00', '0.00', '0.00', '0.00', '0.00', '0.00', '0.00', '0.00', '0.00', '0.00', '0.00', '0.00', '0.00', '0.00', '0.00', '0.00', '0.00', '0.00', '0.00', '0.00', '0.00', NULL, NULL, '2021-12-29 00:17:46', '2021-12-29 00:17:46'),
(198, 2, 198, 23, '2021-11-23', 'ordinary day', '0.00', '0.00', '0.00', '0.00', '0.00', '0.00', '0.00', '0.00', '0.00', '0.00', '0.00', '0.00', '0.00', '0.00', '0.00', '0.00', '0.00', '0.00', '0.00', '0.00', '0.00', '0.00', '0.00', '0.00', '0.00', '0.00', '0.00', '0.00', '0.00', '0.00', '0.00', '0.00', NULL, NULL, '2021-12-29 00:17:46', '2021-12-29 00:17:46'),
(199, 2, 199, 23, '2021-11-24', 'ordinary day', '0.00', '0.00', '0.00', '0.00', '0.00', '0.00', '0.00', '0.00', '0.00', '0.00', '0.00', '0.00', '0.00', '0.00', '0.00', '0.00', '0.00', '0.00', '0.00', '0.00', '0.00', '0.00', '0.00', '0.00', '0.00', '0.00', '0.00', '0.00', '0.00', '0.00', '0.00', '0.00', NULL, NULL, '2021-12-29 00:17:46', '2021-12-29 00:17:46'),
(200, 2, 200, 23, '2021-11-25', 'ordinary day', '0.00', '0.00', '0.00', '0.00', '0.00', '0.00', '0.00', '0.00', '0.00', '0.00', '0.00', '0.00', '0.00', '0.00', '0.00', '0.00', '0.00', '0.00', '0.00', '0.00', '0.00', '0.00', '0.00', '0.00', '0.00', '0.00', '0.00', '0.00', '0.00', '0.00', '0.00', '0.00', NULL, NULL, '2021-12-29 00:17:46', '2021-12-29 00:17:46'),
(201, 2, 201, 23, '2021-11-26', 'ordinary day', '0.00', '0.00', '0.00', '0.00', '0.00', '0.00', '0.00', '0.00', '0.00', '0.00', '0.00', '0.00', '0.00', '0.00', '0.00', '0.00', '0.00', '0.00', '0.00', '0.00', '0.00', '0.00', '0.00', '0.00', '0.00', '0.00', '0.00', '0.00', '0.00', '0.00', '0.00', '0.00', NULL, NULL, '2021-12-29 00:17:46', '2021-12-29 00:17:46'),
(202, 2, 202, 23, '2021-11-27', 'ordinary day', '0.00', '0.00', '0.00', '0.00', '0.00', '0.00', '0.00', '0.00', '0.00', '0.00', '0.00', '0.00', '0.00', '0.00', '0.00', '0.00', '0.00', '0.00', '0.00', '0.00', '0.00', '0.00', '0.00', '0.00', '0.00', '0.00', '0.00', '0.00', '0.00', '0.00', '0.00', '0.00', NULL, NULL, '2021-12-29 00:17:46', '2021-12-29 00:17:46'),
(203, 2, 203, 23, '2021-11-28', 'ordinary day', '0.00', '0.00', '0.00', '0.00', '0.00', '0.00', '0.00', '0.00', '0.00', '0.00', '0.00', '0.00', '0.00', '0.00', '0.00', '0.00', '0.00', '0.00', '0.00', '0.00', '0.00', '0.00', '0.00', '0.00', '0.00', '0.00', '0.00', '0.00', '0.00', '0.00', '0.00', '0.00', NULL, NULL, '2021-12-29 00:17:46', '2021-12-29 00:17:46'),
(204, 2, 204, 23, '2021-11-29', 'ordinary day', '0.00', '0.00', '0.00', '0.00', '0.00', '0.00', '0.00', '0.00', '0.00', '0.00', '0.00', '0.00', '0.00', '0.00', '0.00', '0.00', '0.00', '0.00', '0.00', '0.00', '0.00', '0.00', '0.00', '0.00', '0.00', '0.00', '0.00', '0.00', '0.00', '0.00', '0.00', '0.00', NULL, NULL, '2021-12-29 00:17:46', '2021-12-29 00:17:46'),
(205, 2, 205, 23, '2021-11-30', 'regular holiday', '0.00', '0.00', '0.00', '0.00', '0.00', '0.00', '0.00', '0.00', '0.00', '0.00', '0.00', '0.00', '0.00', '0.00', '0.00', '0.00', '0.00', '0.00', '0.00', '0.00', '0.00', '0.00', '0.00', '0.00', '0.00', '0.00', '0.00', '0.00', '0.00', '0.00', '0.00', '0.00', NULL, NULL, '2021-12-29 00:17:46', '2021-12-29 00:17:46'),
(206, 2, 206, 23, '2021-12-01', 'ordinary day', '0.00', '0.00', '0.00', '0.00', '0.00', '0.00', '0.00', '0.00', '0.00', '0.00', '0.00', '0.00', '0.00', '0.00', '0.00', '0.00', '0.00', '0.00', '0.00', '0.00', '0.00', '0.00', '0.00', '0.00', '0.00', '0.00', '0.00', '0.00', '0.00', '0.00', '0.00', '0.00', NULL, NULL, '2021-12-29 00:17:46', '2021-12-29 00:17:46'),
(207, 2, 207, 23, '2021-12-02', 'ordinary day', '0.00', '0.00', '0.00', '0.00', '0.00', '0.00', '0.00', '0.00', '0.00', '0.00', '0.00', '0.00', '0.00', '0.00', '0.00', '0.00', '0.00', '0.00', '0.00', '0.00', '0.00', '0.00', '0.00', '0.00', '0.00', '0.00', '0.00', '0.00', '0.00', '0.00', '0.00', '0.00', NULL, NULL, '2021-12-29 00:17:46', '2021-12-29 00:17:46'),
(208, 2, 208, 23, '2021-12-03', 'ordinary day', '0.00', '0.00', '0.00', '0.00', '0.00', '0.00', '0.00', '0.00', '0.00', '0.00', '0.00', '0.00', '0.00', '0.00', '0.00', '0.00', '0.00', '0.00', '0.00', '0.00', '0.00', '0.00', '0.00', '0.00', '0.00', '0.00', '0.00', '0.00', '0.00', '0.00', '0.00', '0.00', NULL, NULL, '2021-12-29 00:17:46', '2021-12-29 00:17:46'),
(209, 2, 209, 23, '2021-12-04', 'ordinary day', '0.00', '0.00', '0.00', '0.00', '0.00', '0.00', '0.00', '0.00', '0.00', '0.00', '0.00', '0.00', '0.00', '0.00', '0.00', '0.00', '0.00', '0.00', '0.00', '0.00', '0.00', '0.00', '0.00', '0.00', '0.00', '0.00', '0.00', '0.00', '0.00', '0.00', '0.00', '0.00', NULL, NULL, '2021-12-29 00:17:46', '2021-12-29 00:17:46'),
(210, 2, 210, 23, '2021-12-05', 'ordinary day', '0.00', '0.00', '0.00', '0.00', '0.00', '0.00', '0.00', '0.00', '0.00', '0.00', '0.00', '0.00', '0.00', '0.00', '0.00', '0.00', '0.00', '0.00', '0.00', '0.00', '0.00', '0.00', '0.00', '0.00', '0.00', '0.00', '0.00', '0.00', '0.00', '0.00', '0.00', '0.00', NULL, NULL, '2021-12-29 00:17:46', '2021-12-29 00:17:46');

-- --------------------------------------------------------

--
-- Table structure for table `hris_timekeeping_tbl`
--

CREATE TABLE `hris_timekeeping_tbl` (
  `timekeepingID` bigint(21) NOT NULL,
  `timekeepingCode` varchar(45) DEFAULT NULL,
  `reviseTimekeepingID` bigint(21) DEFAULT NULL,
  `reviseTimekeepingCode` varchar(45) DEFAULT NULL,
  `employeeID` bigint(21) DEFAULT NULL,
  `timekeepingStartDate` date DEFAULT NULL,
  `timekeepingEndDate` date DEFAULT NULL,
  `cutOff` int(11) DEFAULT NULL,
  `payOut` date DEFAULT NULL,
  `deduction` int(11) DEFAULT NULL,
  `timekeepingReason` text DEFAULT NULL,
  `approversID` text DEFAULT NULL,
  `approversStatus` text DEFAULT NULL,
  `approversDate` text DEFAULT NULL,
  `timekeepingStatus` int(10) DEFAULT NULL,
  `timekeepingRemarks` text DEFAULT NULL,
  `submittedAt` timestamp NULL DEFAULT NULL,
  `createdBy` bigint(21) DEFAULT NULL,
  `updatedBy` bigint(21) DEFAULT NULL,
  `createdAt` timestamp NULL DEFAULT current_timestamp(),
  `updatedAt` timestamp NULL DEFAULT current_timestamp() ON UPDATE current_timestamp()
) ENGINE=InnoDB DEFAULT CHARSET=utf8mb4;

--
-- Dumping data for table `hris_timekeeping_tbl`
--

INSERT INTO `hris_timekeeping_tbl` (`timekeepingID`, `timekeepingCode`, `reviseTimekeepingID`, `reviseTimekeepingCode`, `employeeID`, `timekeepingStartDate`, `timekeepingEndDate`, `cutOff`, `payOut`, `deduction`, `timekeepingReason`, `approversID`, `approversStatus`, `approversDate`, `timekeepingStatus`, `timekeepingRemarks`, `submittedAt`, `createdBy`, `updatedBy`, `createdAt`, `updatedAt`) VALUES
(1, 'TMK-21-00001', NULL, NULL, 20, '2021-12-06', '2021-12-20', 2, NULL, NULL, 'test', '2', '2', '2021-12-27 16:03:22', 2, NULL, '2021-12-27 16:02:57', 20, 2, '2021-12-27 16:02:57', '2021-12-27 08:03:23'),
(2, 'TMK-21-00002', NULL, NULL, 20, '2021-11-21', '2021-12-05', 1, NULL, NULL, 'tstng', '2', '2', '2021-12-29 08:18:05', 2, NULL, '2021-12-29 08:17:41', 20, 2, '2021-12-29 08:17:41', '2021-12-29 00:18:06');

-- --------------------------------------------------------

--
-- Table structure for table `hris_training_development_module`
--

CREATE TABLE `hris_training_development_module` (
  `trainingDevelopmentModuleID` bigint(20) NOT NULL,
  `trainingDevelopmentSetupID` bigint(20) NOT NULL,
  `reviseTrainingDevelopmentModuleID` bigint(20) DEFAULT NULL,
  `trainingDevelopmentModuleTrainee` text COLLATE utf8mb4_unicode_ci NOT NULL,
  `trainingDevelopmentModuleTopic` text COLLATE utf8mb4_unicode_ci NOT NULL,
  `trainingDevelopmentModuleTrainor` varchar(250) COLLATE utf8mb4_unicode_ci NOT NULL,
  `trainingDevelopmentModuleType` text COLLATE utf8mb4_unicode_ci NOT NULL,
  `trainingDevelopmentModuleBudget` varchar(255) COLLATE utf8mb4_unicode_ci NOT NULL,
  `trainingDevelopmentModuleFile` text COLLATE utf8mb4_unicode_ci NOT NULL,
  `trainingDevelopmentModuleDifficulty` varchar(250) COLLATE utf8mb4_unicode_ci NOT NULL,
  `trainingDevelopmentModuleDate` date NOT NULL,
  `dateFilter` varchar(200) COLLATE utf8mb4_unicode_ci NOT NULL,
  `dateFrom` date NOT NULL,
  `dateTo` date NOT NULL,
  `employeeID` int(250) NOT NULL,
  `approversID` text COLLATE utf8mb4_unicode_ci DEFAULT NULL,
  `approversStatus` text COLLATE utf8mb4_unicode_ci DEFAULT NULL,
  `approversDate` text COLLATE utf8mb4_unicode_ci DEFAULT NULL,
  `trainingDevelopmentModuleStatus` int(11) NOT NULL,
  `trainingDevelopmentModuleDescription` text COLLATE utf8mb4_unicode_ci NOT NULL,
  `trainingDevelopmentModuleRemarks` longtext COLLATE utf8mb4_unicode_ci DEFAULT NULL,
  `submittedAt` timestamp NULL DEFAULT NULL,
  `createdBy` bigint(20) NOT NULL,
  `updatedBy` bigint(20) NOT NULL,
  `createdAt` timestamp NOT NULL DEFAULT current_timestamp(),
  `updatedAt` timestamp NOT NULL DEFAULT current_timestamp() ON UPDATE current_timestamp()
) ENGINE=InnoDB DEFAULT CHARSET=utf8mb4 COLLATE=utf8mb4_unicode_ci;

--
-- Dumping data for table `hris_training_development_module`
--

INSERT INTO `hris_training_development_module` (`trainingDevelopmentModuleID`, `trainingDevelopmentSetupID`, `reviseTrainingDevelopmentModuleID`, `trainingDevelopmentModuleTrainee`, `trainingDevelopmentModuleTopic`, `trainingDevelopmentModuleTrainor`, `trainingDevelopmentModuleType`, `trainingDevelopmentModuleBudget`, `trainingDevelopmentModuleFile`, `trainingDevelopmentModuleDifficulty`, `trainingDevelopmentModuleDate`, `dateFilter`, `dateFrom`, `dateTo`, `employeeID`, `approversID`, `approversStatus`, `approversDate`, `trainingDevelopmentModuleStatus`, `trainingDevelopmentModuleDescription`, `trainingDevelopmentModuleRemarks`, `submittedAt`, `createdBy`, `updatedBy`, `createdAt`, `updatedAt`) VALUES
(1, 1, NULL, '2|3|4|5|20', 'The fundamentals and topics that the policy for the ISTQB is involved.', 'Joseph Berongoy', 'Internal', '10000.00', '', 'Difficult', '0000-00-00', 'September 01, 2021 - September 10, 2021', '2021-09-01', '2021-09-10', 1, '2|4|5', '3', '2021-09-01 15:36:58', 3, 'for testing purposes only.', 'for testing purposes only.', '2021-09-01 13:58:28', 1, 2, '2021-09-01 13:58:28', '2021-09-01 07:37:02'),
(2, 3, NULL, '2|3|4|5', 'Introduction to ethical and the right way of hacking for each and everyone.', 'Arjay Diangzon', 'Internal', '150000.00', '', 'Difficult', '0000-00-00', 'September 20, 2021 - September 24, 2021', '2021-09-20', '2021-09-24', 1, '2|4|5', NULL, NULL, 4, 'for testing purposes only.\nthe trainer can also be selected as a trainee.', NULL, '2021-09-01 14:45:51', 1, 1, '2021-09-01 14:45:51', '2021-09-01 07:02:49'),
(3, 1, 1, '2|3|4|5|20', 'The fundamentals and topics that the policy for the ISTQB is involved.', 'Joseph Berongoy', 'Internal', '15000.00', '', 'Difficult', '0000-00-00', 'September 01, 2021 - September 10, 2021', '2021-09-01', '2021-09-10', 1, '2|4|5', NULL, NULL, 1, 'for testing purposes only.', NULL, '2021-09-01 15:45:52', 1, 1, '2021-09-01 15:45:52', '2021-09-01 07:45:54'),
(4, 3, NULL, '2|4', 'Introduction to ethical and the right way of hacking for each and everyone.', 'Arjay Diangzon', 'Internal', '15000.00', '', 'Difficult', '0000-00-00', 'September 22, 2021 - September 30, 2021', '2021-09-22', '2021-09-30', 1, '2|4|5', NULL, NULL, 4, 'Training for White Hacking', NULL, '2021-09-16 11:26:10', 1, 1, '2021-09-16 11:26:10', '2021-09-16 03:26:37');

-- --------------------------------------------------------

--
-- Table structure for table `hris_training_development_setup_tbl`
--

CREATE TABLE `hris_training_development_setup_tbl` (
  `trainingDevelopmentSetupID` bigint(20) NOT NULL,
  `trainingDevelopmentSetupCode` varchar(250) COLLATE utf8mb4_unicode_ci NOT NULL,
  `trainingDevelopmentSetupName` text COLLATE utf8mb4_unicode_ci NOT NULL,
  `trainingDevelopmentSetupTopic` text COLLATE utf8mb4_unicode_ci NOT NULL,
  `trainingDevelopmentSetupType` varchar(250) COLLATE utf8mb4_unicode_ci NOT NULL,
  `trainingDevelopmentSetupModuleFile` text COLLATE utf8mb4_unicode_ci NOT NULL,
  `employeeID` bigint(20) NOT NULL,
  `trainingDevelopmentSetupDifficulty` varchar(100) COLLATE utf8mb4_unicode_ci NOT NULL,
  `trainingDevelopmentSetupStatus` int(50) NOT NULL,
  `createdBy` int(20) NOT NULL,
  `updatedBy` int(20) NOT NULL,
  `createdAt` timestamp(6) NOT NULL DEFAULT current_timestamp(6),
  `updatedAt` timestamp NOT NULL DEFAULT current_timestamp() ON UPDATE current_timestamp()
) ENGINE=InnoDB DEFAULT CHARSET=utf8mb4 COLLATE=utf8mb4_unicode_ci;

--
-- Dumping data for table `hris_training_development_setup_tbl`
--

INSERT INTO `hris_training_development_setup_tbl` (`trainingDevelopmentSetupID`, `trainingDevelopmentSetupCode`, `trainingDevelopmentSetupName`, `trainingDevelopmentSetupTopic`, `trainingDevelopmentSetupType`, `trainingDevelopmentSetupModuleFile`, `employeeID`, `trainingDevelopmentSetupDifficulty`, `trainingDevelopmentSetupStatus`, `createdBy`, `updatedBy`, `createdAt`, `updatedAt`) VALUES
(1, 'TRC-21-00001', 'ISTQB', 'The fundamentals and topics that the policy for the ISTQB is involved.', 'Internal', 'training-development-setup01639535304.pdf', 20, 'Difficult', 1, 1, 2, '2021-09-01 05:27:36.342798', '2021-12-15 02:28:24'),
(2, 'TRC-21-00002', 'Code Ethics', 'The introspective background when it comes to coding and designing the code itself will be tackled.', 'Internal', '', 4, 'Intermediate', 1, 1, 2, '2021-09-01 05:28:37.047876', '2021-12-15 02:23:17'),
(3, 'TRC-21-00003', 'White Hat Hacking', 'Introduction to ethical and the right way of hacking for each and everyone.', 'Internal', '01630478465.xlsx', 2, 'Difficult', 1, 1, 1, '2021-09-01 06:07:39.284998', '2021-09-01 06:41:05');

-- --------------------------------------------------------

--
-- Table structure for table `ims_bid_po_tbl`
--

CREATE TABLE `ims_bid_po_tbl` (
  `bidPoID` bigint(21) NOT NULL,
  `purchaseOrderID` bigint(21) DEFAULT NULL,
  `bidRecapID` bigint(21) DEFAULT NULL,
  `inventoryVendorID` bigint(21) DEFAULT NULL,
  `categoryType` varchar(100) COLLATE utf8mb4_unicode_ci DEFAULT NULL,
  `bidPoStatus` int(10) DEFAULT NULL,
  `createdBy` bigint(21) DEFAULT NULL,
  `updatedBy` bigint(21) DEFAULT NULL,
  `createdAt` timestamp NOT NULL DEFAULT current_timestamp(),
  `updatedAt` timestamp NOT NULL DEFAULT current_timestamp() ON UPDATE current_timestamp()
) ENGINE=InnoDB DEFAULT CHARSET=utf8mb4 COLLATE=utf8mb4_unicode_ci;

-- --------------------------------------------------------

--
-- Table structure for table `ims_bid_recap_tbl`
--

CREATE TABLE `ims_bid_recap_tbl` (
  `bidRecapID` bigint(21) NOT NULL,
  `bidRecapCode` varchar(50) COLLATE utf8mb4_unicode_ci DEFAULT NULL,
  `reviseBidRecapID` bigint(21) DEFAULT NULL,
  `reviseBidRecapCode` varchar(50) COLLATE utf8mb4_unicode_ci DEFAULT NULL,
  `costEstimateID` bigint(21) DEFAULT NULL,
  `costEstimateCode` varchar(50) COLLATE utf8mb4_unicode_ci DEFAULT NULL,
  `billMaterialID` bigint(21) DEFAULT NULL,
  `billMaterialCode` varchar(50) COLLATE utf8mb4_unicode_ci DEFAULT NULL,
  `materialRequestID` bigint(21) DEFAULT NULL,
  `materialRequestCode` varchar(50) COLLATE utf8mb4_unicode_ci DEFAULT NULL,
  `inventoryValidationID` bigint(21) DEFAULT NULL,
  `inventoryValidationCode` varchar(50) COLLATE utf8mb4_unicode_ci DEFAULT NULL,
  `changeRequestID` bigint(21) DEFAULT NULL,
  `changeRequestCode` varchar(50) COLLATE utf8mb4_unicode_ci DEFAULT NULL,
  `timelineBuilderID` bigint(21) DEFAULT NULL,
  `projectCode` varchar(50) COLLATE utf8mb4_unicode_ci DEFAULT NULL,
  `projectName` varchar(255) COLLATE utf8mb4_unicode_ci DEFAULT NULL,
  `projectCategory` varchar(255) COLLATE utf8mb4_unicode_ci DEFAULT NULL,
  `clientCode` varchar(50) COLLATE utf8mb4_unicode_ci DEFAULT NULL,
  `clientName` varchar(255) COLLATE utf8mb4_unicode_ci DEFAULT NULL,
  `clientAddress` text COLLATE utf8mb4_unicode_ci DEFAULT NULL,
  `employeeID` bigint(21) DEFAULT NULL,
  `bidRecapReason` text COLLATE utf8mb4_unicode_ci DEFAULT NULL,
  `approversID` text COLLATE utf8mb4_unicode_ci DEFAULT NULL,
  `approversDate` text COLLATE utf8mb4_unicode_ci DEFAULT NULL,
  `approversStatus` text COLLATE utf8mb4_unicode_ci DEFAULT NULL,
  `dateNeeded` date DEFAULT NULL,
  `bidRecapStatus` int(11) DEFAULT NULL,
  `bidRecapRemarks` text COLLATE utf8mb4_unicode_ci DEFAULT NULL,
  `assetFinalQuoteStatus` int(11) DEFAULT 0,
  `itemFinalQuoteStatus` int(11) DEFAULT 0,
  `submittedAt` timestamp NULL DEFAULT NULL,
  `createdBy` bigint(21) DEFAULT NULL,
  `updatedBy` bigint(21) DEFAULT NULL,
  `createdAt` timestamp NULL DEFAULT current_timestamp(),
  `updatedAt` timestamp NULL DEFAULT current_timestamp() ON UPDATE current_timestamp()
) ENGINE=InnoDB DEFAULT CHARSET=utf8mb4 COLLATE=utf8mb4_unicode_ci;

-- --------------------------------------------------------

--
-- Table structure for table `ims_borrowing_details_tbl`
--

CREATE TABLE `ims_borrowing_details_tbl` (
  `borrowingDetailID` bigint(20) NOT NULL,
  `borrowingID` bigint(20) NOT NULL,
  `inventoryStorageID` bigint(50) NOT NULL,
  `itemID` bigint(50) NOT NULL,
  `itemName` varchar(255) COLLATE utf8mb4_unicode_ci NOT NULL,
  `barcode` varchar(50) COLLATE utf8mb4_unicode_ci NOT NULL,
  `serialnumber` varchar(60) COLLATE utf8mb4_unicode_ci NOT NULL,
  `dateBorrowed` date NOT NULL,
  `quantity` int(50) NOT NULL,
  `unitOfMeasurement` varchar(255) COLLATE utf8mb4_unicode_ci NOT NULL,
  `borrowedPurpose` varchar(255) COLLATE utf8mb4_unicode_ci NOT NULL,
  `createdBy` bigint(20) NOT NULL,
  `updatedBy` bigint(20) NOT NULL,
  `createdAt` timestamp NOT NULL DEFAULT current_timestamp(),
  `updatedAt` timestamp NOT NULL DEFAULT current_timestamp() ON UPDATE current_timestamp()
) ENGINE=InnoDB DEFAULT CHARSET=utf8mb4 COLLATE=utf8mb4_unicode_ci;

-- --------------------------------------------------------

--
-- Table structure for table `ims_borrowing_tbl`
--

CREATE TABLE `ims_borrowing_tbl` (
  `borrowingID` bigint(20) NOT NULL,
  `reviseBorrowingID` bigint(20) DEFAULT NULL,
  `employeeID` bigint(20) NOT NULL,
  `projectID` bigint(20) DEFAULT NULL,
  `approversID` text COLLATE utf8mb4_unicode_ci DEFAULT NULL,
  `approversStatus` text COLLATE utf8mb4_unicode_ci DEFAULT NULL,
  `approversDate` text COLLATE utf8mb4_unicode_ci DEFAULT NULL,
  `borrowingStatus` int(11) NOT NULL,
  `borrowingReason` longtext COLLATE utf8mb4_unicode_ci DEFAULT NULL,
  `borrowingRemarks` longtext COLLATE utf8mb4_unicode_ci DEFAULT NULL,
  `submittedAt` timestamp NULL DEFAULT NULL,
  `createdBy` bigint(20) NOT NULL,
  `updatedBy` bigint(20) NOT NULL,
  `createdAt` timestamp NOT NULL DEFAULT current_timestamp(),
  `updatedAt` timestamp NOT NULL DEFAULT current_timestamp() ON UPDATE current_timestamp()
) ENGINE=InnoDB DEFAULT CHARSET=utf8mb4 COLLATE=utf8mb4_unicode_ci;

-- --------------------------------------------------------

--
-- Table structure for table `ims_change_request_tbl`
--

CREATE TABLE `ims_change_request_tbl` (
  `changeRequestID` bigint(21) NOT NULL,
  `changeRequestCode` varchar(50) COLLATE utf8mb4_unicode_ci DEFAULT NULL,
  `reviseChangeRequestID` bigint(21) DEFAULT NULL,
  `reviseChangeRequestCode` varchar(50) COLLATE utf8mb4_unicode_ci DEFAULT NULL,
  `costEstimateID` bigint(21) DEFAULT NULL,
  `costEstimateCode` varchar(50) COLLATE utf8mb4_unicode_ci DEFAULT NULL,
  `billMaterialID` bigint(21) DEFAULT NULL,
  `billMaterialCode` varchar(50) COLLATE utf8mb4_unicode_ci DEFAULT NULL,
  `materialRequestID` bigint(21) DEFAULT NULL,
  `materialRequestCode` varchar(50) COLLATE utf8mb4_unicode_ci DEFAULT NULL,
  `inventoryValidationID` bigint(21) DEFAULT NULL,
  `inventoryValidationCode` varchar(50) COLLATE utf8mb4_unicode_ci DEFAULT NULL,
  `bidRecapID` bigint(21) DEFAULT NULL,
  `bidRecapCode` varchar(50) COLLATE utf8mb4_unicode_ci DEFAULT NULL,
  `purchaseRequestID` bigint(21) DEFAULT NULL,
  `purchaseRequestCode` varchar(50) COLLATE utf8mb4_unicode_ci DEFAULT NULL,
  `purchaseOrderID` bigint(21) DEFAULT NULL,
  `purchaseOrderCode` varchar(50) COLLATE utf8mb4_unicode_ci DEFAULT NULL,
  `timelineBuilderID` bigint(21) DEFAULT NULL,
  `projectCode` varchar(50) COLLATE utf8mb4_unicode_ci DEFAULT NULL,
  `projectName` varchar(255) COLLATE utf8mb4_unicode_ci DEFAULT NULL,
  `projectCategory` varchar(255) COLLATE utf8mb4_unicode_ci DEFAULT NULL,
  `clientCode` varchar(50) COLLATE utf8mb4_unicode_ci DEFAULT NULL,
  `clientName` varchar(255) COLLATE utf8mb4_unicode_ci DEFAULT NULL,
  `clientAddress` text COLLATE utf8mb4_unicode_ci DEFAULT NULL,
  `employeeID` bigint(21) DEFAULT NULL,
  `inventoryVendorID` bigint(21) DEFAULT NULL,
  `vendorCode` varchar(50) COLLATE utf8mb4_unicode_ci DEFAULT NULL,
  `vendorName` varchar(255) COLLATE utf8mb4_unicode_ci DEFAULT NULL,
  `vendorContactPerson` varchar(255) COLLATE utf8mb4_unicode_ci DEFAULT NULL,
  `vendorContactDetails` varchar(255) COLLATE utf8mb4_unicode_ci DEFAULT NULL,
  `vendorAddress` text COLLATE utf8mb4_unicode_ci DEFAULT NULL,
  `changeRequestClassification` varchar(50) COLLATE utf8mb4_unicode_ci DEFAULT NULL,
  `purchaseOrderReason` text COLLATE utf8mb4_unicode_ci DEFAULT NULL,
  `changeRequestReason` text COLLATE utf8mb4_unicode_ci DEFAULT NULL,
  `approversID` text COLLATE utf8mb4_unicode_ci DEFAULT NULL,
  `approversDate` text COLLATE utf8mb4_unicode_ci DEFAULT NULL,
  `approversStatus` text COLLATE utf8mb4_unicode_ci DEFAULT NULL,
  `dateNeeded` date DEFAULT NULL,
  `changeRequestStatus` int(11) DEFAULT NULL,
  `changeRequestRemarks` text COLLATE utf8mb4_unicode_ci DEFAULT NULL,
  `submittedAt` timestamp NULL DEFAULT NULL,
  `createdBy` bigint(21) DEFAULT NULL,
  `updatedBy` bigint(21) DEFAULT NULL,
  `createdAt` timestamp NULL DEFAULT current_timestamp(),
  `updatedAt` timestamp NULL DEFAULT current_timestamp() ON UPDATE current_timestamp()
) ENGINE=InnoDB DEFAULT CHARSET=utf8mb4 COLLATE=utf8mb4_unicode_ci;

-- --------------------------------------------------------

--
-- Table structure for table `ims_equipment_borrowing_tbl`
--

CREATE TABLE `ims_equipment_borrowing_tbl` (
  `equipmentBorrowingID` bigint(20) NOT NULL,
  `equipmentBorrowingCode` text COLLATE utf8mb4_unicode_ci DEFAULT NULL,
  `materialWithdrawalID` bigint(20) DEFAULT NULL,
  `materialWithdrawalCode` text COLLATE utf8mb4_unicode_ci DEFAULT NULL,
  `inventoryValidationID` bigint(20) DEFAULT NULL,
  `inventoryValidationCode` text COLLATE utf8mb4_unicode_ci DEFAULT NULL,
  `materialRequestID` bigint(20) DEFAULT NULL,
  `materialRequestCode` text COLLATE utf8mb4_unicode_ci DEFAULT NULL,
  `costEstimateID` bigint(20) DEFAULT NULL,
  `costEstimateCode` text COLLATE utf8mb4_unicode_ci DEFAULT NULL,
  `billMaterialID` bigint(20) DEFAULT NULL,
  `billMaterialCode` text COLLATE utf8mb4_unicode_ci DEFAULT NULL,
  `employeeID` bigint(20) DEFAULT NULL,
  `timelineBuilderID` bigint(20) DEFAULT NULL,
  `projectCode` text COLLATE utf8mb4_unicode_ci DEFAULT NULL,
  `projectName` text COLLATE utf8mb4_unicode_ci DEFAULT NULL,
  `projectCategory` text COLLATE utf8mb4_unicode_ci DEFAULT NULL,
  `clientCode` text COLLATE utf8mb4_unicode_ci DEFAULT NULL,
  `clientName` text COLLATE utf8mb4_unicode_ci DEFAULT NULL,
  `clientAddress` text COLLATE utf8mb4_unicode_ci DEFAULT NULL,
  `approversID` text COLLATE utf8mb4_unicode_ci DEFAULT NULL,
  `approversStatus` text COLLATE utf8mb4_unicode_ci DEFAULT NULL,
  `approversDate` text COLLATE utf8mb4_unicode_ci DEFAULT NULL,
  `inventoryAssetStatus` int(50) DEFAULT NULL,
  `equipmentBorrowingStatus` int(50) DEFAULT NULL,
  `equipmentBorrowingReason` text COLLATE utf8mb4_unicode_ci DEFAULT NULL,
  `equipmentBorrowingRemarks` text COLLATE utf8mb4_unicode_ci DEFAULT NULL,
  `dateNeeded` date DEFAULT NULL,
  `submittedAt` timestamp NOT NULL DEFAULT current_timestamp() ON UPDATE current_timestamp(),
  `createdBy` bigint(20) DEFAULT NULL,
  `updatedBy` bigint(20) DEFAULT NULL,
  `createdAt` timestamp NOT NULL DEFAULT current_timestamp(),
  `updatedAt` timestamp NOT NULL DEFAULT current_timestamp() ON UPDATE current_timestamp()
) ENGINE=InnoDB DEFAULT CHARSET=utf8mb4 COLLATE=utf8mb4_unicode_ci;

-- --------------------------------------------------------

--
-- Table structure for table `ims_final_quote_tbl`
--

CREATE TABLE `ims_final_quote_tbl` (
  `finalQuoteID` bigint(21) NOT NULL,
  `bidRecapID` bigint(21) DEFAULT NULL,
  `classification` varchar(50) COLLATE utf8mb4_unicode_ci DEFAULT NULL,
  `inventoryVendorID` bigint(21) DEFAULT NULL,
  `vendorCode` varchar(50) COLLATE utf8mb4_unicode_ci DEFAULT NULL,
  `vendorName` varchar(255) COLLATE utf8mb4_unicode_ci DEFAULT NULL,
  `vendorAddress` text COLLATE utf8mb4_unicode_ci DEFAULT NULL,
  `vendorContactDetails` varchar(255) COLLATE utf8mb4_unicode_ci DEFAULT NULL,
  `vendorContactPerson` varchar(255) COLLATE utf8mb4_unicode_ci DEFAULT NULL,
  `finalQuoteRemarks` text COLLATE utf8mb4_unicode_ci DEFAULT NULL,
  `finalQuoteTotal` decimal(15,2) DEFAULT NULL,
  `createdBy` bigint(21) DEFAULT NULL,
  `updatedBy` bigint(21) DEFAULT NULL,
  `createdAt` timestamp NULL DEFAULT current_timestamp(),
  `updatedAt` timestamp NULL DEFAULT current_timestamp() ON UPDATE current_timestamp()
) ENGINE=InnoDB DEFAULT CHARSET=utf8mb4 COLLATE=utf8mb4_unicode_ci;

-- --------------------------------------------------------

--
-- Table structure for table `ims_inventory_asset_tbl`
--

CREATE TABLE `ims_inventory_asset_tbl` (
  `assetID` bigint(20) NOT NULL,
  `assetCode` varchar(255) COLLATE utf8mb4_unicode_ci NOT NULL,
  `assetName` varchar(255) COLLATE utf8mb4_unicode_ci NOT NULL,
  `brandName` text COLLATE utf8mb4_unicode_ci NOT NULL,
  `classificationID` bigint(20) NOT NULL,
  `categoryID` bigint(20) NOT NULL,
  `unitOfMeasurementID` varchar(255) COLLATE utf8mb4_unicode_ci NOT NULL,
  `reOrderLevel` int(50) NOT NULL,
  `assetDescription` text COLLATE utf8mb4_unicode_ci NOT NULL,
  `assetProviderFee` decimal(10,2) NOT NULL,
  `assetCost` decimal(10,2) NOT NULL,
  `assetSalvageValue` decimal(10,2) NOT NULL,
  `assetHourRate` decimal(10,2) NOT NULL,
  `assetDepreciation` decimal(10,2) DEFAULT NULL,
  `assetUsefulLife` int(50) NOT NULL,
  `acquisitionDate` date NOT NULL,
  `assetImage` text COLLATE utf8mb4_unicode_ci DEFAULT NULL,
  `assetStatus` int(50) NOT NULL,
  `datecreated` date NOT NULL DEFAULT current_timestamp(),
  `createdBy` bigint(20) NOT NULL,
  `updatedBy` bigint(20) NOT NULL,
  `createdAt` timestamp NOT NULL DEFAULT current_timestamp(),
  `updatedAt` timestamp NOT NULL DEFAULT current_timestamp() ON UPDATE current_timestamp()
) ENGINE=InnoDB DEFAULT CHARSET=utf8mb4 COLLATE=utf8mb4_unicode_ci;

-- --------------------------------------------------------

--
-- Table structure for table `ims_inventory_category_tbl`
--

CREATE TABLE `ims_inventory_category_tbl` (
  `categoryID` bigint(20) NOT NULL,
  `categoryCode` varchar(255) NOT NULL,
  `categoryName` varchar(255) NOT NULL,
  `classificationID` bigint(20) NOT NULL,
  `categoryStatus` varchar(50) NOT NULL,
  `createdBy` bigint(20) NOT NULL,
  `updatedBy` bigint(20) NOT NULL,
  `createdAt` timestamp NOT NULL DEFAULT current_timestamp(),
  `updatedAt` timestamp NOT NULL DEFAULT current_timestamp() ON UPDATE current_timestamp()
) ENGINE=InnoDB DEFAULT CHARSET=utf8mb4;

--
-- Dumping data for table `ims_inventory_category_tbl`
--

INSERT INTO `ims_inventory_category_tbl` (`categoryID`, `categoryCode`, `categoryName`, `classificationID`, `categoryStatus`, `createdBy`, `updatedBy`, `createdAt`, `updatedAt`) VALUES
(1, 'CTY-21-00001', 'PPE', 8, '1', 1, 2, '2021-04-21 05:54:24', '2021-12-15 02:25:44'),
(2, 'CTY-21-00002', 'CCTV', 10, '1', 1, 1, '2021-04-21 05:54:42', '2021-06-01 00:27:56'),
(3, 'CTY-21-00003', 'Screw', 9, '1', 1, 1, '2021-04-21 05:54:59', '2021-06-16 23:16:20'),
(4, 'CTY-21-00004', 'Television', 3, '1', 1, 1, '2021-04-21 05:55:15', '2021-06-01 00:52:09'),
(5, 'CTY-21-00005', 'Hard Hat Helmet', 8, '1', 1, 1, '2021-04-21 05:55:26', '2021-06-01 00:29:06'),
(6, 'CTY-21-00006', 'Headache', 13, '1', 1, 1, '2021-04-21 05:55:42', '2021-06-01 00:30:02'),
(7, 'CTY-21-00007', 'Mop', 12, '1', 1, 1, '2021-04-21 05:55:55', '2021-06-01 00:30:20'),
(8, 'CTY-21-00008', 'Ballpens', 6, '1', 1, 1, '2021-04-21 05:56:08', '2021-06-01 00:35:20'),
(9, 'CTY-21-00009', 'Batteries', 9, '1', 1, 1, '2021-04-21 05:56:26', '2021-06-01 00:36:29'),
(10, 'CTY-21-00010', 'Refrigerator', 14, '1', 1, 1, '2021-04-21 05:56:49', '2021-06-01 00:37:15'),
(11, 'CTY-21-00011', 'Hammer', 5, '1', 1, 1, '2021-04-21 06:10:41', '2021-06-01 00:37:53'),
(12, 'CTY-21-00012', 'Chairs', 2, '1', 1, 1, '2021-04-21 06:22:39', '2021-06-01 00:38:27'),
(13, 'CTY-21-00013', 'Mouse', 3, '1', 1, 1, '2021-06-01 00:38:40', '0000-00-00 00:00:00'),
(14, 'CTY-21-00014', 'Laptop', 3, '1', 1, 1, '2021-06-01 00:38:49', '0000-00-00 00:00:00'),
(15, 'CTY-21-00015', 'Monitor', 3, '1', 1, 1, '2021-06-01 00:39:07', '0000-00-00 00:00:00'),
(16, 'CTY-21-00016', 'Cabinets', 3, '1', 1, 1, '2021-06-01 00:39:27', '0000-00-00 00:00:00'),
(17, 'CTY-21-00017', 'Phones', 3, '1', 1, 1, '2021-06-01 00:39:48', '0000-00-00 00:00:00'),
(18, 'CTY-21-00018', 'Printer', 3, '1', 1, 1, '2021-06-01 00:40:28', '0000-00-00 00:00:00'),
(19, 'CTY-21-00019', 'Papers', 6, '1', 1, 1, '2021-06-01 00:40:40', '0000-00-00 00:00:00'),
(20, 'CTY-21-00020', 'Markers', 6, '1', 1, 1, '2021-06-01 00:40:49', '0000-00-00 00:00:00'),
(21, 'CTY-21-00021', 'Screw drivers', 5, '1', 1, 1, '2021-06-01 00:41:16', '0000-00-00 00:00:00'),
(22, 'CTY-21-00022', 'Printer Ink', 6, '1', 1, 1, '2021-06-01 00:42:29', '0000-00-00 00:00:00'),
(23, 'CTY-21-00023', 'Office Table', 3, '1', 1, 1, '2021-06-01 00:42:51', '0000-00-00 00:00:00'),
(24, 'CTY-21-00024', 'Electrical Tape', 9, '1', 1, 1, '2021-06-01 00:47:57', '0000-00-00 00:00:00'),
(25, 'CTY-21-00025', 'Plates', 14, '1', 1, 1, '2021-06-01 00:52:51', '2021-06-01 00:53:12'),
(26, 'CTY-21-00026', 'Vacuum', 12, '1', 1, 1, '2021-06-01 01:04:13', '0000-00-00 00:00:00'),
(27, 'CTY-21-00027', 'Electric Fan', 3, '1', 1, 1, '2021-06-14 08:02:57', '2021-06-14 08:02:57'),
(28, 'CTY-21-00028', 'Drill', 4, '1', 1, 1, '2021-06-16 23:13:43', '2021-06-16 23:13:43'),
(29, 'CTY-21-00029', 'Pantry Utensils', 14, '1', 1, 1, '2021-06-29 03:38:58', '2021-06-29 03:38:58'),
(30, 'CTY-21-00030', 'Barcode Scanner', 10, '1', 1, 1, '2021-06-29 05:07:41', '2021-06-29 05:07:41'),
(31, 'CTY-21-00031', 'Card Reader', 10, '1', 1, 1, '2021-06-29 05:08:35', '2021-06-29 05:08:35'),
(32, 'CTY-21-00032', 'Biometrics', 10, '1', 1, 1, '2021-06-29 05:09:31', '2021-06-29 05:09:31'),
(33, 'CTY-21-00033', 'test', 16, '1', 1, 1, '2021-07-28 00:29:15', '2021-07-28 00:29:15'),
(34, 'CTY-21-00034', 'Lumber', 9, '1', 1, 1, '2021-09-07 07:00:47', '2021-09-07 07:00:47'),
(35, 'CTY-21-00035', 'Paint', 9, '1', 1, 1, '2021-09-07 07:01:25', '2021-09-07 07:01:25'),
(36, 'CTY-21-00036', 'Woods', 9, '1', 1, 1, '2021-09-07 07:01:47', '2021-09-07 07:01:47'),
(37, 'CTY-21-00037', 'Mirror', 2, '1', 1, 1, '2021-09-07 07:03:10', '2021-09-07 07:03:10'),
(38, 'CTY-21-00038', 'Bulb', 9, '1', 1, 1, '2021-09-07 07:04:05', '2021-09-07 07:04:05'),
(39, 'CTY-21-00039', 'Drill', 5, '1', 1, 1, '2021-09-07 07:05:24', '2021-09-07 07:05:24'),
(40, 'CTY-21-00040', 'Brush/ Roller', 5, '1', 1, 1, '2021-09-07 07:06:10', '2021-09-07 07:06:10'),
(41, 'CTY-21-00041', 'Saw', 5, '1', 1, 1, '2021-09-07 07:06:30', '2021-09-07 07:06:30'),
(42, 'CTY-21-00042', 'Rugs', 6, '1', 1, 1, '2021-09-07 07:07:30', '2021-09-07 07:07:30'),
(43, 'CTY-21-00043', 'Tape Measure', 6, '1', 1, 1, '2021-09-07 07:07:47', '2021-09-07 07:07:47'),
(44, 'CTY-21-00044', 'Metals', 9, '1', 1, 1, '2021-09-07 07:11:19', '2021-09-07 07:11:19'),
(45, 'CTY-21-00045', 'Door Knob', 6, '1', 1, 1, '2021-09-07 07:12:43', '2021-09-07 07:12:43'),
(46, 'CTY-21-00046', 'Refrigerator', 3, '1', 1, 1, '2021-09-07 07:14:33', '2021-09-07 07:14:33'),
(47, 'CTY-21-00047', 'Lamination Machine', 3, '1', 1, 1, '2021-09-07 07:14:57', '2021-09-08 01:40:44'),
(48, 'CTY-21-00048', 'Microwave', 3, '1', 1, 1, '2021-09-07 07:16:09', '2021-09-07 07:16:09'),
(49, 'CTY-21-00049', 'Cement', 9, '1', 1, 1, '2021-09-08 01:36:28', '2021-09-08 01:36:28'),
(50, 'CTY-21-00050', 'Board', 9, '1', 1, 1, '2021-09-08 01:36:48', '2021-09-08 01:36:48'),
(51, 'CTY-21-00051', 'Tube', 9, '1', 1, 1, '2021-09-08 01:37:49', '2021-09-08 01:37:49'),
(52, 'CTY-21-00052', 'Water Dispenser', 14, '1', 1, 1, '2021-09-08 01:38:17', '2021-09-08 01:38:17'),
(53, 'CTY-21-00053', 'Digital Wall Clock', 3, '1', 1, 1, '2021-09-08 01:41:46', '2021-09-08 01:41:46'),
(54, 'CTY-21-00054', 'Coffee Maker', 14, '1', 1, 1, '2021-09-08 01:42:19', '2021-09-08 01:42:19'),
(55, 'CTY-21-00055', 'Alcohol', 13, '1', 1, 1, '2021-09-08 01:42:34', '2021-09-08 01:42:34'),
(56, 'CTY-21-00056', 'Cotton', 13, '1', 1, 1, '2021-09-08 01:42:49', '2021-09-08 01:42:49'),
(57, 'CTY-21-00057', 'Pain Killer', 13, '1', 1, 1, '2021-09-08 01:43:10', '2021-09-08 01:43:10'),
(58, 'CTY-21-00058', 'Bricks', 9, '1', 1, 1, '2021-09-08 01:44:43', '2021-09-08 01:44:43'),
(59, 'CTY-21-00059', 'Steel', 9, '1', 1, 1, '2021-09-08 01:44:57', '2021-09-08 01:44:57'),
(60, 'CTY-21-00060', 'Concrete', 9, '1', 1, 1, '2021-09-08 01:45:24', '2021-09-08 01:45:24'),
(61, 'CTY-21-00061', 'Nails', 9, '1', 1, 1, '2021-09-09 01:03:33', '2021-09-09 01:03:33'),
(62, 'CTY-21-00062', 'Loader', 4, '1', 1, 1, '2021-10-05 05:20:55', '2021-10-05 05:20:55'),
(63, 'CTY-21-00063', 'Plug', 9, '1', 1, 1, '2021-10-05 23:08:14', '2021-10-05 23:08:14'),
(64, 'CTY-21-00064', 'Pipe', 9, '1', 1, 1, '2021-10-05 23:12:27', '2021-10-05 23:12:27'),
(65, 'CTY-21-00065', 'Sand Paper', 9, '1', 1, 1, '2021-10-06 23:05:00', '2021-10-06 23:05:00'),
(66, 'CTY-21-00066', 'Valve', 9, '1', 1, 1, '2021-10-06 23:05:23', '2021-10-06 23:05:23'),
(67, 'CTY-21-00067', 'Faucet', 9, '1', 1, 1, '2021-10-06 23:05:51', '2021-10-06 23:05:51'),
(68, 'CTY-21-00068', 'Tox', 9, '1', 1, 1, '2021-10-06 23:06:37', '2021-10-06 23:06:37'),
(69, 'CTY-21-00069', 'Pump', 4, '1', 1, 1, '2021-10-07 00:01:48', '2021-10-07 00:01:48');

-- --------------------------------------------------------

--
-- Table structure for table `ims_inventory_classification_tbl`
--

CREATE TABLE `ims_inventory_classification_tbl` (
  `classificationID` bigint(20) NOT NULL,
  `classificationCode` text NOT NULL,
  `classificationShortcut` varchar(255) NOT NULL,
  `classificationName` text NOT NULL,
  `classificationStatus` int(10) NOT NULL,
  `createdBy` bigint(20) NOT NULL,
  `updatedBy` bigint(20) NOT NULL,
  `createdAt` timestamp NOT NULL DEFAULT current_timestamp(),
  `updatedAt` timestamp NOT NULL DEFAULT current_timestamp() ON UPDATE current_timestamp()
) ENGINE=InnoDB DEFAULT CHARSET=utf8mb4;

--
-- Dumping data for table `ims_inventory_classification_tbl`
--

INSERT INTO `ims_inventory_classification_tbl` (`classificationID`, `classificationCode`, `classificationShortcut`, `classificationName`, `classificationStatus`, `createdBy`, `updatedBy`, `createdAt`, `updatedAt`) VALUES
(1, 'CFN-21-00001', 'OS', 'goods', 0, 1, 2, '2021-04-21 01:59:37', '2021-12-29 01:53:42'),
(2, 'CFN-21-00002', 'FF', 'Furnitures & Fixtures', 1, 1, 1, '2021-04-21 05:50:20', '2021-07-29 01:43:45'),
(3, 'CFN-21-00003', 'OEE', 'Office Equipment', 1, 1, 1, '2021-04-21 05:50:55', '2021-09-07 06:38:24'),
(4, 'CFN-21-00004', 'PT', 'Power Tools', 1, 1, 1, '2021-04-21 05:51:13', '2021-07-29 01:44:03'),
(5, 'CFN-21-00005', 'HT', 'Hand Tools', 1, 1, 1, '2021-04-21 05:51:33', '2021-07-29 01:44:10'),
(6, 'CFN-21-00006', 'OSP', 'Office Supplies', 1, 1, 1, '2021-04-21 05:51:45', '2021-07-29 01:44:32'),
(7, 'CFN-21-00007', 'VLE', 'Vehicle', 1, 1, 1, '2021-04-21 05:51:57', '2021-07-29 01:44:43'),
(8, 'CFN-21-00008', 'SE', 'Safety Equipment', 1, 1, 1, '2021-04-21 05:52:11', '2021-07-29 01:44:49'),
(9, 'CFN-21-00009', 'CM', 'Consumable Materials', 1, 1, 1, '2021-04-21 05:52:25', '2021-07-29 01:44:57'),
(10, 'CFN-21-00010', 'CLE', 'Client Equipment', 1, 1, 1, '2021-04-21 05:52:36', '2021-07-29 01:45:06'),
(11, 'CFN-21-00011', 'HS', 'Housekeeping Supplies', 1, 1, 1, '2021-04-21 05:52:46', '2021-07-29 01:45:17'),
(12, 'CFN-21-00012', 'HE', 'Housekeeping Equipments', 1, 1, 1, '2021-04-21 05:53:00', '2021-07-29 01:45:28'),
(13, 'CFN-21-00013', 'MS', 'Medicine Supplies', 1, 1, 1, '2021-04-21 05:53:12', '2021-07-29 01:45:37'),
(14, 'CFN-21-00014', 'PS', 'Pantry Supplies', 1, 1, 1, '2021-04-21 05:53:25', '2021-07-29 01:45:45'),
(15, 'CFN-21-00015', 'TS', 'Test Classification', 1, 1, 1, '2021-06-10 03:41:58', '2021-07-29 01:45:57'),
(16, 'CFN-21-00016', 'TST', 'Test', 1, 1, 1, '2021-07-28 00:28:09', '2021-07-28 00:28:09'),
(17, 'CFN-21-00017', 'MCH', 'Machines', 1, 1, 1, '2021-09-24 07:09:43', '2021-09-24 07:09:43'),
(18, 'CFN-21-00018', 'TSS', 'Testing', 1, 2, 2, '2021-12-14 23:52:12', '2021-12-14 23:52:12');

-- --------------------------------------------------------

--
-- Table structure for table `ims_inventory_condition_tbl`
--

CREATE TABLE `ims_inventory_condition_tbl` (
  `conditionID` bigint(20) NOT NULL,
  `conditionCode` varchar(100) NOT NULL,
  `conditionName` varchar(100) NOT NULL,
  `conditionDescription` text NOT NULL,
  `conditionStatus` int(11) NOT NULL,
  `createdBy` bigint(20) NOT NULL,
  `updatedBy` bigint(20) NOT NULL,
  `createdAt` timestamp NOT NULL DEFAULT current_timestamp(),
  `updatedAt` timestamp NOT NULL DEFAULT current_timestamp() ON UPDATE current_timestamp()
) ENGINE=InnoDB DEFAULT CHARSET=utf8mb4;

--
-- Dumping data for table `ims_inventory_condition_tbl`
--

INSERT INTO `ims_inventory_condition_tbl` (`conditionID`, `conditionCode`, `conditionName`, `conditionDescription`, `conditionStatus`, `createdBy`, `updatedBy`, `createdAt`, `updatedAt`) VALUES
(1, 'ICO-21-00001', 'For Approval', 'Item set for approval', 1, 0, 0, '2021-04-14 06:27:27', '2021-04-14 06:27:27'),
(2, 'ICO-21-00002', 'For Payment Request', 'test', 1, 0, 0, '2021-04-14 06:28:07', '2021-04-14 06:28:07'),
(3, 'ICO-21-00003', 'For Check Prep', 'Item for check preparation', 1, 0, 0, '2021-04-14 06:29:06', '2021-04-14 06:29:06'),
(4, 'ICO-21-00004', 'For Pick-up/Deliver', 'Item for pick-up or for delivery', 1, 0, 0, '2021-04-14 06:29:27', '2021-04-14 06:29:27'),
(5, 'ICO-21-00005', 'Cancelled', 'Item process cancelled', 1, 0, 0, '2021-04-14 06:29:53', '2021-04-14 06:29:53'),
(6, 'ICO-21-00006', 'Complete', 'Item process complete', 1, 0, 0, '2021-04-14 06:30:25', '2021-04-14 06:30:25'),
(7, 'ICO-21-00007', 'For Canvassing', 'Item for canvassing', 1, 0, 0, '2021-04-14 06:30:44', '2021-04-14 06:30:44');

-- --------------------------------------------------------

--
-- Table structure for table `ims_inventory_disposal_details_tbl`
--

CREATE TABLE `ims_inventory_disposal_details_tbl` (
  `disposalDetailID` bigint(20) NOT NULL,
  `disposalID` bigint(20) NOT NULL,
  `stockInAssetID` bigint(20) NOT NULL,
  `inventoryStorageID` bigint(50) NOT NULL,
  `inventoryStorageCode` text CHARACTER SET utf8mb4 COLLATE utf8mb4_unicode_ci DEFAULT NULL,
  `inventoryStorageOfficeName` text CHARACTER SET utf8mb4 COLLATE utf8mb4_unicode_ci DEFAULT NULL,
  `assetID` bigint(50) NOT NULL,
  `assetCode` text CHARACTER SET utf8mb4 COLLATE utf8mb4_unicode_ci DEFAULT NULL,
  `assetName` text CHARACTER SET utf8mb4 COLLATE utf8mb4_unicode_ci DEFAULT NULL,
  `barcode` varchar(50) CHARACTER SET utf8mb4 COLLATE utf8mb4_unicode_ci NOT NULL,
  `brand` text CHARACTER SET utf8mb4 COLLATE utf8mb4_unicode_ci DEFAULT NULL,
  `assetClassification` text CHARACTER SET utf8mb4 COLLATE utf8mb4_unicode_ci DEFAULT NULL,
  `assetCategory` text CHARACTER SET utf8mb4 COLLATE utf8mb4_unicode_ci DEFAULT NULL,
  `serialnumber` varchar(60) CHARACTER SET utf8mb4 COLLATE utf8mb4_unicode_ci NOT NULL,
  `quantity` decimal(15,2) NOT NULL,
  `availableStock` decimal(15,2) NOT NULL,
  `unitOfMeasurement` varchar(255) CHARACTER SET utf8mb4 COLLATE utf8mb4_unicode_ci NOT NULL,
  `disposalDetailRemarks` varchar(255) CHARACTER SET utf8mb4 COLLATE utf8mb4_unicode_ci NOT NULL,
  `createdBy` bigint(20) NOT NULL,
  `updatedBy` bigint(20) NOT NULL,
  `createdAt` timestamp NOT NULL DEFAULT current_timestamp(),
  `updatedAt` timestamp NOT NULL DEFAULT current_timestamp() ON UPDATE current_timestamp()
) ENGINE=InnoDB DEFAULT CHARSET=utf8 COLLATE=utf8_unicode_ci;

-- --------------------------------------------------------

--
-- Table structure for table `ims_inventory_disposal_tbl`
--

CREATE TABLE `ims_inventory_disposal_tbl` (
  `disposalID` bigint(20) NOT NULL,
  `reviseDisposalID` bigint(20) DEFAULT NULL,
  `employeeID` bigint(20) NOT NULL,
  `projectID` bigint(20) DEFAULT NULL,
  `approversID` text CHARACTER SET utf8mb4 COLLATE utf8mb4_unicode_ci DEFAULT NULL,
  `approversStatus` text CHARACTER SET utf8mb4 COLLATE utf8mb4_unicode_ci DEFAULT NULL,
  `approversDate` text CHARACTER SET utf8mb4 COLLATE utf8mb4_unicode_ci DEFAULT NULL,
  `disposalStatus` int(11) NOT NULL,
  `disposalReason` longtext CHARACTER SET utf8mb4 COLLATE utf8mb4_unicode_ci DEFAULT NULL,
  `disposalRemarks` longtext CHARACTER SET utf8mb4 COLLATE utf8mb4_unicode_ci DEFAULT NULL,
  `submittedAt` timestamp NULL DEFAULT NULL,
  `createdBy` bigint(20) NOT NULL,
  `updatedBy` bigint(20) NOT NULL,
  `createdAt` timestamp NOT NULL DEFAULT current_timestamp(),
  `updatedAt` timestamp NOT NULL DEFAULT current_timestamp() ON UPDATE current_timestamp()
) ENGINE=InnoDB DEFAULT CHARSET=utf8 COLLATE=utf8_unicode_ci;

-- --------------------------------------------------------

--
-- Table structure for table `ims_inventory_incident_details_tbl`
--

CREATE TABLE `ims_inventory_incident_details_tbl` (
  `incidentDetailsID` bigint(20) NOT NULL,
  `incidentID` bigint(20) NOT NULL,
  `inventoryStorageID` bigint(20) DEFAULT NULL,
  `itemCode` varchar(255) NOT NULL,
  `itemID` bigint(20) DEFAULT NULL,
  `barcode` varchar(255) NOT NULL,
  `itemName` varchar(255) DEFAULT NULL,
  `classificationName` varchar(255) DEFAULT NULL,
  `unitOfMeasurement` varchar(255) DEFAULT NULL,
  `inventoryStorageOfficeName` varchar(255) DEFAULT NULL,
  `inventoryStorageOfficeCode` varchar(255) NOT NULL,
  `quantity` int(11) DEFAULT NULL,
  `incidentInformation` longtext DEFAULT NULL,
  `incidentRecommendation` longtext DEFAULT NULL,
  `createdBy` bigint(20) NOT NULL,
  `updatedBy` bigint(20) NOT NULL,
  `createdAt` timestamp NOT NULL DEFAULT current_timestamp(),
  `updatedAt` timestamp NOT NULL DEFAULT current_timestamp() ON UPDATE current_timestamp()
) ENGINE=InnoDB DEFAULT CHARSET=utf8mb4;

-- --------------------------------------------------------

--
-- Table structure for table `ims_inventory_incident_tbl`
--

CREATE TABLE `ims_inventory_incident_tbl` (
  `incidentID` bigint(20) NOT NULL,
  `reviseIncidentID` bigint(20) DEFAULT NULL,
  `employeeID` bigint(20) NOT NULL,
  `incidentActionPlan` longtext NOT NULL,
  `incidentEmployeeID` bigint(20) DEFAULT NULL,
  `incidentTargetCompletion` date DEFAULT NULL,
  `approversID` text DEFAULT NULL,
  `approversStatus` text DEFAULT NULL,
  `approversDate` text DEFAULT NULL,
  `incidentStatus` int(11) NOT NULL,
  `incidentReason` longtext DEFAULT NULL,
  `incidentRemarks` longtext DEFAULT NULL,
  `submittedAt` timestamp NOT NULL DEFAULT current_timestamp(),
  `createdBy` bigint(20) NOT NULL,
  `updatedBy` bigint(20) NOT NULL,
  `createdAt` timestamp NOT NULL DEFAULT current_timestamp(),
  `updatedAt` timestamp NOT NULL DEFAULT current_timestamp() ON UPDATE current_timestamp()
) ENGINE=InnoDB DEFAULT CHARSET=utf8mb4;

-- --------------------------------------------------------

--
-- Table structure for table `ims_inventory_item_tbl`
--

CREATE TABLE `ims_inventory_item_tbl` (
  `itemID` bigint(20) NOT NULL,
  `itemCode` varchar(255) CHARACTER SET utf8mb4 COLLATE utf8mb4_unicode_ci NOT NULL,
  `itemName` varchar(255) CHARACTER SET utf8mb4 COLLATE utf8mb4_unicode_ci NOT NULL,
  `brandName` text CHARACTER SET utf8mb4 COLLATE utf8mb4_unicode_ci NOT NULL,
  `classificationID` bigint(20) NOT NULL,
  `categoryID` bigint(20) NOT NULL,
  `itemSize` varchar(255) CHARACTER SET utf8mb4 COLLATE utf8mb4_unicode_ci NOT NULL,
  `unitOfMeasurementID` varchar(255) CHARACTER SET utf8mb4 COLLATE utf8mb4_unicode_ci NOT NULL,
  `basePrice` decimal(10,2) NOT NULL,
  `reOrderLevel` int(50) NOT NULL,
  `vatType` varchar(255) CHARACTER SET utf8mb4 COLLATE utf8mb4_unicode_ci NOT NULL,
  `itemDescription` text CHARACTER SET utf8mb4 COLLATE utf8mb4_unicode_ci NOT NULL,
  `itemImage` text CHARACTER SET utf8mb4 COLLATE utf8mb4_unicode_ci DEFAULT NULL,
  `itemStatus` int(50) NOT NULL,
  `datecreated` date NOT NULL DEFAULT current_timestamp(),
  `createdBy` bigint(20) NOT NULL,
  `updatedBy` bigint(20) NOT NULL,
  `createdAt` timestamp NOT NULL DEFAULT current_timestamp(),
  `updatedAt` timestamp NOT NULL DEFAULT current_timestamp() ON UPDATE current_timestamp()
) ENGINE=InnoDB DEFAULT CHARSET=utf8mb4;

-- --------------------------------------------------------

--
-- Table structure for table `ims_inventory_price_list_tbl`
--

CREATE TABLE `ims_inventory_price_list_tbl` (
  `priceListID` bigint(20) NOT NULL,
  `itemID` bigint(20) DEFAULT NULL,
  `assetID` bigint(21) DEFAULT NULL,
  `inventoryVendorID` bigint(20) NOT NULL,
  `inventoryVendorName` text DEFAULT NULL,
  `vendorCurrentPrice` decimal(10,2) NOT NULL,
  `preferred` int(11) NOT NULL,
  `createdBy` bigint(20) NOT NULL,
  `updatedBy` bigint(20) NOT NULL,
  `createdAt` timestamp NOT NULL DEFAULT current_timestamp(),
  `updatedAt` datetime NOT NULL
) ENGINE=InnoDB DEFAULT CHARSET=utf8mb4;

--
-- Dumping data for table `ims_inventory_price_list_tbl`
--

INSERT INTO `ims_inventory_price_list_tbl` (`priceListID`, `itemID`, `assetID`, `inventoryVendorID`, `inventoryVendorName`, `vendorCurrentPrice`, `preferred`, `createdBy`, `updatedBy`, `createdAt`, `updatedAt`) VALUES
(5, 2, NULL, 1, 'GLI Construction Services', '25.00', 1, 1, 1, '2021-10-20 06:58:11', '2021-10-20 02:57:58'),
(6, 2, NULL, 2, 'Monark Equipment Corporation', '28.00', 1, 1, 1, '2021-10-20 06:58:11', '2021-10-20 02:57:59'),
(7, 2, NULL, 3, 'Holcim', '30.00', 1, 1, 1, '2021-10-20 06:58:11', '2021-10-20 02:58:02'),
(8, 2, NULL, 4, 'IQC', '35.00', 0, 1, 1, '2021-10-20 06:58:11', '2021-10-20 02:58:05'),
(9, 3, NULL, 1, 'GLI Construction Services', '25.00', 1, 1, 1, '2021-10-20 06:58:46', '2021-10-20 02:58:36'),
(10, 3, NULL, 2, 'Monark Equipment Corporation', '30.00', 1, 1, 1, '2021-10-20 06:58:46', '2021-10-20 02:58:38'),
(11, 3, NULL, 3, 'Holcim', '40.00', 1, 1, 1, '2021-10-20 06:58:46', '2021-10-20 02:58:40'),
(12, 3, NULL, 4, 'IQC', '45.00', 0, 1, 1, '2021-10-20 06:58:46', '2021-10-20 02:58:41'),
(13, 4, NULL, 1, 'GLI Construction Services', '35.00', 1, 1, 1, '2021-10-20 06:59:30', '2021-10-20 02:59:19'),
(14, 4, NULL, 2, 'Monark Equipment Corporation', '38.00', 1, 1, 1, '2021-10-20 06:59:30', '2021-10-20 02:59:21'),
(15, 4, NULL, 3, 'Holcim', '40.00', 1, 1, 1, '2021-10-20 06:59:30', '2021-10-20 02:59:22'),
(16, 4, NULL, 4, 'IQC', '45.00', 0, 1, 1, '2021-10-20 06:59:30', '2021-10-20 02:59:23'),
(17, 5, NULL, 1, 'GLI Construction Services', '155.00', 1, 1, 1, '2021-10-20 07:00:12', '2021-10-20 02:59:59'),
(18, 5, NULL, 2, 'Monark Equipment Corporation', '180.00', 1, 1, 1, '2021-10-20 07:00:12', '2021-10-20 03:00:02'),
(19, 5, NULL, 3, 'Holcim', '190.00', 1, 1, 1, '2021-10-20 07:00:12', '2021-10-20 03:00:04'),
(20, 5, NULL, 4, 'IQC', '200.00', 0, 1, 1, '2021-10-20 07:00:12', '2021-10-20 03:00:05'),
(21, 6, NULL, 1, 'GLI Construction Services', '150.00', 1, 1, 1, '2021-10-20 07:00:48', '2021-10-20 03:00:34'),
(22, 6, NULL, 2, 'Monark Equipment Corporation', '180.00', 1, 1, 1, '2021-10-20 07:00:48', '2021-10-20 03:00:37'),
(23, 6, NULL, 3, 'Holcim', '190.00', 1, 1, 1, '2021-10-20 07:00:48', '2021-10-20 03:00:39'),
(24, 6, NULL, 4, 'IQC', '220.00', 0, 1, 1, '2021-10-20 07:00:48', '2021-10-20 03:00:41'),
(25, 7, NULL, 1, 'GLI Construction Services', '50.00', 1, 1, 1, '2021-10-20 07:01:29', '2021-10-20 03:01:17'),
(26, 7, NULL, 2, 'Monark Equipment Corporation', '55.00', 1, 1, 1, '2021-10-20 07:01:29', '2021-10-20 03:01:19'),
(27, 7, NULL, 3, 'Holcim', '70.00', 1, 1, 1, '2021-10-20 07:01:29', '2021-10-20 03:01:21'),
(28, 7, NULL, 4, 'IQC', '85.00', 0, 1, 1, '2021-10-20 07:01:29', '2021-10-20 03:01:24'),
(29, 8, NULL, 1, 'GLI Construction Services', '250.00', 1, 1, 1, '2021-10-20 07:02:04', '2021-10-20 03:01:52'),
(30, 8, NULL, 2, 'Monark Equipment Corporation', '230.00', 1, 1, 1, '2021-10-20 07:02:04', '2021-10-20 03:01:54'),
(31, 8, NULL, 3, 'Holcim', '220.00', 1, 1, 1, '2021-10-20 07:02:04', '2021-10-20 03:01:56'),
(32, 8, NULL, 4, 'IQC', '200.00', 0, 1, 1, '2021-10-20 07:02:04', '2021-10-20 03:01:58'),
(33, 9, NULL, 1, 'GLI Construction Services', '25.00', 1, 1, 1, '2021-10-20 07:02:41', '2021-10-20 03:02:31'),
(34, 9, NULL, 2, 'Monark Equipment Corporation', '23.00', 1, 1, 1, '2021-10-20 07:02:41', '2021-10-20 03:02:33'),
(35, 9, NULL, 3, 'Holcim', '28.00', 1, 1, 1, '2021-10-20 07:02:41', '2021-10-20 03:02:34'),
(36, 9, NULL, 4, 'IQC', '30.00', 0, 1, 1, '2021-10-20 07:02:41', '2021-10-20 03:02:36'),
(37, 10, NULL, 1, 'GLI Construction Services', '49.00', 1, 1, 1, '2021-10-20 07:03:46', '2021-10-20 03:03:27'),
(38, 10, NULL, 2, 'Monark Equipment Corporation', '59.00', 1, 1, 1, '2021-10-20 07:03:46', '2021-10-20 03:03:29'),
(39, 10, NULL, 3, 'Holcim', '79.00', 1, 1, 1, '2021-10-20 07:03:46', '2021-10-20 03:03:32'),
(40, 10, NULL, 4, 'IQC', '89.00', 0, 1, 1, '2021-10-20 07:03:46', '2021-10-20 03:03:36'),
(45, NULL, 5, 1, 'GLI Construction Services', '3500.00', 1, 1, 1, '2021-10-20 07:05:05', '2021-10-20 03:04:49'),
(46, NULL, 5, 2, 'Monark Equipment Corporation', '4000.00', 1, 1, 1, '2021-10-20 07:05:05', '2021-10-20 03:04:52'),
(47, NULL, 5, 3, 'Holcim', '5000.00', 1, 1, 1, '2021-10-20 07:05:05', '2021-10-20 03:04:55'),
(48, NULL, 5, 4, 'IQC', '7000.00', 0, 1, 1, '2021-10-20 07:05:05', '2021-10-20 03:04:58'),
(49, NULL, 7, 1, 'GLI Construction Services', '4000.00', 1, 1, 1, '2021-10-20 07:05:40', '2021-10-20 03:05:24'),
(50, NULL, 7, 2, 'Monark Equipment Corporation', '3500.00', 1, 1, 1, '2021-10-20 07:05:40', '2021-10-20 03:05:27'),
(51, NULL, 7, 3, 'Holcim', '3700.00', 1, 1, 1, '2021-10-20 07:05:40', '2021-10-20 03:05:30'),
(52, NULL, 7, 4, 'IQC', '7000.00', 0, 1, 1, '2021-10-20 07:05:40', '2021-10-20 03:05:33'),
(53, NULL, 8, 1, 'GLI Construction Services', '5000.00', 1, 1, 1, '2021-10-20 07:06:13', '2021-10-20 03:06:01'),
(54, NULL, 8, 2, 'Monark Equipment Corporation', '5800.00', 1, 1, 1, '2021-10-20 07:06:13', '2021-10-20 03:06:03'),
(55, NULL, 8, 3, 'Holcim', '7000.00', 1, 1, 1, '2021-10-20 07:06:13', '2021-10-20 03:06:05'),
(56, NULL, 8, 4, 'IQC', '8000.00', 0, 1, 1, '2021-10-20 07:06:13', '2021-10-20 03:06:07'),
(61, NULL, 2, 1, 'GLI Construction Services', '2000.00', 1, 1, 1, '2021-10-20 07:08:31', '2021-10-20 03:08:17'),
(62, NULL, 2, 2, 'Monark Equipment Corporation', '1000.00', 1, 1, 1, '2021-10-20 07:08:31', '2021-10-20 03:08:19'),
(63, NULL, 2, 3, 'Holcim', '3000.00', 1, 1, 1, '2021-10-20 07:08:31', '2021-10-20 03:08:22'),
(64, NULL, 2, 4, 'IQC', '4000.00', 0, 1, 1, '2021-10-20 07:08:31', '2021-10-20 03:08:24'),
(65, NULL, 3, 1, 'GLI Construction Services', '2000.00', 1, 1, 1, '2021-10-20 07:09:01', '2021-10-20 03:08:50'),
(66, NULL, 3, 2, 'Monark Equipment Corporation', '1000.00', 1, 1, 1, '2021-10-20 07:09:01', '2021-10-20 03:08:52'),
(67, NULL, 3, 3, 'Holcim', '3000.00', 1, 1, 1, '2021-10-20 07:09:01', '2021-10-20 03:08:54'),
(68, NULL, 3, 4, 'IQC', '4000.00', 0, 1, 1, '2021-10-20 07:09:01', '2021-10-20 03:08:56'),
(69, NULL, 6, 1, 'GLI Construction Services', '2000.00', 1, 1, 1, '2021-10-20 07:09:35', '2021-10-20 03:09:20'),
(70, NULL, 6, 2, 'Monark Equipment Corporation', '4000.00', 1, 1, 1, '2021-10-20 07:09:35', '2021-10-20 03:09:24'),
(71, NULL, 6, 3, 'Holcim', '5000.00', 1, 1, 1, '2021-10-20 07:09:35', '2021-10-20 03:09:27'),
(72, NULL, 6, 4, 'IQC', '7000.00', 0, 1, 1, '2021-10-20 07:09:35', '2021-10-20 03:09:29'),
(73, 1, NULL, 1, 'GLI Construction Services', '20.00', 1, 7, 7, '2021-10-26 04:55:00', '2021-10-26 12:54:55'),
(74, 1, NULL, 5, 'Dency\'s Hardware Tools & Equipment Shop', '15.00', 1, 7, 7, '2021-10-26 04:55:00', '2021-10-20 02:56:52'),
(75, 1, NULL, 2, 'Monark Equipment Corporation', '18.00', 1, 7, 7, '2021-10-26 04:55:00', '2021-10-20 02:56:54'),
(76, 1, NULL, 4, 'IQC', '12.00', 0, 7, 7, '2021-10-26 04:55:00', '2021-10-20 02:56:55'),
(77, 13, NULL, 1, 'GLI Construction Services', '100.00', 1, 1, 1, '2021-11-05 07:15:15', '2021-11-05 03:15:08'),
(78, 13, NULL, 2, 'Monark Equipment Corporation', '200.00', 1, 1, 1, '2021-11-05 07:15:15', '2021-11-05 03:15:09'),
(79, 13, NULL, 5, 'Dency\'s Hardware Tools & Equipment Shop', '150.00', 1, 1, 1, '2021-11-05 07:15:15', '2021-11-05 03:15:10'),
(80, NULL, 9, 1, 'GLI Construction Services', '150.00', 1, 1, 1, '2021-11-05 07:18:07', '2021-11-05 03:17:58'),
(81, NULL, 9, 2, 'Monark Equipment Corporation', '100.00', 1, 1, 1, '2021-11-05 07:18:07', '2021-11-05 03:17:59'),
(82, NULL, 9, 3, 'Holcim', '1500.00', 1, 1, 1, '2021-11-05 07:18:07', '2021-11-05 03:18:02'),
(83, 14, NULL, 5, 'Dency\'s Hardware Tools & Equipment Shop', '80.00', 1, 7, 7, '2021-11-11 02:29:05', '2021-11-11 10:28:17'),
(84, 14, NULL, 4, 'IQC', '85.00', 1, 7, 7, '2021-11-11 02:29:05', '2021-11-11 10:28:29'),
(85, 14, NULL, 3, 'Holcim', '90.00', 0, 7, 7, '2021-11-11 02:29:05', '2021-11-11 10:28:41'),
(86, 14, NULL, 2, 'Monark Equipment Corporation', '90.00', 1, 7, 7, '2021-11-11 02:29:05', '2021-11-11 10:28:53'),
(87, NULL, 4, 1, 'GLI Construction Services', '2000.00', 1, 7, 7, '2021-11-25 06:54:05', '2021-10-20 03:04:16'),
(88, NULL, 4, 2, 'Monark Equipment Corporation', '2500.00', 1, 7, 7, '2021-11-25 06:54:05', '2021-10-20 03:04:18'),
(89, NULL, 4, 3, 'Holcim', '2400.00', 1, 7, 7, '2021-11-25 06:54:05', '2021-11-25 02:53:02'),
(90, NULL, 4, 4, 'IQC', '3000.00', 0, 7, 7, '2021-11-25 06:54:05', '2021-10-20 03:04:23'),
(91, NULL, 1, 1, 'GLI Construction Services', '2000.00', 1, 7, 7, '2021-12-02 03:35:01', '2021-10-20 03:06:40'),
(92, NULL, 1, 2, 'Monark Equipment Corporation', '3000.00', 1, 7, 7, '2021-12-02 03:35:01', '2021-10-20 03:06:42'),
(93, NULL, 1, 3, 'Holcim', '5000.00', 1, 7, 7, '2021-12-02 03:35:01', '2021-12-02 11:33:55'),
(94, NULL, 1, 4, 'IQC', '5000.00', 0, 7, 7, '2021-12-02 03:35:01', '2021-10-20 03:06:47'),
(95, NULL, 1, 5, 'Dency\'s Hardware Tools & Equipment Shop', '1000.00', 0, 7, 7, '2021-12-02 03:35:01', '2021-12-02 11:34:57');

-- --------------------------------------------------------

--
-- Table structure for table `ims_inventory_receiving_details_tbl`
--

CREATE TABLE `ims_inventory_receiving_details_tbl` (
  `inventoryReceivingDetailsID` bigint(20) NOT NULL,
  `inventoryReceivingID` bigint(20) NOT NULL,
  `requestItemID` bigint(20) DEFAULT NULL,
  `itemID` bigint(20) NOT NULL,
  `received` decimal(10,2) DEFAULT NULL,
  `remarks` longtext COLLATE utf8mb4_unicode_ci DEFAULT NULL,
  `createdBy` bigint(20) NOT NULL,
  `updatedBy` bigint(20) NOT NULL,
  `createdAt` timestamp NOT NULL DEFAULT current_timestamp(),
  `updatedAt` timestamp NOT NULL DEFAULT current_timestamp() ON UPDATE current_timestamp()
) ENGINE=InnoDB DEFAULT CHARSET=utf8mb4 COLLATE=utf8mb4_unicode_ci;

-- --------------------------------------------------------

--
-- Table structure for table `ims_inventory_receiving_tbl`
--

CREATE TABLE `ims_inventory_receiving_tbl` (
  `inventoryReceivingID` bigint(20) NOT NULL,
  `reviseInventoryReceivingID` bigint(20) DEFAULT NULL,
  `inventoryReceivingCode` varchar(255) CHARACTER SET utf8 COLLATE utf8_unicode_ci DEFAULT NULL,
  `employeeID` bigint(20) NOT NULL,
  `purchaseOrderID` bigint(20) DEFAULT NULL,
  `purchaseOrderCode` varchar(255) CHARACTER SET utf8 COLLATE utf8_unicode_ci DEFAULT NULL,
  `recordID` bigint(255) NOT NULL,
  `timelineBuilderID` bigint(20) DEFAULT NULL,
  `projectCode` text CHARACTER SET utf8 COLLATE utf8_unicode_ci NOT NULL,
  `projectName` text CHARACTER SET utf8 COLLATE utf8_unicode_ci NOT NULL,
  `projectCategory` varchar(255) CHARACTER SET utf8 COLLATE utf8_unicode_ci NOT NULL,
  `clientCode` varchar(255) CHARACTER SET utf8 COLLATE utf8_unicode_ci NOT NULL,
  `clientName` text CHARACTER SET utf8 COLLATE utf8_unicode_ci NOT NULL,
  `clientAddress` text CHARACTER SET utf8 COLLATE utf8_unicode_ci NOT NULL,
  `receiptNo` varchar(255) CHARACTER SET utf8 COLLATE utf8_unicode_ci NOT NULL,
  `dateReceived` date NOT NULL,
  `approversID` text CHARACTER SET utf8 COLLATE utf8_unicode_ci DEFAULT NULL,
  `approversStatus` text CHARACTER SET utf8 COLLATE utf8_unicode_ci DEFAULT NULL,
  `approversDate` text CHARACTER SET utf8 COLLATE utf8_unicode_ci DEFAULT NULL,
  `inventoryReceivingStatus` int(11) NOT NULL,
  `inventoryReceivingReason` longtext CHARACTER SET utf8 COLLATE utf8_unicode_ci DEFAULT NULL,
  `inventoryReceivingRemarks` longtext CHARACTER SET utf8 COLLATE utf8_unicode_ci DEFAULT NULL,
  `submittedAt` timestamp NULL DEFAULT NULL,
  `createdBy` bigint(20) NOT NULL,
  `updatedBy` bigint(20) NOT NULL,
  `createdAt` timestamp NOT NULL DEFAULT current_timestamp(),
  `updatedAt` timestamp NOT NULL DEFAULT current_timestamp() ON UPDATE current_timestamp()
) ENGINE=InnoDB DEFAULT CHARSET=utf8mb4 COLLATE=utf8mb4_unicode_ci;

-- --------------------------------------------------------

--
-- Table structure for table `ims_inventory_request_details_tbl`
--

CREATE TABLE `ims_inventory_request_details_tbl` (
  `inventoryRequestID` bigint(255) NOT NULL,
  `inventoryReceivingID` int(255) DEFAULT NULL,
  `inventoryCode` varchar(255) COLLATE utf8mb4_unicode_ci DEFAULT NULL,
  `returnItemID` int(255) DEFAULT NULL,
  `materialUsageID` int(255) DEFAULT NULL,
  `requestItemID` int(255) NOT NULL,
  `recordID` bigint(255) NOT NULL,
  `itemID` int(255) DEFAULT NULL,
  `itemCode` varchar(255) COLLATE utf8mb4_unicode_ci DEFAULT NULL,
  `itemName` varchar(255) COLLATE utf8mb4_unicode_ci DEFAULT NULL,
  `Brand` text COLLATE utf8mb4_unicode_ci DEFAULT NULL,
  `borrowedQuantity` decimal(15,2) DEFAULT NULL,
  `quantity` decimal(15,2) NOT NULL,
  `used` decimal(15,2) NOT NULL,
  `unused` decimal(15,2) NOT NULL,
  `receivedQuantity` decimal(15,2) DEFAULT NULL,
  `borrowedDate` date DEFAULT NULL,
  `remainingQuantity` decimal(15,2) DEFAULT NULL,
  `classificationID` int(255) DEFAULT NULL,
  `classificationName` varchar(255) COLLATE utf8mb4_unicode_ci DEFAULT NULL,
  `categoryID` int(255) DEFAULT NULL,
  `categoryName` varchar(255) COLLATE utf8mb4_unicode_ci DEFAULT NULL,
  `manHours` varchar(255) COLLATE utf8mb4_unicode_ci NOT NULL,
  `uom` varchar(255) COLLATE utf8mb4_unicode_ci NOT NULL,
  `remarks` text COLLATE utf8mb4_unicode_ci NOT NULL,
  `createdBy` int(255) NOT NULL,
  `updatedBy` int(255) NOT NULL,
  `createAt` timestamp NOT NULL DEFAULT current_timestamp() ON UPDATE current_timestamp(),
  `updatedAt` timestamp NOT NULL DEFAULT current_timestamp() ON UPDATE current_timestamp()
) ENGINE=InnoDB DEFAULT CHARSET=utf8mb4 COLLATE=utf8mb4_unicode_ci;

-- --------------------------------------------------------

--
-- Table structure for table `ims_inventory_request_serial_tbl`
--

CREATE TABLE `ims_inventory_request_serial_tbl` (
  `inventoryRequestSerialID` bigint(255) NOT NULL,
  `inventoryRequestID` bigint(255) DEFAULT NULL,
  `returnItemID` bigint(255) DEFAULT NULL,
  `inventoryReceivingID` bigint(255) DEFAULT NULL,
  `materialUsageID` bigint(255) DEFAULT NULL,
  `itemID` bigint(255) NOT NULL,
  `serialNumber` varchar(255) COLLATE utf8mb4_unicode_ci DEFAULT NULL,
  `createdBy` int(255) NOT NULL,
  `createdAt` datetime NOT NULL,
  `updatedBy` int(255) NOT NULL
) ENGINE=InnoDB DEFAULT CHARSET=utf8mb4 COLLATE=utf8mb4_unicode_ci;

-- --------------------------------------------------------

--
-- Table structure for table `ims_inventory_storage_tbl`
--

CREATE TABLE `ims_inventory_storage_tbl` (
  `inventoryStorageID` bigint(120) NOT NULL,
  `inventoryStorageCode` varchar(225) NOT NULL,
  `inventoryStorageOfficeName` varchar(80) NOT NULL,
  `inventoryStorageUnitNumber` varchar(80) NOT NULL,
  `inventoryStorageHouseNumber` varchar(80) NOT NULL,
  `inventoryStorageStreetName` varchar(80) NOT NULL,
  `inventoryStorageSubdivisionName` varchar(80) NOT NULL,
  `inventoryStorageBarangay` varchar(80) NOT NULL,
  `inventoryStorageMunicipality` varchar(80) NOT NULL,
  `inventoryStorageProvince` varchar(80) NOT NULL,
  `inventoryStorageRegion` varchar(255) NOT NULL,
  `inventoryStorageCountry` varchar(80) NOT NULL,
  `inventoryStorageZipCode` int(80) NOT NULL,
  `inventoryStorageNumber` bigint(50) DEFAULT NULL,
  `inventoryStorageFloor` bigint(50) DEFAULT NULL,
  `inventoryStorageRoom` bigint(50) DEFAULT NULL,
  `inventoryStorageBay` bigint(50) DEFAULT NULL,
  `inventoryStorageLevel` bigint(50) DEFAULT NULL,
  `inventoryStorageShelves` varchar(50) DEFAULT NULL,
  `inventoryStorageRoomType` varchar(80) DEFAULT NULL,
  `inventoryStorageDepartment` varchar(80) DEFAULT NULL,
  `inventoryStorageStatus` varchar(120) NOT NULL,
  `createdBy` bigint(80) NOT NULL,
  `createdAt` timestamp(6) NOT NULL DEFAULT current_timestamp(6),
  `updatedBy` bigint(80) NOT NULL,
  `updatedAt` timestamp(6) NOT NULL DEFAULT current_timestamp(6) ON UPDATE current_timestamp(6)
) ENGINE=InnoDB DEFAULT CHARSET=utf8mb4;

--
-- Dumping data for table `ims_inventory_storage_tbl`
--

INSERT INTO `ims_inventory_storage_tbl` (`inventoryStorageID`, `inventoryStorageCode`, `inventoryStorageOfficeName`, `inventoryStorageUnitNumber`, `inventoryStorageHouseNumber`, `inventoryStorageStreetName`, `inventoryStorageSubdivisionName`, `inventoryStorageBarangay`, `inventoryStorageMunicipality`, `inventoryStorageProvince`, `inventoryStorageRegion`, `inventoryStorageCountry`, `inventoryStorageZipCode`, `inventoryStorageNumber`, `inventoryStorageFloor`, `inventoryStorageRoom`, `inventoryStorageBay`, `inventoryStorageLevel`, `inventoryStorageShelves`, `inventoryStorageRoomType`, `inventoryStorageDepartment`, `inventoryStorageStatus`, `createdBy`, `createdAt`, `updatedBy`, `updatedAt`) VALUES
(1, 'ISM-21-00001', 'Equipment Storage', '23', '28', 'St. Paul', 'Ortigas Center', 'ALOGOOG', 'BADOC', 'ILOCOS NORTE', '01', 'Philippines', 1119, 1, 1, 1, 1, 1, '1', 'Operation Department', '3', '1', 1, '2021-08-31 07:35:08.002794', 1, '2021-10-05 07:08:20.030396'),
(2, 'ISM-21-00002', 'Hand tools Storage', '23', '28', 'St. Paul', 'Ortigas Center', 'ALOGOOG', 'BADOC', 'ILOCOS NORTE', '01', 'Philippines', 1119, 1, 2, 1, 2, 1, '1', NULL, NULL, '1', 1, '2021-09-21 02:45:52.702503', 1, '2021-10-05 03:37:36.527497'),
(3, 'ISM-21-00003', 'Consumable Storage', '23', '28', 'St. Paul', 'Ortigas Center', 'ALOGOOG', 'BADOC', 'ILOCOS NORTE', '01', 'Philippines', 1611, 1, 2, 2, 3, 4, '1', NULL, NULL, '1', 1, '2021-09-21 02:47:04.760972', 1, '2021-10-05 07:08:05.133465'),
(4, 'ISM-21-00004', 'Office Supply Storage', '', '20', 'Ganaden', 'Ganaden', 'CAMBALY', 'BAGULIN', 'LA UNION', '01', 'Philippines', 2500, 1, 2, 1, 2, 2, '11', NULL, NULL, '1', 1, '2021-10-20 06:44:54.377160', 1, '2021-10-20 06:44:54.377160'),
(5, 'ISM-21-00005', 'Office Equipment Storage', '', '20', 'Ganaden', 'Ganaden', 'AR-ARAMPANG', 'BALAOAN', 'LA UNION', '01', 'Philippines', 2500, 1, 2, 1, 2, 2, '12', NULL, NULL, '1', 1, '2021-10-20 06:46:16.248130', 1, '2021-10-20 06:46:16.248130'),
(6, 'ISM-21-00006', 'Protective Gear Storage', '12', '28', 'St. Paul', 'Mc Arthur Highway', 'BARANGAY ZONE 1 (POB.)', 'ATIMONAN', 'QUEZON', '4A', 'Philippines', 2500, 0, 0, 0, 0, 0, '', NULL, NULL, '1', 2, '2021-10-22 07:03:51.490405', 2, '2021-10-22 07:03:51.490405'),
(7, 'ISM-21-00007', 'House Keeping Equipment', '', '28', 'St. Paul', 'Mc Arthur Highway', 'CABUGAO', 'BURDEOS', 'QUEZON', '4A', 'Philippines', 2500, 0, 0, 0, 0, 0, '', NULL, NULL, '1', 2, '2021-10-22 07:05:16.592878', 2, '2021-10-22 07:05:16.592878'),
(8, 'ISM-21-00008', 'Testing Storages', '1701', 'Antel Building', 'Julia Vargas', 'Julia Vargas', 'PAYATAS', 'QUEZON CITY', 'NATIONAL CAPITAL REGION - SECOND DISTRICT', 'NCR', 'Philippines', 1999, 1, 1, 2, 1, 1, '2', NULL, NULL, '1', 2, '2021-12-15 00:47:31.033203', 2, '2021-12-15 00:53:55.810312');

-- --------------------------------------------------------

--
-- Table structure for table `ims_inventory_validation_tbl`
--

CREATE TABLE `ims_inventory_validation_tbl` (
  `inventoryValidationID` bigint(20) NOT NULL,
  `reviseInventoryValidationID` bigint(20) DEFAULT NULL,
  `inventoryValidationCode` text COLLATE utf8mb4_unicode_ci DEFAULT NULL,
  `materialRequestID` bigint(20) NOT NULL,
  `materialRequestCode` text COLLATE utf8mb4_unicode_ci DEFAULT NULL,
  `costEstimateID` bigint(20) DEFAULT NULL,
  `costEstimateCode` text COLLATE utf8mb4_unicode_ci DEFAULT NULL,
  `billMaterialID` bigint(20) DEFAULT NULL,
  `billMaterialCode` text COLLATE utf8mb4_unicode_ci DEFAULT NULL,
  `employeeID` bigint(20) NOT NULL,
  `timelineBuilderID` bigint(20) DEFAULT NULL,
  `projectCode` varchar(200) COLLATE utf8mb4_unicode_ci DEFAULT NULL,
  `projectName` text COLLATE utf8mb4_unicode_ci DEFAULT NULL,
  `projectCategory` varchar(200) COLLATE utf8mb4_unicode_ci DEFAULT NULL,
  `clientCode` varchar(100) COLLATE utf8mb4_unicode_ci DEFAULT NULL,
  `clientName` text COLLATE utf8mb4_unicode_ci DEFAULT NULL,
  `clientAddress` text COLLATE utf8mb4_unicode_ci DEFAULT NULL,
  `approversID` text COLLATE utf8mb4_unicode_ci DEFAULT NULL,
  `approversStatus` text COLLATE utf8mb4_unicode_ci DEFAULT NULL,
  `approversDate` text COLLATE utf8mb4_unicode_ci DEFAULT NULL,
  `inventoryValidationStatus` int(11) NOT NULL,
  `inventoryValidationReason` text COLLATE utf8mb4_unicode_ci DEFAULT NULL,
  `inventoryValidationRemarks` text COLLATE utf8mb4_unicode_ci DEFAULT NULL,
  `dateNeeded` date DEFAULT NULL,
  `submittedAt` timestamp NULL DEFAULT NULL,
  `createdBy` bigint(20) DEFAULT NULL,
  `updatedBy` bigint(20) DEFAULT NULL,
  `createdAt` timestamp NULL DEFAULT current_timestamp(),
  `updatedAt` timestamp NULL DEFAULT current_timestamp() ON UPDATE current_timestamp()
) ENGINE=InnoDB DEFAULT CHARSET=utf8mb4 COLLATE=utf8mb4_unicode_ci;

-- --------------------------------------------------------

--
-- Table structure for table `ims_inventory_vehicle_tbl`
--

CREATE TABLE `ims_inventory_vehicle_tbl` (
  `vehicleID` bigint(20) NOT NULL,
  `vehicleName` varchar(255) COLLATE utf8mb4_unicode_ci NOT NULL,
  `vehiclePlateNumber` varchar(255) COLLATE utf8mb4_unicode_ci NOT NULL,
  `vehicleFuelConsumption` decimal(10,2) NOT NULL,
  `vehicleGasType` int(50) NOT NULL,
  `acquisitionDate` date NOT NULL,
  `vehicleCost` decimal(10,2) NOT NULL,
  `vehicleSalvageValue` decimal(10,2) NOT NULL,
  `vehicleUsefulLife` decimal(10,2) NOT NULL,
  `vehicleImage` text COLLATE utf8mb4_unicode_ci DEFAULT NULL,
  `vehicleDepreciation` decimal(10,2) NOT NULL,
  `vehicleHourRate` decimal(10,2) NOT NULL,
  `vehicleProviderFee` decimal(12,2) DEFAULT NULL,
  `vehicleStatus` int(50) NOT NULL,
  `createdBy` bigint(20) NOT NULL,
  `updatedBy` bigint(20) NOT NULL,
  `createdAt` timestamp NOT NULL DEFAULT current_timestamp(),
  `updatedAt` timestamp NOT NULL DEFAULT current_timestamp()
) ENGINE=InnoDB DEFAULT CHARSET=utf8mb4 COLLATE=utf8mb4_unicode_ci;

--
-- Dumping data for table `ims_inventory_vehicle_tbl`
--

INSERT INTO `ims_inventory_vehicle_tbl` (`vehicleID`, `vehicleName`, `vehiclePlateNumber`, `vehicleFuelConsumption`, `vehicleGasType`, `acquisitionDate`, `vehicleCost`, `vehicleSalvageValue`, `vehicleUsefulLife`, `vehicleImage`, `vehicleDepreciation`, `vehicleHourRate`, `vehicleProviderFee`, `vehicleStatus`, `createdBy`, `updatedBy`, `createdAt`, `updatedAt`) VALUES
(1, 'Volkswaggen Beatle', '4324 AVF', '34.67', 2, '2021-09-22', '350000.00', '100.00', '17.00', '01632221473.png', '1715.20', '2.38', '5000.00', 1, 1, 2, '2021-09-21 10:51:13', '2021-09-21 10:51:13'),
(2, 'Chevrolet Camaro', '244 FDGG', '242.00', 1, '2021-09-21', '221.00', '221.00', '34.00', NULL, '0.00', '0.00', '10000.00', 1, 1, 20, '2021-09-21 10:52:28', '2021-09-21 10:52:28');

-- --------------------------------------------------------

--
-- Table structure for table `ims_inventory_vendor_tbl`
--

CREATE TABLE `ims_inventory_vendor_tbl` (
  `inventoryVendorID` bigint(20) NOT NULL,
  `inventoryVendorCode` varchar(100) NOT NULL,
  `inventoryVendorName` varchar(100) NOT NULL,
  `inventoryVendorRegion` varchar(100) DEFAULT NULL,
  `inventoryVendorProvince` varchar(100) DEFAULT NULL,
  `inventoryVendorCity` varchar(100) DEFAULT NULL,
  `inventoryVendorBarangay` varchar(100) DEFAULT NULL,
  `inventoryVendorUnit` varchar(100) DEFAULT NULL,
  `inventoryVendorBuilding` varchar(100) DEFAULT NULL,
  `inventoryVendorStreet` varchar(100) DEFAULT NULL,
  `inventoryVendorSubdivision` varchar(100) DEFAULT NULL,
  `inventoryVendorCountry` varchar(100) DEFAULT NULL,
  `inventoryVendorZipCode` varchar(100) DEFAULT NULL,
  `inventoryVendorPerson` varchar(100) NOT NULL,
  `inventoryVendorEmail` varchar(100) NOT NULL,
  `inventoryVendorTIN` varchar(100) NOT NULL,
  `inventoryVendorMobile` varchar(100) NOT NULL,
  `inventoryVendorTelephone` varchar(100) NOT NULL,
  `inventoryVendorBrand` varchar(100) DEFAULT NULL,
  `inventoryVendorVAT` int(11) NOT NULL,
  `inventoryVendorFaxNumber` varchar(100) NOT NULL,
  `inventoryVendorEnterprise` varchar(100) NOT NULL,
  `inventoryVendorIndustry` varchar(100) NOT NULL,
  `bankID` bigint(20) NOT NULL,
  `inventoryVendorBankAccName` varchar(100) NOT NULL,
  `inventoryVendorBankAccNo` varchar(100) NOT NULL,
  `inventoryVendorOpeningHours` time NOT NULL,
  `inventoryVendorClosingHours` time NOT NULL,
  `file` text DEFAULT NULL,
  `inventoryVendorStatus` int(11) NOT NULL,
  `createdBy` bigint(20) NOT NULL,
  `updatedBy` bigint(20) NOT NULL,
  `createdAt` timestamp NOT NULL DEFAULT current_timestamp(),
  `updatedAt` timestamp NOT NULL DEFAULT current_timestamp() ON UPDATE current_timestamp()
) ENGINE=InnoDB DEFAULT CHARSET=utf8mb4;

--
-- Dumping data for table `ims_inventory_vendor_tbl`
--

INSERT INTO `ims_inventory_vendor_tbl` (`inventoryVendorID`, `inventoryVendorCode`, `inventoryVendorName`, `inventoryVendorRegion`, `inventoryVendorProvince`, `inventoryVendorCity`, `inventoryVendorBarangay`, `inventoryVendorUnit`, `inventoryVendorBuilding`, `inventoryVendorStreet`, `inventoryVendorSubdivision`, `inventoryVendorCountry`, `inventoryVendorZipCode`, `inventoryVendorPerson`, `inventoryVendorEmail`, `inventoryVendorTIN`, `inventoryVendorMobile`, `inventoryVendorTelephone`, `inventoryVendorBrand`, `inventoryVendorVAT`, `inventoryVendorFaxNumber`, `inventoryVendorEnterprise`, `inventoryVendorIndustry`, `bankID`, `inventoryVendorBankAccName`, `inventoryVendorBankAccNo`, `inventoryVendorOpeningHours`, `inventoryVendorClosingHours`, `file`, `inventoryVendorStatus`, `createdBy`, `updatedBy`, `createdAt`, `updatedAt`) VALUES
(1, 'VEN-21-00001', 'GLI Construction Services', 'CAR', 'BENGUET', 'BUGUIAS', 'AMGALEYGUEY', '', 'Infinity Square Building', 'Don Chino Roces Ave.', 'Downtown', 'Philippines', '2343', 'Krista Medina', 'krista@gliconstructionservices.com', '', '0960-575-5111', '(02)-8669-2000', 'Power tools', 0, '', 'Business Corporation', 'Hardware, Electrical Supplies, Construction, Plumbing, Paints', 0, '', '', '08:00:00', '17:00:00', 'blog-101635405854.jpg|blog-211635405854.jpg|blog-321635405854.jpg|BallPen01635906034.jpg|Blade11635906034.png', 1, 1, 2, '2021-10-20 06:48:59', '2021-11-11 02:41:44'),
(2, 'VEN-21-00002', 'Monark Equipment Corporation', 'NCR', 'NATIONAL CAPITAL REGION - SECOND DISTRICT', 'QUEZON CITY', 'BAGUMBAYAN', '', '13', 'Economia St.', '', 'Philippines', '1110', 'MP Givera', 'mpgivera@monark-cat.com', '', '0917-857-4617', '(02)-6352-6190', 'Hydraulic Oil', 1, '', 'Business Corporation', 'Hardware, Electrical Supplies, Construction, Plumbing, Paints', 0, '', '', '08:00:00', '17:00:00', 'EMPLOYEE ACCESSBILITY AND PERMISSION01635915385.docx', 1, 1, 2, '2021-10-20 06:50:32', '2021-11-03 04:56:25'),
(3, 'VEN-21-00003', 'Holcim', '01', 'LA UNION', 'BACNOTAN', 'QUIRINO', '', 'Q89M+CM2', 'Balaoan Road', '', 'Philippines', '2515', 'Erick Bandiola', '', '', '0995-681-9374', '', 'Erick Bandiola', 1, '', 'Business Corporation', 'Hardware, Electrical Supplies, Construction, Plumbing, Paints', 0, '', '', '08:00:00', '17:00:00', NULL, 1, 1, 1, '2021-10-20 06:52:18', '2021-10-20 06:52:18'),
(4, 'VEN-21-00004', 'IQC', '01', 'LA UNION', 'CITY OF SAN FERNANDO', 'PORO', '', '01', 'Pennsylvania Avenue', '', 'Philippines', '', 'Rocky Bumadilla', '', '', '0956-974-1036', '', 'Hardware', 1, '', 'Business Corporation', 'Hardware, Electrical Supplies, Construction, Plumbing, Paints', 0, '', '', '08:00:00', '17:00:00', NULL, 1, 1, 1, '2021-10-20 06:53:54', '2021-10-20 06:53:54'),
(5, 'VEN-21-00005', 'Dency\'s Hardware Tools & Equipment Shop', '01', 'LA UNION', 'CITY OF SAN FERNANDO', 'CATBANGEN', '', '79', 'Quezon Avenue, Zone 1', '', 'Philippines', '', 'Dency\'s Hardware Tools & Equipment Shop', 'dencyshdwe@yahoo.com', '', '0997-762-6786', '(07)-2205-0148', 'Tools and Equipments', 1, '', 'Business Corporation', 'Hardware, Electrical Supplies, Construction, Plumbing, Paints', 0, '', '', '08:00:00', '17:00:00', NULL, 1, 1, 1, '2021-10-20 06:55:29', '2021-10-20 06:55:29'),
(6, 'VEN-21-00006', 'Testing', '02', 'ISABELA', 'AURORA', 'BAGNOS', '', 'Test', 'Test', '', 'Test', '1234', 'Test', 'Test@gmail.com', '234-567-890-876', '0943-353-4565', '(53)-6789-0987', 'Test', 1, '', 'General Partnership', 'Car Dealer', 3, '', '', '08:00:00', '17:00:00', '', 1, 2, 2, '2021-12-15 00:53:20', '2021-12-15 01:59:18');

-- --------------------------------------------------------

--
-- Table structure for table `ims_material_request_tbl`
--

CREATE TABLE `ims_material_request_tbl` (
  `materialRequestID` bigint(20) NOT NULL,
  `reviseMaterialRequestID` bigint(20) DEFAULT NULL,
  `materialRequestCode` text COLLATE utf8mb4_unicode_ci DEFAULT NULL,
  `reviseMaterialRequestCode` text COLLATE utf8mb4_unicode_ci DEFAULT NULL,
  `costEstimateID` bigint(20) DEFAULT NULL,
  `costEstimateCode` text COLLATE utf8mb4_unicode_ci DEFAULT NULL,
  `billMaterialID` bigint(20) DEFAULT NULL,
  `billMaterialCode` text COLLATE utf8mb4_unicode_ci DEFAULT NULL,
  `employeeID` bigint(20) NOT NULL,
  `timelineBuilderID` bigint(20) DEFAULT NULL,
  `projectCode` varchar(200) COLLATE utf8mb4_unicode_ci DEFAULT NULL,
  `projectName` text COLLATE utf8mb4_unicode_ci DEFAULT NULL,
  `projectCategory` varchar(200) COLLATE utf8mb4_unicode_ci DEFAULT NULL,
  `clientCode` varchar(100) COLLATE utf8mb4_unicode_ci DEFAULT NULL,
  `clientName` text COLLATE utf8mb4_unicode_ci DEFAULT NULL,
  `clientAddress` text COLLATE utf8mb4_unicode_ci DEFAULT NULL,
  `approversID` text COLLATE utf8mb4_unicode_ci DEFAULT NULL,
  `approversStatus` text COLLATE utf8mb4_unicode_ci DEFAULT NULL,
  `approversDate` text COLLATE utf8mb4_unicode_ci DEFAULT NULL,
  `materialRequestStatus` int(11) NOT NULL,
  `materialRequestReason` text COLLATE utf8mb4_unicode_ci DEFAULT NULL,
  `materialRequestRemarks` text COLLATE utf8mb4_unicode_ci DEFAULT NULL,
  `dateNeeded` date DEFAULT NULL,
  `submittedAt` timestamp NULL DEFAULT NULL,
  `createdBy` bigint(20) DEFAULT NULL,
  `updatedBy` bigint(20) DEFAULT NULL,
  `createdAt` timestamp NOT NULL DEFAULT current_timestamp(),
  `updatedAt` timestamp NOT NULL DEFAULT current_timestamp() ON UPDATE current_timestamp()
) ENGINE=InnoDB DEFAULT CHARSET=utf8mb4 COLLATE=utf8mb4_unicode_ci;

-- --------------------------------------------------------

--
-- Table structure for table `ims_material_usage_tbl`
--

CREATE TABLE `ims_material_usage_tbl` (
  `materialUsageID` bigint(20) NOT NULL,
  `materialUsageCode` varchar(255) COLLATE utf8mb4_unicode_ci DEFAULT NULL,
  `reviseMaterialUsageID` bigint(20) DEFAULT NULL,
  `materialWithdrawalID` int(255) DEFAULT NULL,
  `materialWithdrawalCode` varchar(255) COLLATE utf8mb4_unicode_ci DEFAULT NULL,
  `inventoryValidationID` int(255) DEFAULT NULL,
  `inventoryValidationCode` varchar(255) COLLATE utf8mb4_unicode_ci DEFAULT NULL,
  `materialRequestID` int(255) DEFAULT NULL,
  `materialRequestCode` varchar(255) COLLATE utf8mb4_unicode_ci DEFAULT NULL,
  `StockOutID` bigint(20) NOT NULL,
  `referenceNo` varchar(255) COLLATE utf8mb4_unicode_ci NOT NULL,
  `employeeID` bigint(20) NOT NULL,
  `projectID` bigint(20) NOT NULL,
  `projectCode` varchar(255) COLLATE utf8mb4_unicode_ci NOT NULL,
  `projectName` varchar(255) COLLATE utf8mb4_unicode_ci NOT NULL,
  `projectCategory` varchar(255) COLLATE utf8mb4_unicode_ci NOT NULL,
  `clientID` bigint(255) NOT NULL,
  `recordID` int(11) NOT NULL,
  `clientCode` varchar(255) COLLATE utf8mb4_unicode_ci NOT NULL DEFAULT '''''''',
  `clientName` varchar(255) COLLATE utf8mb4_unicode_ci NOT NULL,
  `clientAddress` text COLLATE utf8mb4_unicode_ci NOT NULL,
  `approversID` text COLLATE utf8mb4_unicode_ci DEFAULT NULL,
  `approversStatus` text COLLATE utf8mb4_unicode_ci DEFAULT NULL,
  `approversDate` text COLLATE utf8mb4_unicode_ci DEFAULT NULL,
  `materialUsageStatus` int(11) NOT NULL,
  `materialUsageReason` longtext COLLATE utf8mb4_unicode_ci DEFAULT NULL,
  `materialUsageRemarks` longtext COLLATE utf8mb4_unicode_ci DEFAULT NULL,
  `materialUsageDate` date DEFAULT NULL,
  `submittedAt` timestamp NULL DEFAULT NULL,
  `createdBy` bigint(20) NOT NULL,
  `updatedBy` bigint(20) NOT NULL,
  `createdAt` timestamp NOT NULL DEFAULT current_timestamp(),
  `updatedAt` timestamp NOT NULL DEFAULT current_timestamp() ON UPDATE current_timestamp(),
  `materialUsageCreateAt` date NOT NULL
) ENGINE=InnoDB DEFAULT CHARSET=utf8mb4 COLLATE=utf8mb4_unicode_ci;

-- --------------------------------------------------------

--
-- Table structure for table `ims_material_withdrawal_asset_tbl`
--

CREATE TABLE `ims_material_withdrawal_asset_tbl` (
  `withdrawalAssetID` bigint(20) NOT NULL,
  `materialWithdrawalID` bigint(20) DEFAULT NULL,
  `equipmentBorrowingID` bigint(20) DEFAULT NULL,
  `requestAssetID` bigint(20) DEFAULT NULL,
  `costEstimateID` bigint(20) DEFAULT NULL,
  `billMaterialID` bigint(20) DEFAULT NULL,
  `materialRequestID` bigint(20) DEFAULT NULL,
  `inventoryValidationID` bigint(20) DEFAULT NULL,
  `bidRecapID` bigint(20) DEFAULT NULL,
  `purchaseRequestID` bigint(20) DEFAULT NULL,
  `purchaseOrderID` bigint(20) DEFAULT NULL,
  `changeRequestID` bigint(20) DEFAULT NULL,
  `inventoryReceivingID` bigint(20) DEFAULT NULL,
  `inventoryVendorID` bigint(20) DEFAULT NULL,
  `inventoryVendorCode` text COLLATE utf8mb4_unicode_ci DEFAULT NULL,
  `inventoryVendorName` text COLLATE utf8mb4_unicode_ci DEFAULT NULL,
  `finalQuoteRemarks` text COLLATE utf8mb4_unicode_ci DEFAULT NULL,
  `milestoneBuilderID` bigint(20) DEFAULT NULL,
  `phaseDescription` text COLLATE utf8mb4_unicode_ci DEFAULT NULL,
  `milestoneListID` bigint(20) DEFAULT NULL,
  `projectMilestoneID` bigint(20) DEFAULT NULL,
  `projectMilestoneName` text COLLATE utf8mb4_unicode_ci DEFAULT NULL,
  `assetID` bigint(20) DEFAULT NULL,
  `assetCode` text COLLATE utf8mb4_unicode_ci DEFAULT NULL,
  `assetBrandName` text COLLATE utf8mb4_unicode_ci DEFAULT NULL,
  `assetName` text COLLATE utf8mb4_unicode_ci DEFAULT NULL,
  `assetClassification` text COLLATE utf8mb4_unicode_ci DEFAULT NULL,
  `assetCategory` text COLLATE utf8mb4_unicode_ci DEFAULT NULL,
  `assetUom` text COLLATE utf8mb4_unicode_ci DEFAULT NULL,
  `assetDescription` text COLLATE utf8mb4_unicode_ci DEFAULT NULL,
  `files` text COLLATE utf8mb4_unicode_ci DEFAULT NULL,
  `remarks` text COLLATE utf8mb4_unicode_ci DEFAULT NULL,
  `barcode` longtext COLLATE utf8mb4_unicode_ci DEFAULT NULL,
  `availableStocks` decimal(10,2) DEFAULT NULL,
  `requestQuantity` decimal(10,2) DEFAULT NULL,
  `reservedAsset` decimal(10,2) DEFAULT NULL,
  `forPurchase` decimal(10,2) DEFAULT NULL,
  `totalCost` decimal(10,2) DEFAULT NULL,
  `received` decimal(10,2) DEFAULT NULL,
  `dateReceived` date DEFAULT NULL,
  `remaining` decimal(10,2) DEFAULT NULL,
  `borrowed` decimal(10,2) DEFAULT NULL,
  `borrowedDate` date DEFAULT NULL,
  `dateNeeded` date DEFAULT NULL,
  `dateReturn` date DEFAULT NULL,
  `actualDateReturn` date DEFAULT NULL,
  `hourlyRate` decimal(10,2) DEFAULT NULL,
  `withdrawalAssetStatus` int(50) DEFAULT NULL,
  `createdBy` bigint(20) DEFAULT NULL,
  `updatedBy` bigint(20) DEFAULT NULL,
  `createdAt` timestamp NOT NULL DEFAULT current_timestamp(),
  `updatedAt` timestamp NOT NULL DEFAULT current_timestamp() ON UPDATE current_timestamp()
) ENGINE=InnoDB DEFAULT CHARSET=utf8mb4 COLLATE=utf8mb4_unicode_ci;

-- --------------------------------------------------------

--
-- Table structure for table `ims_material_withdrawal_details_tbl`
--

CREATE TABLE `ims_material_withdrawal_details_tbl` (
  `materialWithdrawalDetailsID` bigint(20) NOT NULL,
  `materialWithdrawalID` bigint(20) NOT NULL,
  `materialUsageID` bigint(20) DEFAULT NULL,
  `purchaseRequestID` bigint(20) DEFAULT NULL,
  `inventoryStorageID` bigint(20) DEFAULT NULL,
  `itemCode` varchar(255) COLLATE utf8_unicode_ci NOT NULL,
  `inventoryStorageOfficeCode` varchar(255) COLLATE utf8_unicode_ci NOT NULL,
  `itemID` bigint(20) DEFAULT NULL,
  `barcode` varchar(255) COLLATE utf8_unicode_ci NOT NULL,
  `itemName` varchar(255) COLLATE utf8_unicode_ci DEFAULT NULL,
  `itemDescription` varchar(255) COLLATE utf8_unicode_ci DEFAULT NULL,
  `inventoryStorageOfficeName` varchar(255) COLLATE utf8_unicode_ci DEFAULT NULL,
  `unitOfMeasurement` varchar(255) COLLATE utf8_unicode_ci DEFAULT NULL,
  `receivingQuantity` varchar(255) COLLATE utf8_unicode_ci DEFAULT NULL,
  `stockInQuantity` bigint(20) DEFAULT NULL,
  `quantity` int(11) DEFAULT NULL,
  `stocks` int(11) NOT NULL,
  `utilized` bigint(20) DEFAULT NULL,
  `unused` bigint(20) DEFAULT NULL,
  `itemWithdrawalRemarks` longtext COLLATE utf8_unicode_ci DEFAULT NULL,
  `itemUsageRemarks` text COLLATE utf8_unicode_ci DEFAULT NULL,
  `createdBy` bigint(20) NOT NULL,
  `updatedBy` bigint(20) NOT NULL,
  `createdAt` timestamp NOT NULL DEFAULT current_timestamp(),
  `updatedAt` timestamp NOT NULL DEFAULT current_timestamp() ON UPDATE current_timestamp()
) ENGINE=InnoDB DEFAULT CHARSET=utf8 COLLATE=utf8_unicode_ci;

-- --------------------------------------------------------

--
-- Table structure for table `ims_material_withdrawal_item_tbl`
--

CREATE TABLE `ims_material_withdrawal_item_tbl` (
  `withdrawalItemID` bigint(20) NOT NULL,
  `requestItemID` bigint(20) DEFAULT NULL,
  `costEstimateID` bigint(20) DEFAULT NULL,
  `billMaterialID` bigint(20) DEFAULT NULL,
  `materialRequestID` bigint(20) DEFAULT NULL,
  `inventoryValidationID` bigint(20) DEFAULT NULL,
  `materialWithdrawalID` bigint(20) DEFAULT NULL,
  `stockOutID` bigint(20) DEFAULT NULL,
  `bidRecapID` bigint(20) DEFAULT NULL,
  `purchaseRequestID` bigint(20) DEFAULT NULL,
  `purchaseOrderID` bigint(20) DEFAULT NULL,
  `changeRequestID` bigint(20) DEFAULT NULL,
  `inventoryReceivingID` bigint(20) DEFAULT NULL,
  `inventoryVendorID` bigint(20) DEFAULT NULL,
  `inventoryVendorCode` text COLLATE utf8mb4_unicode_ci DEFAULT NULL,
  `inventoryVendorName` text COLLATE utf8mb4_unicode_ci DEFAULT NULL,
  `finalQuoteRemarks` text COLLATE utf8mb4_unicode_ci DEFAULT NULL,
  `milestoneBuilderID` bigint(20) DEFAULT NULL,
  `phaseDescription` text COLLATE utf8mb4_unicode_ci DEFAULT NULL,
  `milestoneListID` bigint(20) DEFAULT NULL,
  `projectMilestoneID` bigint(20) DEFAULT NULL,
  `projectMilestoneName` text COLLATE utf8mb4_unicode_ci DEFAULT NULL,
  `itemID` bigint(20) DEFAULT NULL,
  `itemCode` text COLLATE utf8mb4_unicode_ci DEFAULT NULL,
  `itemBrandName` text COLLATE utf8mb4_unicode_ci DEFAULT NULL,
  `itemName` text COLLATE utf8mb4_unicode_ci DEFAULT NULL,
  `itemClassification` text COLLATE utf8mb4_unicode_ci DEFAULT NULL,
  `itemCategory` text COLLATE utf8mb4_unicode_ci DEFAULT NULL,
  `itemUom` text COLLATE utf8mb4_unicode_ci DEFAULT NULL,
  `itemDescription` text COLLATE utf8mb4_unicode_ci DEFAULT NULL,
  `files` text COLLATE utf8mb4_unicode_ci DEFAULT NULL,
  `remarks` text COLLATE utf8mb4_unicode_ci DEFAULT NULL,
  `availableStocks` decimal(10,2) DEFAULT NULL,
  `requestQuantity` decimal(10,2) DEFAULT NULL,
  `reservedItem` decimal(10,2) DEFAULT NULL,
  `forPurchase` decimal(10,2) DEFAULT NULL,
  `unitCost` decimal(10,2) DEFAULT NULL,
  `totalCost` decimal(10,2) DEFAULT NULL,
  `received` decimal(10,2) DEFAULT NULL,
  `dateReceived` date DEFAULT NULL,
  `remaining` decimal(10,2) DEFAULT NULL,
  `stockOut` decimal(10,2) DEFAULT NULL,
  `stockOutDate` date DEFAULT NULL,
  `withdrawalItemStatus` int(50) DEFAULT NULL,
  `barcode` longtext COLLATE utf8mb4_unicode_ci DEFAULT NULL,
  `createdBy` bigint(20) DEFAULT NULL,
  `updatedBy` bigint(20) DEFAULT NULL,
  `createdAt` timestamp NOT NULL DEFAULT current_timestamp(),
  `updatedAt` timestamp NOT NULL DEFAULT current_timestamp() ON UPDATE current_timestamp()
) ENGINE=InnoDB DEFAULT CHARSET=utf8mb4 COLLATE=utf8mb4_unicode_ci;

-- --------------------------------------------------------

--
-- Table structure for table `ims_material_withdrawal_tbl`
--

CREATE TABLE `ims_material_withdrawal_tbl` (
  `materialWithdrawalID` bigint(20) NOT NULL,
  `materialWithdrawalCode` text COLLATE utf8mb4_unicode_ci DEFAULT NULL,
  `inventoryValidationID` bigint(20) DEFAULT NULL,
  `inventoryValidationCode` text COLLATE utf8mb4_unicode_ci DEFAULT NULL,
  `materialRequestID` bigint(20) DEFAULT NULL,
  `materialRequestCode` text COLLATE utf8mb4_unicode_ci DEFAULT NULL,
  `costEstimateID` bigint(20) DEFAULT NULL,
  `costEstimateCode` text COLLATE utf8mb4_unicode_ci DEFAULT NULL,
  `billMaterialID` bigint(20) DEFAULT NULL,
  `billMaterialCode` text COLLATE utf8mb4_unicode_ci DEFAULT NULL,
  `employeeID` bigint(20) DEFAULT NULL,
  `timelineBuilderID` bigint(20) DEFAULT NULL,
  `projectCode` text COLLATE utf8mb4_unicode_ci DEFAULT NULL,
  `projectName` text COLLATE utf8mb4_unicode_ci DEFAULT NULL,
  `projectCategory` text COLLATE utf8mb4_unicode_ci DEFAULT NULL,
  `clientCode` text COLLATE utf8mb4_unicode_ci DEFAULT NULL,
  `clientName` text COLLATE utf8mb4_unicode_ci DEFAULT NULL,
  `clientAddress` text COLLATE utf8mb4_unicode_ci DEFAULT NULL,
  `approversID` text COLLATE utf8mb4_unicode_ci DEFAULT NULL,
  `approversStatus` text COLLATE utf8mb4_unicode_ci DEFAULT NULL,
  `approversDate` text COLLATE utf8mb4_unicode_ci DEFAULT NULL,
  `inventoryItemStatus` int(50) DEFAULT NULL,
  `inventoryAssetStatus` int(50) DEFAULT NULL,
  `materialWithdrawalStatus` int(50) DEFAULT NULL,
  `materialWithdrawalReason` text COLLATE utf8mb4_unicode_ci DEFAULT NULL,
  `materialWithdrawalRemarks` text COLLATE utf8mb4_unicode_ci DEFAULT NULL,
  `dateNeeded` date DEFAULT NULL,
  `submittedAt` timestamp NOT NULL DEFAULT current_timestamp() ON UPDATE current_timestamp(),
  `createdBy` bigint(20) DEFAULT NULL,
  `updatedBy` bigint(20) DEFAULT NULL,
  `createdAt` timestamp NOT NULL DEFAULT current_timestamp(),
  `updatedAt` timestamp NOT NULL DEFAULT current_timestamp() ON UPDATE current_timestamp()
) ENGINE=InnoDB DEFAULT CHARSET=utf8mb4 COLLATE=utf8mb4_unicode_ci;

-- --------------------------------------------------------

--
-- Table structure for table `ims_purchase_order_tbl`
--

CREATE TABLE `ims_purchase_order_tbl` (
  `purchaseOrderID` bigint(21) NOT NULL,
  `purchaseOrderCode` varchar(50) COLLATE utf8mb4_unicode_ci DEFAULT NULL,
  `costEstimateID` bigint(21) DEFAULT NULL,
  `costEstimateCode` varchar(50) COLLATE utf8mb4_unicode_ci DEFAULT NULL,
  `billMaterialID` bigint(21) DEFAULT NULL,
  `billMaterialCode` varchar(50) COLLATE utf8mb4_unicode_ci DEFAULT NULL,
  `materialRequestID` bigint(21) DEFAULT NULL,
  `materialRequestCode` varchar(50) COLLATE utf8mb4_unicode_ci DEFAULT NULL,
  `inventoryValidationID` bigint(21) DEFAULT NULL,
  `inventoryValidationCode` varchar(50) COLLATE utf8mb4_unicode_ci DEFAULT NULL,
  `bidRecapID` bigint(21) DEFAULT NULL,
  `bidRecapCode` varchar(50) COLLATE utf8mb4_unicode_ci DEFAULT NULL,
  `purchaseRequestID` bigint(21) DEFAULT NULL,
  `purchaseRequestCode` varchar(50) COLLATE utf8mb4_unicode_ci DEFAULT NULL,
  `timelineBuilderID` bigint(21) DEFAULT NULL,
  `projectCode` varchar(50) COLLATE utf8mb4_unicode_ci DEFAULT NULL,
  `projectName` varchar(255) COLLATE utf8mb4_unicode_ci DEFAULT NULL,
  `projectCategory` varchar(255) COLLATE utf8mb4_unicode_ci DEFAULT NULL,
  `clientCode` varchar(50) COLLATE utf8mb4_unicode_ci DEFAULT NULL,
  `clientName` varchar(255) COLLATE utf8mb4_unicode_ci DEFAULT NULL,
  `clientAddress` text COLLATE utf8mb4_unicode_ci DEFAULT NULL,
  `employeeID` bigint(21) DEFAULT NULL,
  `inventoryVendorID` bigint(21) DEFAULT NULL,
  `vendorCode` varchar(50) COLLATE utf8mb4_unicode_ci DEFAULT NULL,
  `vendorName` varchar(255) COLLATE utf8mb4_unicode_ci DEFAULT NULL,
  `vendorContactPerson` varchar(255) COLLATE utf8mb4_unicode_ci DEFAULT NULL,
  `vendorContactDetails` varchar(255) COLLATE utf8mb4_unicode_ci DEFAULT NULL,
  `vendorAddress` text COLLATE utf8mb4_unicode_ci DEFAULT NULL,
  `purchaseOrderClassification` varchar(50) COLLATE utf8mb4_unicode_ci DEFAULT NULL,
  `paymentTerms` varchar(255) COLLATE utf8mb4_unicode_ci DEFAULT NULL,
  `shippingTerm` varchar(50) COLLATE utf8mb4_unicode_ci DEFAULT NULL,
  `shippingDate` date DEFAULT NULL,
  `purchaseOrderReason` text COLLATE utf8mb4_unicode_ci DEFAULT NULL,
  `total` decimal(15,2) DEFAULT NULL,
  `discountType` varchar(50) COLLATE utf8mb4_unicode_ci DEFAULT NULL,
  `discount` decimal(15,2) DEFAULT NULL,
  `totalAmount` decimal(15,2) DEFAULT NULL,
  `vatSales` decimal(15,2) DEFAULT NULL,
  `vat` decimal(15,2) DEFAULT NULL,
  `totalVat` decimal(15,2) DEFAULT NULL,
  `lessEwt` decimal(15,2) DEFAULT NULL,
  `grandTotalAmount` decimal(15,2) DEFAULT NULL,
  `purchaseOrderSignedPO` text COLLATE utf8mb4_unicode_ci DEFAULT NULL,
  `dateNeeded` date DEFAULT NULL,
  `purchaseOrderStatus` int(11) DEFAULT NULL,
  `purchaseOrderRemarks` text COLLATE utf8mb4_unicode_ci DEFAULT NULL,
  `printCount` int(11) DEFAULT 0,
  `submittedAt` timestamp NULL DEFAULT NULL,
  `createdBy` bigint(21) DEFAULT NULL,
  `updatedBy` bigint(21) DEFAULT NULL,
  `createdAt` timestamp NULL DEFAULT current_timestamp(),
  `updatedAt` timestamp NULL DEFAULT current_timestamp() ON UPDATE current_timestamp()
) ENGINE=InnoDB DEFAULT CHARSET=utf8mb4 COLLATE=utf8mb4_unicode_ci;

-- --------------------------------------------------------

--
-- Table structure for table `ims_purchase_request_tbl`
--

CREATE TABLE `ims_purchase_request_tbl` (
  `purchaseRequestID` bigint(21) NOT NULL,
  `purchaseRequestCode` varchar(50) COLLATE utf8mb4_unicode_ci DEFAULT NULL,
  `revisePurchaseRequestID` bigint(21) DEFAULT NULL,
  `revisePurchaseRequestCode` varchar(50) COLLATE utf8mb4_unicode_ci DEFAULT NULL,
  `costEstimateID` bigint(21) DEFAULT NULL,
  `costEstimateCode` varchar(50) COLLATE utf8mb4_unicode_ci DEFAULT NULL,
  `billMaterialID` bigint(21) DEFAULT NULL,
  `billMaterialCode` varchar(50) COLLATE utf8mb4_unicode_ci DEFAULT NULL,
  `materialRequestID` bigint(21) DEFAULT NULL,
  `materialRequestCode` varchar(50) COLLATE utf8mb4_unicode_ci DEFAULT NULL,
  `inventoryValidationID` bigint(21) DEFAULT NULL,
  `inventoryValidationCode` varchar(50) COLLATE utf8mb4_unicode_ci DEFAULT NULL,
  `bidRecapID` bigint(21) DEFAULT NULL,
  `bidRecapCode` varchar(50) COLLATE utf8mb4_unicode_ci DEFAULT NULL,
  `timelineBuilderID` bigint(21) DEFAULT NULL,
  `projectCode` varchar(50) COLLATE utf8mb4_unicode_ci DEFAULT NULL,
  `projectName` varchar(255) COLLATE utf8mb4_unicode_ci DEFAULT NULL,
  `projectCategory` varchar(255) COLLATE utf8mb4_unicode_ci DEFAULT NULL,
  `clientCode` varchar(50) COLLATE utf8mb4_unicode_ci DEFAULT NULL,
  `clientName` varchar(255) COLLATE utf8mb4_unicode_ci DEFAULT NULL,
  `clientAddress` text COLLATE utf8mb4_unicode_ci DEFAULT NULL,
  `employeeID` bigint(21) DEFAULT NULL,
  `inventoryVendorID` bigint(21) DEFAULT NULL,
  `vendorCode` varchar(50) COLLATE utf8mb4_unicode_ci DEFAULT NULL,
  `vendorName` varchar(255) COLLATE utf8mb4_unicode_ci DEFAULT NULL,
  `vendorContactPerson` varchar(255) COLLATE utf8mb4_unicode_ci DEFAULT NULL,
  `vendorContactDetails` varchar(255) COLLATE utf8mb4_unicode_ci DEFAULT NULL,
  `vendorAddress` text COLLATE utf8mb4_unicode_ci DEFAULT NULL,
  `purchaseRequestClassification` varchar(50) COLLATE utf8mb4_unicode_ci DEFAULT NULL,
  `paymentTerms` varchar(255) COLLATE utf8mb4_unicode_ci DEFAULT NULL,
  `shippingTerm` varchar(50) COLLATE utf8mb4_unicode_ci DEFAULT NULL,
  `shippingDate` date DEFAULT NULL,
  `purchaseRequestReason` text COLLATE utf8mb4_unicode_ci DEFAULT NULL,
  `total` decimal(15,2) DEFAULT NULL,
  `discountType` varchar(50) COLLATE utf8mb4_unicode_ci DEFAULT NULL,
  `discount` decimal(15,2) DEFAULT NULL,
  `totalAmount` decimal(15,2) DEFAULT NULL,
  `vatSales` decimal(15,2) DEFAULT NULL,
  `vat` decimal(15,2) DEFAULT NULL,
  `totalVat` decimal(15,2) DEFAULT NULL,
  `lessEwt` decimal(15,2) DEFAULT NULL,
  `grandTotalAmount` decimal(15,2) DEFAULT NULL,
  `approversID` text COLLATE utf8mb4_unicode_ci DEFAULT NULL,
  `approversDate` text COLLATE utf8mb4_unicode_ci DEFAULT NULL,
  `approversStatus` text COLLATE utf8mb4_unicode_ci DEFAULT NULL,
  `dateNeeded` date DEFAULT NULL,
  `purchaseRequestStatus` int(11) DEFAULT NULL,
  `purchaseRequestRemarks` text COLLATE utf8mb4_unicode_ci DEFAULT NULL,
  `submittedAt` timestamp NULL DEFAULT NULL,
  `createdBy` bigint(21) DEFAULT NULL,
  `updatedBy` bigint(21) DEFAULT NULL,
  `createdAt` timestamp NULL DEFAULT current_timestamp(),
  `updatedAt` timestamp NULL DEFAULT current_timestamp() ON UPDATE current_timestamp()
) ENGINE=InnoDB DEFAULT CHARSET=utf8mb4 COLLATE=utf8mb4_unicode_ci;

-- --------------------------------------------------------

--
-- Table structure for table `ims_receiving_serial_number_tbl`
--

CREATE TABLE `ims_receiving_serial_number_tbl` (
  `serialNumberID` bigint(20) NOT NULL,
  `inventoryReceivingID` bigint(20) NOT NULL,
  `inventoryReceivingDetailsID` bigint(20) NOT NULL,
  `itemID` bigint(20) NOT NULL,
  `serialNumber` varchar(255) COLLATE utf8mb4_unicode_ci DEFAULT NULL,
  `createdBy` bigint(20) NOT NULL,
  `updatedBy` bigint(20) NOT NULL,
  `createdAt` timestamp NOT NULL DEFAULT current_timestamp(),
  `updatedAt` timestamp NOT NULL DEFAULT current_timestamp() ON UPDATE current_timestamp()
) ENGINE=InnoDB DEFAULT CHARSET=utf8mb4 COLLATE=utf8mb4_unicode_ci;

-- --------------------------------------------------------

--
-- Table structure for table `ims_request_assets_tbl`
--

CREATE TABLE `ims_request_assets_tbl` (
  `requestAssetID` bigint(20) NOT NULL,
  `costEstimateID` bigint(20) DEFAULT NULL,
  `billMaterialID` bigint(20) DEFAULT NULL,
  `materialRequestID` bigint(20) DEFAULT NULL,
  `inventoryValidationID` bigint(20) DEFAULT NULL,
  `bidRecapID` bigint(20) DEFAULT NULL,
  `finalQuoteID` bigint(21) DEFAULT NULL,
  `purchaseRequestID` bigint(20) DEFAULT NULL,
  `purchaseOrderID` bigint(20) DEFAULT NULL,
  `changeRequestID` bigint(20) DEFAULT NULL,
  `inventoryReceivingID` bigint(20) DEFAULT NULL,
  `candidateVendorID` text COLLATE utf8mb4_unicode_ci DEFAULT NULL,
  `candidateSelectedVendor` text COLLATE utf8mb4_unicode_ci DEFAULT NULL,
  `candidateVendorName` text COLLATE utf8mb4_unicode_ci DEFAULT NULL,
  `candidateVendorPrice` text COLLATE utf8mb4_unicode_ci DEFAULT NULL,
  `inventoryVendorID` bigint(20) DEFAULT NULL,
  `inventoryVendorCode` text COLLATE utf8mb4_unicode_ci DEFAULT NULL,
  `inventoryVendorName` text COLLATE utf8mb4_unicode_ci DEFAULT NULL,
  `milestoneBuilderID` bigint(20) DEFAULT NULL,
  `phaseDescription` text COLLATE utf8mb4_unicode_ci DEFAULT NULL,
  `milestoneListID` bigint(20) DEFAULT NULL,
  `projectMilestoneID` bigint(20) DEFAULT NULL,
  `projectMilestoneName` text COLLATE utf8mb4_unicode_ci DEFAULT NULL,
  `assetID` bigint(20) DEFAULT NULL,
  `assetCode` text COLLATE utf8mb4_unicode_ci DEFAULT NULL,
  `assetBrandName` text COLLATE utf8mb4_unicode_ci DEFAULT NULL,
  `assetName` text COLLATE utf8mb4_unicode_ci DEFAULT NULL,
  `assetClassification` text COLLATE utf8mb4_unicode_ci DEFAULT NULL,
  `assetCategory` text COLLATE utf8mb4_unicode_ci DEFAULT NULL,
  `assetUom` text COLLATE utf8mb4_unicode_ci DEFAULT NULL,
  `assetDescription` text COLLATE utf8mb4_unicode_ci DEFAULT NULL,
  `files` text COLLATE utf8mb4_unicode_ci DEFAULT NULL,
  `remarks` text COLLATE utf8mb4_unicode_ci DEFAULT NULL,
  `assetRemarks` text COLLATE utf8mb4_unicode_ci DEFAULT NULL,
  `availableStocks` decimal(15,2) DEFAULT NULL,
  `requestQuantity` decimal(10,2) DEFAULT NULL,
  `reservedAsset` decimal(10,2) DEFAULT NULL,
  `forPurchase` decimal(15,2) DEFAULT NULL,
  `requestManHours` decimal(10,2) DEFAULT NULL,
  `dateNeeded` date DEFAULT NULL,
  `dateReturn` date DEFAULT NULL,
  `actualDateReturn` date DEFAULT NULL,
  `hourlyRate` decimal(12,2) DEFAULT NULL,
  `unitCost` decimal(15,2) DEFAULT NULL,
  `totalCost` bigint(20) DEFAULT NULL,
  `finalQuoteRemarks` text COLLATE utf8mb4_unicode_ci DEFAULT NULL,
  `createdBy` bigint(20) NOT NULL,
  `updatedBy` bigint(20) NOT NULL,
  `createdAt` timestamp NOT NULL DEFAULT current_timestamp(),
  `updatedAt` timestamp NOT NULL DEFAULT current_timestamp() ON UPDATE current_timestamp()
) ENGINE=InnoDB DEFAULT CHARSET=utf8mb4 COLLATE=utf8mb4_unicode_ci;

-- --------------------------------------------------------

--
-- Table structure for table `ims_request_items_tbl`
--

CREATE TABLE `ims_request_items_tbl` (
  `requestItemID` bigint(20) NOT NULL,
  `costEstimateID` bigint(20) DEFAULT NULL,
  `billMaterialID` bigint(20) DEFAULT NULL,
  `materialRequestID` bigint(20) DEFAULT NULL,
  `inventoryValidationID` bigint(20) DEFAULT NULL,
  `bidRecapID` bigint(20) DEFAULT NULL,
  `finalQuoteID` bigint(21) DEFAULT NULL,
  `purchaseRequestID` bigint(20) DEFAULT NULL,
  `purchaseOrderID` bigint(20) DEFAULT NULL,
  `changeRequestID` bigint(20) DEFAULT NULL,
  `inventoryReceivingID` bigint(20) DEFAULT NULL,
  `candidateVendorID` text COLLATE utf8mb4_unicode_ci DEFAULT NULL,
  `candidateSelectedVendor` text COLLATE utf8mb4_unicode_ci DEFAULT NULL,
  `candidateVendorName` text COLLATE utf8mb4_unicode_ci DEFAULT NULL,
  `candidateVendorPrice` text COLLATE utf8mb4_unicode_ci DEFAULT NULL,
  `inventoryVendorID` bigint(20) DEFAULT NULL,
  `inventoryVendorCode` text COLLATE utf8mb4_unicode_ci DEFAULT NULL,
  `inventoryVendorName` text COLLATE utf8mb4_unicode_ci DEFAULT NULL,
  `milestoneBuilderID` bigint(20) DEFAULT NULL,
  `phaseDescription` text COLLATE utf8mb4_unicode_ci DEFAULT NULL,
  `milestoneListID` bigint(20) DEFAULT NULL,
  `projectMilestoneID` bigint(20) DEFAULT NULL,
  `projectMilestoneName` text COLLATE utf8mb4_unicode_ci DEFAULT NULL,
  `itemID` bigint(20) DEFAULT NULL,
  `itemCode` text COLLATE utf8mb4_unicode_ci DEFAULT NULL,
  `itemBrandName` text COLLATE utf8mb4_unicode_ci DEFAULT NULL,
  `itemName` text COLLATE utf8mb4_unicode_ci DEFAULT NULL,
  `itemClassification` text COLLATE utf8mb4_unicode_ci DEFAULT NULL,
  `itemCategory` text COLLATE utf8mb4_unicode_ci DEFAULT NULL,
  `itemUom` text COLLATE utf8mb4_unicode_ci DEFAULT NULL,
  `itemDescription` text COLLATE utf8mb4_unicode_ci DEFAULT NULL,
  `files` text COLLATE utf8mb4_unicode_ci DEFAULT NULL,
  `remarks` text COLLATE utf8mb4_unicode_ci DEFAULT NULL,
  `itemRemarks` text COLLATE utf8mb4_unicode_ci DEFAULT NULL,
  `availableStocks` decimal(10,2) DEFAULT NULL,
  `requestQuantity` decimal(10,2) DEFAULT NULL,
  `reservedItem` decimal(10,2) DEFAULT NULL,
  `forPurchase` decimal(10,2) DEFAULT NULL,
  `unitCost` decimal(15,2) DEFAULT NULL,
  `totalCost` decimal(15,2) DEFAULT NULL,
  `finalQuoteRemarks` text COLLATE utf8mb4_unicode_ci DEFAULT NULL,
  `createdBy` bigint(20) NOT NULL,
  `updatedBy` bigint(20) NOT NULL,
  `createdAt` timestamp NOT NULL DEFAULT current_timestamp(),
  `updatedAt` timestamp NOT NULL DEFAULT current_timestamp() ON UPDATE current_timestamp()
) ENGINE=InnoDB DEFAULT CHARSET=utf8mb4 COLLATE=utf8mb4_unicode_ci;

-- --------------------------------------------------------

--
-- Table structure for table `ims_request_services_tbl`
--

CREATE TABLE `ims_request_services_tbl` (
  `requestServiceID` bigint(20) NOT NULL,
  `serviceRequisitionID` bigint(20) NOT NULL,
  `serviceOrderID` bigint(20) DEFAULT NULL,
  `serviceCompletionID` bigint(20) DEFAULT NULL,
  `serviceID` bigint(20) DEFAULT NULL,
  `serviceName` text DEFAULT NULL,
  `serviceDateFrom` date DEFAULT NULL,
  `serviceDateTo` date DEFAULT NULL,
  `remarks` text DEFAULT NULL,
  `createdBy` bigint(20) NOT NULL,
  `updatedBy` bigint(20) NOT NULL,
  `createdAt` timestamp NOT NULL DEFAULT current_timestamp(),
  `updatedAt` timestamp NOT NULL DEFAULT current_timestamp() ON UPDATE current_timestamp()
) ENGINE=InnoDB DEFAULT CHARSET=utf8mb4;

-- --------------------------------------------------------

--
-- Table structure for table `ims_return_item_tbl`
--

CREATE TABLE `ims_return_item_tbl` (
  `returnItemID` bigint(20) NOT NULL,
  `returnItemCode` varchar(255) CHARACTER SET utf8 COLLATE utf8_unicode_ci NOT NULL,
  `reviseReturnItemID` bigint(20) DEFAULT NULL,
  `equipmentBorrowingID` bigint(20) NOT NULL,
  `equipmentBorrowingCode` varchar(255) CHARACTER SET utf8 COLLATE utf8_unicode_ci NOT NULL,
  `inventoryValidationID` int(20) DEFAULT NULL,
  `inventoryValidationCode` text COLLATE utf8mb4_unicode_ci DEFAULT NULL,
  `materialRequestID` int(20) DEFAULT NULL,
  `materialRequestCode` text COLLATE utf8mb4_unicode_ci DEFAULT NULL,
  `recordID` int(255) NOT NULL,
  `employeeID` bigint(20) NOT NULL,
  `projectID` bigint(20) DEFAULT NULL,
  `projectCode` varchar(255) CHARACTER SET utf8 COLLATE utf8_unicode_ci NOT NULL,
  `projectName` varchar(255) CHARACTER SET utf8 COLLATE utf8_unicode_ci NOT NULL,
  `projectCategory` varchar(255) COLLATE utf8mb4_unicode_ci NOT NULL,
  `clientID` bigint(255) NOT NULL,
  `clientCode` varchar(255) CHARACTER SET utf8 COLLATE utf8_unicode_ci DEFAULT NULL,
  `clientName` varchar(255) CHARACTER SET utf8 COLLATE utf8_unicode_ci NOT NULL,
  `clientAddress` text CHARACTER SET utf8 COLLATE utf8_unicode_ci NOT NULL,
  `dateNeeded` date NOT NULL,
  `approversID` text CHARACTER SET utf8 COLLATE utf8_unicode_ci DEFAULT NULL,
  `approversStatus` text CHARACTER SET utf8 COLLATE utf8_unicode_ci DEFAULT NULL,
  `approversDate` text CHARACTER SET utf8 COLLATE utf8_unicode_ci DEFAULT NULL,
  `returnItemStatus` int(11) NOT NULL,
  `returnItemReason` longtext CHARACTER SET utf8 COLLATE utf8_unicode_ci DEFAULT NULL,
  `returnItemRemarks` longtext CHARACTER SET utf8 COLLATE utf8_unicode_ci DEFAULT NULL,
  `returnItemDate` date DEFAULT NULL,
  `submittedAt` timestamp NULL DEFAULT NULL,
  `createdBy` bigint(20) NOT NULL,
  `updatedBy` bigint(20) NOT NULL,
  `createdAt` timestamp NOT NULL DEFAULT current_timestamp(),
  `updatedAt` timestamp NOT NULL DEFAULT current_timestamp() ON UPDATE current_timestamp(),
  `borrowingCreateAt` date NOT NULL
) ENGINE=InnoDB DEFAULT CHARSET=utf8mb4 COLLATE=utf8mb4_unicode_ci;

-- --------------------------------------------------------

--
-- Table structure for table `ims_services_tbl`
--

CREATE TABLE `ims_services_tbl` (
  `serviceID` bigint(20) NOT NULL,
  `serviceCode` varchar(255) NOT NULL,
  `serviceName` varchar(255) NOT NULL,
  `serviceDescription` varchar(255) NOT NULL,
  `serviceStatus` int(50) NOT NULL,
  `datecreated` text NOT NULL DEFAULT current_timestamp(),
  `createdBy` bigint(20) NOT NULL,
  `updatedBy` bigint(20) NOT NULL,
  `createdAt` datetime NOT NULL DEFAULT current_timestamp(),
  `updatedAt` timestamp NOT NULL DEFAULT current_timestamp() ON UPDATE current_timestamp()
) ENGINE=InnoDB DEFAULT CHARSET=utf8mb4;

--
-- Dumping data for table `ims_services_tbl`
--

INSERT INTO `ims_services_tbl` (`serviceID`, `serviceCode`, `serviceName`, `serviceDescription`, `serviceStatus`, `datecreated`, `createdBy`, `updatedBy`, `createdAt`, `updatedAt`) VALUES
(1, 'SVC-21-00001', 'Payroll', 'Provide third-party payroll service', 1, '2021-05-26 06:15:35', 1, 1, '2021-05-26 06:15:35', '2021-05-26 06:15:35'),
(2, 'SVC-21-00002', 'Aircon Cleaning', 'For aircon cleaning and maintenance', 1, '2021-05-27 07:45:40', 1, 1, '2021-05-27 07:45:40', '2021-05-27 07:45:57'),
(3, 'SVC-21-00003', 'CCTV Installation', 'Install CCTVs for a specific clients', 1, '2021-05-28 06:20:09', 1, 2, '2021-05-28 06:20:09', '2021-12-15 01:39:24'),
(4, 'SVC-21-00004', 'Training', 'Training', 0, '2021-12-15 01:30:42', 2, 2, '2021-12-15 01:30:42', '2021-12-15 01:40:19');

-- --------------------------------------------------------

--
-- Table structure for table `ims_service_completion_tbl`
--

CREATE TABLE `ims_service_completion_tbl` (
  `serviceCompletionID` bigint(20) NOT NULL,
  `reviseServiceCompletionID` bigint(20) DEFAULT NULL,
  `serviceRequisitionID` bigint(20) DEFAULT NULL,
  `serviceOrderID` bigint(20) DEFAULT NULL,
  `employeeID` bigint(20) NOT NULL,
  `approversID` text DEFAULT NULL,
  `approversStatus` text DEFAULT NULL,
  `approversDate` text DEFAULT NULL,
  `serviceCompletionStatus` int(11) NOT NULL,
  `serviceCompletionInvoice` text DEFAULT NULL,
  `serviceCompletionRemarks` text DEFAULT NULL,
  `submittedAt` timestamp NULL DEFAULT NULL,
  `createdBy` bigint(20) NOT NULL,
  `updatedBy` bigint(20) NOT NULL,
  `createdAt` timestamp NOT NULL DEFAULT current_timestamp(),
  `updatedAt` timestamp NOT NULL DEFAULT current_timestamp() ON UPDATE current_timestamp()
) ENGINE=InnoDB DEFAULT CHARSET=utf8mb4;

--
-- Dumping data for table `ims_service_completion_tbl`
--

INSERT INTO `ims_service_completion_tbl` (`serviceCompletionID`, `reviseServiceCompletionID`, `serviceRequisitionID`, `serviceOrderID`, `employeeID`, `approversID`, `approversStatus`, `approversDate`, `serviceCompletionStatus`, `serviceCompletionInvoice`, `serviceCompletionRemarks`, `submittedAt`, `createdBy`, `updatedBy`, `createdAt`, `updatedAt`) VALUES
(1, NULL, 2, 1, 1, '2', '2', '2021-11-02 16:11:47', 2, 'blog-large01635840609.jpg|comment-111635840609.png|comment-221635840609.png', NULL, '2021-11-02 16:09:34', 2, 2, '2021-11-02 08:02:52', '2021-11-02 08:11:49'),
(2, NULL, 2, 1, 2, '2', '2', '2021-11-03 12:48:53', 2, 'A Client Information Form01635914968.docx|A Client Information Form11635914968.pdf', NULL, '2021-11-03 12:48:53', 2, 2, '2021-11-02 08:06:52', '2021-11-03 04:49:28'),
(3, NULL, 4, 2, 1, NULL, NULL, NULL, 0, '', NULL, NULL, 2, 1, '2021-11-02 08:24:27', '2021-11-02 08:30:02'),
(4, NULL, 6, 4, 2, '2', '2', '2021-11-03 12:43:34', 2, 'A Client Information Form01635914627.pdf|A Client Information Form11635914627.pdf|A Client Information Form21635914627.pdf|A Client Information Form31635914627.docx', NULL, '2021-11-03 12:43:34', 2, 2, '2021-11-02 08:33:15', '2021-11-03 04:43:47'),
(5, NULL, 5, 3, 2, '2', '2', '2021-11-03 12:42:03', 2, 'A Client Information Form01635914532.pdf|A Client Information Form11635914532.pdf', NULL, '2021-11-03 12:42:03', 2, 2, '2021-11-03 03:49:10', '2021-11-03 04:42:12'),
(6, NULL, 8, 6, 2, '2', '2', '2021-11-03 12:36:52', 2, 'A Client Information Form01635914235.docx|A Client Information Form11635914235.docx|A Client Information Form21635914235.docx|A Client Information Form31635914235.docx|A Client Information Form41635914235.docx', NULL, '2021-11-03 12:36:52', 2, 2, '2021-11-03 04:35:29', '2021-11-03 04:37:15');

-- --------------------------------------------------------

--
-- Table structure for table `ims_service_order_tbl`
--

CREATE TABLE `ims_service_order_tbl` (
  `serviceOrderID` bigint(20) NOT NULL,
  `reviseServiceOrderID` bigint(20) DEFAULT NULL,
  `serviceRequisitionID` bigint(20) DEFAULT NULL,
  `employeeID` bigint(20) NOT NULL,
  `projectID` bigint(20) NOT NULL,
  `projectCode` varchar(50) DEFAULT NULL,
  `projectName` varchar(255) DEFAULT NULL,
  `projectCategory` varchar(255) DEFAULT NULL,
  `clientID` bigint(20) NOT NULL,
  `clientCode` varchar(100) DEFAULT NULL,
  `clientName` text DEFAULT NULL,
  `clientAddress` text DEFAULT NULL,
  `clientContactDetails` text DEFAULT NULL,
  `clientContactPerson` text DEFAULT NULL,
  `inventoryVendorID` bigint(20) DEFAULT NULL,
  `companyName` text DEFAULT NULL,
  `companyContactDetails` text DEFAULT NULL,
  `companyContactPerson` text DEFAULT NULL,
  `companyAddress` text DEFAULT NULL,
  `chartOfAccountID` bigint(21) DEFAULT NULL,
  `accountName` text DEFAULT NULL,
  `paymentTerms` varchar(100) DEFAULT NULL,
  `discountType` varchar(100) DEFAULT NULL,
  `scheduleDate` date DEFAULT NULL,
  `serviceOrderInvoice` text DEFAULT NULL,
  `total` decimal(15,2) DEFAULT NULL,
  `discount` decimal(15,2) DEFAULT NULL,
  `totalAmount` decimal(15,2) DEFAULT NULL,
  `vatSales` decimal(15,2) DEFAULT NULL,
  `vat` decimal(15,2) DEFAULT NULL,
  `totalVat` decimal(15,2) DEFAULT NULL,
  `lessEwt` decimal(15,2) DEFAULT NULL,
  `grandTotalAmount` decimal(15,2) DEFAULT NULL,
  `approversID` text DEFAULT NULL,
  `approversStatus` text DEFAULT NULL,
  `approversDate` text DEFAULT NULL,
  `serviceOrderStatus` int(11) NOT NULL,
  `serviceOrderReason` text DEFAULT NULL,
  `serviceOrderRemarks` text DEFAULT NULL,
  `contractFile` text DEFAULT NULL,
  `submittedAt` timestamp NULL DEFAULT NULL,
  `createdBy` bigint(20) NOT NULL,
  `updatedBy` bigint(20) NOT NULL,
  `createdAt` timestamp NOT NULL DEFAULT current_timestamp(),
  `updatedAt` timestamp NOT NULL DEFAULT current_timestamp() ON UPDATE current_timestamp()
) ENGINE=InnoDB DEFAULT CHARSET=utf8mb4;

--
-- Dumping data for table `ims_service_order_tbl`
--

INSERT INTO `ims_service_order_tbl` (`serviceOrderID`, `reviseServiceOrderID`, `serviceRequisitionID`, `employeeID`, `projectID`, `projectCode`, `projectName`, `projectCategory`, `clientID`, `clientCode`, `clientName`, `clientAddress`, `clientContactDetails`, `clientContactPerson`, `inventoryVendorID`, `companyName`, `companyContactDetails`, `companyContactPerson`, `companyAddress`, `chartOfAccountID`, `accountName`, `paymentTerms`, `discountType`, `scheduleDate`, `serviceOrderInvoice`, `total`, `discount`, `totalAmount`, `vatSales`, `vat`, `totalVat`, `lessEwt`, `grandTotalAmount`, `approversID`, `approversStatus`, `approversDate`, `serviceOrderStatus`, `serviceOrderReason`, `serviceOrderRemarks`, `contractFile`, `submittedAt`, `createdBy`, `updatedBy`, `createdAt`, `updatedAt`) VALUES
(1, NULL, 2, 1, 0, '-', '-', '-', 5, 'CLT-21-00005', 'Esquared Universal Company', '1, Antel global corporate center, Barangay I (pob.), Vigan City, Ilocos Sur, Philippines, 1533', '0993-320-0133 / (21)-1231-3540', 'Carlota Montefalco', 1, 'GLI Construction Services', '0960-575-5111 / (02)-8669-2000', 'Krista Medina', 'Infinity Square Building, Amgaleyguey, Buguias, Benguet, Philippines, 2343', NULL, NULL, 'Test', 'percent', '2021-11-25', NULL, '3000.00', '10.00', '2700.00', '2410.71', '289.29', '2700.00', '500.00', '2200.00', '2', '2', '2021-11-02 16:06:50', 2, 'test', NULL, 'IMG_4163.JPG1635841749.JPG', '2021-11-02 16:02:20', 2, 2, '2021-11-02 07:33:49', '2021-11-02 08:29:09'),
(2, NULL, 4, 1, 1, '2021-DMS-00002', 'BlackBox - Enterprise Resource Planning System', 'Software', 1, 'CLT-21-00001', 'DeltaMike Security Inc.', '547, 96, Doña Imelda, Quezon City, National Capital Region - Second District, Philippines, 1113', '0977-801-1202 / (02)-8709-5430', 'Noemi Gaylan', 1, 'GLI Construction Services', '0960-575-5111 / (02)-8669-2000', 'Krista Medina', 'Infinity Square Building, Amgaleyguey, Buguias, Benguet, Philippines, 2343', NULL, NULL, 'TEST', 'amount', '2021-11-02', NULL, '4000.00', '0.00', '4000.00', '3571.43', '428.57', '4000.00', '0.00', '4000.00', '2', '2', '2021-11-02 16:24:23', 2, 'TESRTT', NULL, '[DeltaMike] Modified User Manual (BCGI).docx1635841562.docx', '2021-11-02 16:23:30', 2, 2, '2021-11-02 08:18:25', '2021-11-02 08:26:02'),
(3, NULL, 5, 2, 1, '2021-DMS-00002', 'BlackBox - Enterprise Resource Planning System', 'Software', 1, 'CLT-21-00001', 'DeltaMike Security Inc.', '547, 96, Doña Imelda, Quezon City, National Capital Region - Second District, Philippines, 1113', '0977-801-1202 / (02)-8709-5430', 'Noemi Gaylan', 1, 'GLI Construction Services', '0960-575-5111 / (02)-8669-2000', 'Krista Medina', 'Infinity Square Building, Amgaleyguey, Buguias, Benguet, Philippines, 2343', NULL, NULL, 'Full Payment', 'amount', '2021-11-18', NULL, '170000.00', '0.00', '170000.00', '151785.71', '18214.29', '170000.00', '0.00', '170000.00', '2', '2', '2021-11-03 11:47:50', 2, 'TEST', NULL, 'A Client Information Form.pdf1635911350.pdf', '2021-11-03 11:47:50', 2, 2, '2021-11-02 08:27:03', '2021-11-03 03:49:10'),
(4, NULL, 6, 1, 1, '2021-DMS-00002', 'BlackBox - Enterprise Resource Planning System', 'Software', 1, 'CLT-21-00001', 'DeltaMike Security Inc.', '547, 96, Doña Imelda, Quezon City, National Capital Region - Second District, Philippines, 1113', '0977-801-1202 / (02)-8709-5430', 'Noemi Gaylan', 1, 'GLI Construction Services', '0960-575-5111 / (02)-8669-2000', 'Krista Medina', 'Infinity Square Building, Amgaleyguey, Buguias, Benguet, Philippines, 2343', NULL, NULL, 'TEST', 'amount', '2021-11-02', NULL, '4000.00', '0.00', '4000.00', '3571.43', '428.57', '4000.00', '0.00', '4000.00', '2', '2', '2021-11-02 16:33:11', 2, 'TEST', NULL, NULL, '2021-11-02 16:32:06', 2, 2, '2021-11-02 08:31:34', '2021-11-02 08:33:15'),
(5, NULL, 7, 2, 1, '2021-DMS-00002', 'BlackBox - Enterprise Resource Planning System', 'Software', 1, 'CLT-21-00001', 'DeltaMike Security Inc.', '547, 96, Doña Imelda, Quezon City, National Capital Region - Second District, Philippines, 1113', '0977-801-1202 / (02)-8709-5430', 'Noemi Gaylan', 1, 'GLI Construction Services', '0960-575-5111 / (02)-8669-2000', 'Krista Medina', 'Infinity Square Building, Amgaleyguey, Buguias, Benguet, Philippines, 2343', NULL, NULL, 'TEST', 'amount', '2021-11-17', NULL, '6400.00', '0.00', '6400.00', '5714.29', '685.71', '6400.00', '0.00', '6400.00', '2', '2', '2021-11-03 11:48:47', 2, 'TEST', NULL, NULL, '2021-11-03 11:48:47', 2, 2, '2021-11-03 03:45:18', '2021-11-03 03:48:49'),
(6, NULL, 8, 2, 1, '2021-DMS-00002', 'BlackBox - Enterprise Resource Planning System', 'Software', 1, 'CLT-21-00001', 'DeltaMike Security Inc.', '547, 96, Doña Imelda, Quezon City, National Capital Region - Second District, Philippines, 1113', '0977-801-1202 / (02)-8709-5430', 'Noemi Gaylan', 1, 'GLI Construction Services', '0960-575-5111 / (02)-8669-2000', 'Krista Medina', 'Infinity Square Building, Amgaleyguey, Buguias, Benguet, Philippines, 2343', NULL, NULL, 'TEST', 'amount', '2021-11-03', NULL, '4500.00', '0.00', '4500.00', '4017.86', '482.14', '4500.00', '0.00', '4500.00', '2', '2', '2021-11-03 11:48:25', 2, 'TEST', NULL, 'A Client Information Form.pdf1635914129.pdf', '2021-11-03 11:48:25', 2, 2, '2021-11-03 03:45:45', '2021-11-03 04:35:29'),
(7, NULL, 9, 2, 1, '2021-DMS-00002', 'BlackBox - Enterprise Resource Planning System', 'Software', 1, 'CLT-21-00001', 'DeltaMike Security Inc.', '547, 96, Doña Imelda, Quezon City, National Capital Region - Second District, Philippines, 1113', '0977-801-1202 / (02)-8709-5430', 'Noemi Gaylan', 1, 'GLI Construction Services', '0960-575-5111 / (02)-8669-2000', 'Krista Medina', 'Infinity Square Building, Amgaleyguey, Buguias, Benguet, Philippines, 2343', NULL, NULL, 'TEST', 'amount', '2021-11-17', NULL, '100.00', '0.00', '100.00', '89.29', '10.71', '100.00', '0.00', '100.00', '2', '2', '2021-11-03 12:33:31', 2, 'TEST', NULL, NULL, '2021-11-03 12:33:31', 2, 2, '2021-11-03 04:30:24', '2021-11-03 04:33:32');

-- --------------------------------------------------------

--
-- Table structure for table `ims_service_requisition_tbl`
--

CREATE TABLE `ims_service_requisition_tbl` (
  `serviceRequisitionID` bigint(20) NOT NULL,
  `reviseServiceRequisitionID` bigint(20) DEFAULT NULL,
  `employeeID` bigint(20) NOT NULL,
  `clientID` bigint(20) DEFAULT NULL,
  `clientCode` varchar(100) DEFAULT NULL,
  `clientName` varchar(255) DEFAULT NULL,
  `clientAddress` text DEFAULT NULL,
  `clientContactDetails` varchar(255) DEFAULT NULL,
  `clientContactPerson` varchar(255) DEFAULT NULL,
  `projectID` bigint(20) DEFAULT NULL,
  `projectCode` varchar(100) DEFAULT NULL,
  `projectName` varchar(100) DEFAULT NULL,
  `projectCategory` varchar(255) DEFAULT NULL,
  `approversID` text DEFAULT NULL,
  `approversStatus` text DEFAULT NULL,
  `approversDate` text DEFAULT NULL,
  `serviceRequisitionStatus` int(11) NOT NULL,
  `serviceRequisitionReason` text DEFAULT NULL,
  `serviceRequisitionRemarks` text DEFAULT NULL,
  `serviceRequisitionTotalAmount` decimal(15,2) DEFAULT NULL,
  `submittedAt` timestamp NULL DEFAULT current_timestamp(),
  `createdBy` bigint(20) NOT NULL,
  `updatedBy` bigint(20) NOT NULL,
  `createdAt` timestamp NOT NULL DEFAULT current_timestamp(),
  `updatedAt` timestamp NOT NULL DEFAULT current_timestamp() ON UPDATE current_timestamp()
) ENGINE=InnoDB DEFAULT CHARSET=utf8mb4;

--
-- Dumping data for table `ims_service_requisition_tbl`
--

INSERT INTO `ims_service_requisition_tbl` (`serviceRequisitionID`, `reviseServiceRequisitionID`, `employeeID`, `clientID`, `clientCode`, `clientName`, `clientAddress`, `clientContactDetails`, `clientContactPerson`, `projectID`, `projectCode`, `projectName`, `projectCategory`, `approversID`, `approversStatus`, `approversDate`, `serviceRequisitionStatus`, `serviceRequisitionReason`, `serviceRequisitionRemarks`, `serviceRequisitionTotalAmount`, `submittedAt`, `createdBy`, `updatedBy`, `createdAt`, `updatedAt`) VALUES
(1, NULL, 1, 6, 'CLT-21-00006', 'STRIDE Company', '8501, Stride Bldg. , Commonwealth, Quezon City, National Capital Region - Second District, Philippines, 1109', '0932-252-3421 / (44)-1231-2312', 'Alex Pangalinan', 13, '2021-STR-00002', 'Biday Satellite Warehouse and Temfacil', 'Infrastructure', '2|4|5', '2', '2021-11-02 16:30:48', 1, 'Desc', NULL, '200.00', '2021-10-26 14:06:40', 1, 2, '2021-10-26 14:06:40', '2021-11-02 08:30:52'),
(2, NULL, 1, 5, 'CLT-21-00005', 'Esquared Universal Company', '1, Antel global corporate center, Barangay I (pob.), Vigan City, Ilocos Sur, Philippines, 1533', '0993-320-0133 / (21)-1231-3540', 'Carlota Montefalco', 0, '-', '-', '-', '2', '2', '2021-11-02 15:33:47', 2, 'test', NULL, '3000.00', '2021-11-02 15:33:02', 1, 2, '2021-11-02 15:33:02', '2021-11-02 07:33:49'),
(3, NULL, 1, 1, 'CLT-21-00001', 'DeltaMike Security Inc.', '547, 96, Doña Imelda, Quezon City, National Capital Region - Second District, Philippines, 1113', '0977-801-1202 / (02)-8709-5430', 'Noemi Gaylan', 0, '-', '-', '-', '2', NULL, NULL, 1, 'test', NULL, '2500.00', '2021-11-02 16:16:27', 1, 1, '2021-11-02 16:16:27', '2021-11-02 08:16:31'),
(4, NULL, 1, 1, 'CLT-21-00001', 'DeltaMike Security Inc.', '547, 96, Doña Imelda, Quezon City, National Capital Region - Second District, Philippines, 1113', '0977-801-1202 / (02)-8709-5430', 'Noemi Gaylan', 1, '2021-DMS-00002', 'BlackBox - Enterprise Resource Planning System', 'Software', '2', '2', '2021-11-02 16:18:22', 2, 'TEST', NULL, '4000.00', '2021-11-02 16:17:49', 1, 2, '2021-11-02 16:17:49', '2021-11-02 08:18:25'),
(5, NULL, 1, 1, 'CLT-21-00001', 'DeltaMike Security Inc.', '547, 96, Doña Imelda, Quezon City, National Capital Region - Second District, Philippines, 1113', '0977-801-1202 / (02)-8709-5430', 'Noemi Gaylan', 1, '2021-DMS-00002', 'BlackBox - Enterprise Resource Planning System', 'Software', '2', '2', '2021-11-02 16:27:01', 2, 'test', NULL, '170000.00', '2021-11-02 16:26:17', 1, 2, '2021-11-02 16:26:17', '2021-11-02 08:27:03'),
(6, NULL, 1, 1, 'CLT-21-00001', 'DeltaMike Security Inc.', '547, 96, Doña Imelda, Quezon City, National Capital Region - Second District, Philippines, 1113', '0977-801-1202 / (02)-8709-5430', 'Noemi Gaylan', 1, '2021-DMS-00002', 'BlackBox - Enterprise Resource Planning System', 'Software', '2', '2', '2021-11-02 16:31:30', 2, 'TEST', NULL, '4000.00', '2021-11-02 16:31:20', 1, 2, '2021-11-02 16:31:20', '2021-11-02 08:31:34'),
(7, NULL, 2, 1, 'CLT-21-00001', 'DeltaMike Security Inc.', '547, 96, Doña Imelda, Quezon City, National Capital Region - Second District, Philippines, 1113', '0977-801-1202 / (02)-8709-5430', 'Noemi Gaylan', 1, '2021-DMS-00002', 'BlackBox - Enterprise Resource Planning System', 'Software', '2', '2', '2021-11-03 11:45:16', 2, 'TEST', NULL, '6400.00', '2021-11-03 11:45:16', 2, 2, '2021-11-03 11:45:16', '2021-11-03 03:45:18'),
(8, NULL, 2, 1, 'CLT-21-00001', 'DeltaMike Security Inc.', '547, 96, Doña Imelda, Quezon City, National Capital Region - Second District, Philippines, 1113', '0977-801-1202 / (02)-8709-5430', 'Noemi Gaylan', 1, '2021-DMS-00002', 'BlackBox - Enterprise Resource Planning System', 'Software', '2', '2', '2021-11-03 11:45:43', 2, 'TEST', NULL, '4500.00', '2021-11-03 11:45:43', 2, 2, '2021-11-03 11:45:43', '2021-11-03 03:45:45'),
(9, NULL, 2, 1, 'CLT-21-00001', 'DeltaMike Security Inc.', '547, 96, Doña Imelda, Quezon City, National Capital Region - Second District, Philippines, 1113', '0977-801-1202 / (02)-8709-5430', 'Noemi Gaylan', 1, '2021-DMS-00002', 'BlackBox - Enterprise Resource Planning System', 'Software', '2', '2', '2021-11-03 12:30:23', 2, 'TEST', NULL, '100.00', '2021-11-03 12:30:23', 2, 2, '2021-11-03 12:30:23', '2021-11-03 04:30:24');

-- --------------------------------------------------------

--
-- Table structure for table `ims_service_scope_tbl`
--

CREATE TABLE `ims_service_scope_tbl` (
  `scopeID` bigint(20) NOT NULL,
  `serviceRequisitionID` bigint(20) DEFAULT NULL,
  `serviceOrderID` bigint(20) DEFAULT NULL,
  `serviceCompletionID` bigint(20) DEFAULT NULL,
  `requestServiceID` bigint(20) NOT NULL,
  `description` text DEFAULT NULL,
  `quantity` int(11) DEFAULT NULL,
  `uom` varchar(100) DEFAULT NULL,
  `unitCost` decimal(15,2) DEFAULT NULL,
  `totalCost` decimal(15,2) DEFAULT NULL,
  `file` text DEFAULT NULL,
  `createdBy` bigint(20) NOT NULL,
  `updatedBy` bigint(20) NOT NULL,
  `createdAt` timestamp NOT NULL DEFAULT current_timestamp(),
  `updatedAt` timestamp NOT NULL DEFAULT current_timestamp() ON UPDATE current_timestamp()
) ENGINE=InnoDB DEFAULT CHARSET=utf8mb4;

--
-- Dumping data for table `ims_service_scope_tbl`
--

INSERT INTO `ims_service_scope_tbl` (`scopeID`, `serviceRequisitionID`, `serviceOrderID`, `serviceCompletionID`, `requestServiceID`, `description`, `quantity`, `uom`, `unitCost`, `totalCost`, `file`, `createdBy`, `updatedBy`, `createdAt`, `updatedAt`) VALUES
(1, 1, NULL, NULL, 1, 'Test', 10, 'kilo', '10.00', '100.00', NULL, 1, 1, '2021-10-26 06:06:42', '2021-10-26 06:06:42'),
(2, 1, NULL, NULL, 1, 'Test', 10, 'pounds', '10.00', '100.00', NULL, 1, 1, '2021-10-26 06:06:42', '2021-10-26 06:06:42'),
(3, 2, NULL, NULL, 2, 'test', 10, 'pounds', '100.00', '1000.00', NULL, 1, 1, '2021-11-02 07:33:03', '2021-11-02 07:33:03'),
(4, 2, NULL, NULL, 2, 'test', 10, 'ream', '200.00', '2000.00', NULL, 1, 1, '2021-11-02 07:33:03', '2021-11-02 07:33:03'),
(5, 2, 1, NULL, 3, 'test', 10, 'pounds', '100.00', '1000.00', NULL, 2, 2, '2021-11-02 07:33:49', '2021-11-02 07:33:49'),
(6, 2, 1, NULL, 3, 'test', 10, 'ream', '200.00', '2000.00', NULL, 2, 2, '2021-11-02 07:33:49', '2021-11-02 07:33:49'),
(13, 2, 1, 1, 7, 'test', 10, 'pounds', '100.00', '1000.00', 'comment-201635840609.png', 1, 1, '2021-11-02 08:10:09', '2021-11-02 08:10:09'),
(14, 2, 1, 1, 7, 'test', 10, 'ream', '200.00', '2000.00', 'empty-living-room-with-blue-sofa-plants-table-empty-white-wall-background-3d-rendering11635840609.jpg', 1, 1, '2021-11-02 08:10:09', '2021-11-02 08:10:09'),
(15, 3, NULL, NULL, 8, 'Test', 5, 'pieces', '500.00', '2500.00', NULL, 1, 1, '2021-11-02 08:16:31', '2021-11-02 08:16:31'),
(16, 4, NULL, NULL, 9, 'TEST', 5, 'pieces', '800.00', '4000.00', NULL, 1, 1, '2021-11-02 08:17:53', '2021-11-02 08:17:53'),
(17, 4, 2, NULL, 10, 'TEST', 5, 'pieces', '800.00', '4000.00', NULL, 2, 2, '2021-11-02 08:18:25', '2021-11-02 08:18:25'),
(19, 5, NULL, NULL, 12, 'test', 10, 'kilo', '15000.00', '150000.00', NULL, 1, 1, '2021-11-02 08:26:19', '2021-11-02 08:26:19'),
(20, 5, NULL, NULL, 13, 'test', 10, 'pounds', '2000.00', '20000.00', NULL, 1, 1, '2021-11-02 08:26:19', '2021-11-02 08:26:19'),
(21, 5, 3, NULL, 14, 'test', 10, 'kilo', '15000.00', '150000.00', NULL, 2, 2, '2021-11-02 08:27:03', '2021-11-02 08:27:03'),
(22, 5, 3, NULL, 15, 'test', 10, 'pounds', '2000.00', '20000.00', NULL, 2, 2, '2021-11-02 08:27:03', '2021-11-02 08:27:03'),
(23, 4, 2, 3, 16, 'TEST', 5, 'pieces', '800.00', '4000.00', '', 1, 1, '2021-11-02 08:30:02', '2021-11-02 08:30:02'),
(24, 6, NULL, NULL, 17, 'TEST', 5, 'pieces', '800.00', '4000.00', NULL, 1, 1, '2021-11-02 08:31:23', '2021-11-02 08:31:23'),
(25, 6, 4, NULL, 18, 'TEST', 5, 'pieces', '800.00', '4000.00', NULL, 2, 2, '2021-11-02 08:31:34', '2021-11-02 08:31:34'),
(27, 7, NULL, NULL, 20, 'TEST', 8, 'pieces', '800.00', '6400.00', NULL, 2, 2, '2021-11-03 03:45:18', '2021-11-03 03:45:18'),
(28, 7, 5, NULL, 21, 'TEST', 8, 'pieces', '800.00', '6400.00', NULL, 2, 2, '2021-11-03 03:45:18', '2021-11-03 03:45:18'),
(29, 8, NULL, NULL, 22, 'TEST', 9, 'pieces', '500.00', '4500.00', NULL, 2, 2, '2021-11-03 03:45:45', '2021-11-03 03:45:45'),
(30, 8, 6, NULL, 23, 'TEST', 9, 'pieces', '500.00', '4500.00', NULL, 2, 2, '2021-11-03 03:45:45', '2021-11-03 03:45:45'),
(33, 9, NULL, NULL, 26, 'TEST', 1, 'pieces', '100.00', '100.00', NULL, 2, 2, '2021-11-03 04:30:24', '2021-11-03 04:30:24'),
(34, 9, 7, NULL, 27, 'TEST', 1, 'pieces', '100.00', '100.00', NULL, 2, 2, '2021-11-03 04:30:24', '2021-11-03 04:30:24'),
(36, 8, 6, 6, 29, 'TEST', 9, 'pieces', '500.00', '4500.00', 'BallPen01635914235.jpg', 2, 2, '2021-11-03 04:37:15', '2021-11-03 04:37:15'),
(37, 5, 3, 5, 30, 'test', 10, 'kilo', '15000.00', '150000.00', 'BallPen01635914532.jpg', 2, 2, '2021-11-03 04:42:12', '2021-11-03 04:42:12'),
(38, 5, 3, 5, 30, 'test', 10, 'kilo', '15000.00', '150000.00', 'BallPen11635914532.jpg', 2, 2, '2021-11-03 04:42:12', '2021-11-03 04:42:12'),
(39, 6, 4, 4, 32, 'TEST', 5, 'pieces', '800.00', '4000.00', 'BallPen01635914627.jpg', 2, 2, '2021-11-03 04:43:47', '2021-11-03 04:43:47'),
(40, 2, 1, 2, 33, 'test', 10, 'pounds', '100.00', '1000.00', 'BallPen01635914968.jpg', 2, 2, '2021-11-03 04:49:28', '2021-11-03 04:49:28'),
(41, 2, 1, 2, 33, 'test', 10, 'ream', '200.00', '2000.00', 'Blade11635914968.png', 2, 2, '2021-11-03 04:49:28', '2021-11-03 04:49:28');

-- --------------------------------------------------------

--
-- Table structure for table `ims_stock_in_assets_tbl`
--

CREATE TABLE `ims_stock_in_assets_tbl` (
  `stockInAssetID` bigint(255) NOT NULL,
  `returnItemID` bigint(255) NOT NULL,
  `materialUsageID` bigint(255) DEFAULT NULL,
  `inventoryReceivingID` bigint(255) DEFAULT NULL,
  `equipmentBorrowingID` bigint(25) DEFAULT NULL,
  `stockOutID` bigint(255) NOT NULL,
  `inventoryCode` varchar(255) COLLATE utf8mb4_unicode_ci NOT NULL,
  `inventoryStorageID` int(255) NOT NULL,
  `inventoryStorageCode` varchar(255) COLLATE utf8mb4_unicode_ci DEFAULT NULL,
  `inventoryStorageOfficeName` varchar(255) COLLATE utf8mb4_unicode_ci NOT NULL,
  `assetID` int(255) DEFAULT NULL,
  `assetCode` text COLLATE utf8mb4_unicode_ci DEFAULT NULL,
  `assetName` text COLLATE utf8mb4_unicode_ci DEFAULT NULL,
  `brand` varchar(255) COLLATE utf8mb4_unicode_ci DEFAULT NULL,
  `classificationName` varchar(255) COLLATE utf8mb4_unicode_ci NOT NULL,
  `categoryName` varchar(255) COLLATE utf8mb4_unicode_ci NOT NULL,
  `uom` varchar(255) COLLATE utf8mb4_unicode_ci NOT NULL,
  `serialNumber` varchar(255) COLLATE utf8mb4_unicode_ci DEFAULT NULL,
  `ExpirationDate` date NOT NULL,
  `ManufactureDate` date NOT NULL,
  `barcode` varchar(255) COLLATE utf8mb4_unicode_ci NOT NULL,
  `quantity` decimal(15,2) NOT NULL,
  `quantityForStockin` decimal(15,2) NOT NULL,
  `createAt` timestamp NOT NULL DEFAULT current_timestamp() ON UPDATE current_timestamp(),
  `updateAt` timestamp NOT NULL DEFAULT current_timestamp() ON UPDATE current_timestamp(),
  `stockInDate` timestamp NOT NULL DEFAULT current_timestamp(),
  `stockOutDate` date NOT NULL
) ENGINE=InnoDB DEFAULT CHARSET=utf8mb4 COLLATE=utf8mb4_unicode_ci;

-- --------------------------------------------------------

--
-- Table structure for table `ims_stock_in_item_tbl`
--

CREATE TABLE `ims_stock_in_item_tbl` (
  `stockInItemID` bigint(255) NOT NULL,
  `returnItemID` bigint(255) NOT NULL,
  `materialUsageID` bigint(255) DEFAULT NULL,
  `inventoryReceivingID` bigint(255) DEFAULT NULL,
  `stockOutID` bigint(255) NOT NULL,
  `inventoryCode` varchar(255) COLLATE utf8mb4_unicode_ci NOT NULL,
  `inventoryStorageID` int(255) NOT NULL,
  `inventoryStorageCode` varchar(255) COLLATE utf8mb4_unicode_ci DEFAULT NULL,
  `inventoryStorageOfficeName` varchar(255) COLLATE utf8mb4_unicode_ci NOT NULL,
  `itemID` int(255) DEFAULT NULL,
  `itemCode` varchar(255) COLLATE utf8mb4_unicode_ci NOT NULL,
  `itemName` varchar(255) COLLATE utf8mb4_unicode_ci DEFAULT NULL,
  `brand` varchar(255) COLLATE utf8mb4_unicode_ci DEFAULT NULL,
  `classificationName` varchar(255) COLLATE utf8mb4_unicode_ci NOT NULL,
  `categoryName` varchar(255) COLLATE utf8mb4_unicode_ci NOT NULL,
  `uom` varchar(255) COLLATE utf8mb4_unicode_ci NOT NULL,
  `serialNumber` varchar(255) COLLATE utf8mb4_unicode_ci DEFAULT NULL,
  `ExpirationDate` date NOT NULL,
  `ManufactureDate` date NOT NULL,
  `barcode` varchar(255) COLLATE utf8mb4_unicode_ci NOT NULL,
  `quantity` decimal(15,2) NOT NULL,
  `quantityForStockin` decimal(15,2) NOT NULL,
  `createAt` timestamp NOT NULL DEFAULT current_timestamp() ON UPDATE current_timestamp(),
  `updateAt` timestamp NOT NULL DEFAULT current_timestamp() ON UPDATE current_timestamp(),
  `stockInDate` timestamp NOT NULL DEFAULT current_timestamp(),
  `stockOutDate` date NOT NULL
) ENGINE=InnoDB DEFAULT CHARSET=utf8mb4 COLLATE=utf8mb4_unicode_ci;

-- --------------------------------------------------------

--
-- Table structure for table `ims_stock_in_tbl`
--

CREATE TABLE `ims_stock_in_tbl` (
  `stockinID` bigint(255) NOT NULL,
  `inventoryReceivingID` bigint(255) NOT NULL,
  `itemID` bigint(255) NOT NULL,
  `itemName` varchar(255) COLLATE utf8mb4_unicode_ci NOT NULL,
  `barcode` text COLLATE utf8mb4_unicode_ci NOT NULL,
  `stockInSerialNumber` varchar(255) COLLATE utf8mb4_unicode_ci DEFAULT NULL,
  `stockInQuantity` decimal(15,2) NOT NULL,
  `stockInLocationID` bigint(255) NOT NULL,
  `manufacturedDate` varchar(255) COLLATE utf8mb4_unicode_ci NOT NULL,
  `expirationDate` varchar(255) COLLATE utf8mb4_unicode_ci NOT NULL,
  `StockInStatus` bigint(255) NOT NULL
) ENGINE=InnoDB DEFAULT CHARSET=utf8mb4 COLLATE=utf8mb4_unicode_ci;

-- --------------------------------------------------------

--
-- Table structure for table `ims_stock_in_total_tbl`
--

CREATE TABLE `ims_stock_in_total_tbl` (
  `stockInTotalID` int(11) NOT NULL,
  `itemID` int(11) NOT NULL,
  `barcode` text COLLATE utf8mb4_unicode_ci NOT NULL,
  `itemName` varchar(255) COLLATE utf8mb4_unicode_ci NOT NULL,
  `quantity` int(11) NOT NULL,
  `inventoryStorageID` int(11) NOT NULL,
  `stockInTotalStatus` int(11) NOT NULL
) ENGINE=InnoDB DEFAULT CHARSET=utf8mb4 COLLATE=utf8mb4_unicode_ci;

-- --------------------------------------------------------

--
-- Table structure for table `ims_stock_out_tbl`
--

CREATE TABLE `ims_stock_out_tbl` (
  `stockOutID` bigint(20) NOT NULL,
  `stockOutCode` text COLLATE utf8mb4_unicode_ci DEFAULT NULL,
  `materialWithdrawalID` bigint(20) DEFAULT NULL,
  `materialWithdrawalCode` text COLLATE utf8mb4_unicode_ci DEFAULT NULL,
  `inventoryValidationID` bigint(20) DEFAULT NULL,
  `inventoryValidationCode` text COLLATE utf8mb4_unicode_ci DEFAULT NULL,
  `materialRequestID` bigint(20) DEFAULT NULL,
  `materialRequestCode` text COLLATE utf8mb4_unicode_ci DEFAULT NULL,
  `costEstimateID` bigint(20) DEFAULT NULL,
  `costEstimateCode` text COLLATE utf8mb4_unicode_ci DEFAULT NULL,
  `billMaterialID` bigint(20) DEFAULT NULL,
  `billMaterialCode` text COLLATE utf8mb4_unicode_ci DEFAULT NULL,
  `employeeID` bigint(20) DEFAULT NULL,
  `timelineBuilderID` bigint(20) DEFAULT NULL,
  `projectCode` text COLLATE utf8mb4_unicode_ci DEFAULT NULL,
  `projectName` text COLLATE utf8mb4_unicode_ci DEFAULT NULL,
  `projectCategory` text COLLATE utf8mb4_unicode_ci DEFAULT NULL,
  `clientCode` text COLLATE utf8mb4_unicode_ci DEFAULT NULL,
  `clientName` text COLLATE utf8mb4_unicode_ci DEFAULT NULL,
  `clientAddress` text COLLATE utf8mb4_unicode_ci DEFAULT NULL,
  `approversID` text COLLATE utf8mb4_unicode_ci DEFAULT NULL,
  `approversStatus` text COLLATE utf8mb4_unicode_ci DEFAULT NULL,
  `approversDate` text COLLATE utf8mb4_unicode_ci DEFAULT NULL,
  `inventoryItemStatus` int(50) DEFAULT NULL,
  `inventoryAssetStatus` int(50) DEFAULT NULL,
  `stockOutStatus` int(50) DEFAULT NULL,
  `stockOutReason` text COLLATE utf8mb4_unicode_ci DEFAULT NULL,
  `stockOutRemarks` text COLLATE utf8mb4_unicode_ci DEFAULT NULL,
  `dateNeeded` date DEFAULT NULL,
  `submittedAt` timestamp NOT NULL DEFAULT current_timestamp() ON UPDATE current_timestamp(),
  `createdBy` bigint(20) DEFAULT NULL,
  `updatedBy` bigint(20) DEFAULT NULL,
  `createdAt` timestamp NOT NULL DEFAULT current_timestamp(),
  `updatedAt` timestamp NOT NULL DEFAULT current_timestamp() ON UPDATE current_timestamp()
) ENGINE=InnoDB DEFAULT CHARSET=utf8mb4 COLLATE=utf8mb4_unicode_ci;

-- --------------------------------------------------------

--
-- Table structure for table `ims_transfer_request_details_tbl`
--

CREATE TABLE `ims_transfer_request_details_tbl` (
  `transferRequestItemID` bigint(20) NOT NULL,
  `transferRequestID` bigint(20) NOT NULL,
  `itemCode` varchar(255) NOT NULL,
  `itemID` bigint(20) DEFAULT NULL,
  `barcode` varchar(255) NOT NULL,
  `itemName` varchar(255) DEFAULT NULL,
  `brandName` varchar(255) DEFAULT NULL,
  `unitOfMeasurement` varchar(255) DEFAULT NULL,
  `quantity` int(11) DEFAULT NULL,
  `stocks` int(11) NOT NULL,
  `createdBy` bigint(20) NOT NULL,
  `updatedBy` bigint(20) NOT NULL,
  `createdAt` timestamp NOT NULL DEFAULT current_timestamp(),
  `updatedAt` timestamp NOT NULL DEFAULT current_timestamp() ON UPDATE current_timestamp()
) ENGINE=InnoDB DEFAULT CHARSET=utf8mb4;

-- --------------------------------------------------------

--
-- Table structure for table `ims_transfer_request_tbl`
--

CREATE TABLE `ims_transfer_request_tbl` (
  `transferRequestID` bigint(20) NOT NULL,
  `reviseTransferRequestID` bigint(20) DEFAULT NULL,
  `employeeID` bigint(20) NOT NULL,
  `inventoryStorageIDSender` bigint(20) DEFAULT NULL,
  `inventoryStorageIDReceiver` bigint(20) DEFAULT NULL,
  `approversID` text DEFAULT NULL,
  `approversStatus` text DEFAULT NULL,
  `approversDate` text DEFAULT NULL,
  `transferRequestStatus` int(11) NOT NULL,
  `transferDate` date DEFAULT NULL,
  `transferRequestReason` longtext DEFAULT NULL,
  `transferRequestRemarks` longtext DEFAULT NULL,
  `submittedAt` timestamp NULL DEFAULT NULL,
  `createdBy` bigint(20) NOT NULL,
  `updatedBy` bigint(20) NOT NULL,
  `createdAt` timestamp NOT NULL DEFAULT current_timestamp(),
  `updatedAt` timestamp NOT NULL DEFAULT current_timestamp() ON UPDATE current_timestamp()
) ENGINE=InnoDB DEFAULT CHARSET=utf8mb4;

-- --------------------------------------------------------

--
-- Table structure for table `ims_travel_request_tbl`
--

CREATE TABLE `ims_travel_request_tbl` (
  `travelRequestID` bigint(20) NOT NULL,
  `costEstimateID` bigint(20) DEFAULT NULL,
  `billMaterialID` bigint(20) DEFAULT NULL,
  `costEstimateCode` text COLLATE utf8mb4_unicode_ci DEFAULT NULL,
  `billMaterialCode` text COLLATE utf8mb4_unicode_ci DEFAULT NULL,
  `travelType` text COLLATE utf8mb4_unicode_ci NOT NULL,
  `vehicleID` bigint(20) DEFAULT NULL,
  `vehicleCode` text COLLATE utf8mb4_unicode_ci DEFAULT NULL,
  `vehicleName` text COLLATE utf8mb4_unicode_ci DEFAULT NULL,
  `vehiclePlateNumber` text COLLATE utf8mb4_unicode_ci DEFAULT NULL,
  `vehicleFuelType` text COLLATE utf8mb4_unicode_ci DEFAULT NULL,
  `vehicleDistance` decimal(20,2) DEFAULT NULL,
  `vehicleFuelConsumption` decimal(20,2) DEFAULT NULL,
  `vehicleManHours` decimal(10,2) DEFAULT NULL,
  `vehicleStartDate` date DEFAULT NULL,
  `vehicleEndDate` date DEFAULT NULL,
  `travelTypeDescription` text COLLATE utf8mb4_unicode_ci DEFAULT NULL,
  `vehicleLiters` decimal(20,2) DEFAULT NULL,
  `unitCost` decimal(10,2) DEFAULT NULL,
  `totalCost` decimal(10,2) DEFAULT NULL,
  `createdBy` bigint(20) DEFAULT NULL,
  `updatedBy` bigint(20) DEFAULT NULL,
  `createdAt` timestamp NOT NULL DEFAULT current_timestamp(),
  `updatedAt` timestamp NOT NULL DEFAULT current_timestamp() ON UPDATE current_timestamp()
) ENGINE=InnoDB DEFAULT CHARSET=utf8mb4 COLLATE=utf8mb4_unicode_ci;

-- --------------------------------------------------------

--
-- Table structure for table `ims_uom_tbl`
--

CREATE TABLE `ims_uom_tbl` (
  `uomID` bigint(20) NOT NULL,
  `uomCode` varchar(255) NOT NULL,
  `uomName` varchar(255) NOT NULL,
  `uomStatus` int(50) NOT NULL,
  `datecreated` text NOT NULL DEFAULT current_timestamp(),
  `createdBy` bigint(20) NOT NULL,
  `updatedBy` bigint(20) NOT NULL,
  `createdAt` datetime NOT NULL DEFAULT current_timestamp(),
  `updatedAt` timestamp NOT NULL DEFAULT current_timestamp() ON UPDATE current_timestamp()
) ENGINE=InnoDB DEFAULT CHARSET=utf8mb4;

--
-- Dumping data for table `ims_uom_tbl`
--

INSERT INTO `ims_uom_tbl` (`uomID`, `uomCode`, `uomName`, `uomStatus`, `datecreated`, `createdBy`, `updatedBy`, `createdAt`, `updatedAt`) VALUES
(1, 'UOM-21-00001', 'pieces', 1, '2021-05-25 23:50:02', 1, 1, '2021-05-25 23:50:02', '2021-05-25 23:51:33'),
(2, 'UOM-21-00002', 'kilo', 1, '2021-05-26 03:10:53', 1, 1, '2021-05-26 03:10:53', '2021-05-26 03:10:53'),
(3, 'UOM-21-00003', 'pounds', 1, '2021-05-26 03:11:04', 1, 1, '2021-05-26 03:11:04', '2021-05-28 06:17:57'),
(4, 'UOM-21-00004', 'grams', 1, '2021-05-27 07:27:06', 1, 1, '2021-05-27 07:27:06', '2021-05-27 07:27:19'),
(5, 'UOM-21-00005', 'ream', 1, '2021-06-01 00:44:45', 1, 1, '2021-06-01 00:44:45', '2021-06-01 00:44:55'),
(6, 'UOM-21-00006', 'Liters', 1, '2021-06-24 05:30:10', 1, 1, '2021-06-24 05:30:10', '2021-06-24 05:30:10'),
(7, 'UOM-21-00007', 'Carton', 1, '2021-09-09 01:00:17', 1, 1, '2021-09-09 01:00:17', '2021-09-09 01:00:17'),
(8, 'UOM-21-00008', 'meter', 1, '2021-09-09 01:00:24', 1, 1, '2021-09-09 01:00:24', '2021-11-03 00:18:53'),
(9, 'UOM-21-00009', 'acre', 1, '2021-09-21 01:06:14', 1, 1, '2021-09-21 01:06:14', '2021-09-21 01:06:14'),
(10, 'UOM-21-00010', 'bag', 1, '2021-11-02 05:48:59', 1, 1, '2021-11-02 05:48:59', '2021-11-02 05:49:10'),
(11, 'UOM-21-00011', 'bulk', 1, '2021-11-03 00:18:03', 1, 1, '2021-11-03 00:18:03', '2021-11-03 00:18:03'),
(12, 'UOM-21-00012', 'piece', 1, '2021-12-15 00:51:37', 2, 2, '2021-12-15 00:51:37', '2021-12-15 00:51:37');

-- --------------------------------------------------------

--
-- Table structure for table `ims_withdrawal_equipment_borrowing_serial_number_tbl`
--

CREATE TABLE `ims_withdrawal_equipment_borrowing_serial_number_tbl` (
  `serialAssetID` bigint(20) NOT NULL,
  `materialWithdrawalID` bigint(20) DEFAULT NULL,
  `materialRequestID` bigint(20) DEFAULT NULL,
  `withdrawalAssetID` bigint(20) DEFAULT NULL,
  `assetID` bigint(20) DEFAULT NULL,
  `serialAssetNumber` varchar(255) COLLATE utf8mb4_unicode_ci DEFAULT NULL,
  `createdBy` bigint(20) DEFAULT NULL,
  `createdAt` timestamp NOT NULL DEFAULT current_timestamp()
) ENGINE=InnoDB DEFAULT CHARSET=utf8mb4 COLLATE=utf8mb4_unicode_ci;

-- --------------------------------------------------------

--
-- Table structure for table `ims_withdrawal_stockout_serial_number_tbl`
--

CREATE TABLE `ims_withdrawal_stockout_serial_number_tbl` (
  `serialItemID` bigint(20) NOT NULL,
  `materialWithdrawalID` bigint(20) DEFAULT NULL,
  `materialRequestID` bigint(20) DEFAULT NULL,
  `withdrawalItemID` bigint(20) DEFAULT NULL,
  `itemID` bigint(20) DEFAULT NULL,
  `serialItemNumber` varchar(255) COLLATE utf8mb4_unicode_ci DEFAULT NULL,
  `createdBy` bigint(20) DEFAULT NULL,
  `createdAt` timestamp NOT NULL DEFAULT current_timestamp()
) ENGINE=InnoDB DEFAULT CHARSET=utf8mb4 COLLATE=utf8mb4_unicode_ci;

-- --------------------------------------------------------

--
-- Table structure for table `pms_bill_material_tbl`
--

CREATE TABLE `pms_bill_material_tbl` (
  `billMaterialID` bigint(20) NOT NULL,
  `billMaterialCode` text COLLATE utf8mb4_unicode_ci DEFAULT NULL,
  `costEstimateID` bigint(20) DEFAULT NULL,
  `costEstimateCode` text COLLATE utf8mb4_unicode_ci DEFAULT NULL,
  `employeeID` bigint(20) NOT NULL,
  `timelineBuilderID` bigint(20) DEFAULT NULL,
  `timelineDesign` text COLLATE utf8mb4_unicode_ci DEFAULT NULL,
  `projectCode` varchar(200) COLLATE utf8mb4_unicode_ci DEFAULT NULL,
  `projectName` text COLLATE utf8mb4_unicode_ci DEFAULT NULL,
  `projectCategory` varchar(200) COLLATE utf8mb4_unicode_ci DEFAULT NULL,
  `clientCode` text COLLATE utf8mb4_unicode_ci DEFAULT NULL,
  `clientName` text COLLATE utf8mb4_unicode_ci DEFAULT NULL,
  `clientAddress` text COLLATE utf8mb4_unicode_ci DEFAULT NULL,
  `billMaterialGrandTotal` decimal(12,2) DEFAULT NULL,
  `approversID` text COLLATE utf8mb4_unicode_ci DEFAULT NULL,
  `approversStatus` text COLLATE utf8mb4_unicode_ci DEFAULT NULL,
  `approversDate` text COLLATE utf8mb4_unicode_ci DEFAULT NULL,
  `billMaterialStatus` int(11) NOT NULL,
  `billMaterialReason` text COLLATE utf8mb4_unicode_ci DEFAULT NULL,
  `billMaterialRemarks` text COLLATE utf8mb4_unicode_ci DEFAULT NULL,
  `dateNeeded` date DEFAULT NULL,
  `submittedAt` timestamp NULL DEFAULT current_timestamp(),
  `createdBy` bigint(20) NOT NULL,
  `updatedBy` bigint(20) DEFAULT NULL,
  `createdAt` timestamp NOT NULL DEFAULT current_timestamp(),
  `updatedAt` timestamp NOT NULL DEFAULT current_timestamp() ON UPDATE current_timestamp()
) ENGINE=InnoDB DEFAULT CHARSET=utf8mb4 COLLATE=utf8mb4_unicode_ci;

-- --------------------------------------------------------

--
-- Table structure for table `pms_category_tbl`
--

CREATE TABLE `pms_category_tbl` (
  `categoryID` bigint(20) NOT NULL,
  `categoryCode` varchar(255) NOT NULL,
  `categoryName` varchar(255) NOT NULL,
  `companyName` varchar(255) NOT NULL,
  `categoryShortcut` varchar(255) DEFAULT NULL,
  `categoryStatus` int(50) NOT NULL,
  `createdBy` bigint(20) NOT NULL,
  `updatedBy` bigint(20) NOT NULL,
  `datecreated` date NOT NULL,
  `createdAt` timestamp NOT NULL DEFAULT current_timestamp(),
  `updatedAt` timestamp NOT NULL DEFAULT current_timestamp() ON UPDATE current_timestamp()
) ENGINE=InnoDB DEFAULT CHARSET=utf8mb4;

--
-- Dumping data for table `pms_category_tbl`
--

INSERT INTO `pms_category_tbl` (`categoryID`, `categoryCode`, `categoryName`, `companyName`, `categoryShortcut`, `categoryStatus`, `createdBy`, `updatedBy`, `datecreated`, `createdAt`, `updatedAt`) VALUES
(1, 'PCT-21-00001', 'Infrastructures', '5', 'INF', 1, 1, 2, '0000-00-00', '2021-04-15 05:28:31', '2021-12-15 04:50:21'),
(2, 'PCT-21-00002', 'Maintenance', '5', 'MTN', 1, 1, 1, '0000-00-00', '2021-04-21 02:00:40', '2021-06-29 06:41:41'),
(3, 'PCT-21-00003', 'Software', '5', 'SFW', 1, 1, 1, '0000-00-00', '2021-04-21 02:01:45', '2021-06-29 06:41:57'),
(4, 'PCT-21-00004', 'Hardware', '5', 'HRW', 1, 1, 1, '0000-00-00', '2021-05-06 07:03:16', '2021-06-29 06:42:07'),
(5, 'PCT-21-00005', 'test test test', '5', 'TT', 0, 1, 1, '0000-00-00', '2021-05-26 08:07:51', '2021-06-29 06:36:29'),
(6, 'PCT-21-00006', 'Industrial', '2', 'IND', 1, 20, 20, '0000-00-00', '2021-10-05 08:27:07', '2021-10-05 08:27:07');

-- --------------------------------------------------------

--
-- Table structure for table `pms_client_tbl`
--

CREATE TABLE `pms_client_tbl` (
  `clientID` bigint(20) NOT NULL,
  `clientCode` varchar(255) NOT NULL,
  `clientName` varchar(255) NOT NULL,
  `clientShortcut` varchar(255) NOT NULL,
  `clientRegion` varchar(255) NOT NULL,
  `clientProvince` varchar(255) NOT NULL,
  `clientCity` varchar(255) NOT NULL,
  `clientBarangay` varchar(255) NOT NULL,
  `clientUnitNumber` varchar(255) NOT NULL,
  `clientHouseNumber` varchar(255) NOT NULL,
  `clientStreetName` text DEFAULT NULL,
  `clientSubdivisionName` text DEFAULT NULL,
  `clientCountry` varchar(255) NOT NULL,
  `clientPostalCode` int(50) NOT NULL,
  `clientContactPerson` varchar(255) NOT NULL,
  `clientEmailAddress` varchar(255) NOT NULL,
  `clientTin` varchar(255) NOT NULL,
  `client_MobileNo` varchar(255) NOT NULL,
  `clientTelephoneNo` varchar(255) NOT NULL,
  `clientBrandName` varchar(255) NOT NULL,
  `clientContract` text DEFAULT NULL,
  `clientJobOrder` text DEFAULT NULL,
  `clientEngagementLetter` text DEFAULT NULL,
  `clientStatus` int(50) NOT NULL,
  `createdBy` bigint(20) NOT NULL,
  `updatedBy` bigint(20) NOT NULL,
  `createdAt` timestamp NOT NULL DEFAULT current_timestamp(),
  `updatedAt` timestamp NOT NULL DEFAULT current_timestamp() ON UPDATE current_timestamp()
) ENGINE=InnoDB DEFAULT CHARSET=utf8mb4;

--
-- Dumping data for table `pms_client_tbl`
--

INSERT INTO `pms_client_tbl` (`clientID`, `clientCode`, `clientName`, `clientShortcut`, `clientRegion`, `clientProvince`, `clientCity`, `clientBarangay`, `clientUnitNumber`, `clientHouseNumber`, `clientStreetName`, `clientSubdivisionName`, `clientCountry`, `clientPostalCode`, `clientContactPerson`, `clientEmailAddress`, `clientTin`, `client_MobileNo`, `clientTelephoneNo`, `clientBrandName`, `clientContract`, `clientJobOrder`, `clientEngagementLetter`, `clientStatus`, `createdBy`, `updatedBy`, `createdAt`, `updatedAt`) VALUES
(1, 'CLT-21-00001', 'DeltaMike Security Inc.', 'DMS', 'NCR', 'NATIONAL CAPITAL REGION - SECOND DISTRICT', 'QUEZON CITY', 'DOÑA IMELDA', '547', '96', 'Guirayan Street', 'Dona Imelda', 'Philippines', 1113, 'Noemi Gaylan', 'noemiegaylan@tactics.com.ph', '686-474-574-575', '0977-801-1202', '(02)-8709-5430', 'https://deltamikesecurity.com/', 'IMG_182901634603324.JPG|1way angle valve01639534960.png', '01625709152.docx', '01625709152.docx', 1, 1, 2, '2021-04-15 00:02:09', '2021-12-15 02:22:40'),
(2, 'CLT-21-00002', 'Ricardo\'s Coffee + Classic Cuisine', 'RCC', '4A', 'CAVITE', 'AMADEO', 'DAGATAN', '', 'Cristanto M. Delos Reyes, Higway, Brgy. Dagatan', 'null', 'null', 'Philippines', 4119, 'Serafino Juliano', 'maryanne.concio@powerhouse-academy.com', '345-543-534-534', '0917-886-2210', '(02)-8171-4330', '', NULL, NULL, NULL, 1, 1, 1, '2021-04-15 00:26:19', '2021-07-01 01:33:11'),
(3, 'CLT-21-00003', 'Powerhouse (PDCA)', 'PDC', 'NCR', 'NATIONAL CAPITAL REGION - SECOND DISTRICT', 'QUEZON CITY', 'BAGUMBAYAN', '', '28D Eastwood Excelsior Eastwood Avenue, Eastwood City', 'null', 'null', 'Philippines', 1110, 'Mary Ann Consio', 'maryanne.concio@powerhouse-academy.com', '686-938-090-397', '0917-886-2210', '(02)-7639-7300', 'http://www.powerhouse-academy.com', NULL, NULL, NULL, 0, 1, 1, '2021-04-15 00:47:21', '2021-07-19 05:26:35'),
(4, 'CLT-21-00004', 'Gatchallan Tangalin and Co CPAs', 'GTC', 'NCR', 'NATIONAL CAPITAL REGION - SECOND DISTRICT', 'CITY OF PASIG', 'SAN ANTONIO', '1709', 'Antel Global Corporate Center', 'Julia Vargas Avenue', 'Ortigas Center', 'Philippines', 1605, 'Kaycee Allen Tangalin', 'gtc.cpas@gmail.com', '667-576-565-645', '0995-078-2845', '(02)-5310-2930', 'http://www.gtcnow.com', NULL, NULL, NULL, 1, 1, 20, '2021-04-15 02:42:10', '2021-10-06 00:54:48'),
(5, 'CLT-21-00005', 'Esquared Universal Company', 'EUC', '01', 'ILOCOS SUR', 'VIGAN CITY', 'BARANGAY I (POB.)', '1', 'Antel global corporate center', 'null', 'null', 'Philippines', 1533, 'Carlota Montefalco', 'carly.monty@gmail.com', '324-830-402-704', '0993-320-0133', '(21)-1231-3540', '', NULL, NULL, NULL, 1, 1, 1, '2021-05-18 07:01:52', '2021-08-02 06:15:24'),
(6, 'CLT-21-00006', 'STRIDE Company', 'STR', 'NCR', 'NATIONAL CAPITAL REGION - SECOND DISTRICT', 'QUEZON CITY', 'COMMONWEALTH', '8501', 'Stride Bldg. ', 'Commonwealth', 'Commonwealth', 'Philippines', 1109, 'Alex Pangalinan', 'alex.pangalinan@gmail.com', '432-454-365-768', '0932-252-3421', '(44)-1231-2312', 'stridecompany.com', '01630022049.xlsx', '01630022049.xlsx', '01630022049.xlsx', 1, 1, 1, '2021-08-26 23:54:09', '2021-08-26 23:54:09'),
(7, 'CLT-21-00007', 'Halo Halo de Iloko', 'HHI', '01', 'LA UNION', 'CITY OF SAN FERNANDO', 'LINGSAT', '', '12', 'Zandueta', 'Dona Imelda', 'Philippines', 2500, 'Xavier', 'halohalodeiloko@gmail.com', '543-234-235-654', '0932-434-6545', '(02)-4365-4634', 'halohalodeiloko.com', '', '', '', 1, 1, 1, '2021-10-07 00:30:59', '2021-10-07 00:30:59'),
(8, 'CLT-21-00008', 'Pao Norte', 'PNL', '01', 'LA UNION', 'CITY OF SAN FERNANDO', 'PAO NORTE', '', '35', 'Hiraya', 'Dona Imelda', 'Philippines', 2566, 'Carlmark Tangalin', 'paonorte.leisurepark@gmail.com', '213-475-342-443', '0924-362-3432', '(02)-1543-6342', 'paonorteleisurepark.com', '', '', '', 1, 1, 1, '2021-10-07 00:32:21', '2021-10-07 00:32:21'),
(9, 'CLT-21-00009', 'Lingsat Warehouse', 'LWH', '01', 'LA UNION', 'CITY OF SAN FERNANDO', 'LINGSAT', '', '20', 'Ganaden Street', 'Dona Imelda', 'Philippines', 2500, 'Carlmark Tangalin', 'lingsat.warehouse@gmail.com', '543-245-565-856', '0965-874-3456', '(02)-4357-6575', 'lingsatwarehouse.com', '', '', '', 1, 1, 2, '2021-10-07 00:33:47', '2021-12-15 01:11:03');

-- --------------------------------------------------------

--
-- Table structure for table `pms_cost_estimate_tbl`
--

CREATE TABLE `pms_cost_estimate_tbl` (
  `costEstimateID` bigint(21) NOT NULL,
  `costEstimateCode` text COLLATE utf8mb4_unicode_ci DEFAULT NULL,
  `reviseCostEstimateID` bigint(20) DEFAULT NULL,
  `reviseCostEstimateCode` text COLLATE utf8mb4_unicode_ci DEFAULT NULL,
  `employeeID` bigint(20) NOT NULL,
  `timelineBuilderID` bigint(20) DEFAULT NULL,
  `timelineDesign` text COLLATE utf8mb4_unicode_ci DEFAULT NULL,
  `projectCode` varchar(200) COLLATE utf8mb4_unicode_ci DEFAULT NULL,
  `projectName` text COLLATE utf8mb4_unicode_ci DEFAULT NULL,
  `projectCategory` varchar(200) COLLATE utf8mb4_unicode_ci DEFAULT NULL,
  `clientCode` text COLLATE utf8mb4_unicode_ci DEFAULT NULL,
  `clientName` text COLLATE utf8mb4_unicode_ci DEFAULT NULL,
  `clientAddress` text COLLATE utf8mb4_unicode_ci DEFAULT NULL,
  `approversID` text COLLATE utf8mb4_unicode_ci DEFAULT NULL,
  `approversStatus` text COLLATE utf8mb4_unicode_ci DEFAULT NULL,
  `approversDate` text COLLATE utf8mb4_unicode_ci DEFAULT NULL,
  `costEstimateStatus` int(11) NOT NULL,
  `costEstimateReason` text COLLATE utf8mb4_unicode_ci DEFAULT NULL,
  `costEstimateRemarks` text COLLATE utf8mb4_unicode_ci DEFAULT NULL,
  `dateNeeded` date DEFAULT NULL,
  `submittedAt` timestamp NULL DEFAULT current_timestamp(),
  `createdBy` bigint(20) NOT NULL,
  `updatedBy` bigint(20) NOT NULL,
  `createdAt` timestamp NOT NULL DEFAULT current_timestamp(),
  `updatedAt` timestamp NOT NULL DEFAULT current_timestamp() ON UPDATE current_timestamp()
) ENGINE=InnoDB DEFAULT CHARSET=utf8mb4 COLLATE=utf8mb4_unicode_ci;

-- --------------------------------------------------------

--
-- Table structure for table `pms_employeetaskboard_log_tbl`
--

CREATE TABLE `pms_employeetaskboard_log_tbl` (
  `logID` bigint(20) NOT NULL,
  `taskboardID` bigint(20) DEFAULT NULL,
  `subtaskboardID` bigint(20) DEFAULT NULL,
  `action` varchar(255) COLLATE utf8mb4_unicode_ci DEFAULT NULL,
  `object_label` varchar(255) COLLATE utf8mb4_unicode_ci DEFAULT NULL,
  `object_value` longtext COLLATE utf8mb4_unicode_ci DEFAULT NULL,
  `createdBy` bigint(20) NOT NULL,
  `createdAt` timestamp NOT NULL DEFAULT current_timestamp()
) ENGINE=InnoDB DEFAULT CHARSET=utf8mb4 COLLATE=utf8mb4_unicode_ci;

--
-- Dumping data for table `pms_employeetaskboard_log_tbl`
--

INSERT INTO `pms_employeetaskboard_log_tbl` (`logID`, `taskboardID`, `subtaskboardID`, `action`, `object_label`, `object_value`, `createdBy`, `createdAt`) VALUES
(1, NULL, 1, 'changed', '', '', 20, '2021-10-28 05:07:36'),
(2, NULL, 1, 'changed', 'assigned', '26', 20, '2021-10-28 05:07:46'),
(3, NULL, 1, 'changed', '', '', 20, '2021-10-28 05:08:00'),
(4, NULL, 1, 'changed', '', '', 20, '2021-10-28 05:10:42'),
(5, NULL, 1, 'changed', '', '', 20, '2021-10-28 05:10:56'),
(6, NULL, 1, 'changed', 'assigned', '26', 20, '2021-10-28 05:11:11'),
(7, NULL, 1, 'changed', '', '', 20, '2021-10-28 05:13:08'),
(8, NULL, 1, 'changed', '', '', 20, '2021-10-28 05:13:15'),
(9, NULL, 1, 'changed', 'assigned', '26', 20, '2021-10-28 05:13:22'),
(10, NULL, 1, 'changed', '', '', 20, '2021-10-28 05:14:08'),
(11, NULL, 1, 'changed', '', '', 20, '2021-10-28 05:14:24'),
(12, NULL, 1, 'changed', '', '', 20, '2021-10-28 05:14:26'),
(13, NULL, 1, 'changed', 'assigned', '26', 20, '2021-10-28 05:51:49'),
(14, NULL, 1, 'changed', 'status', '7', 20, '2021-10-28 05:52:14'),
(15, NULL, 2, 'changed', '', '', 4, '2021-11-02 07:55:32'),
(16, NULL, 2, 'changed', '', '', 4, '2021-11-02 07:55:44'),
(17, NULL, 2, 'changed', '', '', 4, '2021-11-02 07:55:48'),
(18, NULL, 2, 'changed', 'assigned', '4|25', 4, '2021-11-02 07:55:50'),
(19, NULL, 2, 'changed', 'assigned', '4|25', 4, '2021-11-02 07:55:58'),
(20, NULL, 3, 'changed', '', '', 4, '2021-11-02 07:56:31'),
(21, NULL, 3, 'changed', '', '', 4, '2021-11-02 07:56:36'),
(22, NULL, 3, 'changed', '', '', 4, '2021-11-02 07:56:40'),
(23, NULL, 3, 'changed', 'assigned', '4|25', 4, '2021-11-02 07:56:42'),
(24, NULL, 2, 'changed', 'assigned', '4|25', 4, '2021-11-02 08:00:49'),
(25, NULL, 2, 'changed', 'man hours', '5', 4, '2021-11-02 08:01:05'),
(26, NULL, 2, 'changed', 'assigned', '4|25', 4, '2021-11-02 08:04:57'),
(27, NULL, 3, 'changed', 'assigned', '4|25', 4, '2021-11-02 08:06:19'),
(28, 1, NULL, 'changed', 'actual end date', '2021-11-25', 20, '2021-11-15 06:33:01'),
(29, 4, NULL, 'changed', 'status', '9', 2, '2021-12-10 02:51:32'),
(30, 4, NULL, 'changed', 'severity', '1', 2, '2021-12-10 02:51:37'),
(31, 4, NULL, 'changed', 'description', 'testing', 2, '2021-12-10 02:52:10'),
(32, NULL, 4, 'changed', '', '', 2, '2021-12-10 02:52:16'),
(33, NULL, 4, 'changed', 'description', 'testing', 2, '2021-12-10 02:52:31'),
(34, NULL, 4, 'changed', '', '', 2, '2021-12-10 02:52:32'),
(35, NULL, 4, 'changed', '', '', 2, '2021-12-10 02:52:34'),
(36, NULL, 4, 'changed', '', '', 2, '2021-12-10 02:52:34'),
(37, NULL, 4, 'changed', '', '', 2, '2021-12-10 02:52:36'),
(38, NULL, 4, 'changed', '', '', 2, '2021-12-10 02:52:40'),
(39, NULL, 4, 'changed', '', '', 2, '2021-12-10 02:52:45'),
(40, NULL, 5, 'changed', '', '', 2, '2021-12-10 02:52:50'),
(41, NULL, 5, 'changed', 'description', 'develop', 2, '2021-12-10 02:53:02'),
(42, NULL, 5, 'changed', '', '', 2, '2021-12-10 02:53:02'),
(43, NULL, 5, 'changed', '', '', 2, '2021-12-10 02:53:07'),
(44, NULL, 5, 'changed', '', '', 2, '2021-12-10 02:53:07'),
(45, NULL, 5, 'changed', '', '', 2, '2021-12-10 02:53:11'),
(46, NULL, 5, 'changed', '', '', 2, '2021-12-10 02:53:13'),
(47, NULL, 5, 'changed', '', '', 2, '2021-12-10 02:53:19'),
(48, 4, NULL, 'changed', 'actual end date', '2021-12-10', 2, '2021-12-10 02:53:55'),
(49, 4, NULL, 'changed', 'priority', '2', 2, '2021-12-10 02:54:37'),
(50, NULL, 6, 'changed', '', '', 2, '2021-12-10 02:54:57'),
(51, NULL, 6, 'changed', 'description', 'test', 2, '2021-12-10 02:55:06'),
(52, NULL, 6, 'changed', '', '', 2, '2021-12-10 02:55:06'),
(53, NULL, 6, 'changed', '', '', 2, '2021-12-10 02:55:07'),
(54, NULL, 6, 'changed', '', '', 2, '2021-12-10 02:55:08'),
(55, NULL, 6, 'changed', '', '', 2, '2021-12-10 02:55:09'),
(56, NULL, 6, 'changed', '', '', 2, '2021-12-10 02:55:11'),
(57, 5, NULL, 'changed', 'actual end date', '2021-12-10', 2, '2021-12-10 02:55:15'),
(58, 5, NULL, 'changed', 'priority', '2', 2, '2021-12-10 02:55:17'),
(59, 5, NULL, 'changed', 'severity', '5', 2, '2021-12-10 02:55:21'),
(60, 5, NULL, 'changed', 'status', '8', 2, '2021-12-10 02:55:24'),
(61, NULL, 7, 'changed', '', '', 2, '2021-12-10 02:55:33'),
(62, NULL, 7, 'changed', 'description', 'develop', 2, '2021-12-10 02:55:47'),
(63, NULL, 7, 'changed', '', '', 2, '2021-12-10 02:55:47'),
(64, NULL, 7, 'changed', '', '', 2, '2021-12-10 02:55:49'),
(65, NULL, 7, 'changed', '', '', 2, '2021-12-10 02:55:49'),
(66, NULL, 7, 'changed', '', '', 2, '2021-12-10 02:55:50'),
(67, NULL, 7, 'changed', '', '', 2, '2021-12-10 02:55:51'),
(68, NULL, 7, 'changed', '', '', 2, '2021-12-10 02:55:55'),
(69, 6, NULL, 'changed', 'status', '8', 2, '2021-12-10 02:55:57'),
(70, 6, NULL, 'changed', 'actual end date', '2021-12-08', 2, '2021-12-10 03:04:28'),
(71, 6, NULL, 'changed', 'actual end date', '2021-12-10', 2, '2021-12-10 03:04:31'),
(72, NULL, 8, 'changed', '', '', 2, '2021-12-10 03:04:37'),
(73, NULL, 8, 'changed', 'description', 'test', 2, '2021-12-10 03:04:43'),
(74, NULL, 8, 'changed', '', '', 2, '2021-12-10 03:04:43'),
(75, NULL, 8, 'changed', '', '', 2, '2021-12-10 03:04:48'),
(76, NULL, 8, 'changed', '', '', 2, '2021-12-10 03:04:52'),
(77, NULL, 8, 'changed', '', '', 2, '2021-12-10 03:04:53'),
(79, NULL, 8, 'changed', 'priority', '1', 2, '2021-12-10 03:05:42'),
(80, NULL, 8, 'changed', 'severity', '2', 2, '2021-12-10 03:05:43'),
(81, NULL, 8, 'changed', 'status', '9', 2, '2021-12-10 03:05:47'),
(82, NULL, 7, 'changed', 'status', '9', 2, '2021-12-10 03:05:49'),
(83, NULL, 10, 'changed', '', '', 2, '2021-12-14 03:06:05'),
(84, NULL, 10, 'changed', '', '', 2, '2021-12-14 03:06:10'),
(85, NULL, 10, 'changed', 'description', 'Develop List of Stock', 2, '2021-12-14 03:06:50'),
(86, NULL, 10, 'changed', '', '', 2, '2021-12-14 03:06:50'),
(87, NULL, 10, 'changed', '', '', 2, '2021-12-14 03:07:03'),
(88, NULL, 10, 'changed', '', '', 2, '2021-12-14 03:07:03'),
(89, NULL, 10, 'changed', '', '', 2, '2021-12-14 03:07:06'),
(90, NULL, 10, 'changed', '', '', 2, '2021-12-14 03:07:10'),
(91, NULL, 10, 'changed', '', '', 2, '2021-12-14 03:07:15'),
(92, NULL, 11, 'changed', '', '', 2, '2021-12-14 03:07:22'),
(93, NULL, 11, 'changed', '', '', 2, '2021-12-14 03:07:27'),
(94, NULL, 11, 'changed', 'description', 'Develop', 2, '2021-12-14 03:07:43'),
(95, NULL, 11, 'changed', '', '', 2, '2021-12-14 03:07:44'),
(96, NULL, 11, 'changed', 'description', 'Develop List of stock', 2, '2021-12-14 03:08:16'),
(97, NULL, 11, 'changed', '', '', 2, '2021-12-14 03:08:16'),
(98, NULL, 12, 'changed', '', '', 2, '2021-12-14 03:08:18'),
(99, NULL, 12, 'changed', '', '', 2, '2021-12-14 03:08:26'),
(100, NULL, 12, 'changed', 'description', 'Bug Fixing', 2, '2021-12-14 03:08:57'),
(101, NULL, 12, 'changed', '', '', 2, '2021-12-14 03:08:57'),
(102, 8, NULL, 'changed', 'severity', '1', 2, '2021-12-15 07:33:14'),
(103, 8, NULL, 'changed', 'status', '6', 2, '2021-12-15 07:33:16'),
(104, 8, NULL, 'changed', 'priority', '2', 2, '2021-12-15 07:33:21'),
(105, 8, NULL, 'changed', 'status', '6', 2, '2021-12-15 07:33:38'),
(106, NULL, 0, 'changed', 'status', '6', 2, '2021-12-15 07:33:38'),
(107, NULL, 13, 'changed', '', '', 2, '2021-12-15 07:34:23'),
(108, NULL, 13, 'changed', '', '', 2, '2021-12-15 07:34:31'),
(109, NULL, 13, 'changed', '', '', 2, '2021-12-15 07:34:36'),
(110, NULL, 13, 'changed', '', '', 2, '2021-12-15 07:34:44'),
(111, NULL, 13, 'changed', '', '', 2, '2021-12-15 07:34:48'),
(112, NULL, 1, 'changed', 'assigned', '20|26', 20, '2021-12-16 21:54:01'),
(113, NULL, 14, 'changed', '', '', 2, '2021-12-22 00:19:01'),
(114, NULL, 14, 'changed', '', '', 2, '2021-12-22 00:19:06'),
(115, NULL, 14, 'changed', 'description', 'Test', 2, '2021-12-22 00:19:23'),
(116, NULL, 14, 'changed', '', '', 2, '2021-12-22 00:19:23'),
(117, NULL, 14, 'changed', '', '', 2, '2021-12-22 00:19:25'),
(118, NULL, 14, 'changed', '', '', 2, '2021-12-22 00:19:27'),
(119, NULL, 14, 'changed', '', '', 2, '2021-12-22 00:19:31'),
(120, NULL, 14, 'changed', 'assigned', '2', 2, '2021-12-22 00:20:06'),
(121, NULL, 14, 'changed', 'assigned', '2', 2, '2021-12-22 00:20:17'),
(122, NULL, 14, 'changed', 'assigned', '2', 2, '2021-12-22 00:20:19'),
(123, NULL, 4, 'changed', 'assigned', '2', 2, '2021-12-22 00:20:40'),
(124, NULL, 14, 'changed', 'assigned', '2', 2, '2021-12-22 00:20:43');

-- --------------------------------------------------------

--
-- Table structure for table `pms_employeetaskoard_details_tbl`
--

CREATE TABLE `pms_employeetaskoard_details_tbl` (
  `subtaskboardID` bigint(20) NOT NULL,
  `taskboardID` bigint(20) DEFAULT NULL,
  `timelineBuilderID` bigint(20) DEFAULT NULL,
  `projectMilestoneID` bigint(20) DEFAULT NULL,
  `milestoneBuilderID` bigint(20) DEFAULT NULL,
  `taskID` bigint(20) DEFAULT NULL,
  `subTaskName` varchar(255) COLLATE utf8mb4_unicode_ci DEFAULT NULL,
  `subTaskAssignee` text COLLATE utf8mb4_unicode_ci DEFAULT NULL,
  `subTaskDescription` longtext COLLATE utf8mb4_unicode_ci DEFAULT NULL,
  `subTaskManHours` varchar(255) COLLATE utf8mb4_unicode_ci DEFAULT NULL,
  `subTaskUsedHours` decimal(10,2) DEFAULT NULL,
  `subTaskStartDates` date DEFAULT NULL,
  `subTaskEndDates` date DEFAULT NULL,
  `subTaskPriority` int(50) DEFAULT NULL,
  `subTaskSeverity` int(50) DEFAULT NULL,
  `subTaskTimeLeft` decimal(10,2) DEFAULT NULL,
  `subTaskStatus` int(50) DEFAULT NULL,
  `subTaskNotes` longtext COLLATE utf8mb4_unicode_ci DEFAULT NULL,
  `extension` date DEFAULT NULL,
  `createdBy` bigint(20) DEFAULT NULL,
  `createdAt` timestamp NOT NULL DEFAULT current_timestamp()
) ENGINE=InnoDB DEFAULT CHARSET=utf8mb4 COLLATE=utf8mb4_unicode_ci;

--
-- Dumping data for table `pms_employeetaskoard_details_tbl`
--

INSERT INTO `pms_employeetaskoard_details_tbl` (`subtaskboardID`, `taskboardID`, `timelineBuilderID`, `projectMilestoneID`, `milestoneBuilderID`, `taskID`, `subTaskName`, `subTaskAssignee`, `subTaskDescription`, `subTaskManHours`, `subTaskUsedHours`, `subTaskStartDates`, `subTaskEndDates`, `subTaskPriority`, `subTaskSeverity`, `subTaskTimeLeft`, `subTaskStatus`, `subTaskNotes`, `extension`, `createdBy`, `createdAt`) VALUES
(1, 1, 1, 78, 5, 6, 'TSK-CREATIONOFPROPOSAL-00001', '20|26', '', '', '0.00', '2021-10-28', '2021-10-28', 0, 0, '0.00', 0, '', NULL, 20, '2021-10-28 05:07:36'),
(2, 3, 6, 20, 6, 12, 'TSK-ARCHITECTURALDESIGN-00001', '4|25', '', '', '0.00', '2021-11-05', '2021-11-05', 0, 0, '0.00', 0, '', NULL, 4, '2021-11-02 07:55:32'),
(3, 2, 6, 19, 6, 12, 'TSK-ARCHITECTURALDESIGN-00001', '4|25', '', '', '0.00', '2021-11-05', '2021-11-05', 0, 0, '0.00', 0, '', NULL, 4, '2021-11-02 07:56:31'),
(4, 4, 20, 88, 14, 37, 'TSK-STRUCTURALDESIGN-00001', '2', 'testing', '', '0.00', '2021-12-14', '2021-12-10', 1, 1, '0.00', 9, '', NULL, 2, '2021-12-10 02:52:16'),
(5, 4, 20, 88, 14, 37, 'TSK-STRUCTURALDESIGN-00002', NULL, 'develop', '', '0.00', '2021-12-14', '2021-12-10', 1, 1, '0.00', 9, '', NULL, 2, '2021-12-10 02:52:50'),
(6, 5, 19, 19, 6, 38, 'TSK-STRUCTURALDESIGN-00001', NULL, 'test', '', '0.00', '2021-12-17', '2021-12-10', 1, 1, '0.00', 0, '', NULL, 2, '2021-12-10 02:54:57'),
(7, 6, 19, 20, 6, 38, 'TSK-STRUCTURALDESIGN-00001', NULL, 'develop', '0.00', '0.00', '2021-12-17', '2021-12-10', 1, 1, '0.00', 9, '', NULL, 2, '2021-12-10 02:55:33'),
(8, 6, 19, 20, 6, 38, 'TSK-STRUCTURALDESIGN-00002', NULL, 'test', '0.00', '0.00', '2021-12-17', '2021-12-17', 1, 2, '0.00', 9, '', NULL, 2, '2021-12-10 03:04:37'),
(10, 7, 11, 78, 5, 22, 'TSK-GATHERINGDATA-00001', NULL, 'Develop List of Stock', '', '0.00', '2021-11-09', '2021-12-14', 3, 3, '0.00', 7, '', NULL, 2, '2021-12-14 03:06:05'),
(11, 7, 11, 78, 5, 22, 'TSK-GATHERINGDATA-00002', NULL, 'Develop List of stock', '', '0.00', '2021-11-09', '2021-11-09', 0, 0, '0.00', 0, '', NULL, 2, '2021-12-14 03:07:22'),
(12, 7, 11, 78, 5, 22, 'TSK-GATHERINGDATA-00003', NULL, 'Bug Fixing', '', '0.00', '2021-11-09', '2021-11-09', 0, 0, '0.00', 0, '', NULL, 2, '2021-12-14 03:08:18'),
(13, 8, 13, 78, 5, 27, 'TSK-ARCHITECTURALDESIGN-00001', NULL, '', '', '0.00', '2021-11-11', '2021-11-11', 1, 3, '0.00', 6, '', NULL, 2, '2021-12-15 07:34:23'),
(14, 4, 20, 88, 14, 37, 'TSK-STRUCTURALDESIGN-00003', '2', 'Test', '', '0.00', '2021-12-14', '2021-12-10', 1, 1, '0.00', 8, '', NULL, 2, '2021-12-22 00:19:01');

-- --------------------------------------------------------

--
-- Table structure for table `pms_employeetaskoard_tbl`
--

CREATE TABLE `pms_employeetaskoard_tbl` (
  `taskboardID` bigint(20) NOT NULL,
  `timelineBuilderID` bigint(20) DEFAULT NULL,
  `projectMilestoneID` bigint(20) DEFAULT NULL,
  `milestoneBuilderID` bigint(20) DEFAULT NULL,
  `taskID` bigint(20) DEFAULT NULL,
  `taskName` varchar(255) COLLATE utf8mb4_unicode_ci DEFAULT NULL,
  `taskUsedHours` decimal(10,2) DEFAULT NULL,
  `taskDescription` longtext COLLATE utf8mb4_unicode_ci DEFAULT NULL,
  `taskStartDates` date DEFAULT NULL,
  `taskEndDates` date DEFAULT NULL,
  `taskPriority` int(50) DEFAULT NULL,
  `taskSeverity` int(50) DEFAULT NULL,
  `taskTimeLeft` decimal(10,2) DEFAULT NULL,
  `taskStatus` int(50) DEFAULT NULL,
  `taskNotes` longtext COLLATE utf8mb4_unicode_ci DEFAULT NULL,
  `extension` date DEFAULT NULL,
  `createdAt` timestamp NOT NULL DEFAULT current_timestamp()
) ENGINE=InnoDB DEFAULT CHARSET=utf8mb4 COLLATE=utf8mb4_unicode_ci;

--
-- Dumping data for table `pms_employeetaskoard_tbl`
--

INSERT INTO `pms_employeetaskoard_tbl` (`taskboardID`, `timelineBuilderID`, `projectMilestoneID`, `milestoneBuilderID`, `taskID`, `taskName`, `taskUsedHours`, `taskDescription`, `taskStartDates`, `taskEndDates`, `taskPriority`, `taskSeverity`, `taskTimeLeft`, `taskStatus`, `taskNotes`, `extension`, `createdAt`) VALUES
(1, 1, 78, 5, 6, 'Creation of proposal', '0.00', '', '2021-10-28', '2021-11-25', 0, 0, '8.00', 0, '', NULL, '2021-10-28 05:07:06'),
(2, 6, 19, 6, 12, 'Architectural Design', '0.00', '', '2021-11-05', '2021-11-05', 0, 0, '0.00', 0, '', NULL, '2021-11-02 07:54:06'),
(3, 6, 20, 6, 12, 'Architectural Design', '0.00', '', '2021-11-05', '2021-11-05', 0, 0, '0.00', 0, '', NULL, '2021-11-02 07:54:06'),
(4, 20, 88, 14, 37, 'Structural Design', '0.00', 'testing', '2021-12-14', '2021-12-10', 2, 1, '16.00', 9, '', NULL, '2021-12-10 02:51:12'),
(5, 19, 19, 6, 38, 'Structural Design', '0.00', '', '2021-12-17', '2021-12-10', 2, 5, '8.00', 8, '', NULL, '2021-12-10 02:54:45'),
(6, 19, 20, 6, 38, 'Structural Design', '0.00', '', '2021-12-17', '2021-12-10', 0, 0, '8.00', 8, '', NULL, '2021-12-10 02:54:45'),
(7, 11, 78, 5, 22, 'Gathering data ', '0.00', '', '2021-11-09', '2021-11-09', 0, 0, '0.00', 0, '', NULL, '2021-12-14 03:05:52'),
(8, 13, 78, 5, 27, 'Architectural Design', '0.00', '', '2021-11-11', '2021-11-11', 2, 1, '8.00', 6, '', NULL, '2021-12-15 07:33:04');

-- --------------------------------------------------------

--
-- Table structure for table `pms_employee_taskboard_status_tbl`
--

CREATE TABLE `pms_employee_taskboard_status_tbl` (
  `taskboardEmpID` bigint(20) NOT NULL,
  `employeeID` bigint(20) DEFAULT NULL,
  `taskboardID` bigint(20) DEFAULT NULL,
  `subtaskboardID` bigint(20) DEFAULT NULL,
  `timelineBuilderID` bigint(20) DEFAULT NULL,
  `projectMilestoneID` bigint(20) DEFAULT NULL,
  `taskID` bigint(20) DEFAULT NULL,
  `employeeStartDate` timestamp NULL DEFAULT NULL,
  `employeeEndDate` timestamp NULL DEFAULT NULL,
  `employeeManHours` decimal(10,2) DEFAULT NULL,
  `employeeUsedHours` decimal(10,2) DEFAULT NULL,
  `employeeTaskStatus` int(50) DEFAULT NULL,
  `createdBy` bigint(20) DEFAULT NULL,
  `createdAt` timestamp NOT NULL DEFAULT current_timestamp()
) ENGINE=InnoDB DEFAULT CHARSET=utf8mb4 COLLATE=utf8mb4_unicode_ci;

--
-- Dumping data for table `pms_employee_taskboard_status_tbl`
--

INSERT INTO `pms_employee_taskboard_status_tbl` (`taskboardEmpID`, `employeeID`, `taskboardID`, `subtaskboardID`, `timelineBuilderID`, `projectMilestoneID`, `taskID`, `employeeStartDate`, `employeeEndDate`, `employeeManHours`, `employeeUsedHours`, `employeeTaskStatus`, `createdBy`, `createdAt`) VALUES
(1, 26, 1, 1, 1, 78, 6, '2021-10-28 00:00:00', '2021-10-28 00:00:00', '0.00', '0.00', 7, 20, '2021-10-28 05:52:14'),
(2, 4, 3, 2, 6, 20, 12, '2021-11-02 00:00:00', '2021-11-02 00:00:00', '5.00', '0.00', 9, 4, '2021-11-02 08:01:05'),
(3, 2, 8, 0, 13, 78, 27, NULL, NULL, NULL, '0.00', 6, 2, '2021-12-15 07:33:38');

-- --------------------------------------------------------

--
-- Table structure for table `pms_image_taskboard_tbl`
--

CREATE TABLE `pms_image_taskboard_tbl` (
  `imageID` bigint(20) NOT NULL,
  `imageName` longtext COLLATE utf8mb4_unicode_ci DEFAULT NULL,
  `imageComment` longtext COLLATE utf8mb4_unicode_ci DEFAULT NULL,
  `taskBoardID` bigint(20) DEFAULT NULL,
  `subtaskboardID` bigint(20) DEFAULT NULL,
  `createdAt` timestamp NOT NULL DEFAULT current_timestamp()
) ENGINE=InnoDB DEFAULT CHARSET=utf8mb4 COLLATE=utf8mb4_unicode_ci;

-- --------------------------------------------------------

--
-- Table structure for table `pms_management_board_tbl`
--

CREATE TABLE `pms_management_board_tbl` (
  `managementBoardID` bigint(21) NOT NULL,
  `managementBoardCode` varchar(50) COLLATE utf8mb4_unicode_ci DEFAULT NULL,
  `reviseManagementBoardID` bigint(21) DEFAULT NULL,
  `reviseManagementBoardCode` varchar(50) COLLATE utf8mb4_unicode_ci DEFAULT NULL,
  `timelineBuilderID` bigint(21) DEFAULT NULL,
  `employeeID` bigint(21) DEFAULT NULL,
  `managementBoardReason` text COLLATE utf8mb4_unicode_ci DEFAULT NULL,
  `approversID` text COLLATE utf8mb4_unicode_ci DEFAULT NULL,
  `approversDate` text COLLATE utf8mb4_unicode_ci DEFAULT NULL,
  `approversStatus` text COLLATE utf8mb4_unicode_ci DEFAULT NULL,
  `managementBoardStatus` int(11) DEFAULT NULL,
  `managementBoardRemarks` text COLLATE utf8mb4_unicode_ci DEFAULT NULL,
  `submittedAt` timestamp NULL DEFAULT NULL,
  `createdBy` bigint(21) NOT NULL,
  `updatedBy` bigint(21) NOT NULL,
  `createdAt` timestamp NOT NULL DEFAULT current_timestamp(),
  `updatedAt` timestamp NOT NULL DEFAULT current_timestamp() ON UPDATE current_timestamp()
) ENGINE=InnoDB DEFAULT CHARSET=utf8mb4 COLLATE=utf8mb4_unicode_ci;

--
-- Dumping data for table `pms_management_board_tbl`
--

INSERT INTO `pms_management_board_tbl` (`managementBoardID`, `managementBoardCode`, `reviseManagementBoardID`, `reviseManagementBoardCode`, `timelineBuilderID`, `employeeID`, `managementBoardReason`, `approversID`, `approversDate`, `approversStatus`, `managementBoardStatus`, `managementBoardRemarks`, `submittedAt`, `createdBy`, `updatedBy`, `createdAt`, `updatedAt`) VALUES
(1, 'PMB-21-00001', NULL, NULL, 1, 23, 'TEEEST', '2', '2021-10-28 12:58:59', '2', 2, NULL, '2021-10-28 12:49:39', 23, 23, '2021-10-28 04:46:45', '2021-10-28 04:59:00'),
(2, 'PMB-21-00002', NULL, NULL, 5, 23, 'TEEEST', '2', '2021-10-28 13:00:47', '2', 2, NULL, '2021-10-28 12:56:47', 23, 23, '2021-10-28 04:46:58', '2021-10-28 05:00:48'),
(3, 'PMB-21-00003', NULL, NULL, 4, 23, 'TEEEST', '2', '2021-10-28 12:59:53', '2', 2, NULL, '2021-10-28 12:54:06', 23, 23, '2021-10-28 04:47:08', '2021-10-28 04:59:54'),
(4, 'PMB-21-00004', NULL, NULL, 3, 23, 'TEEEST', '2', '2021-10-28 12:59:37', '2', 2, NULL, '2021-10-28 12:53:34', 23, 23, '2021-10-28 04:47:27', '2021-10-28 04:59:37'),
(5, 'PMB-21-00005', NULL, NULL, 2, 23, 'TEEEST TEEST', '2', '2021-10-28 12:59:19', '2', 2, NULL, '2021-10-28 12:51:21', 23, 23, '2021-10-28 04:47:44', '2021-10-28 04:59:19'),
(6, 'PMB-21-00006', NULL, NULL, 6, 1, 'TEST', '20', '2021-11-02 15:54:05', '2', 2, NULL, '2021-11-02 15:52:35', 1, 1, '2021-11-02 07:17:08', '2021-11-02 07:54:07'),
(7, NULL, NULL, NULL, 7, 1, NULL, NULL, NULL, NULL, 0, NULL, NULL, 1, 1, '2021-11-03 02:21:52', '2021-11-03 02:21:52'),
(8, NULL, NULL, NULL, 8, 1, NULL, NULL, NULL, NULL, 0, NULL, NULL, 1, 1, '2021-11-06 07:10:06', '2021-11-06 07:10:06'),
(9, 'PMB-21-00009', NULL, NULL, 9, 1, 'TEST', '20', '2021-11-06 15:39:19', '2', 2, NULL, '2021-11-06 15:36:24', 1, 1, '2021-11-06 07:33:29', '2021-11-06 07:39:20'),
(10, 'PMB-21-00010', NULL, NULL, 10, 1, 'TEST', '2', '2021-11-07 17:19:46', '2', 2, NULL, '2021-11-07 17:08:49', 1, 1, '2021-11-07 09:06:19', '2021-11-07 09:19:46'),
(11, 'PMB-21-00011', NULL, NULL, 11, 1, 'TEST', '2', '2021-11-07 17:19:59', '2', 2, NULL, '2021-11-07 17:09:54', 1, 1, '2021-11-07 09:06:37', '2021-11-07 09:20:00'),
(12, 'PMB-21-00012', NULL, NULL, 12, 1, 'TEST', '2', '2021-11-08 13:40:42', '2', 2, NULL, '2021-11-08 13:37:27', 1, 1, '2021-11-08 05:28:42', '2021-11-08 05:40:43'),
(13, 'PMB-21-00013', NULL, NULL, 13, 1, 'Test', '2', '2021-11-08 13:39:33', '2', 2, NULL, '2021-11-08 13:39:00', 1, 1, '2021-11-08 05:28:52', '2021-11-08 05:39:34'),
(14, 'PMB-21-00014', NULL, NULL, 14, 1, 'Test', '2', '2021-11-08 13:40:24', '2', 2, NULL, '2021-11-08 13:38:22', 1, 1, '2021-11-08 05:29:00', '2021-11-08 05:40:25'),
(15, 'PMB-21-00015', NULL, NULL, 15, 2, 'test', '2', '2021-12-14 09:22:56', '2', 2, NULL, '2021-12-14 09:22:56', 2, 2, '2021-11-09 23:55:43', '2021-12-14 01:22:57'),
(16, 'PMB-21-00016', NULL, NULL, 16, 23, 'TEST', '2', '2021-11-11 09:20:00', '2', 2, NULL, '2021-11-11 09:19:29', 23, 23, '2021-11-11 01:18:07', '2021-11-11 01:20:00'),
(17, 'PMB-21-00017', NULL, NULL, 19, 1, 'test', '2', '2021-12-10 10:42:45', '2', 2, NULL, '2021-12-10 10:42:03', 1, 1, '2021-12-10 02:39:38', '2021-12-10 02:42:45'),
(18, 'PMB-21-00018', NULL, NULL, 20, 1, 'test', '2', '2021-12-10 10:42:30', '2', 2, NULL, '2021-12-10 10:40:42', 1, 1, '2021-12-10 02:39:48', '2021-12-10 02:42:30'),
(19, NULL, NULL, NULL, 17, 1, NULL, NULL, NULL, NULL, 0, NULL, NULL, 1, 1, '2021-12-13 00:37:12', '2021-12-13 00:37:12'),
(20, NULL, NULL, NULL, 18, 1, NULL, NULL, NULL, NULL, 0, NULL, NULL, 1, 1, '2021-12-13 00:37:31', '2021-12-13 00:37:31'),
(21, 'PMB-21-00021', NULL, NULL, 22, 2, 'test', '2', '2021-12-14 10:58:05', '2', 2, NULL, '2021-12-14 10:58:05', 2, 2, '2021-12-14 01:21:03', '2021-12-14 02:58:06');

-- --------------------------------------------------------

--
-- Table structure for table `pms_milestone_builder_tbl`
--

CREATE TABLE `pms_milestone_builder_tbl` (
  `milestoneBuilderID` bigint(20) NOT NULL,
  `phaseCode` text NOT NULL,
  `phaseDescription` text NOT NULL,
  `categoryID` bigint(20) NOT NULL,
  `createdBy` bigint(20) NOT NULL,
  `updatedBy` bigint(20) NOT NULL,
  `createdAt` timestamp NOT NULL DEFAULT current_timestamp(),
  `updatedAt` timestamp NOT NULL DEFAULT current_timestamp() ON UPDATE current_timestamp()
) ENGINE=InnoDB DEFAULT CHARSET=utf8mb4;

--
-- Dumping data for table `pms_milestone_builder_tbl`
--

INSERT INTO `pms_milestone_builder_tbl` (`milestoneBuilderID`, `phaseCode`, `phaseDescription`, `categoryID`, `createdBy`, `updatedBy`, `createdAt`, `updatedAt`) VALUES
(1, 'INF-I', 'Planning Phase I', 1, 20, 20, '2021-10-10 08:42:15', '2021-10-19 02:59:12'),
(2, 'INF-II', 'Planning Phase II', 1, 1, 1, '2021-10-11 01:05:27', '2021-10-11 01:05:27'),
(3, 'INF-III', 'Planning Phase III', 1, 1, 1, '2021-10-11 01:09:34', '2021-10-11 01:09:34'),
(4, 'INF-IV', 'Planning Phase IV', 1, 1, 1, '2021-10-11 01:10:46', '2021-10-11 01:10:46'),
(5, 'INF-V', 'Planning Phase V', 1, 1, 1, '2021-10-11 01:11:04', '2021-10-11 01:11:04'),
(6, 'SFW-I', 'Part I', 3, 1, 1, '2021-10-12 07:47:11', '2021-10-12 07:47:11'),
(7, 'SFW-II', 'Part II', 3, 1, 1, '2021-10-12 07:47:52', '2021-10-12 07:47:52'),
(8, 'SFW-III', 'Part III', 3, 1, 1, '2021-10-12 07:49:21', '2021-10-12 07:49:21'),
(9, 'SFW-IV', 'Deployment', 3, 20, 20, '2021-10-19 03:03:47', '2021-10-19 03:20:54'),
(10, 'SFW-V', 'Deployment Phase I', 3, 20, 20, '2021-10-19 03:30:40', '2021-10-19 03:30:40'),
(11, 'SFW-VI', 'Deployment Phase II', 3, 20, 20, '2021-10-19 03:31:16', '2021-10-19 03:31:16'),
(12, 'SFW-VII', 'Deployment Phase III', 3, 20, 20, '2021-10-19 03:31:36', '2021-10-19 03:31:36'),
(13, 'INF-VI', 'Planning Phase X', 1, 2, 2, '2021-11-09 23:46:54', '2021-11-09 23:46:54'),
(14, 'INF-VII', 'Phase IX', 1, 2, 2, '2021-11-09 23:53:53', '2021-11-09 23:53:53');

-- --------------------------------------------------------

--
-- Table structure for table `pms_milestone_list_tbl`
--

CREATE TABLE `pms_milestone_list_tbl` (
  `milestoneListID` bigint(20) NOT NULL,
  `milestoneBuilderID` bigint(20) NOT NULL,
  `projectMilestoneID` varchar(100) COLLATE utf8mb4_unicode_ci DEFAULT NULL,
  `projectMilestoneName` text COLLATE utf8mb4_unicode_ci DEFAULT NULL,
  `milestoneName` text COLLATE utf8mb4_unicode_ci NOT NULL,
  `milestoneNotes` text COLLATE utf8mb4_unicode_ci NOT NULL,
  `createdBy` bigint(20) NOT NULL,
  `updatedBy` bigint(20) NOT NULL,
  `createdAt` timestamp NOT NULL DEFAULT current_timestamp(),
  `updatedAt` timestamp NOT NULL DEFAULT current_timestamp() ON UPDATE current_timestamp()
) ENGINE=InnoDB DEFAULT CHARSET=utf8mb4 COLLATE=utf8mb4_unicode_ci;

--
-- Dumping data for table `pms_milestone_list_tbl`
--

INSERT INTO `pms_milestone_list_tbl` (`milestoneListID`, `milestoneBuilderID`, `projectMilestoneID`, `projectMilestoneName`, `milestoneName`, `milestoneNotes`, `createdBy`, `updatedBy`, `createdAt`, `updatedAt`) VALUES
(21, 2, '56', 'Foundation Plan', '', '', 1, 1, '2021-10-11 01:05:27', '2021-10-11 01:05:27'),
(22, 2, '57', 'Framing Plan', '', '', 1, 1, '2021-10-11 01:05:27', '2021-10-11 01:05:27'),
(23, 2, '58', 'Column Footing Details', '', '', 1, 1, '2021-10-11 01:05:27', '2021-10-11 01:05:27'),
(24, 2, '59', 'Column/Beam Section', '', '', 1, 1, '2021-10-11 01:05:27', '2021-10-11 01:05:27'),
(25, 2, '60', 'Schedule of Beam', '', '', 1, 1, '2021-10-11 01:05:27', '2021-10-11 01:05:27'),
(26, 2, '61', 'Schedule of Slab', '', '', 1, 1, '2021-10-11 01:05:27', '2021-10-11 01:05:27'),
(27, 2, '62', 'Stair Section', '', '', 1, 1, '2021-10-11 01:05:27', '2021-10-11 01:05:27'),
(28, 2, '63', 'Stair Details', '', '', 1, 1, '2021-10-11 01:05:27', '2021-10-11 01:05:27'),
(29, 2, '64', 'Roof Framing Plan', '', '', 1, 1, '2021-10-11 01:05:27', '2021-10-11 01:05:27'),
(30, 2, '65', 'Truss Details', '', '', 1, 1, '2021-10-11 01:05:27', '2021-10-11 01:05:27'),
(31, 2, '66', 'Truss Spot Details', '', '', 1, 1, '2021-10-11 01:05:27', '2021-10-11 01:05:27'),
(32, 2, '67', 'Truss Diagram', '', '', 1, 1, '2021-10-11 01:05:27', '2021-10-11 01:05:27'),
(33, 3, '68', 'Lighting Layout', '', '', 1, 1, '2021-10-11 01:09:34', '2021-10-11 01:09:34'),
(34, 3, '69', 'Power Layout', '', '', 1, 1, '2021-10-11 01:09:34', '2021-10-11 01:09:34'),
(35, 3, '70', 'Schedule of Loads', '', '', 1, 1, '2021-10-11 01:09:34', '2021-10-11 01:09:34'),
(36, 3, '71', 'Riser Diagram', '', '', 1, 1, '2021-10-11 01:09:34', '2021-10-11 01:09:34'),
(37, 3, '72', 'General Notes', '', '', 1, 1, '2021-10-11 01:09:34', '2021-10-11 01:09:34'),
(38, 3, '73', 'Legend', '', '', 1, 1, '2021-10-11 01:09:34', '2021-10-11 01:09:34'),
(39, 4, '74', 'Sewer Line Layout', '', '', 1, 1, '2021-10-11 01:10:46', '2021-10-11 01:10:46'),
(40, 4, '75', 'Water Line Layout', '', '', 1, 1, '2021-10-11 01:10:46', '2021-10-11 01:10:46'),
(41, 4, '76', 'Isometric Diagram', '', '', 1, 1, '2021-10-11 01:10:46', '2021-10-11 01:10:46'),
(42, 4, '72', 'General Notes', '', '', 1, 1, '2021-10-11 01:10:46', '2021-10-11 01:10:46'),
(43, 4, '73', 'Legend', '', '', 1, 1, '2021-10-11 01:10:46', '2021-10-11 01:10:46'),
(44, 4, '77', 'Other Details', '', '', 1, 1, '2021-10-11 01:10:46', '2021-10-11 01:10:46'),
(45, 5, '78', 'Fire Escape Plan', '', '', 1, 1, '2021-10-11 01:11:04', '2021-10-11 01:11:04'),
(46, 6, '19', 'Business Process Review', '', '', 1, 1, '2021-10-12 07:47:11', '2021-10-12 07:47:11'),
(47, 6, '20', 'Business Requirement Documentation', '', '', 1, 1, '2021-10-12 07:47:11', '2021-10-12 07:47:11'),
(48, 7, '21', 'Business Requirement Document Presentation', '', '', 1, 1, '2021-10-12 07:47:52', '2021-10-12 07:47:52'),
(49, 7, '22', 'Analysis Phase Sign-off and Project Status Report', '', '', 1, 1, '2021-10-12 07:47:52', '2021-10-12 07:47:52'),
(50, 8, '33', 'Login', '', '', 1, 1, '2021-10-12 07:49:21', '2021-10-12 07:49:21'),
(51, 8, '34', 'Regsiter', '', '', 1, 1, '2021-10-12 07:49:21', '2021-10-12 07:49:21'),
(52, 8, '35', 'User Profile', '', '', 1, 1, '2021-10-12 07:49:21', '2021-10-12 07:49:21'),
(53, 8, '36', 'Dashboard', '', '', 1, 1, '2021-10-12 07:49:21', '2021-10-12 07:49:21'),
(54, 1, '47', 'Perspective', '', '', 20, 20, '2021-10-19 02:59:12', '2021-10-19 02:59:12'),
(55, 1, '40', 'Site Development Plan', '', '', 20, 20, '2021-10-19 02:59:12', '2021-10-19 02:59:12'),
(56, 1, '48', 'Vicinity/Location Map', '', '', 20, 20, '2021-10-19 02:59:12', '2021-10-19 02:59:12'),
(57, 1, '49', 'Floor Plans', '', '', 20, 20, '2021-10-19 02:59:12', '2021-10-19 02:59:12'),
(58, 1, '50', 'Elevations', '', '', 20, 20, '2021-10-19 02:59:12', '2021-10-19 02:59:12'),
(59, 1, '51', 'Sections', '', '', 20, 20, '2021-10-19 02:59:12', '2021-10-19 02:59:12'),
(60, 1, '52', 'Reflected Ceiling Plans', '', '', 20, 20, '2021-10-19 02:59:12', '2021-10-19 02:59:12'),
(61, 1, '53', 'Roof Plan', '', '', 20, 20, '2021-10-19 02:59:12', '2021-10-19 02:59:12'),
(62, 1, '54', 'Schedule of Doors', '', '', 20, 20, '2021-10-19 02:59:12', '2021-10-19 02:59:12'),
(63, 1, '55', 'Schedule of Windows', '', '', 20, 20, '2021-10-19 02:59:12', '2021-10-19 02:59:12'),
(68, 9, '80', 'System Training', '', '', 20, 20, '2021-10-19 03:20:54', '2021-10-19 03:20:54'),
(69, 10, '81', 'Uploading of source code', '', '', 20, 20, '2021-10-19 03:30:40', '2021-10-19 03:30:40'),
(70, 10, '82', '201 File', '', '', 20, 20, '2021-10-19 03:30:40', '2021-10-19 03:30:40'),
(71, 11, '83', 'Discussion Day 1', '', '', 20, 20, '2021-10-19 03:31:16', '2021-10-19 03:31:16'),
(72, 11, '84', 'Discussion Day 2', '', '', 20, 20, '2021-10-19 03:31:16', '2021-10-19 03:31:16'),
(73, 11, '85', 'Discussion Day 3', '', '', 20, 20, '2021-10-19 03:31:16', '2021-10-19 03:31:16'),
(74, 12, '86', 'Go Live Day 1 to 5', '', '', 20, 20, '2021-10-19 03:31:36', '2021-10-19 03:31:36'),
(76, 13, '87', 'Dismantling Works', '', '', 2, 2, '2021-11-09 23:47:37', '2021-11-09 23:47:37'),
(77, 13, '39', 'Electrical', '', '', 2, 2, '2021-11-09 23:47:37', '2021-11-09 23:47:37'),
(78, 14, '88', 'Dismantling of 30cm x  30xm Vinyl Tiles', '', '', 2, 2, '2021-11-09 23:53:53', '2021-11-09 23:53:53');

-- --------------------------------------------------------

--
-- Table structure for table `pms_personnel_requisition_tbl`
--

CREATE TABLE `pms_personnel_requisition_tbl` (
  `requisitionID` bigint(20) NOT NULL,
  `reviseRequisitionID` bigint(20) DEFAULT NULL,
  `employeeID` bigint(20) NOT NULL,
  `requisitionStatus` varchar(255) COLLATE utf8mb4_unicode_ci NOT NULL,
  `requisitionRemarks` longtext COLLATE utf8mb4_unicode_ci DEFAULT NULL,
  `vacancy` int(50) DEFAULT NULL,
  `departmentID` bigint(20) DEFAULT NULL,
  `designationID` bigint(20) DEFAULT NULL,
  `salaryPackage` decimal(10,2) DEFAULT NULL,
  `personnelReportByID` bigint(20) DEFAULT NULL,
  `radioGroup1` int(50) DEFAULT NULL,
  `radioGroup2` int(50) DEFAULT NULL,
  `personnelOption` int(11) DEFAULT NULL,
  `personnelReplacement` int(50) DEFAULT NULL,
  `personnelDuration` varchar(255) COLLATE utf8mb4_unicode_ci DEFAULT NULL,
  `personnelOthers` varchar(255) COLLATE utf8mb4_unicode_ci DEFAULT NULL,
  `personnelQualification` longtext COLLATE utf8mb4_unicode_ci DEFAULT NULL,
  `personnelStatement` longtext COLLATE utf8mb4_unicode_ci DEFAULT NULL,
  `personnelDescription` longtext COLLATE utf8mb4_unicode_ci NOT NULL,
  `personnelDateNeeded` date DEFAULT NULL,
  `approversID` text COLLATE utf8mb4_unicode_ci DEFAULT NULL,
  `approversStatus` text COLLATE utf8mb4_unicode_ci DEFAULT NULL,
  `approversDate` text COLLATE utf8mb4_unicode_ci DEFAULT NULL,
  `submittedAt` timestamp(1) NULL DEFAULT NULL,
  `createdBy` bigint(20) NOT NULL,
  `updatedBy` bigint(20) NOT NULL,
  `createdAt` timestamp NOT NULL DEFAULT current_timestamp(),
  `updatedAt` timestamp NOT NULL DEFAULT current_timestamp() ON UPDATE current_timestamp()
) ENGINE=InnoDB DEFAULT CHARSET=utf8mb4 COLLATE=utf8mb4_unicode_ci;

--
-- Dumping data for table `pms_personnel_requisition_tbl`
--

INSERT INTO `pms_personnel_requisition_tbl` (`requisitionID`, `reviseRequisitionID`, `employeeID`, `requisitionStatus`, `requisitionRemarks`, `vacancy`, `departmentID`, `designationID`, `salaryPackage`, `personnelReportByID`, `radioGroup1`, `radioGroup2`, `personnelOption`, `personnelReplacement`, `personnelDuration`, `personnelOthers`, `personnelQualification`, `personnelStatement`, `personnelDescription`, `personnelDateNeeded`, `approversID`, `approversStatus`, `approversDate`, `submittedAt`, `createdBy`, `updatedBy`, `createdAt`, `updatedAt`) VALUES
(1, NULL, 2, '2', NULL, 1, 3, 14, '20000.00', 2, 0, 0, 1, 0, 'null', 'null', 'Front End Developers must have a bachelor’s degree in computer science, computer engineering or a related field. Candidates must demonstrate proficiency in programming languages such as HTML, C#, JavaScript and SQL. Front End Developers should also have a thorough understanding of web design and SEO optimization. Most employers prefer applicants who have trained in cross-platform website design and keep themselves up to date on new website tools and languages as they enter the workforce.', 'Determining the structure and design of web pages.\nEnsuring user experience determines design choices.\nDeveloping features to enhance the user experience.\nStriking a balance between functional and aesthetic design.\nEnsuring web design is optimized for smartphones.', 'Need additional personnel for the operation department', '2021-12-28', '2', '2', '2021-12-28 08:58:27', '2021-12-28 08:58:27.0', 2, 2, '2021-12-28 08:58:27', '2021-12-28 00:58:28'),
(2, NULL, 2, '2', NULL, 1, 3, 5, '30000.00', 2, 0, 0, 1, 0, 'null', 'null', 'Degree in information technology, computer science, or related.\nExtensive knowledge of software development and its technologies.\nStrong knowledge of Javascript, C++, PHP, and SQL.\nSolid experience in coding.\nStrong knowledge of user interfaces.\nStrong knowledge of HTML and web frameworks.\n5 years working experience', 'Performing coding assignments.\nReviewing code work for accuracy and functionality.\nCreating and implementing design plans.\nAnalyzing code segments regularly.\nDelegating tasks to team members.\nKeeping up-to-date with industry trends and technology developments.', 'Need additional personnel', '2021-12-30', '4', '2', '2021-12-28 12:55:53', '2021-12-28 12:54:44.0', 2, 4, '2021-12-28 12:54:44', '2021-12-28 04:55:55'),
(3, NULL, 2, '0', NULL, 1, 3, 12, '0.00', 0, 0, 0, 0, 0, 'null', 'null', '', '', '', '2021-12-28', NULL, NULL, NULL, NULL, 2, 2, '2021-12-28 15:18:16', '2021-12-28 07:20:26');

-- --------------------------------------------------------

--
-- Table structure for table `pms_project_list_tbl`
--

CREATE TABLE `pms_project_list_tbl` (
  `projectListID` bigint(20) NOT NULL,
  `projectListCode` varchar(100) NOT NULL,
  `projectListName` varchar(100) NOT NULL,
  `projectListDescription` text NOT NULL,
  `categoryID` bigint(21) DEFAULT NULL,
  `projectListFrom` date NOT NULL,
  `projectListTo` date NOT NULL,
  `projectListClientID` bigint(20) NOT NULL,
  `projectListManagerID` bigint(20) NOT NULL,
  `projectListLeaderID` bigint(20) NOT NULL,
  `projectListMemberID` varchar(100) NOT NULL,
  `projectListPriorityLevel` int(11) NOT NULL,
  `projectListStatus` int(11) NOT NULL,
  `createdBy` bigint(20) NOT NULL,
  `updatedBy` bigint(20) NOT NULL,
  `createdAt` timestamp NOT NULL DEFAULT current_timestamp(),
  `updatedAt` timestamp NOT NULL DEFAULT current_timestamp() ON UPDATE current_timestamp()
) ENGINE=InnoDB DEFAULT CHARSET=utf8mb4;

--
-- Dumping data for table `pms_project_list_tbl`
--

INSERT INTO `pms_project_list_tbl` (`projectListID`, `projectListCode`, `projectListName`, `projectListDescription`, `categoryID`, `projectListFrom`, `projectListTo`, `projectListClientID`, `projectListManagerID`, `projectListLeaderID`, `projectListMemberID`, `projectListPriorityLevel`, `projectListStatus`, `createdBy`, `updatedBy`, `createdAt`, `updatedAt`) VALUES
(1, 'PRJ-21-00001', 'BlackBox - Enterprise Resource Planning System', 'Official Enterprise Resource Planning System of BlackBox.', 3, '2021-02-23', '2021-05-31', 4, 3, 2, '4|5|6|7', 1, 1, 0, 20, '2021-04-15 02:45:49', '2021-10-19 03:05:23'),
(2, 'PRJ-21-00002', 'BlackBox POS and Inventory System', 'Project for Inventory and POS ', 1, '2021-04-29', '2021-04-29', 2, 6, 4, '1|2|3|7', 1, 1, 0, 1, '2021-04-21 05:12:03', '2021-04-26 01:42:49'),
(3, 'PRJ-21-00003', 'TACs (Tax and Accounting System)', 'Tax and Accounting System under BlackBox. The system features recording and adjusting of transaction', 3, '2020-06-02', '2020-06-02', 4, 20, 5, '1|2|3|4|6|19|22', 2, 1, 0, 1, '2021-05-14 06:10:29', '2021-06-29 07:04:23'),
(4, 'PRJ-21-00004', 'Hotel Mercante Hotel Management System ', 'The project that involves the new and automated process of the newly created Hotel Mercante in Vigan', 3, '2020-10-01', '2021-02-28', 5, 3, 4, '2|9|20', 1, 1, 0, 1, '2021-05-18 06:47:08', '2021-06-29 23:57:45'),
(5, 'PRJ-21-00005', 'CCTV Installation', 'A project that will bring security for the establishment and client.', 1, '2021-06-10', '2021-06-30', 4, 1, 2, '3', 1, 1, 0, 1, '2021-06-10 03:36:37', '2021-10-07 00:28:45'),
(6, 'PRJ-21-00006', 'Pao Norte CCTV', 'CCTV Installation', 4, '2021-07-05', '2021-07-07', 2, 23, 3, '22', 1, 1, 0, 1, '2021-06-30 03:46:27', '2021-07-01 01:54:08'),
(7, 'PRJ-21-00007', 'Pao Norte CCTV Installation', 'sample project description.', 1, '0000-00-00', '0000-00-00', 0, 0, 0, '', 0, 1, 0, 0, '2021-07-29 02:06:48', '2021-07-29 02:06:48'),
(8, 'PRJ-21-00008', 'Enterprise Resource Planning (ERP) System', 'sample project description', 3, '0000-00-00', '0000-00-00', 0, 0, 0, '', 0, 1, 0, 0, '2021-07-29 05:48:51', '2021-07-29 05:48:51'),
(9, 'PRJ-21-00009', 'Biometrics Installation', 'This will serve as a sample description for this project.', 4, '0000-00-00', '0000-00-00', 0, 0, 0, '', 0, 1, 0, 2, '2021-08-03 02:38:41', '2021-12-15 02:27:18'),
(10, 'PRJ-21-00010', 'Company Website', 'creation of company website', 3, '0000-00-00', '0000-00-00', 0, 0, 0, '', 0, 1, 0, 0, '2021-08-27 00:01:07', '2021-08-27 00:01:07'),
(11, 'PRJ-21-00011', 'Test Project', 'test description', 1, '0000-00-00', '0000-00-00', 0, 0, 0, '', 0, 1, 0, 0, '2021-08-27 06:08:50', '2021-08-27 06:08:50'),
(12, 'PRJ-21-00012', 'BlackCoders Interior Fitout', 'test', 1, '0000-00-00', '0000-00-00', 0, 0, 0, '', 0, 1, 0, 0, '2021-09-08 02:34:24', '2021-09-08 02:34:24'),
(13, 'PRJ-21-00013', 'Biday Satellite Warehouse and Temfacil', 'Biday Satellite Warehouse and Temfacil project', 1, '0000-00-00', '0000-00-00', 0, 0, 0, '', 0, 1, 0, 0, '2021-10-07 00:26:59', '2021-10-07 00:26:59'),
(14, 'PRJ-21-00014', 'Ancestral House', 'A project that can be used for functions and big events.', 1, '0000-00-00', '0000-00-00', 0, 0, 0, '', 0, 1, 0, 0, '2021-10-07 00:27:47', '2021-10-07 00:27:47'),
(15, 'PRJ-21-00015', 'Leisure Park', 'A construction project that will create a leisure park that will bring joy and bliss to everyone.', 1, '0000-00-00', '0000-00-00', 0, 0, 0, '', 0, 1, 0, 0, '2021-10-07 00:28:10', '2021-10-07 00:28:10');

-- --------------------------------------------------------

--
-- Table structure for table `pms_project_milestone_tbl`
--

CREATE TABLE `pms_project_milestone_tbl` (
  `projectMilestoneID` bigint(20) NOT NULL,
  `projectMilestoneCode` varchar(100) NOT NULL,
  `projectMilestoneName` varchar(100) NOT NULL,
  `projectMilestoneDescription` text NOT NULL,
  `projectMilestoneStatus` int(11) NOT NULL,
  `createdBy` bigint(20) NOT NULL,
  `updatedBy` bigint(20) NOT NULL,
  `createdAt` timestamp NOT NULL DEFAULT current_timestamp(),
  `updatedAt` timestamp NOT NULL DEFAULT current_timestamp() ON UPDATE current_timestamp()
) ENGINE=InnoDB DEFAULT CHARSET=utf8mb4;

--
-- Dumping data for table `pms_project_milestone_tbl`
--

INSERT INTO `pms_project_milestone_tbl` (`projectMilestoneID`, `projectMilestoneCode`, `projectMilestoneName`, `projectMilestoneDescription`, `projectMilestoneStatus`, `createdBy`, `updatedBy`, `createdAt`, `updatedAt`) VALUES
(1, 'MIL-21-00001', 'User Acceptance Testing', 'Present developed system to users for further testing and feedbacks inclusive in the project\'s scope and limitation', 1, 0, 20, '2021-04-15 02:27:44', '2021-10-19 00:22:51'),
(2, 'MIL-21-00002', 'Phase Sign-off and Project Status', 'Official closing milestone for the specific phase and project status report', 1, 0, 0, '2021-04-15 02:29:57', '2021-04-15 02:29:57'),
(3, 'MIL-21-00003', 'Training', 'Provide training of a specific software or hardware to the client\'s duly authorized representatives', 1, 0, 0, '2021-04-15 02:31:16', '2021-04-15 02:31:16'),
(4, 'MIL-21-00004', 'Go-Live', 'Official deployment of the software or hardware to production environment, engaging it to the client\'s day to day transactions.', 1, 0, 1, '2021-04-15 02:33:05', '2021-06-29 06:16:51'),
(5, 'MIL-21-00005', 'Software Development', 'Software Development is the process of defining, designing, testing, and implementing a new software application or program.', 1, 0, 1, '2021-04-21 03:20:18', '2021-04-21 03:20:29'),
(6, 'MIL-21-00006', 'Software Testing', 'The software that the developers developed will now undergo a software testing to ensure that it will be bug-free.', 1, 0, 0, '2021-06-29 06:43:01', '2021-06-29 06:43:01'),
(7, 'MIL-21-00007', 'Data Gathering', 'a part of the system analysis and requirements phase that requires meeting and discussion with the client.', 1, 0, 0, '2021-07-01 02:03:41', '2021-07-01 02:03:41'),
(8, 'MIL-21-00008', 'BRD Presentation', 'a part of the system analysis and requirements phase that requires a system flow presentation to the client that will undergo an approval.', 1, 0, 0, '2021-07-01 02:04:20', '2021-07-01 02:04:20'),
(9, 'MIL-21-00009', 'Business Requirements Documentation', 'a part of the system analysis and requirements phase that requires the creation of a document based on the data gathering that took place between the client and the employee.', 1, 0, 0, '2021-07-01 02:05:22', '2021-07-01 02:05:22'),
(10, 'MIL-21-00010', 'User Stories', 'Creation of user stories', 1, 0, 0, '2021-07-28 05:53:30', '2021-07-28 05:53:30'),
(11, 'MIL-21-00011', 'User Interface Design', 'Creation of User Interface Design', 1, 0, 0, '2021-07-28 05:53:51', '2021-07-28 05:53:51'),
(12, 'MIL-21-00012', 'Development', 'System Development', 1, 0, 0, '2021-07-28 05:54:43', '2021-07-28 05:54:43'),
(13, 'MIL-21-00013', 'Canvassing', 'sample description', 1, 0, 0, '2021-07-29 01:42:34', '2021-07-29 01:42:34'),
(14, 'MIL-21-00014', 'Bidding', 'sample description', 1, 0, 0, '2021-07-29 01:42:44', '2021-07-29 01:42:44'),
(15, 'MIL-21-00015', 'Purchasing', 'sample description', 1, 0, 0, '2021-07-29 01:44:17', '2021-07-29 01:44:17'),
(16, 'MIL-21-00016', 'Receiving', 'sample description', 1, 0, 0, '2021-07-29 01:44:42', '2021-07-29 01:44:42'),
(17, 'MIL-21-00017', 'Recording ', 'sample description', 1, 0, 0, '2021-07-29 01:45:00', '2021-07-29 01:45:00'),
(18, 'MIL-21-00018', 'Monitoring', 'sample description', 1, 0, 0, '2021-07-29 01:45:23', '2021-07-29 01:45:23'),
(19, 'MIL-21-00019', 'Business Process Review', 'sample description', 1, 0, 0, '2021-07-29 02:51:18', '2021-07-29 02:51:18'),
(20, 'MIL-21-00020', 'Business Requirement Documentation', 'sample description.', 1, 0, 0, '2021-07-29 02:51:39', '2021-07-29 02:51:39'),
(21, 'MIL-21-00021', 'Business Requirement Document Presentation', 'sample description.', 1, 0, 0, '2021-07-29 02:51:59', '2021-07-29 02:51:59'),
(22, 'MIL-21-00022', 'Analysis Phase Sign-off and Project Status Report', 'sample description', 1, 0, 0, '2021-07-29 02:52:23', '2021-07-29 02:52:23'),
(23, 'MIL-21-00023', 'Software Requirement Specification', 'sample description', 1, 0, 0, '2021-07-29 02:54:51', '2021-07-29 02:54:51'),
(24, 'MIL-21-00024', 'SRS Presentation', 'sample description.', 1, 0, 0, '2021-07-29 02:55:05', '2021-07-29 02:55:05'),
(25, 'MIL-21-00025', 'SRS Documentation', 'sample description', 1, 0, 0, '2021-07-29 02:55:29', '2021-07-29 02:55:29'),
(26, 'MIL-21-00026', 'SRS Document Presentation', 'sample description', 1, 0, 0, '2021-07-29 02:55:43', '2021-07-29 02:55:43'),
(27, 'MIL-21-00027', 'Design Phase Sign-off and Project Status Report', 'sample description', 1, 0, 0, '2021-07-29 02:56:07', '2021-07-29 02:56:07'),
(28, 'MIL-21-00028', 'User Interface Specification', 'sample description.', 1, 0, 0, '2021-07-29 02:56:29', '2021-07-29 02:56:29'),
(29, 'MIL-21-00029', 'Task Execution', 'sample description.', 1, 0, 0, '2021-07-29 03:22:17', '2021-07-29 03:22:17'),
(30, 'MIL-21-00030', 'Blueprint', 'creation of blueprint', 1, 0, 0, '2021-08-02 00:20:23', '2021-08-02 00:20:23'),
(31, 'MIL-21-00031', 'Installation', 'Installation process', 1, 0, 1, '2021-08-02 00:21:37', '2021-08-02 00:23:47'),
(32, 'MIL-21-00032', 'Planning Presentation', 'Creation of proposal', 1, 0, 1, '2021-08-02 00:22:11', '2021-08-02 00:25:42'),
(33, 'MIL-21-00033', 'Login', 'a sample description.', 1, 0, 0, '2021-08-05 06:14:32', '2021-08-05 06:14:32'),
(34, 'MIL-21-00034', 'Regsiter', 'a sample description', 1, 0, 0, '2021-08-05 06:14:53', '2021-08-05 06:14:53'),
(35, 'MIL-21-00035', 'User Profile', 'a sample description.', 1, 0, 0, '2021-08-05 06:15:13', '2021-08-05 06:15:13'),
(36, 'MIL-21-00036', 'Dashboard', 'a sample description.', 1, 0, 0, '2021-08-05 06:15:25', '2021-08-05 06:15:25'),
(37, 'MIL-21-00037', 'Architectural Design', 'sample', 1, 0, 0, '2021-08-27 07:09:51', '2021-08-27 07:09:51'),
(38, 'MIL-21-00038', 'Structural', 'sample', 1, 0, 0, '2021-08-27 07:10:00', '2021-08-27 07:10:00'),
(39, 'MIL-21-00039', 'Electrical', 'sample', 1, 0, 0, '2021-08-27 07:10:11', '2021-08-27 07:10:11'),
(40, 'MIL-21-00040', 'Site Development Plan', 'A milestone under the architectural phase.', 1, 0, 20, '2021-08-27 07:11:05', '2021-10-05 23:32:52'),
(41, 'MIL-21-00041', 'Schedule of Floor', 'sample', 1, 0, 0, '2021-08-27 07:11:43', '2021-08-27 07:11:43'),
(42, 'MIL-21-00042', 'STAAD', 'sample', 1, 0, 0, '2021-08-27 07:12:00', '2021-08-27 07:12:00'),
(43, 'MIL-21-00043', 'Load Computation', 'sample', 1, 0, 0, '2021-08-27 07:12:15', '2021-08-27 07:12:15'),
(44, 'MIL-21-00044', 'Decorative Wall', 'Testing', 1, 0, 0, '2021-09-08 02:29:50', '2021-09-08 02:29:50'),
(45, 'MIL-21-00045', 'Wall Repaint', 'test', 1, 0, 0, '2021-09-08 02:30:10', '2021-09-08 02:30:10'),
(46, 'MIL-21-00046', 'Flooring', 'test', 1, 0, 0, '2021-09-08 02:30:25', '2021-09-08 02:30:25'),
(47, 'MIL-21-00047', 'Perspective', 'A milestone under the architectural phase.', 1, 0, 0, '2021-10-05 23:32:10', '2021-10-05 23:32:10'),
(48, 'MIL-21-00048', 'Vicinity/Location Map', 'A milestone under the architectural phase.', 1, 0, 0, '2021-10-05 23:33:06', '2021-10-05 23:33:06'),
(49, 'MIL-21-00049', 'Floor Plans', 'A milestone under the architectural phase.', 1, 0, 0, '2021-10-05 23:33:16', '2021-10-05 23:33:16'),
(50, 'MIL-21-00050', 'Elevations', 'A milestone under the architectural phase.', 1, 0, 0, '2021-10-05 23:33:26', '2021-10-05 23:33:26'),
(51, 'MIL-21-00051', 'Sections', 'A milestone under the architectural phase.', 1, 0, 0, '2021-10-05 23:33:35', '2021-10-05 23:33:35'),
(52, 'MIL-21-00052', 'Reflected Ceiling Plans', 'A milestone under the architectural phase.', 1, 0, 0, '2021-10-05 23:33:52', '2021-10-05 23:33:52'),
(53, 'MIL-21-00053', 'Roof Plan', 'A milestone under the architectural phase.', 1, 0, 0, '2021-10-05 23:34:02', '2021-10-05 23:34:02'),
(54, 'MIL-21-00054', 'Schedule of Doors', 'A milestone under the architectural phase.', 1, 0, 0, '2021-10-05 23:34:11', '2021-10-05 23:34:11'),
(55, 'MIL-21-00055', 'Schedule of Windows', 'A milestone under the architectural phase.', 1, 0, 0, '2021-10-05 23:34:23', '2021-10-05 23:34:23'),
(56, 'MIL-21-00056', 'Foundation Plan', 'A milestone under the structural phase.', 1, 0, 0, '2021-10-05 23:34:44', '2021-10-05 23:34:44'),
(57, 'MIL-21-00057', 'Framing Plan', 'A milestone under the structural phase.', 1, 0, 0, '2021-10-05 23:34:52', '2021-10-05 23:34:52'),
(58, 'MIL-21-00058', 'Column Footing Details', 'A milestone under the structural phase.', 1, 0, 0, '2021-10-05 23:35:07', '2021-10-05 23:35:07'),
(59, 'MIL-21-00059', 'Column/Beam Section', 'A milestone under the structural phase.', 1, 0, 0, '2021-10-05 23:35:20', '2021-10-05 23:35:20'),
(60, 'MIL-21-00060', 'Schedule of Beam', 'A milestone under the structural phase.', 1, 0, 0, '2021-10-05 23:35:31', '2021-10-05 23:35:31'),
(61, 'MIL-21-00061', 'Schedule of Slab', 'A milestone under the structural phase.', 1, 0, 0, '2021-10-05 23:35:41', '2021-10-05 23:35:41'),
(62, 'MIL-21-00062', 'Stair Section', 'A milestone under the structural phase.', 1, 0, 0, '2021-10-05 23:35:51', '2021-10-05 23:35:51'),
(63, 'MIL-21-00063', 'Stair Details', 'A milestone under the structural phase.', 1, 0, 0, '2021-10-05 23:36:02', '2021-10-05 23:36:02'),
(64, 'MIL-21-00064', 'Roof Framing Plan', 'A milestone under the structural phase.', 1, 0, 0, '2021-10-05 23:36:11', '2021-10-05 23:36:11'),
(65, 'MIL-21-00065', 'Truss Details', 'A milestone under the structural phase.', 1, 0, 0, '2021-10-05 23:36:26', '2021-10-05 23:36:26'),
(66, 'MIL-21-00066', 'Truss Spot Details', 'A milestone under the structural phase.', 1, 0, 0, '2021-10-05 23:36:35', '2021-10-05 23:36:35'),
(67, 'MIL-21-00067', 'Truss Diagram', 'A milestone under the structural phase.', 1, 0, 0, '2021-10-05 23:36:45', '2021-10-05 23:36:45'),
(68, 'MIL-21-00068', 'Lighting Layout', 'A milestone under the electrical phase.', 1, 0, 20, '2021-10-05 23:36:55', '2021-10-05 23:38:17'),
(69, 'MIL-21-00069', 'Power Layout', 'A milestone under the electrical phase.', 1, 0, 20, '2021-10-05 23:37:10', '2021-10-05 23:38:29'),
(70, 'MIL-21-00070', 'Schedule of Loads', 'A milestone under the electrical phase.', 1, 0, 20, '2021-10-05 23:37:21', '2021-10-05 23:38:44'),
(71, 'MIL-21-00071', 'Riser Diagram', 'A milestone under the electrical phase.', 1, 0, 20, '2021-10-05 23:37:29', '2021-10-05 23:38:55'),
(72, 'MIL-21-00072', 'General Notes', 'A milestone under the electrical and plumbing/sanitary phase.', 1, 0, 20, '2021-10-05 23:37:44', '2021-10-05 23:40:32'),
(73, 'MIL-21-00073', 'Legend', 'A milestone under the electrical and plumbing/sanitary phase.', 1, 0, 20, '2021-10-05 23:38:00', '2021-10-05 23:40:40'),
(74, 'MIL-21-00074', 'Sewer Line Layout', 'A milestone under the plumbing/sanitary phase.', 1, 0, 0, '2021-10-05 23:39:32', '2021-10-05 23:39:32'),
(75, 'MIL-21-00075', 'Water Line Layout', 'A milestone under the plumbing/sanitary phase.', 1, 0, 0, '2021-10-05 23:39:41', '2021-10-05 23:39:41'),
(76, 'MIL-21-00076', 'Isometric Diagram', 'A milestone under the plumbing/sanitary phase.', 1, 0, 0, '2021-10-05 23:39:54', '2021-10-05 23:39:54'),
(77, 'MIL-21-00077', 'Other Details', 'A milestone under the plumbing/sanitary phase.', 1, 0, 0, '2021-10-05 23:40:09', '2021-10-05 23:40:09'),
(78, 'MIL-21-00078', 'Fire Escape Plan', 'A milestone that is under the fire plan phase.', 1, 0, 0, '2021-10-07 00:21:04', '2021-10-07 00:21:04'),
(79, 'MIL-21-00079', 'Data Migration', 'test', 1, 0, 0, '2021-10-19 03:02:41', '2021-10-19 03:02:41'),
(80, 'MIL-21-00080', 'System Training', 'test', 1, 0, 0, '2021-10-19 03:02:51', '2021-10-19 03:02:51'),
(81, 'MIL-21-00081', 'Uploading of source code', 'test', 1, 0, 0, '2021-10-19 03:27:16', '2021-10-19 03:27:16'),
(82, 'MIL-21-00082', '201 File', 'test', 1, 0, 0, '2021-10-19 03:27:36', '2021-10-19 03:27:36'),
(83, 'MIL-21-00083', 'Discussion Day 1', 'test', 1, 0, 0, '2021-10-19 03:27:53', '2021-10-19 03:27:53'),
(84, 'MIL-21-00084', 'Discussion Day 2', 'test', 1, 0, 0, '2021-10-19 03:28:11', '2021-10-19 03:28:11'),
(85, 'MIL-21-00085', 'Discussion Day 3', 'test', 1, 0, 0, '2021-10-19 03:28:24', '2021-10-19 03:28:24'),
(86, 'MIL-21-00086', 'Go Live Day 1 to 5', 'test', 1, 0, 20, '2021-10-19 03:28:42', '2021-10-19 03:29:09'),
(87, 'MIL-21-00087', 'Dismantling Works', 'test', 1, 0, 0, '2021-11-09 23:45:24', '2021-11-09 23:45:24'),
(88, 'MIL-21-00088', 'Dismantling of 30cm x  30xm Vinyl Tiles', 'Test', 1, 0, 0, '2021-11-09 23:52:47', '2021-11-09 23:52:47');

-- --------------------------------------------------------

--
-- Table structure for table `pms_sign_off_details_tbl`
--

CREATE TABLE `pms_sign_off_details_tbl` (
  `signOffDetailID` bigint(21) NOT NULL,
  `signOffID` bigint(21) NOT NULL,
  `description` text COLLATE utf8mb4_unicode_ci DEFAULT NULL,
  `createdBy` bigint(21) NOT NULL,
  `updatedBy` bigint(21) NOT NULL,
  `createdAt` timestamp NOT NULL DEFAULT current_timestamp(),
  `updatedAt` timestamp NOT NULL DEFAULT current_timestamp() ON UPDATE current_timestamp()
) ENGINE=InnoDB DEFAULT CHARSET=utf8mb4 COLLATE=utf8mb4_unicode_ci;

-- --------------------------------------------------------

--
-- Table structure for table `pms_sign_off_tbl`
--

CREATE TABLE `pms_sign_off_tbl` (
  `signOffID` bigint(21) NOT NULL,
  `reviseSignOffID` bigint(21) DEFAULT NULL,
  `employeeID` bigint(21) DEFAULT NULL,
  `clientID` bigint(21) DEFAULT NULL,
  `clientName` varchar(200) COLLATE utf8mb4_unicode_ci DEFAULT NULL,
  `clientAddress` text COLLATE utf8mb4_unicode_ci DEFAULT NULL,
  `timelineBuilderID` bigint(21) DEFAULT NULL,
  `projectCode` varchar(100) COLLATE utf8mb4_unicode_ci DEFAULT NULL,
  `projectName` varchar(200) COLLATE utf8mb4_unicode_ci DEFAULT NULL,
  `projectCategory` varchar(200) COLLATE utf8mb4_unicode_ci DEFAULT NULL,
  `milestoneBuilderID` bigint(21) DEFAULT NULL,
  `phaseName` text COLLATE utf8mb4_unicode_ci DEFAULT NULL,
  `approversID` text COLLATE utf8mb4_unicode_ci DEFAULT NULL,
  `approversDate` text COLLATE utf8mb4_unicode_ci DEFAULT NULL,
  `approversStatus` text COLLATE utf8mb4_unicode_ci DEFAULT NULL,
  `signOffReason` text COLLATE utf8mb4_unicode_ci DEFAULT NULL,
  `signOffComment` text COLLATE utf8mb4_unicode_ci DEFAULT NULL,
  `signOffRemarks` text COLLATE utf8mb4_unicode_ci DEFAULT NULL,
  `signOffStatus` int(11) NOT NULL,
  `submittedAt` timestamp NULL DEFAULT NULL,
  `createdBy` bigint(21) NOT NULL,
  `updatedBy` bigint(21) NOT NULL,
  `createdAt` timestamp NOT NULL DEFAULT current_timestamp(),
  `updatedAt` timestamp NOT NULL DEFAULT current_timestamp() ON UPDATE current_timestamp()
) ENGINE=InnoDB DEFAULT CHARSET=utf8mb4 COLLATE=utf8mb4_unicode_ci;

-- --------------------------------------------------------

--
-- Table structure for table `pms_timeline_builder_tbl`
--

CREATE TABLE `pms_timeline_builder_tbl` (
  `timelineBuilderID` bigint(20) NOT NULL,
  `reviseTimelineBuilderID` bigint(20) DEFAULT NULL,
  `employeeID` bigint(20) NOT NULL,
  `projectID` bigint(20) DEFAULT NULL,
  `projectCode` text COLLATE utf8mb4_unicode_ci DEFAULT NULL,
  `clientID` bigint(20) DEFAULT NULL,
  `approversID` text COLLATE utf8mb4_unicode_ci DEFAULT NULL,
  `approversStatus` text COLLATE utf8mb4_unicode_ci DEFAULT NULL,
  `approversDate` text COLLATE utf8mb4_unicode_ci DEFAULT NULL,
  `timelineBuilderStatus` int(11) NOT NULL,
  `timelineBuilderReason` text COLLATE utf8mb4_unicode_ci DEFAULT NULL,
  `timelineBuilderRemarks` text COLLATE utf8mb4_unicode_ci DEFAULT NULL,
  `timelineStartDate` date NOT NULL,
  `timelineEndDate` date NOT NULL,
  `timelinePriorityLevel` int(2) NOT NULL,
  `timelineIssued` int(2) NOT NULL,
  `timelineProjectManager` bigint(20) NOT NULL,
  `timelineTeamMember` text COLLATE utf8mb4_unicode_ci DEFAULT NULL,
  `timelineTeamLeader` bigint(20) NOT NULL,
  `timelineProposedBudget` decimal(20,2) NOT NULL,
  `timelineAllocatedBudget` decimal(20,2) DEFAULT NULL,
  `allocatedBudgetBy` bigint(21) DEFAULT NULL,
  `timelineBudgetStatus` int(2) NOT NULL,
  `timelineManagementBy` bigint(21) DEFAULT NULL,
  `timelineManagementStatus` int(11) DEFAULT 1,
  `timelineDesign` text COLLATE utf8mb4_unicode_ci DEFAULT NULL,
  `submittedAt` timestamp NULL DEFAULT current_timestamp(),
  `createdBy` bigint(20) NOT NULL,
  `updatedBy` bigint(20) NOT NULL,
  `createdAt` timestamp NOT NULL DEFAULT current_timestamp(),
  `updatedAt` timestamp NOT NULL DEFAULT current_timestamp() ON UPDATE current_timestamp()
) ENGINE=InnoDB DEFAULT CHARSET=utf8mb4 COLLATE=utf8mb4_unicode_ci;

--
-- Triggers `pms_timeline_builder_tbl`
--
DELIMITER $$
CREATE TRIGGER `pms_timeline_builder_tbl_AFTER_UPDATE` AFTER UPDATE ON `pms_timeline_builder_tbl` FOR EACH ROW BEGIN
	IF NEW.timelineBuilderStatus = 2 AND NEW.timelineManagementBy IS NULL THEN
		INSERT INTO pms_management_board_tbl 
        (timelineBuilderID, employeeID, managementBoardStatus, createdBy, updatedBy) VALUES (OLD.timelineBuilderID, OLD.employeeID, 0, OLD.updatedBy, OLD.updatedBy);
    END IF;
END
$$
DELIMITER ;

-- --------------------------------------------------------

--
-- Table structure for table `pms_timeline_management_tbl`
--

CREATE TABLE `pms_timeline_management_tbl` (
  `timelineManagementID` bigint(21) NOT NULL,
  `timelineBuilderID` bigint(21) NOT NULL,
  `managementBoardID` bigint(21) DEFAULT NULL,
  `taskID` bigint(21) NOT NULL,
  `projectMilestoneID` bigint(21) NOT NULL,
  `manHours` decimal(15,2) NOT NULL DEFAULT 0.00,
  `assignedEmployee` varchar(100) COLLATE utf8mb4_unicode_ci DEFAULT NULL,
  `assignedManHours` text COLLATE utf8mb4_unicode_ci DEFAULT NULL,
  `assignedDesignation` text COLLATE utf8mb4_unicode_ci DEFAULT NULL,
  `assignedStartDate` text COLLATE utf8mb4_unicode_ci DEFAULT NULL,
  `assignedEndDate` text COLLATE utf8mb4_unicode_ci DEFAULT NULL,
  `assignedDays` text COLLATE utf8mb4_unicode_ci DEFAULT NULL,
  `assignedRegularHours` text COLLATE utf8mb4_unicode_ci DEFAULT NULL,
  `assignedOvertimeHours` text COLLATE utf8mb4_unicode_ci DEFAULT NULL,
  `createdBy` bigint(21) NOT NULL,
  `updatedBy` bigint(21) NOT NULL,
  `createdAt` timestamp NOT NULL DEFAULT current_timestamp(),
  `updatedAt` timestamp NOT NULL DEFAULT current_timestamp() ON UPDATE current_timestamp()
) ENGINE=InnoDB DEFAULT CHARSET=utf8mb4 COLLATE=utf8mb4_unicode_ci;

-- --------------------------------------------------------

--
-- Table structure for table `pms_timeline_task_list_tbl`
--

CREATE TABLE `pms_timeline_task_list_tbl` (
  `taskID` bigint(20) NOT NULL,
  `timelineBuilderID` bigint(20) NOT NULL,
  `milestoneBuilderID` bigint(20) NOT NULL,
  `milestoneListID` bigint(20) NOT NULL,
  `taskName` text COLLATE utf8mb4_unicode_ci NOT NULL,
  `allottedHours` decimal(10,2) DEFAULT NULL,
  `taskStartDate` date NOT NULL,
  `taskEndDate` date NOT NULL,
  `taskRemarks` text COLLATE utf8mb4_unicode_ci NOT NULL,
  `createdBy` bigint(20) NOT NULL,
  `updatedBy` bigint(20) NOT NULL,
  `createdAt` timestamp NOT NULL DEFAULT current_timestamp(),
  `updatedAt` timestamp NULL DEFAULT current_timestamp() ON UPDATE current_timestamp()
) ENGINE=InnoDB DEFAULT CHARSET=utf8mb4 COLLATE=utf8mb4_unicode_ci;

-- --------------------------------------------------------

--
-- Table structure for table `web_applicant_dependent_tbl`
--

CREATE TABLE `web_applicant_dependent_tbl` (
  `applicantDependentID` bigint(20) NOT NULL,
  `applicantID` bigint(20) NOT NULL,
  `employeeID` bigint(20) DEFAULT NULL,
  `dependentName` text COLLATE utf8mb4_unicode_ci NOT NULL,
  `relationship` text COLLATE utf8mb4_unicode_ci DEFAULT NULL,
  `birthday` text COLLATE utf8mb4_unicode_ci NOT NULL,
  `createdBy` bigint(20) NOT NULL,
  `createdAt` timestamp NOT NULL DEFAULT current_timestamp(),
  `updatedBy` bigint(20) NOT NULL,
  `updatedAt` timestamp NOT NULL DEFAULT current_timestamp() ON UPDATE current_timestamp()
) ENGINE=InnoDB DEFAULT CHARSET=utf8mb4 COLLATE=utf8mb4_unicode_ci;

--
-- Dumping data for table `web_applicant_dependent_tbl`
--

INSERT INTO `web_applicant_dependent_tbl` (`applicantDependentID`, `applicantID`, `employeeID`, `dependentName`, `relationship`, `birthday`, `createdBy`, `createdAt`, `updatedBy`, `updatedAt`) VALUES
(4, 1, NULL, 'Ayesha Telesforo', 'Daughter', 'April 13, 2017', 1, '2021-12-28 23:46:22', 1, '2021-12-28 23:46:22');

-- --------------------------------------------------------

--
-- Table structure for table `web_applicant_employment_history_tbl`
--

CREATE TABLE `web_applicant_employment_history_tbl` (
  `applicantEmploymentHistoryID` bigint(20) NOT NULL,
  `applicantID` bigint(20) NOT NULL,
  `employeeID` bigint(20) DEFAULT NULL,
  `historyDaterange` text COLLATE utf8mb4_unicode_ci NOT NULL,
  `historyEmployerName` text COLLATE utf8mb4_unicode_ci NOT NULL,
  `historyEmployerAddress` text COLLATE utf8mb4_unicode_ci NOT NULL,
  `position` text COLLATE utf8mb4_unicode_ci NOT NULL,
  `reasonLeaving` text COLLATE utf8mb4_unicode_ci NOT NULL,
  `historySalary` decimal(10,2) NOT NULL,
  `createdBy` bigint(20) NOT NULL,
  `updatedBy` bigint(20) NOT NULL,
  `createdAt` timestamp NOT NULL DEFAULT current_timestamp(),
  `updatedAt` timestamp NOT NULL DEFAULT current_timestamp() ON UPDATE current_timestamp()
) ENGINE=InnoDB DEFAULT CHARSET=utf8mb4 COLLATE=utf8mb4_unicode_ci;

--
-- Dumping data for table `web_applicant_employment_history_tbl`
--

INSERT INTO `web_applicant_employment_history_tbl` (`applicantEmploymentHistoryID`, `applicantID`, `employeeID`, `historyDaterange`, `historyEmployerName`, `historyEmployerAddress`, `position`, `reasonLeaving`, `historySalary`, `createdBy`, `updatedBy`, `createdAt`, `updatedAt`) VALUES
(5, 1, NULL, 'May 07, 2019 - June 18, 2020', 'STRIDE Company', 'Commonwealth Quezon City', 'Junior Developer', 'Looking for opportunity', '20000.00', 1, 1, '2021-12-28 23:46:22', '2021-12-28 23:46:22'),
(6, 1, NULL, 'June 22, 2020 - November 30, 2021', 'Nissan Company', 'Commonwealth Quezon City', 'Junior Developer', 'Looking for opportunity', '22000.00', 1, 1, '2021-12-28 23:46:22', '2021-12-28 23:46:22'),
(7, 2, NULL, 'January 01, 2019 - February 28, 2021', 'STRIDE ', 'Commonwealt', 'Quality Analyst', '', '20000.00', 2, 2, '2021-12-29 03:08:53', '2021-12-29 03:08:53');

-- --------------------------------------------------------

--
-- Table structure for table `web_applicant_job_tbl`
--

CREATE TABLE `web_applicant_job_tbl` (
  `appJobID` bigint(20) NOT NULL,
  `applicantID` bigint(20) DEFAULT NULL,
  `jobID` bigint(20) DEFAULT NULL,
  `appJobStatus` int(11) NOT NULL DEFAULT 0,
  `dateApplied` timestamp NOT NULL DEFAULT current_timestamp()
) ENGINE=InnoDB DEFAULT CHARSET=utf8mb4 COLLATE=utf8mb4_unicode_ci;

--
-- Dumping data for table `web_applicant_job_tbl`
--

INSERT INTO `web_applicant_job_tbl` (`appJobID`, `applicantID`, `jobID`, `appJobStatus`, `dateApplied`) VALUES
(1, 1, 1, 0, '2021-12-28 23:27:42'),
(2, 2, 1, 0, '2021-12-29 02:59:22');

-- --------------------------------------------------------

--
-- Table structure for table `web_applicant_list_tbl`
--

CREATE TABLE `web_applicant_list_tbl` (
  `applicantID` bigint(20) NOT NULL,
  `applicantFirstname` varchar(100) COLLATE utf8mb4_unicode_ci NOT NULL,
  `applicantMiddlename` varchar(100) COLLATE utf8mb4_unicode_ci DEFAULT NULL,
  `applicantLastname` varchar(100) COLLATE utf8mb4_unicode_ci NOT NULL,
  `applicantMobile` varchar(50) COLLATE utf8mb4_unicode_ci DEFAULT NULL,
  `applicantTelephone` text COLLATE utf8mb4_unicode_ci DEFAULT NULL,
  `applicantEmail` text COLLATE utf8mb4_unicode_ci NOT NULL,
  `applicantUsername` text COLLATE utf8mb4_unicode_ci NOT NULL,
  `applicantPassword` text COLLATE utf8mb4_unicode_ci NOT NULL,
  `applicantEncryptedPassword` text COLLATE utf8mb4_unicode_ci DEFAULT NULL,
  `applicantProfile` varchar(100) COLLATE utf8mb4_unicode_ci DEFAULT NULL,
  `applicantGender` varchar(20) COLLATE utf8mb4_unicode_ci DEFAULT NULL,
  `applicantBirthday` date DEFAULT NULL,
  `applicantBirthPlace` text COLLATE utf8mb4_unicode_ci DEFAULT NULL,
  `applicantResume` text COLLATE utf8mb4_unicode_ci DEFAULT NULL,
  `applicantCitizenship` varchar(20) COLLATE utf8mb4_unicode_ci DEFAULT NULL,
  `applicantCivilStatus` varchar(50) COLLATE utf8mb4_unicode_ci DEFAULT NULL,
  `applicantReligion` text COLLATE utf8mb4_unicode_ci DEFAULT NULL,
  `applicantTIN` varchar(100) COLLATE utf8mb4_unicode_ci DEFAULT NULL,
  `applicantSSS` varchar(100) COLLATE utf8mb4_unicode_ci DEFAULT NULL,
  `applicantPhilHealth` varchar(100) COLLATE utf8mb4_unicode_ci DEFAULT NULL,
  `applicantPagibig` varchar(100) COLLATE utf8mb4_unicode_ci DEFAULT NULL,
  `applicationPRC` varchar(100) COLLATE utf8mb4_unicode_ci DEFAULT NULL,
  `applicationPRCExpDate` varchar(100) COLLATE utf8mb4_unicode_ci DEFAULT NULL,
  `applicantNHNF` text COLLATE utf8mb4_unicode_ci DEFAULT NULL,
  `applicantPHIL` text COLLATE utf8mb4_unicode_ci DEFAULT NULL,
  `applicantRegion` varchar(100) COLLATE utf8mb4_unicode_ci DEFAULT NULL,
  `applicantProvince` varchar(100) COLLATE utf8mb4_unicode_ci DEFAULT NULL,
  `applicantCity` varchar(100) COLLATE utf8mb4_unicode_ci DEFAULT NULL,
  `applicantBarangay` varchar(100) COLLATE utf8mb4_unicode_ci DEFAULT NULL,
  `applicantUnit` varchar(20) COLLATE utf8mb4_unicode_ci DEFAULT NULL,
  `applicantBuilding` varchar(100) COLLATE utf8mb4_unicode_ci DEFAULT NULL,
  `applicantStreet` varchar(100) COLLATE utf8mb4_unicode_ci DEFAULT NULL,
  `applicantSubdivision` varchar(100) COLLATE utf8mb4_unicode_ci DEFAULT NULL,
  `applicantCountry` varchar(100) COLLATE utf8mb4_unicode_ci DEFAULT NULL,
  `applicantZipCode` varchar(20) COLLATE utf8mb4_unicode_ci DEFAULT NULL,
  `applicantFathersName` text COLLATE utf8mb4_unicode_ci DEFAULT NULL,
  `applicantFathersAge` int(11) DEFAULT NULL,
  `applicantMothersName` text COLLATE utf8mb4_unicode_ci DEFAULT NULL,
  `applicantMothersAge` int(11) DEFAULT NULL,
  `applicantSpouseName` text COLLATE utf8mb4_unicode_ci DEFAULT NULL,
  `applicantSpouseAge` int(11) DEFAULT NULL,
  `applicantContactPerson` text COLLATE utf8mb4_unicode_ci DEFAULT NULL,
  `applicantContactNumber` text COLLATE utf8mb4_unicode_ci DEFAULT NULL,
  `applicantStatus` int(11) NOT NULL,
  `reset_link` int(11) NOT NULL,
  `applicantDesignationID` bigint(20) NOT NULL,
  `examStatus` int(50) NOT NULL,
  `createdAt` timestamp NOT NULL DEFAULT current_timestamp(),
  `updatedAt` timestamp NOT NULL DEFAULT current_timestamp() ON UPDATE current_timestamp()
) ENGINE=InnoDB DEFAULT CHARSET=utf8mb4 COLLATE=utf8mb4_unicode_ci;

--
-- Dumping data for table `web_applicant_list_tbl`
--

INSERT INTO `web_applicant_list_tbl` (`applicantID`, `applicantFirstname`, `applicantMiddlename`, `applicantLastname`, `applicantMobile`, `applicantTelephone`, `applicantEmail`, `applicantUsername`, `applicantPassword`, `applicantEncryptedPassword`, `applicantProfile`, `applicantGender`, `applicantBirthday`, `applicantBirthPlace`, `applicantResume`, `applicantCitizenship`, `applicantCivilStatus`, `applicantReligion`, `applicantTIN`, `applicantSSS`, `applicantPhilHealth`, `applicantPagibig`, `applicationPRC`, `applicationPRCExpDate`, `applicantNHNF`, `applicantPHIL`, `applicantRegion`, `applicantProvince`, `applicantCity`, `applicantBarangay`, `applicantUnit`, `applicantBuilding`, `applicantStreet`, `applicantSubdivision`, `applicantCountry`, `applicantZipCode`, `applicantFathersName`, `applicantFathersAge`, `applicantMothersName`, `applicantMothersAge`, `applicantSpouseName`, `applicantSpouseAge`, `applicantContactPerson`, `applicantContactNumber`, `applicantStatus`, `reset_link`, `applicantDesignationID`, `examStatus`, `createdAt`, `updatedAt`) VALUES
(1, 'Renna Jane', 'Porras', 'Telesforo', '0934-567-8909', '345-678-765-432', 'renna.telesforo@theblackcoders.com', 'renna', 'renna', 'U2FsdGVkX188VbSF7uM30XUAtOOZxW8aEXDd7YFpabY=', '1640655724.png', 'Female', '1998-06-02', 'Quezon City', 'renna.telesforo@theblackcoders.com_resume.pdf', 'Philippine, Filipino', 'Married', 'Roman Catholic', '348-765-432', '43-5479097-8', '34-343476890-8', '4576-8765-4324', '890-987-6', '05/10/22', '', 'PSN-4234-7654565-7', 'NCR', 'NATIONAL CAPITAL REGION - SECOND DISTRICT', 'QUEZON CITY', 'PAYATAS', '', '28', 'St. Paul', '', 'Philippines', '1999', 'Renato Telesforo', 49, 'Jenithe Telesforo', 53, 'Rodeny Bamba', 25, 'Witsu Telesforo', '0934-533-4254', 1, 0, 14, 0, '2021-12-28 01:42:04', '2021-12-28 23:49:12'),
(2, 'Ayesha', '', 'Telesforo', '0932-435-4657', '345-676-879-898', 'ayeshatelesforo13@gmail.com', 'ayesha', 'ayesha', 'U2FsdGVkX19dt9bKItSIIqYE40SrXQQdHyfH3LdldXo=', '1640747333.png', 'Female', '1999-04-13', 'Quezon City', 'ayeshatelesforo13@gmail.com_resume.docx', 'Philippine, Filipino', 'Single', 'Roman Catholic', '987-654-356', '43-5456678-7', '54-678654321-2', '3456-7890-9876', '324-567-8', '', '', '', 'NCR', 'NATIONAL CAPITAL REGION - SECOND DISTRICT', 'QUEZON CITY', 'PAYATAS', '', '28', 'St. Paul', '', 'Philippines', '1999', '', 0, 'Renna Telesforo', 32, '', 0, 'Renna Telesforo', '0932-456-7865', 1, 0, 14, 0, '2021-12-29 00:57:36', '2021-12-29 03:08:53');

-- --------------------------------------------------------

--
-- Table structure for table `web_applicant_organization_join_tbl`
--

CREATE TABLE `web_applicant_organization_join_tbl` (
  `applicantOrganizationJoinID` bigint(20) NOT NULL,
  `applicantID` bigint(20) NOT NULL,
  `employeeID` bigint(20) DEFAULT NULL,
  `organizationJoinDate` text COLLATE utf8mb4_unicode_ci NOT NULL,
  `organizationName` text COLLATE utf8mb4_unicode_ci NOT NULL,
  `organizationPosition` text COLLATE utf8mb4_unicode_ci NOT NULL,
  `createdBy` bigint(20) NOT NULL,
  `updatedBy` bigint(20) NOT NULL,
  `createdAt` timestamp NOT NULL DEFAULT current_timestamp(),
  `updatedAt` timestamp NOT NULL DEFAULT current_timestamp() ON UPDATE current_timestamp()
) ENGINE=InnoDB DEFAULT CHARSET=utf8mb4 COLLATE=utf8mb4_unicode_ci;

--
-- Dumping data for table `web_applicant_organization_join_tbl`
--

INSERT INTO `web_applicant_organization_join_tbl` (`applicantOrganizationJoinID`, `applicantID`, `employeeID`, `organizationJoinDate`, `organizationName`, `organizationPosition`, `createdBy`, `updatedBy`, `createdAt`, `updatedAt`) VALUES
(3, 1, NULL, '2015 - 2019', 'CommITs ', 'Member', 1, 1, '2021-12-28 23:46:22', '2021-12-28 23:46:22');

-- --------------------------------------------------------

--
-- Table structure for table `web_application_character_reference_tbl`
--

CREATE TABLE `web_application_character_reference_tbl` (
  `charactedReferenceID` bigint(20) NOT NULL,
  `applicantID` bigint(20) NOT NULL,
  `employeeID` bigint(20) NOT NULL,
  `characterReferenceName` text COLLATE utf8mb4_unicode_ci NOT NULL,
  `characterReferencePosition` text COLLATE utf8mb4_unicode_ci NOT NULL,
  `characterReferenceCompany` text COLLATE utf8mb4_unicode_ci NOT NULL,
  `characterReferenceNumber` text COLLATE utf8mb4_unicode_ci NOT NULL,
  `createdBy` bigint(20) NOT NULL,
  `updatedBy` bigint(20) NOT NULL,
  `createdAt` timestamp NOT NULL DEFAULT current_timestamp(),
  `updatedAt` timestamp NOT NULL DEFAULT current_timestamp() ON UPDATE current_timestamp()
) ENGINE=InnoDB DEFAULT CHARSET=utf8mb4 COLLATE=utf8mb4_unicode_ci;

--
-- Dumping data for table `web_application_character_reference_tbl`
--

INSERT INTO `web_application_character_reference_tbl` (`charactedReferenceID`, `applicantID`, `employeeID`, `characterReferenceName`, `characterReferencePosition`, `characterReferenceCompany`, `characterReferenceNumber`, `createdBy`, `updatedBy`, `createdAt`, `updatedAt`) VALUES
(5, 1, 0, 'Nichole Mae', 'Programmer', 'STRIDE', '0932-456-7564', 1, 1, '2021-12-28 23:46:22', '2021-12-28 23:46:22'),
(6, 1, 0, 'Jeanette Estrada', 'Junior Programmer', 'STRIDE', '0934-567-6542', 1, 1, '2021-12-28 23:46:22', '2021-12-28 23:46:22'),
(7, 1, 0, 'Redelyn Cabatana', 'Programmer', 'STRIDE', '0934-433-9234', 1, 1, '2021-12-28 23:46:22', '2021-12-28 23:46:22'),
(8, 2, 0, 'Antonith Telesforo', 'Quality Analyst', 'STRIDE', '0923-456-7890', 2, 2, '2021-12-29 03:08:53', '2021-12-29 03:08:53');

-- --------------------------------------------------------

--
-- Table structure for table `web_application_educational_attainment_tbl`
--

CREATE TABLE `web_application_educational_attainment_tbl` (
  `applicantEducationalAttainmentID` bigint(20) NOT NULL,
  `applicantID` bigint(20) NOT NULL,
  `employeeID` bigint(20) DEFAULT NULL,
  `schoolYear` text COLLATE utf8mb4_unicode_ci NOT NULL,
  `schoolName` text COLLATE utf8mb4_unicode_ci NOT NULL,
  `applicantCourse` text COLLATE utf8mb4_unicode_ci NOT NULL,
  `applicantActivities` text COLLATE utf8mb4_unicode_ci NOT NULL,
  `createdBy` bigint(20) NOT NULL,
  `updatedBy` bigint(20) NOT NULL,
  `createdAt` timestamp NOT NULL DEFAULT current_timestamp(),
  `updatedAt` timestamp NOT NULL DEFAULT current_timestamp() ON UPDATE current_timestamp()
) ENGINE=InnoDB DEFAULT CHARSET=utf8mb4 COLLATE=utf8mb4_unicode_ci;

--
-- Dumping data for table `web_application_educational_attainment_tbl`
--

INSERT INTO `web_application_educational_attainment_tbl` (`applicantEducationalAttainmentID`, `applicantID`, `employeeID`, `schoolYear`, `schoolName`, `applicantCourse`, `applicantActivities`, `createdBy`, `updatedBy`, `createdAt`, `updatedAt`) VALUES
(5, 1, NULL, '2015 - 2019', 'Polytechnic University of the Philippines Quezon City Branch', 'Bachelor of Science in Information Technology', '', 1, 1, '2021-12-28 23:46:22', '2021-12-28 23:46:22'),
(6, 1, NULL, '2019 - 2021', 'University of the Philippines ', 'Masters in Information Technology', '', 1, 1, '2021-12-28 23:46:22', '2021-12-28 23:46:22'),
(7, 2, NULL, '2015 - 2019', 'Polytechnic University of the Philippines', 'Bachelor of Science in Information technology', '', 2, 2, '2021-12-29 03:08:53', '2021-12-29 03:08:53');

-- --------------------------------------------------------

--
-- Table structure for table `web_application_exam_taken_tbl`
--

CREATE TABLE `web_application_exam_taken_tbl` (
  `examTakenID` bigint(20) NOT NULL,
  `applicantID` bigint(20) NOT NULL,
  `employeeID` bigint(20) DEFAULT NULL,
  `examTakenDate` text COLLATE utf8mb4_unicode_ci NOT NULL,
  `examTakenDescription` text COLLATE utf8mb4_unicode_ci NOT NULL,
  `examTakenResult` text COLLATE utf8mb4_unicode_ci NOT NULL,
  `createdBy` bigint(20) NOT NULL,
  `updatedBy` bigint(20) NOT NULL,
  `createdAt` timestamp NOT NULL DEFAULT current_timestamp(),
  `updatedAt` timestamp NOT NULL DEFAULT current_timestamp() ON UPDATE current_timestamp()
) ENGINE=InnoDB DEFAULT CHARSET=utf8mb4 COLLATE=utf8mb4_unicode_ci;

--
-- Dumping data for table `web_application_exam_taken_tbl`
--

INSERT INTO `web_application_exam_taken_tbl` (`examTakenID`, `applicantID`, `employeeID`, `examTakenDate`, `examTakenDescription`, `examTakenResult`, `createdBy`, `updatedBy`, `createdAt`, `updatedAt`) VALUES
(3, 1, NULL, 'August 10, 2021 - August 10, 2021', 'Civil Service', 'Passed', 1, 1, '2021-12-28 23:46:22', '2021-12-28 23:46:22');

-- --------------------------------------------------------

--
-- Table structure for table `web_application_seminar_taken_tbl`
--

CREATE TABLE `web_application_seminar_taken_tbl` (
  `seminarTakenID` bigint(20) NOT NULL,
  `applicantID` bigint(20) NOT NULL,
  `employeeID` bigint(20) DEFAULT NULL,
  `seminarTakenDate` text COLLATE utf8mb4_unicode_ci NOT NULL,
  `seminarTakenDescription` text COLLATE utf8mb4_unicode_ci NOT NULL,
  `seminarTakenPosition` text COLLATE utf8mb4_unicode_ci NOT NULL,
  `createdBy` bigint(20) NOT NULL,
  `updatedBy` bigint(20) NOT NULL,
  `createdAt` timestamp NOT NULL DEFAULT current_timestamp(),
  `updatedAt` timestamp NOT NULL DEFAULT current_timestamp() ON UPDATE current_timestamp()
) ENGINE=InnoDB DEFAULT CHARSET=utf8mb4 COLLATE=utf8mb4_unicode_ci;

--
-- Dumping data for table `web_application_seminar_taken_tbl`
--

INSERT INTO `web_application_seminar_taken_tbl` (`seminarTakenID`, `applicantID`, `employeeID`, `seminarTakenDate`, `seminarTakenDescription`, `seminarTakenPosition`, `createdBy`, `updatedBy`, `createdAt`, `updatedAt`) VALUES
(3, 1, NULL, '2020 - 2020', 'Object Oriented Programming', 'Member', 1, 1, '2021-12-28 23:46:22', '2021-12-28 23:46:22');

-- --------------------------------------------------------

--
-- Table structure for table `web_examination_form_details_tbl`
--

CREATE TABLE `web_examination_form_details_tbl` (
  `examFormDetailID` bigint(20) NOT NULL,
  `examFormID` bigint(20) NOT NULL,
  `examinationQaID` bigint(20) NOT NULL,
  `applicantAnswer` varchar(255) COLLATE utf8mb4_unicode_ci NOT NULL,
  `applicantPoint` decimal(10,2) NOT NULL,
  `createdAt` timestamp NOT NULL DEFAULT current_timestamp()
) ENGINE=InnoDB DEFAULT CHARSET=utf8mb4 COLLATE=utf8mb4_unicode_ci;

-- --------------------------------------------------------

--
-- Table structure for table `web_examination_form_tbl`
--

CREATE TABLE `web_examination_form_tbl` (
  `examFormID` bigint(20) NOT NULL,
  `applicantID` bigint(20) NOT NULL,
  `totalPoints` decimal(10,2) NOT NULL,
  `percent` decimal(10,2) NOT NULL,
  `createdAt` timestamp NOT NULL DEFAULT current_timestamp()
) ENGINE=InnoDB DEFAULT CHARSET=utf8mb4 COLLATE=utf8mb4_unicode_ci;

--
-- Indexes for dumped tables
--

--
-- Indexes for table `fms_bank_tbl`
--
ALTER TABLE `fms_bank_tbl`
  ADD PRIMARY KEY (`bankID`);

--
-- Indexes for table `fms_billing_items_tbl`
--
ALTER TABLE `fms_billing_items_tbl`
  ADD PRIMARY KEY (`billingItemID`);

--
-- Indexes for table `fms_billing_tbl`
--
ALTER TABLE `fms_billing_tbl`
  ADD PRIMARY KEY (`billingID`);

--
-- Indexes for table `fms_chart_of_accounts_tbl`
--
ALTER TABLE `fms_chart_of_accounts_tbl`
  ADD PRIMARY KEY (`chartOfAccountID`);

--
-- Indexes for table `fms_check_voucher_details_tbl`
--
ALTER TABLE `fms_check_voucher_details_tbl`
  ADD PRIMARY KEY (`voucherDetailsID`);

--
-- Indexes for table `fms_check_voucher_tbl`
--
ALTER TABLE `fms_check_voucher_tbl`
  ADD PRIMARY KEY (`voucherID`);

--
-- Indexes for table `fms_client_fund_replenishment_tbl`
--
ALTER TABLE `fms_client_fund_replenishment_tbl`
  ADD PRIMARY KEY (`clientRepID`);

--
-- Indexes for table `fms_client_fund_request_tbl`
--
ALTER TABLE `fms_client_fund_request_tbl`
  ADD PRIMARY KEY (`clientFundRequestID`);

--
-- Indexes for table `fms_collection_items_tbl`
--
ALTER TABLE `fms_collection_items_tbl`
  ADD PRIMARY KEY (`collectionItemID`);

--
-- Indexes for table `fms_collection_tbl`
--
ALTER TABLE `fms_collection_tbl`
  ADD PRIMARY KEY (`collectionID`);

--
-- Indexes for table `fms_finance_request_details_tbl`
--
ALTER TABLE `fms_finance_request_details_tbl`
  ADD PRIMARY KEY (`financeRequestID`);

--
-- Indexes for table `fms_liquidation_tbl`
--
ALTER TABLE `fms_liquidation_tbl`
  ADD PRIMARY KEY (`liquidationID`);

--
-- Indexes for table `fms_payment_request_tbl`
--
ALTER TABLE `fms_payment_request_tbl`
  ADD PRIMARY KEY (`paymentRequestID`);

--
-- Indexes for table `fms_petty_cash_replenishment_tbl`
--
ALTER TABLE `fms_petty_cash_replenishment_tbl`
  ADD PRIMARY KEY (`pettyRepID`);

--
-- Indexes for table `fms_petty_cash_request_details_tbl`
--
ALTER TABLE `fms_petty_cash_request_details_tbl`
  ADD PRIMARY KEY (`pettyCashRequestDetailsID`);

--
-- Indexes for table `fms_petty_cash_request_tbl`
--
ALTER TABLE `fms_petty_cash_request_tbl`
  ADD PRIMARY KEY (`pettyCashRequestID`);

--
-- Indexes for table `gen_approval_setup_tbl`
--
ALTER TABLE `gen_approval_setup_tbl`
  ADD PRIMARY KEY (`approvalID`);

--
-- Indexes for table `gen_audit_tbl`
--
ALTER TABLE `gen_audit_tbl`
  ADD PRIMARY KEY (`auditID`);

--
-- Indexes for table `gen_company_profile_tbl`
--
ALTER TABLE `gen_company_profile_tbl`
  ADD PRIMARY KEY (`companyProfileID`);

--
-- Indexes for table `gen_ledger_classification_tbl`
--
ALTER TABLE `gen_ledger_classification_tbl`
  ADD PRIMARY KEY (`ledgerClassificationID`);

--
-- Indexes for table `gen_module_category_tbl`
--
ALTER TABLE `gen_module_category_tbl`
  ADD PRIMARY KEY (`moduleCategoryID`);

--
-- Indexes for table `gen_module_header_tbl`
--
ALTER TABLE `gen_module_header_tbl`
  ADD PRIMARY KEY (`moduleHeaderID`);

--
-- Indexes for table `gen_module_list_tbl`
--
ALTER TABLE `gen_module_list_tbl`
  ADD PRIMARY KEY (`moduleID`);

--
-- Indexes for table `gen_operations_tbl`
--
ALTER TABLE `gen_operations_tbl`
  ADD PRIMARY KEY (`userAccountID`);

--
-- Indexes for table `gen_roles_permission_tbl`
--
ALTER TABLE `gen_roles_permission_tbl`
  ADD PRIMARY KEY (`permissionID`);

--
-- Indexes for table `gen_system_notification_tbl`
--
ALTER TABLE `gen_system_notification_tbl`
  ADD PRIMARY KEY (`notificationID`);

--
-- Indexes for table `gen_system_setting_tbl`
--
ALTER TABLE `gen_system_setting_tbl`
  ADD PRIMARY KEY (`systemSettingID`);

--
-- Indexes for table `gen_user_account_tbl`
--
ALTER TABLE `gen_user_account_tbl`
  ADD PRIMARY KEY (`userAccountID`);

--
-- Indexes for table `gen_user_role_tbl`
--
ALTER TABLE `gen_user_role_tbl`
  ADD PRIMARY KEY (`roleID`);

--
-- Indexes for table `hris_13month_details_tbl`
--
ALTER TABLE `hris_13month_details_tbl`
  ADD PRIMARY KEY (`monthDetailsID`);

--
-- Indexes for table `hris_13month_gross_pay_list_tbl`
--
ALTER TABLE `hris_13month_gross_pay_list_tbl`
  ADD PRIMARY KEY (`grossPayID`);

--
-- Indexes for table `hris_13month_tbl`
--
ALTER TABLE `hris_13month_tbl`
  ADD PRIMARY KEY (`monthID`);

--
-- Indexes for table `hris_applicant_interviewer_tbl`
--
ALTER TABLE `hris_applicant_interviewer_tbl`
  ADD PRIMARY KEY (`applicantInterviewerID`);

--
-- Indexes for table `hris_attendance_break_tbl`
--
ALTER TABLE `hris_attendance_break_tbl`
  ADD PRIMARY KEY (`breakID`);

--
-- Indexes for table `hris_award_tbl`
--
ALTER TABLE `hris_award_tbl`
  ADD PRIMARY KEY (`awardID`);

--
-- Indexes for table `hris_back_pay_details_tbl`
--
ALTER TABLE `hris_back_pay_details_tbl`
  ADD PRIMARY KEY (`backPayDetailsID`);

--
-- Indexes for table `hris_back_pay_tbl`
--
ALTER TABLE `hris_back_pay_tbl`
  ADD PRIMARY KEY (`backPayID`);

--
-- Indexes for table `hris_branch_tbl`
--
ALTER TABLE `hris_branch_tbl`
  ADD PRIMARY KEY (`branchID`);

--
-- Indexes for table `hris_change_schedule_tbl`
--
ALTER TABLE `hris_change_schedule_tbl`
  ADD PRIMARY KEY (`changeScheduleID`);

--
-- Indexes for table `hris_checklist_tbl`
--
ALTER TABLE `hris_checklist_tbl`
  ADD PRIMARY KEY (`checklistID`);

--
-- Indexes for table `hris_code_conduct_category_tbl`
--
ALTER TABLE `hris_code_conduct_category_tbl`
  ADD PRIMARY KEY (`codeConductCategoryID`);

--
-- Indexes for table `hris_code_conduct_section_tbl`
--
ALTER TABLE `hris_code_conduct_section_tbl`
  ADD PRIMARY KEY (`codeConductSectionID`);

--
-- Indexes for table `hris_department_tbl`
--
ALTER TABLE `hris_department_tbl`
  ADD PRIMARY KEY (`departmentID`);

--
-- Indexes for table `hris_designation_tbl`
--
ALTER TABLE `hris_designation_tbl`
  ADD PRIMARY KEY (`designationID`);

--
-- Indexes for table `hris_employee_attendance_tbl`
--
ALTER TABLE `hris_employee_attendance_tbl`
  ADD PRIMARY KEY (`attendanceID`);

--
-- Indexes for table `hris_employee_documents_tbl`
--
ALTER TABLE `hris_employee_documents_tbl`
  ADD PRIMARY KEY (`documentID`);

--
-- Indexes for table `hris_employee_leave_tbl`
--
ALTER TABLE `hris_employee_leave_tbl`
  ADD PRIMARY KEY (`employeeLeaveID`);

--
-- Indexes for table `hris_employee_list_tbl`
--
ALTER TABLE `hris_employee_list_tbl`
  ADD PRIMARY KEY (`employeeID`);

--
-- Indexes for table `hris_employee_permission_tbl`
--
ALTER TABLE `hris_employee_permission_tbl`
  ADD PRIMARY KEY (`employeePermissionID`);

--
-- Indexes for table `hris_event_calendar_tbl`
--
ALTER TABLE `hris_event_calendar_tbl`
  ADD PRIMARY KEY (`eventCalendarID`);

--
-- Indexes for table `hris_examination_choices_tbl`
--
ALTER TABLE `hris_examination_choices_tbl`
  ADD PRIMARY KEY (`examinationChoicesID`);

--
-- Indexes for table `hris_examination_qa_tbl`
--
ALTER TABLE `hris_examination_qa_tbl`
  ADD PRIMARY KEY (`examinationQaID`);

--
-- Indexes for table `hris_examination_setup_tbl`
--
ALTER TABLE `hris_examination_setup_tbl`
  ADD PRIMARY KEY (`examSetupID`);

--
-- Indexes for table `hris_examination_tbl`
--
ALTER TABLE `hris_examination_tbl`
  ADD PRIMARY KEY (`examinationID`);

--
-- Indexes for table `hris_holiday_tbl`
--
ALTER TABLE `hris_holiday_tbl`
  ADD PRIMARY KEY (`holidayID`);

--
-- Indexes for table `hris_job_posting_tbl`
--
ALTER TABLE `hris_job_posting_tbl`
  ADD PRIMARY KEY (`jobID`);

--
-- Indexes for table `hris_leave_request_tbl`
--
ALTER TABLE `hris_leave_request_tbl`
  ADD PRIMARY KEY (`leaveRequestID`);

--
-- Indexes for table `hris_leave_tbl`
--
ALTER TABLE `hris_leave_tbl`
  ADD PRIMARY KEY (`leaveID`);

--
-- Indexes for table `hris_loan_ammortization_tbl`
--
ALTER TABLE `hris_loan_ammortization_tbl`
  ADD PRIMARY KEY (`ammortizationID`);

--
-- Indexes for table `hris_loan_form_tbl`
--
ALTER TABLE `hris_loan_form_tbl`
  ADD PRIMARY KEY (`loanFormID`);

--
-- Indexes for table `hris_loan_tbl`
--
ALTER TABLE `hris_loan_tbl`
  ADD PRIMARY KEY (`loanID`);

--
-- Indexes for table `hris_no_timein_timeout_tbl`
--
ALTER TABLE `hris_no_timein_timeout_tbl`
  ADD PRIMARY KEY (`noTimeinTimeoutID`);

--
-- Indexes for table `hris_official_business_tbl`
--
ALTER TABLE `hris_official_business_tbl`
  ADD PRIMARY KEY (`officialBusinessID`);

--
-- Indexes for table `hris_onboarding_progress_tbl`
--
ALTER TABLE `hris_onboarding_progress_tbl`
  ADD PRIMARY KEY (`onboardingProgressID`);

--
-- Indexes for table `hris_onboarding_tbl`
--
ALTER TABLE `hris_onboarding_tbl`
  ADD PRIMARY KEY (`onboardingID`);

--
-- Indexes for table `hris_orientation_setup_tbl`
--
ALTER TABLE `hris_orientation_setup_tbl`
  ADD PRIMARY KEY (`orientationID`);

--
-- Indexes for table `hris_overtime_request_tbl`
--
ALTER TABLE `hris_overtime_request_tbl`
  ADD PRIMARY KEY (`overtimeRequestID`);

--
-- Indexes for table `hris_payroll_adjustment_items_tbl`
--
ALTER TABLE `hris_payroll_adjustment_items_tbl`
  ADD PRIMARY KEY (`payrollAdjustmentItemID`);

--
-- Indexes for table `hris_payroll_adjustment_pending_tbl`
--
ALTER TABLE `hris_payroll_adjustment_pending_tbl`
  ADD PRIMARY KEY (`payrollAdjustmentPendingID`);

--
-- Indexes for table `hris_payroll_adjustment_tbl`
--
ALTER TABLE `hris_payroll_adjustment_tbl`
  ADD PRIMARY KEY (`payrollAdjustmentID`);

--
-- Indexes for table `hris_payroll_items_tbl`
--
ALTER TABLE `hris_payroll_items_tbl`
  ADD PRIMARY KEY (`payrollItemID`);

--
-- Indexes for table `hris_payroll_production_tbl`
--
ALTER TABLE `hris_payroll_production_tbl`
  ADD PRIMARY KEY (`payrollProductionID`);

--
-- Indexes for table `hris_payroll_register_items_tbl`
--
ALTER TABLE `hris_payroll_register_items_tbl`
  ADD PRIMARY KEY (`payrollRegisterItemID`);

--
-- Indexes for table `hris_payroll_register_tbl`
--
ALTER TABLE `hris_payroll_register_tbl`
  ADD PRIMARY KEY (`payrollRegisterID`);

--
-- Indexes for table `hris_payroll_tbl`
--
ALTER TABLE `hris_payroll_tbl`
  ADD PRIMARY KEY (`payrollID`);

--
-- Indexes for table `hris_payslip_tbl`
--
ALTER TABLE `hris_payslip_tbl`
  ADD PRIMARY KEY (`payslipID`);

--
-- Indexes for table `hris_personnel_request_tbl`
--
ALTER TABLE `hris_personnel_request_tbl`
  ADD PRIMARY KEY (`personnelRequestID`);

--
-- Indexes for table `hris_philhealth_table_tbl`
--
ALTER TABLE `hris_philhealth_table_tbl`
  ADD PRIMARY KEY (`phID`);

--
-- Indexes for table `hris_production_activity_tbl`
--
ALTER TABLE `hris_production_activity_tbl`
  ADD PRIMARY KEY (`productionActivityID`);

--
-- Indexes for table `hris_production_entries_tbl`
--
ALTER TABLE `hris_production_entries_tbl`
  ADD PRIMARY KEY (`productionEntriesID`);

--
-- Indexes for table `hris_production_tbl`
--
ALTER TABLE `hris_production_tbl`
  ADD PRIMARY KEY (`productionID`);

--
-- Indexes for table `hris_qualification_tbl`
--
ALTER TABLE `hris_qualification_tbl`
  ADD PRIMARY KEY (`qualificationID`);

--
-- Indexes for table `hris_requirement_tbl`
--
ALTER TABLE `hris_requirement_tbl`
  ADD PRIMARY KEY (`requirementID`);

--
-- Indexes for table `hris_salary_release_log_tbl`
--
ALTER TABLE `hris_salary_release_log_tbl`
  ADD PRIMARY KEY (`salaryReleaseLogID`);

--
-- Indexes for table `hris_salary_release_tbl`
--
ALTER TABLE `hris_salary_release_tbl`
  ADD PRIMARY KEY (`salaryReleaseID`);

--
-- Indexes for table `hris_schedule_setup_tbl`
--
ALTER TABLE `hris_schedule_setup_tbl`
  ADD PRIMARY KEY (`scheduleID`);

--
-- Indexes for table `hris_sss_table_tbl`
--
ALTER TABLE `hris_sss_table_tbl`
  ADD PRIMARY KEY (`sssID`);

--
-- Indexes for table `hris_tax_table_tbl`
--
ALTER TABLE `hris_tax_table_tbl`
  ADD PRIMARY KEY (`taxID`);

--
-- Indexes for table `hris_timekeeping_items_tbl`
--
ALTER TABLE `hris_timekeeping_items_tbl`
  ADD PRIMARY KEY (`timekeepingItemID`);

--
-- Indexes for table `hris_timekeeping_production_tbl`
--
ALTER TABLE `hris_timekeeping_production_tbl`
  ADD PRIMARY KEY (`timekeepingProductionID`);

--
-- Indexes for table `hris_timekeeping_tbl`
--
ALTER TABLE `hris_timekeeping_tbl`
  ADD PRIMARY KEY (`timekeepingID`);

--
-- Indexes for table `hris_training_development_module`
--
ALTER TABLE `hris_training_development_module`
  ADD PRIMARY KEY (`trainingDevelopmentModuleID`);

--
-- Indexes for table `hris_training_development_setup_tbl`
--
ALTER TABLE `hris_training_development_setup_tbl`
  ADD PRIMARY KEY (`trainingDevelopmentSetupID`);

--
-- Indexes for table `ims_bid_po_tbl`
--
ALTER TABLE `ims_bid_po_tbl`
  ADD PRIMARY KEY (`bidPoID`);

--
-- Indexes for table `ims_bid_recap_tbl`
--
ALTER TABLE `ims_bid_recap_tbl`
  ADD PRIMARY KEY (`bidRecapID`);

--
-- Indexes for table `ims_borrowing_details_tbl`
--
ALTER TABLE `ims_borrowing_details_tbl`
  ADD PRIMARY KEY (`borrowingDetailID`);

--
-- Indexes for table `ims_borrowing_tbl`
--
ALTER TABLE `ims_borrowing_tbl`
  ADD PRIMARY KEY (`borrowingID`);

--
-- Indexes for table `ims_change_request_tbl`
--
ALTER TABLE `ims_change_request_tbl`
  ADD PRIMARY KEY (`changeRequestID`);

--
-- Indexes for table `ims_equipment_borrowing_tbl`
--
ALTER TABLE `ims_equipment_borrowing_tbl`
  ADD PRIMARY KEY (`equipmentBorrowingID`);

--
-- Indexes for table `ims_final_quote_tbl`
--
ALTER TABLE `ims_final_quote_tbl`
  ADD PRIMARY KEY (`finalQuoteID`);

--
-- Indexes for table `ims_inventory_asset_tbl`
--
ALTER TABLE `ims_inventory_asset_tbl`
  ADD PRIMARY KEY (`assetID`);

--
-- Indexes for table `ims_inventory_category_tbl`
--
ALTER TABLE `ims_inventory_category_tbl`
  ADD PRIMARY KEY (`categoryID`);

--
-- Indexes for table `ims_inventory_classification_tbl`
--
ALTER TABLE `ims_inventory_classification_tbl`
  ADD PRIMARY KEY (`classificationID`);

--
-- Indexes for table `ims_inventory_condition_tbl`
--
ALTER TABLE `ims_inventory_condition_tbl`
  ADD PRIMARY KEY (`conditionID`);

--
-- Indexes for table `ims_inventory_disposal_details_tbl`
--
ALTER TABLE `ims_inventory_disposal_details_tbl`
  ADD PRIMARY KEY (`disposalDetailID`);

--
-- Indexes for table `ims_inventory_disposal_tbl`
--
ALTER TABLE `ims_inventory_disposal_tbl`
  ADD PRIMARY KEY (`disposalID`);

--
-- Indexes for table `ims_inventory_incident_details_tbl`
--
ALTER TABLE `ims_inventory_incident_details_tbl`
  ADD PRIMARY KEY (`incidentDetailsID`);

--
-- Indexes for table `ims_inventory_incident_tbl`
--
ALTER TABLE `ims_inventory_incident_tbl`
  ADD PRIMARY KEY (`incidentID`);

--
-- Indexes for table `ims_inventory_item_tbl`
--
ALTER TABLE `ims_inventory_item_tbl`
  ADD PRIMARY KEY (`itemID`);

--
-- Indexes for table `ims_inventory_price_list_tbl`
--
ALTER TABLE `ims_inventory_price_list_tbl`
  ADD PRIMARY KEY (`priceListID`);

--
-- Indexes for table `ims_inventory_receiving_details_tbl`
--
ALTER TABLE `ims_inventory_receiving_details_tbl`
  ADD PRIMARY KEY (`inventoryReceivingDetailsID`);

--
-- Indexes for table `ims_inventory_receiving_tbl`
--
ALTER TABLE `ims_inventory_receiving_tbl`
  ADD PRIMARY KEY (`inventoryReceivingID`);

--
-- Indexes for table `ims_inventory_request_details_tbl`
--
ALTER TABLE `ims_inventory_request_details_tbl`
  ADD PRIMARY KEY (`inventoryRequestID`);

--
-- Indexes for table `ims_inventory_request_serial_tbl`
--
ALTER TABLE `ims_inventory_request_serial_tbl`
  ADD PRIMARY KEY (`inventoryRequestSerialID`);

--
-- Indexes for table `ims_inventory_storage_tbl`
--
ALTER TABLE `ims_inventory_storage_tbl`
  ADD PRIMARY KEY (`inventoryStorageID`);

--
-- Indexes for table `ims_inventory_validation_tbl`
--
ALTER TABLE `ims_inventory_validation_tbl`
  ADD PRIMARY KEY (`inventoryValidationID`);

--
-- Indexes for table `ims_inventory_vehicle_tbl`
--
ALTER TABLE `ims_inventory_vehicle_tbl`
  ADD PRIMARY KEY (`vehicleID`);

--
-- Indexes for table `ims_inventory_vendor_tbl`
--
ALTER TABLE `ims_inventory_vendor_tbl`
  ADD PRIMARY KEY (`inventoryVendorID`);

--
-- Indexes for table `ims_material_request_tbl`
--
ALTER TABLE `ims_material_request_tbl`
  ADD PRIMARY KEY (`materialRequestID`);

--
-- Indexes for table `ims_material_usage_tbl`
--
ALTER TABLE `ims_material_usage_tbl`
  ADD PRIMARY KEY (`materialUsageID`);

--
-- Indexes for table `ims_material_withdrawal_asset_tbl`
--
ALTER TABLE `ims_material_withdrawal_asset_tbl`
  ADD PRIMARY KEY (`withdrawalAssetID`);

--
-- Indexes for table `ims_material_withdrawal_details_tbl`
--
ALTER TABLE `ims_material_withdrawal_details_tbl`
  ADD PRIMARY KEY (`materialWithdrawalDetailsID`);

--
-- Indexes for table `ims_material_withdrawal_item_tbl`
--
ALTER TABLE `ims_material_withdrawal_item_tbl`
  ADD PRIMARY KEY (`withdrawalItemID`);

--
-- Indexes for table `ims_material_withdrawal_tbl`
--
ALTER TABLE `ims_material_withdrawal_tbl`
  ADD PRIMARY KEY (`materialWithdrawalID`);

--
-- Indexes for table `ims_purchase_order_tbl`
--
ALTER TABLE `ims_purchase_order_tbl`
  ADD PRIMARY KEY (`purchaseOrderID`);

--
-- Indexes for table `ims_purchase_request_tbl`
--
ALTER TABLE `ims_purchase_request_tbl`
  ADD PRIMARY KEY (`purchaseRequestID`);

--
-- Indexes for table `ims_receiving_serial_number_tbl`
--
ALTER TABLE `ims_receiving_serial_number_tbl`
  ADD PRIMARY KEY (`serialNumberID`);

--
-- Indexes for table `ims_request_assets_tbl`
--
ALTER TABLE `ims_request_assets_tbl`
  ADD PRIMARY KEY (`requestAssetID`);

--
-- Indexes for table `ims_request_items_tbl`
--
ALTER TABLE `ims_request_items_tbl`
  ADD PRIMARY KEY (`requestItemID`);

--
-- Indexes for table `ims_request_services_tbl`
--
ALTER TABLE `ims_request_services_tbl`
  ADD PRIMARY KEY (`requestServiceID`);

--
-- Indexes for table `ims_return_item_tbl`
--
ALTER TABLE `ims_return_item_tbl`
  ADD PRIMARY KEY (`returnItemID`);

--
-- Indexes for table `ims_services_tbl`
--
ALTER TABLE `ims_services_tbl`
  ADD PRIMARY KEY (`serviceID`);

--
-- Indexes for table `ims_service_completion_tbl`
--
ALTER TABLE `ims_service_completion_tbl`
  ADD PRIMARY KEY (`serviceCompletionID`);

--
-- Indexes for table `ims_service_order_tbl`
--
ALTER TABLE `ims_service_order_tbl`
  ADD PRIMARY KEY (`serviceOrderID`);

--
-- Indexes for table `ims_service_requisition_tbl`
--
ALTER TABLE `ims_service_requisition_tbl`
  ADD PRIMARY KEY (`serviceRequisitionID`);

--
-- Indexes for table `ims_service_scope_tbl`
--
ALTER TABLE `ims_service_scope_tbl`
  ADD PRIMARY KEY (`scopeID`);

--
-- Indexes for table `ims_stock_in_assets_tbl`
--
ALTER TABLE `ims_stock_in_assets_tbl`
  ADD PRIMARY KEY (`stockInAssetID`);

--
-- Indexes for table `ims_stock_in_item_tbl`
--
ALTER TABLE `ims_stock_in_item_tbl`
  ADD PRIMARY KEY (`stockInItemID`);

--
-- Indexes for table `ims_stock_in_tbl`
--
ALTER TABLE `ims_stock_in_tbl`
  ADD PRIMARY KEY (`stockinID`);

--
-- Indexes for table `ims_stock_in_total_tbl`
--
ALTER TABLE `ims_stock_in_total_tbl`
  ADD PRIMARY KEY (`stockInTotalID`);

--
-- Indexes for table `ims_stock_out_tbl`
--
ALTER TABLE `ims_stock_out_tbl`
  ADD PRIMARY KEY (`stockOutID`);

--
-- Indexes for table `ims_transfer_request_details_tbl`
--
ALTER TABLE `ims_transfer_request_details_tbl`
  ADD PRIMARY KEY (`transferRequestItemID`);

--
-- Indexes for table `ims_transfer_request_tbl`
--
ALTER TABLE `ims_transfer_request_tbl`
  ADD PRIMARY KEY (`transferRequestID`);

--
-- Indexes for table `ims_travel_request_tbl`
--
ALTER TABLE `ims_travel_request_tbl`
  ADD PRIMARY KEY (`travelRequestID`);

--
-- Indexes for table `ims_uom_tbl`
--
ALTER TABLE `ims_uom_tbl`
  ADD PRIMARY KEY (`uomID`);

--
-- Indexes for table `ims_withdrawal_equipment_borrowing_serial_number_tbl`
--
ALTER TABLE `ims_withdrawal_equipment_borrowing_serial_number_tbl`
  ADD PRIMARY KEY (`serialAssetID`);

--
-- Indexes for table `ims_withdrawal_stockout_serial_number_tbl`
--
ALTER TABLE `ims_withdrawal_stockout_serial_number_tbl`
  ADD PRIMARY KEY (`serialItemID`);

--
-- Indexes for table `pms_bill_material_tbl`
--
ALTER TABLE `pms_bill_material_tbl`
  ADD PRIMARY KEY (`billMaterialID`);

--
-- Indexes for table `pms_category_tbl`
--
ALTER TABLE `pms_category_tbl`
  ADD PRIMARY KEY (`categoryID`);

--
-- Indexes for table `pms_client_tbl`
--
ALTER TABLE `pms_client_tbl`
  ADD PRIMARY KEY (`clientID`);

--
-- Indexes for table `pms_cost_estimate_tbl`
--
ALTER TABLE `pms_cost_estimate_tbl`
  ADD PRIMARY KEY (`costEstimateID`);

--
-- Indexes for table `pms_employeetaskboard_log_tbl`
--
ALTER TABLE `pms_employeetaskboard_log_tbl`
  ADD PRIMARY KEY (`logID`);

--
-- Indexes for table `pms_employeetaskoard_details_tbl`
--
ALTER TABLE `pms_employeetaskoard_details_tbl`
  ADD PRIMARY KEY (`subtaskboardID`);

--
-- Indexes for table `pms_employeetaskoard_tbl`
--
ALTER TABLE `pms_employeetaskoard_tbl`
  ADD PRIMARY KEY (`taskboardID`);

--
-- Indexes for table `pms_employee_taskboard_status_tbl`
--
ALTER TABLE `pms_employee_taskboard_status_tbl`
  ADD PRIMARY KEY (`taskboardEmpID`);

--
-- Indexes for table `pms_image_taskboard_tbl`
--
ALTER TABLE `pms_image_taskboard_tbl`
  ADD PRIMARY KEY (`imageID`);

--
-- Indexes for table `pms_management_board_tbl`
--
ALTER TABLE `pms_management_board_tbl`
  ADD PRIMARY KEY (`managementBoardID`);

--
-- Indexes for table `pms_milestone_builder_tbl`
--
ALTER TABLE `pms_milestone_builder_tbl`
  ADD PRIMARY KEY (`milestoneBuilderID`);

--
-- Indexes for table `pms_milestone_list_tbl`
--
ALTER TABLE `pms_milestone_list_tbl`
  ADD PRIMARY KEY (`milestoneListID`);

--
-- Indexes for table `pms_personnel_requisition_tbl`
--
ALTER TABLE `pms_personnel_requisition_tbl`
  ADD PRIMARY KEY (`requisitionID`);

--
-- Indexes for table `pms_project_list_tbl`
--
ALTER TABLE `pms_project_list_tbl`
  ADD PRIMARY KEY (`projectListID`);

--
-- Indexes for table `pms_project_milestone_tbl`
--
ALTER TABLE `pms_project_milestone_tbl`
  ADD PRIMARY KEY (`projectMilestoneID`);

--
-- Indexes for table `pms_sign_off_details_tbl`
--
ALTER TABLE `pms_sign_off_details_tbl`
  ADD PRIMARY KEY (`signOffDetailID`);

--
-- Indexes for table `pms_sign_off_tbl`
--
ALTER TABLE `pms_sign_off_tbl`
  ADD PRIMARY KEY (`signOffID`);

--
-- Indexes for table `pms_timeline_builder_tbl`
--
ALTER TABLE `pms_timeline_builder_tbl`
  ADD PRIMARY KEY (`timelineBuilderID`);

--
-- Indexes for table `pms_timeline_management_tbl`
--
ALTER TABLE `pms_timeline_management_tbl`
  ADD PRIMARY KEY (`timelineManagementID`);

--
-- Indexes for table `pms_timeline_task_list_tbl`
--
ALTER TABLE `pms_timeline_task_list_tbl`
  ADD PRIMARY KEY (`taskID`);

--
-- Indexes for table `web_applicant_dependent_tbl`
--
ALTER TABLE `web_applicant_dependent_tbl`
  ADD PRIMARY KEY (`applicantDependentID`);

--
-- Indexes for table `web_applicant_employment_history_tbl`
--
ALTER TABLE `web_applicant_employment_history_tbl`
  ADD PRIMARY KEY (`applicantEmploymentHistoryID`);

--
-- Indexes for table `web_applicant_job_tbl`
--
ALTER TABLE `web_applicant_job_tbl`
  ADD PRIMARY KEY (`appJobID`);

--
-- Indexes for table `web_applicant_list_tbl`
--
ALTER TABLE `web_applicant_list_tbl`
  ADD PRIMARY KEY (`applicantID`);

--
-- Indexes for table `web_applicant_organization_join_tbl`
--
ALTER TABLE `web_applicant_organization_join_tbl`
  ADD PRIMARY KEY (`applicantOrganizationJoinID`);

--
-- Indexes for table `web_application_character_reference_tbl`
--
ALTER TABLE `web_application_character_reference_tbl`
  ADD PRIMARY KEY (`charactedReferenceID`);

--
-- Indexes for table `web_application_educational_attainment_tbl`
--
ALTER TABLE `web_application_educational_attainment_tbl`
  ADD PRIMARY KEY (`applicantEducationalAttainmentID`);

--
-- Indexes for table `web_application_exam_taken_tbl`
--
ALTER TABLE `web_application_exam_taken_tbl`
  ADD PRIMARY KEY (`examTakenID`);

--
-- Indexes for table `web_application_seminar_taken_tbl`
--
ALTER TABLE `web_application_seminar_taken_tbl`
  ADD PRIMARY KEY (`seminarTakenID`);

--
-- Indexes for table `web_examination_form_details_tbl`
--
ALTER TABLE `web_examination_form_details_tbl`
  ADD PRIMARY KEY (`examFormDetailID`);

--
-- Indexes for table `web_examination_form_tbl`
--
ALTER TABLE `web_examination_form_tbl`
  ADD PRIMARY KEY (`examFormID`);

--
-- AUTO_INCREMENT for dumped tables
--

--
-- AUTO_INCREMENT for table `fms_bank_tbl`
--
ALTER TABLE `fms_bank_tbl`
  MODIFY `bankID` bigint(20) NOT NULL AUTO_INCREMENT, AUTO_INCREMENT=8;

--
-- AUTO_INCREMENT for table `fms_billing_items_tbl`
--
ALTER TABLE `fms_billing_items_tbl`
  MODIFY `billingItemID` bigint(21) NOT NULL AUTO_INCREMENT, AUTO_INCREMENT=2;

--
-- AUTO_INCREMENT for table `fms_billing_tbl`
--
ALTER TABLE `fms_billing_tbl`
  MODIFY `billingID` bigint(21) NOT NULL AUTO_INCREMENT, AUTO_INCREMENT=2;

--
-- AUTO_INCREMENT for table `fms_chart_of_accounts_tbl`
--
ALTER TABLE `fms_chart_of_accounts_tbl`
  MODIFY `chartOfAccountID` bigint(20) NOT NULL AUTO_INCREMENT, AUTO_INCREMENT=91;

--
-- AUTO_INCREMENT for table `fms_check_voucher_details_tbl`
--
ALTER TABLE `fms_check_voucher_details_tbl`
  MODIFY `voucherDetailsID` bigint(20) NOT NULL AUTO_INCREMENT;

--
-- AUTO_INCREMENT for table `fms_check_voucher_tbl`
--
ALTER TABLE `fms_check_voucher_tbl`
  MODIFY `voucherID` bigint(20) NOT NULL AUTO_INCREMENT;

--
-- AUTO_INCREMENT for table `fms_client_fund_replenishment_tbl`
--
ALTER TABLE `fms_client_fund_replenishment_tbl`
  MODIFY `clientRepID` bigint(20) NOT NULL AUTO_INCREMENT;

--
-- AUTO_INCREMENT for table `fms_client_fund_request_tbl`
--
ALTER TABLE `fms_client_fund_request_tbl`
  MODIFY `clientFundRequestID` bigint(20) NOT NULL AUTO_INCREMENT, AUTO_INCREMENT=2;

--
-- AUTO_INCREMENT for table `fms_collection_items_tbl`
--
ALTER TABLE `fms_collection_items_tbl`
  MODIFY `collectionItemID` bigint(21) NOT NULL AUTO_INCREMENT;

--
-- AUTO_INCREMENT for table `fms_collection_tbl`
--
ALTER TABLE `fms_collection_tbl`
  MODIFY `collectionID` bigint(21) NOT NULL AUTO_INCREMENT;

--
-- AUTO_INCREMENT for table `fms_finance_request_details_tbl`
--
ALTER TABLE `fms_finance_request_details_tbl`
  MODIFY `financeRequestID` bigint(20) NOT NULL AUTO_INCREMENT, AUTO_INCREMENT=6;

--
-- AUTO_INCREMENT for table `fms_liquidation_tbl`
--
ALTER TABLE `fms_liquidation_tbl`
  MODIFY `liquidationID` bigint(20) NOT NULL AUTO_INCREMENT, AUTO_INCREMENT=2;

--
-- AUTO_INCREMENT for table `fms_payment_request_tbl`
--
ALTER TABLE `fms_payment_request_tbl`
  MODIFY `paymentRequestID` bigint(20) NOT NULL AUTO_INCREMENT;

--
-- AUTO_INCREMENT for table `fms_petty_cash_replenishment_tbl`
--
ALTER TABLE `fms_petty_cash_replenishment_tbl`
  MODIFY `pettyRepID` bigint(20) NOT NULL AUTO_INCREMENT;

--
-- AUTO_INCREMENT for table `fms_petty_cash_request_details_tbl`
--
ALTER TABLE `fms_petty_cash_request_details_tbl`
  MODIFY `pettyCashRequestDetailsID` bigint(20) NOT NULL AUTO_INCREMENT;

--
-- AUTO_INCREMENT for table `fms_petty_cash_request_tbl`
--
ALTER TABLE `fms_petty_cash_request_tbl`
  MODIFY `pettyCashRequestID` bigint(20) NOT NULL AUTO_INCREMENT, AUTO_INCREMENT=4;

--
-- AUTO_INCREMENT for table `gen_approval_setup_tbl`
--
ALTER TABLE `gen_approval_setup_tbl`
  MODIFY `approvalID` bigint(20) NOT NULL AUTO_INCREMENT, AUTO_INCREMENT=589;

--
-- AUTO_INCREMENT for table `gen_audit_tbl`
--
ALTER TABLE `gen_audit_tbl`
  MODIFY `auditID` bigint(20) NOT NULL AUTO_INCREMENT, AUTO_INCREMENT=346;

--
-- AUTO_INCREMENT for table `gen_company_profile_tbl`
--
ALTER TABLE `gen_company_profile_tbl`
  MODIFY `companyProfileID` bigint(20) NOT NULL AUTO_INCREMENT, AUTO_INCREMENT=2;

--
-- AUTO_INCREMENT for table `gen_ledger_classification_tbl`
--
ALTER TABLE `gen_ledger_classification_tbl`
  MODIFY `ledgerClassificationID` bigint(20) NOT NULL AUTO_INCREMENT, AUTO_INCREMENT=17;

--
-- AUTO_INCREMENT for table `gen_module_category_tbl`
--
ALTER TABLE `gen_module_category_tbl`
  MODIFY `moduleCategoryID` bigint(20) NOT NULL AUTO_INCREMENT, AUTO_INCREMENT=14;

--
-- AUTO_INCREMENT for table `gen_module_header_tbl`
--
ALTER TABLE `gen_module_header_tbl`
  MODIFY `moduleHeaderID` bigint(20) NOT NULL AUTO_INCREMENT, AUTO_INCREMENT=7;

--
-- AUTO_INCREMENT for table `gen_module_list_tbl`
--
ALTER TABLE `gen_module_list_tbl`
  MODIFY `moduleID` bigint(20) NOT NULL AUTO_INCREMENT, AUTO_INCREMENT=147;

--
-- AUTO_INCREMENT for table `gen_operations_tbl`
--
ALTER TABLE `gen_operations_tbl`
  MODIFY `userAccountID` bigint(20) NOT NULL AUTO_INCREMENT, AUTO_INCREMENT=10;

--
-- AUTO_INCREMENT for table `gen_roles_permission_tbl`
--
ALTER TABLE `gen_roles_permission_tbl`
  MODIFY `permissionID` bigint(20) NOT NULL AUTO_INCREMENT, AUTO_INCREMENT=2094;

--
-- AUTO_INCREMENT for table `gen_system_notification_tbl`
--
ALTER TABLE `gen_system_notification_tbl`
  MODIFY `notificationID` bigint(20) NOT NULL AUTO_INCREMENT, AUTO_INCREMENT=1483;

--
-- AUTO_INCREMENT for table `gen_system_setting_tbl`
--
ALTER TABLE `gen_system_setting_tbl`
  MODIFY `systemSettingID` int(11) NOT NULL AUTO_INCREMENT, AUTO_INCREMENT=2;

--
-- AUTO_INCREMENT for table `gen_user_account_tbl`
--
ALTER TABLE `gen_user_account_tbl`
  MODIFY `userAccountID` bigint(20) NOT NULL AUTO_INCREMENT, AUTO_INCREMENT=11;

--
-- AUTO_INCREMENT for table `gen_user_role_tbl`
--
ALTER TABLE `gen_user_role_tbl`
  MODIFY `roleID` bigint(20) NOT NULL AUTO_INCREMENT, AUTO_INCREMENT=11;

--
-- AUTO_INCREMENT for table `hris_13month_details_tbl`
--
ALTER TABLE `hris_13month_details_tbl`
  MODIFY `monthDetailsID` bigint(20) NOT NULL AUTO_INCREMENT, AUTO_INCREMENT=29;

--
-- AUTO_INCREMENT for table `hris_13month_gross_pay_list_tbl`
--
ALTER TABLE `hris_13month_gross_pay_list_tbl`
  MODIFY `grossPayID` bigint(20) NOT NULL AUTO_INCREMENT, AUTO_INCREMENT=50;

--
-- AUTO_INCREMENT for table `hris_13month_tbl`
--
ALTER TABLE `hris_13month_tbl`
  MODIFY `monthID` bigint(20) NOT NULL AUTO_INCREMENT, AUTO_INCREMENT=5;

--
-- AUTO_INCREMENT for table `hris_applicant_interviewer_tbl`
--
ALTER TABLE `hris_applicant_interviewer_tbl`
  MODIFY `applicantInterviewerID` bigint(20) NOT NULL AUTO_INCREMENT, AUTO_INCREMENT=63;

--
-- AUTO_INCREMENT for table `hris_attendance_break_tbl`
--
ALTER TABLE `hris_attendance_break_tbl`
  MODIFY `breakID` bigint(21) NOT NULL AUTO_INCREMENT;

--
-- AUTO_INCREMENT for table `hris_award_tbl`
--
ALTER TABLE `hris_award_tbl`
  MODIFY `awardID` bigint(20) NOT NULL AUTO_INCREMENT, AUTO_INCREMENT=6;

--
-- AUTO_INCREMENT for table `hris_back_pay_details_tbl`
--
ALTER TABLE `hris_back_pay_details_tbl`
  MODIFY `backPayDetailsID` bigint(20) NOT NULL AUTO_INCREMENT;

--
-- AUTO_INCREMENT for table `hris_back_pay_tbl`
--
ALTER TABLE `hris_back_pay_tbl`
  MODIFY `backPayID` bigint(20) NOT NULL AUTO_INCREMENT, AUTO_INCREMENT=3;

--
-- AUTO_INCREMENT for table `hris_branch_tbl`
--
ALTER TABLE `hris_branch_tbl`
  MODIFY `branchID` bigint(20) NOT NULL AUTO_INCREMENT, AUTO_INCREMENT=3;

--
-- AUTO_INCREMENT for table `hris_change_schedule_tbl`
--
ALTER TABLE `hris_change_schedule_tbl`
  MODIFY `changeScheduleID` bigint(20) NOT NULL AUTO_INCREMENT, AUTO_INCREMENT=26;

--
-- AUTO_INCREMENT for table `hris_checklist_tbl`
--
ALTER TABLE `hris_checklist_tbl`
  MODIFY `checklistID` bigint(50) NOT NULL AUTO_INCREMENT, AUTO_INCREMENT=4;

--
-- AUTO_INCREMENT for table `hris_code_conduct_category_tbl`
--
ALTER TABLE `hris_code_conduct_category_tbl`
  MODIFY `codeConductCategoryID` bigint(20) NOT NULL AUTO_INCREMENT, AUTO_INCREMENT=3;

--
-- AUTO_INCREMENT for table `hris_code_conduct_section_tbl`
--
ALTER TABLE `hris_code_conduct_section_tbl`
  MODIFY `codeConductSectionID` bigint(20) NOT NULL AUTO_INCREMENT, AUTO_INCREMENT=3;

--
-- AUTO_INCREMENT for table `hris_department_tbl`
--
ALTER TABLE `hris_department_tbl`
  MODIFY `departmentID` bigint(20) NOT NULL AUTO_INCREMENT, AUTO_INCREMENT=10;

--
-- AUTO_INCREMENT for table `hris_designation_tbl`
--
ALTER TABLE `hris_designation_tbl`
  MODIFY `designationID` bigint(20) NOT NULL AUTO_INCREMENT, AUTO_INCREMENT=18;

--
-- AUTO_INCREMENT for table `hris_employee_attendance_tbl`
--
ALTER TABLE `hris_employee_attendance_tbl`
  MODIFY `attendanceID` bigint(21) NOT NULL AUTO_INCREMENT, AUTO_INCREMENT=434;

--
-- AUTO_INCREMENT for table `hris_employee_documents_tbl`
--
ALTER TABLE `hris_employee_documents_tbl`
  MODIFY `documentID` bigint(20) NOT NULL AUTO_INCREMENT, AUTO_INCREMENT=102;

--
-- AUTO_INCREMENT for table `hris_employee_leave_tbl`
--
ALTER TABLE `hris_employee_leave_tbl`
  MODIFY `employeeLeaveID` bigint(20) NOT NULL AUTO_INCREMENT, AUTO_INCREMENT=1235;

--
-- AUTO_INCREMENT for table `hris_employee_list_tbl`
--
ALTER TABLE `hris_employee_list_tbl`
  MODIFY `employeeID` bigint(20) NOT NULL AUTO_INCREMENT, AUTO_INCREMENT=29;

--
-- AUTO_INCREMENT for table `hris_employee_permission_tbl`
--
ALTER TABLE `hris_employee_permission_tbl`
  MODIFY `employeePermissionID` bigint(20) NOT NULL AUTO_INCREMENT, AUTO_INCREMENT=32894;

--
-- AUTO_INCREMENT for table `hris_event_calendar_tbl`
--
ALTER TABLE `hris_event_calendar_tbl`
  MODIFY `eventCalendarID` bigint(20) NOT NULL AUTO_INCREMENT, AUTO_INCREMENT=22;

--
-- AUTO_INCREMENT for table `hris_examination_choices_tbl`
--
ALTER TABLE `hris_examination_choices_tbl`
  MODIFY `examinationChoicesID` bigint(21) NOT NULL AUTO_INCREMENT, AUTO_INCREMENT=93;

--
-- AUTO_INCREMENT for table `hris_examination_qa_tbl`
--
ALTER TABLE `hris_examination_qa_tbl`
  MODIFY `examinationQaID` bigint(21) NOT NULL AUTO_INCREMENT, AUTO_INCREMENT=170;

--
-- AUTO_INCREMENT for table `hris_examination_setup_tbl`
--
ALTER TABLE `hris_examination_setup_tbl`
  MODIFY `examSetupID` bigint(20) NOT NULL AUTO_INCREMENT, AUTO_INCREMENT=56;

--
-- AUTO_INCREMENT for table `hris_examination_tbl`
--
ALTER TABLE `hris_examination_tbl`
  MODIFY `examinationID` bigint(21) NOT NULL AUTO_INCREMENT, AUTO_INCREMENT=8;

--
-- AUTO_INCREMENT for table `hris_holiday_tbl`
--
ALTER TABLE `hris_holiday_tbl`
  MODIFY `holidayID` bigint(20) NOT NULL AUTO_INCREMENT, AUTO_INCREMENT=17;

--
-- AUTO_INCREMENT for table `hris_job_posting_tbl`
--
ALTER TABLE `hris_job_posting_tbl`
  MODIFY `jobID` bigint(20) NOT NULL AUTO_INCREMENT, AUTO_INCREMENT=3;

--
-- AUTO_INCREMENT for table `hris_leave_request_tbl`
--
ALTER TABLE `hris_leave_request_tbl`
  MODIFY `leaveRequestID` bigint(20) NOT NULL AUTO_INCREMENT, AUTO_INCREMENT=10;

--
-- AUTO_INCREMENT for table `hris_leave_tbl`
--
ALTER TABLE `hris_leave_tbl`
  MODIFY `leaveID` bigint(20) NOT NULL AUTO_INCREMENT, AUTO_INCREMENT=6;

--
-- AUTO_INCREMENT for table `hris_loan_ammortization_tbl`
--
ALTER TABLE `hris_loan_ammortization_tbl`
  MODIFY `ammortizationID` bigint(20) NOT NULL AUTO_INCREMENT, AUTO_INCREMENT=27;

--
-- AUTO_INCREMENT for table `hris_loan_form_tbl`
--
ALTER TABLE `hris_loan_form_tbl`
  MODIFY `loanFormID` bigint(20) NOT NULL AUTO_INCREMENT, AUTO_INCREMENT=2;

--
-- AUTO_INCREMENT for table `hris_loan_tbl`
--
ALTER TABLE `hris_loan_tbl`
  MODIFY `loanID` bigint(20) NOT NULL AUTO_INCREMENT, AUTO_INCREMENT=6;

--
-- AUTO_INCREMENT for table `hris_no_timein_timeout_tbl`
--
ALTER TABLE `hris_no_timein_timeout_tbl`
  MODIFY `noTimeinTimeoutID` bigint(20) NOT NULL AUTO_INCREMENT, AUTO_INCREMENT=18;

--
-- AUTO_INCREMENT for table `hris_official_business_tbl`
--
ALTER TABLE `hris_official_business_tbl`
  MODIFY `officialBusinessID` bigint(20) NOT NULL AUTO_INCREMENT, AUTO_INCREMENT=12;

--
-- AUTO_INCREMENT for table `hris_onboarding_progress_tbl`
--
ALTER TABLE `hris_onboarding_progress_tbl`
  MODIFY `onboardingProgressID` int(100) NOT NULL AUTO_INCREMENT;

--
-- AUTO_INCREMENT for table `hris_onboarding_tbl`
--
ALTER TABLE `hris_onboarding_tbl`
  MODIFY `onboardingID` bigint(25) UNSIGNED NOT NULL AUTO_INCREMENT;

--
-- AUTO_INCREMENT for table `hris_orientation_setup_tbl`
--
ALTER TABLE `hris_orientation_setup_tbl`
  MODIFY `orientationID` bigint(11) NOT NULL AUTO_INCREMENT, AUTO_INCREMENT=11;

--
-- AUTO_INCREMENT for table `hris_overtime_request_tbl`
--
ALTER TABLE `hris_overtime_request_tbl`
  MODIFY `overtimeRequestID` bigint(20) NOT NULL AUTO_INCREMENT, AUTO_INCREMENT=5;

--
-- AUTO_INCREMENT for table `hris_payroll_adjustment_items_tbl`
--
ALTER TABLE `hris_payroll_adjustment_items_tbl`
  MODIFY `payrollAdjustmentItemID` bigint(20) NOT NULL AUTO_INCREMENT, AUTO_INCREMENT=8;

--
-- AUTO_INCREMENT for table `hris_payroll_adjustment_pending_tbl`
--
ALTER TABLE `hris_payroll_adjustment_pending_tbl`
  MODIFY `payrollAdjustmentPendingID` bigint(20) NOT NULL AUTO_INCREMENT;

--
-- AUTO_INCREMENT for table `hris_payroll_adjustment_tbl`
--
ALTER TABLE `hris_payroll_adjustment_tbl`
  MODIFY `payrollAdjustmentID` bigint(20) NOT NULL AUTO_INCREMENT, AUTO_INCREMENT=2;

--
-- AUTO_INCREMENT for table `hris_payroll_items_tbl`
--
ALTER TABLE `hris_payroll_items_tbl`
  MODIFY `payrollItemID` bigint(21) NOT NULL AUTO_INCREMENT, AUTO_INCREMENT=15;

--
-- AUTO_INCREMENT for table `hris_payroll_production_tbl`
--
ALTER TABLE `hris_payroll_production_tbl`
  MODIFY `payrollProductionID` bigint(20) NOT NULL AUTO_INCREMENT, AUTO_INCREMENT=211;

--
-- AUTO_INCREMENT for table `hris_payroll_register_items_tbl`
--
ALTER TABLE `hris_payroll_register_items_tbl`
  MODIFY `payrollRegisterItemID` bigint(20) NOT NULL AUTO_INCREMENT, AUTO_INCREMENT=15;

--
-- AUTO_INCREMENT for table `hris_payroll_register_tbl`
--
ALTER TABLE `hris_payroll_register_tbl`
  MODIFY `payrollRegisterID` bigint(20) NOT NULL AUTO_INCREMENT, AUTO_INCREMENT=3;

--
-- AUTO_INCREMENT for table `hris_payroll_tbl`
--
ALTER TABLE `hris_payroll_tbl`
  MODIFY `payrollID` bigint(21) NOT NULL AUTO_INCREMENT, AUTO_INCREMENT=3;

--
-- AUTO_INCREMENT for table `hris_payslip_tbl`
--
ALTER TABLE `hris_payslip_tbl`
  MODIFY `payslipID` bigint(20) NOT NULL AUTO_INCREMENT, AUTO_INCREMENT=15;

--
-- AUTO_INCREMENT for table `hris_personnel_request_tbl`
--
ALTER TABLE `hris_personnel_request_tbl`
  MODIFY `personnelRequestID` bigint(20) NOT NULL AUTO_INCREMENT;

--
-- AUTO_INCREMENT for table `hris_philhealth_table_tbl`
--
ALTER TABLE `hris_philhealth_table_tbl`
  MODIFY `phID` bigint(20) NOT NULL AUTO_INCREMENT, AUTO_INCREMENT=4;

--
-- AUTO_INCREMENT for table `hris_production_activity_tbl`
--
ALTER TABLE `hris_production_activity_tbl`
  MODIFY `productionActivityID` bigint(20) NOT NULL AUTO_INCREMENT, AUTO_INCREMENT=16;

--
-- AUTO_INCREMENT for table `hris_production_entries_tbl`
--
ALTER TABLE `hris_production_entries_tbl`
  MODIFY `productionEntriesID` bigint(20) NOT NULL AUTO_INCREMENT, AUTO_INCREMENT=23;

--
-- AUTO_INCREMENT for table `hris_production_tbl`
--
ALTER TABLE `hris_production_tbl`
  MODIFY `productionID` bigint(20) NOT NULL AUTO_INCREMENT, AUTO_INCREMENT=7;

--
-- AUTO_INCREMENT for table `hris_qualification_tbl`
--
ALTER TABLE `hris_qualification_tbl`
  MODIFY `qualificationID` bigint(20) NOT NULL AUTO_INCREMENT, AUTO_INCREMENT=2;

--
-- AUTO_INCREMENT for table `hris_requirement_tbl`
--
ALTER TABLE `hris_requirement_tbl`
  MODIFY `requirementID` bigint(20) NOT NULL AUTO_INCREMENT, AUTO_INCREMENT=23;

--
-- AUTO_INCREMENT for table `hris_salary_release_log_tbl`
--
ALTER TABLE `hris_salary_release_log_tbl`
  MODIFY `salaryReleaseLogID` bigint(20) NOT NULL AUTO_INCREMENT, AUTO_INCREMENT=23;

--
-- AUTO_INCREMENT for table `hris_salary_release_tbl`
--
ALTER TABLE `hris_salary_release_tbl`
  MODIFY `salaryReleaseID` bigint(20) NOT NULL AUTO_INCREMENT, AUTO_INCREMENT=7;

--
-- AUTO_INCREMENT for table `hris_schedule_setup_tbl`
--
ALTER TABLE `hris_schedule_setup_tbl`
  MODIFY `scheduleID` bigint(20) NOT NULL AUTO_INCREMENT, AUTO_INCREMENT=4;

--
-- AUTO_INCREMENT for table `hris_sss_table_tbl`
--
ALTER TABLE `hris_sss_table_tbl`
  MODIFY `sssID` bigint(20) NOT NULL AUTO_INCREMENT, AUTO_INCREMENT=46;

--
-- AUTO_INCREMENT for table `hris_tax_table_tbl`
--
ALTER TABLE `hris_tax_table_tbl`
  MODIFY `taxID` bigint(20) NOT NULL AUTO_INCREMENT, AUTO_INCREMENT=7;

--
-- AUTO_INCREMENT for table `hris_timekeeping_items_tbl`
--
ALTER TABLE `hris_timekeeping_items_tbl`
  MODIFY `timekeepingItemID` bigint(21) NOT NULL AUTO_INCREMENT;

--
-- AUTO_INCREMENT for table `hris_timekeeping_production_tbl`
--
ALTER TABLE `hris_timekeeping_production_tbl`
  MODIFY `timekeepingProductionID` bigint(21) NOT NULL AUTO_INCREMENT, AUTO_INCREMENT=211;

--
-- AUTO_INCREMENT for table `hris_timekeeping_tbl`
--
ALTER TABLE `hris_timekeeping_tbl`
  MODIFY `timekeepingID` bigint(21) NOT NULL AUTO_INCREMENT, AUTO_INCREMENT=3;

--
-- AUTO_INCREMENT for table `hris_training_development_module`
--
ALTER TABLE `hris_training_development_module`
  MODIFY `trainingDevelopmentModuleID` bigint(20) NOT NULL AUTO_INCREMENT, AUTO_INCREMENT=5;

--
-- AUTO_INCREMENT for table `hris_training_development_setup_tbl`
--
ALTER TABLE `hris_training_development_setup_tbl`
  MODIFY `trainingDevelopmentSetupID` bigint(20) NOT NULL AUTO_INCREMENT, AUTO_INCREMENT=4;

--
-- AUTO_INCREMENT for table `ims_bid_po_tbl`
--
ALTER TABLE `ims_bid_po_tbl`
  MODIFY `bidPoID` bigint(21) NOT NULL AUTO_INCREMENT;

--
-- AUTO_INCREMENT for table `ims_bid_recap_tbl`
--
ALTER TABLE `ims_bid_recap_tbl`
  MODIFY `bidRecapID` bigint(21) NOT NULL AUTO_INCREMENT;

--
-- AUTO_INCREMENT for table `ims_borrowing_details_tbl`
--
ALTER TABLE `ims_borrowing_details_tbl`
  MODIFY `borrowingDetailID` bigint(20) NOT NULL AUTO_INCREMENT;

--
-- AUTO_INCREMENT for table `ims_borrowing_tbl`
--
ALTER TABLE `ims_borrowing_tbl`
  MODIFY `borrowingID` bigint(20) NOT NULL AUTO_INCREMENT;

--
-- AUTO_INCREMENT for table `ims_change_request_tbl`
--
ALTER TABLE `ims_change_request_tbl`
  MODIFY `changeRequestID` bigint(21) NOT NULL AUTO_INCREMENT;

--
-- AUTO_INCREMENT for table `ims_equipment_borrowing_tbl`
--
ALTER TABLE `ims_equipment_borrowing_tbl`
  MODIFY `equipmentBorrowingID` bigint(20) NOT NULL AUTO_INCREMENT;

--
-- AUTO_INCREMENT for table `ims_final_quote_tbl`
--
ALTER TABLE `ims_final_quote_tbl`
  MODIFY `finalQuoteID` bigint(21) NOT NULL AUTO_INCREMENT;

--
-- AUTO_INCREMENT for table `ims_inventory_asset_tbl`
--
ALTER TABLE `ims_inventory_asset_tbl`
  MODIFY `assetID` bigint(20) NOT NULL AUTO_INCREMENT;

--
-- AUTO_INCREMENT for table `ims_inventory_category_tbl`
--
ALTER TABLE `ims_inventory_category_tbl`
  MODIFY `categoryID` bigint(20) NOT NULL AUTO_INCREMENT, AUTO_INCREMENT=70;

--
-- AUTO_INCREMENT for table `ims_inventory_classification_tbl`
--
ALTER TABLE `ims_inventory_classification_tbl`
  MODIFY `classificationID` bigint(20) NOT NULL AUTO_INCREMENT, AUTO_INCREMENT=19;

--
-- AUTO_INCREMENT for table `ims_inventory_condition_tbl`
--
ALTER TABLE `ims_inventory_condition_tbl`
  MODIFY `conditionID` bigint(20) NOT NULL AUTO_INCREMENT, AUTO_INCREMENT=8;

--
-- AUTO_INCREMENT for table `ims_inventory_disposal_details_tbl`
--
ALTER TABLE `ims_inventory_disposal_details_tbl`
  MODIFY `disposalDetailID` bigint(20) NOT NULL AUTO_INCREMENT;

--
-- AUTO_INCREMENT for table `ims_inventory_disposal_tbl`
--
ALTER TABLE `ims_inventory_disposal_tbl`
  MODIFY `disposalID` bigint(20) NOT NULL AUTO_INCREMENT;

--
-- AUTO_INCREMENT for table `ims_inventory_incident_details_tbl`
--
ALTER TABLE `ims_inventory_incident_details_tbl`
  MODIFY `incidentDetailsID` bigint(20) NOT NULL AUTO_INCREMENT;

--
-- AUTO_INCREMENT for table `ims_inventory_incident_tbl`
--
ALTER TABLE `ims_inventory_incident_tbl`
  MODIFY `incidentID` bigint(20) NOT NULL AUTO_INCREMENT;

--
-- AUTO_INCREMENT for table `ims_inventory_item_tbl`
--
ALTER TABLE `ims_inventory_item_tbl`
  MODIFY `itemID` bigint(20) NOT NULL AUTO_INCREMENT;

--
-- AUTO_INCREMENT for table `ims_inventory_price_list_tbl`
--
ALTER TABLE `ims_inventory_price_list_tbl`
  MODIFY `priceListID` bigint(20) NOT NULL AUTO_INCREMENT, AUTO_INCREMENT=96;

--
-- AUTO_INCREMENT for table `ims_inventory_receiving_details_tbl`
--
ALTER TABLE `ims_inventory_receiving_details_tbl`
  MODIFY `inventoryReceivingDetailsID` bigint(20) NOT NULL AUTO_INCREMENT;

--
-- AUTO_INCREMENT for table `ims_inventory_receiving_tbl`
--
ALTER TABLE `ims_inventory_receiving_tbl`
  MODIFY `inventoryReceivingID` bigint(20) NOT NULL AUTO_INCREMENT;

--
-- AUTO_INCREMENT for table `ims_inventory_request_details_tbl`
--
ALTER TABLE `ims_inventory_request_details_tbl`
  MODIFY `inventoryRequestID` bigint(255) NOT NULL AUTO_INCREMENT;

--
-- AUTO_INCREMENT for table `ims_inventory_request_serial_tbl`
--
ALTER TABLE `ims_inventory_request_serial_tbl`
  MODIFY `inventoryRequestSerialID` bigint(255) NOT NULL AUTO_INCREMENT;

--
-- AUTO_INCREMENT for table `ims_inventory_storage_tbl`
--
ALTER TABLE `ims_inventory_storage_tbl`
  MODIFY `inventoryStorageID` bigint(120) NOT NULL AUTO_INCREMENT, AUTO_INCREMENT=9;

--
-- AUTO_INCREMENT for table `ims_inventory_validation_tbl`
--
ALTER TABLE `ims_inventory_validation_tbl`
  MODIFY `inventoryValidationID` bigint(20) NOT NULL AUTO_INCREMENT;

--
-- AUTO_INCREMENT for table `ims_inventory_vehicle_tbl`
--
ALTER TABLE `ims_inventory_vehicle_tbl`
  MODIFY `vehicleID` bigint(20) NOT NULL AUTO_INCREMENT, AUTO_INCREMENT=3;

--
-- AUTO_INCREMENT for table `ims_inventory_vendor_tbl`
--
ALTER TABLE `ims_inventory_vendor_tbl`
  MODIFY `inventoryVendorID` bigint(20) NOT NULL AUTO_INCREMENT, AUTO_INCREMENT=7;

--
-- AUTO_INCREMENT for table `ims_material_request_tbl`
--
ALTER TABLE `ims_material_request_tbl`
  MODIFY `materialRequestID` bigint(20) NOT NULL AUTO_INCREMENT;

--
-- AUTO_INCREMENT for table `ims_material_usage_tbl`
--
ALTER TABLE `ims_material_usage_tbl`
  MODIFY `materialUsageID` bigint(20) NOT NULL AUTO_INCREMENT;

--
-- AUTO_INCREMENT for table `ims_material_withdrawal_asset_tbl`
--
ALTER TABLE `ims_material_withdrawal_asset_tbl`
  MODIFY `withdrawalAssetID` bigint(20) NOT NULL AUTO_INCREMENT;

--
-- AUTO_INCREMENT for table `ims_material_withdrawal_details_tbl`
--
ALTER TABLE `ims_material_withdrawal_details_tbl`
  MODIFY `materialWithdrawalDetailsID` bigint(20) NOT NULL AUTO_INCREMENT;

--
-- AUTO_INCREMENT for table `ims_material_withdrawal_item_tbl`
--
ALTER TABLE `ims_material_withdrawal_item_tbl`
  MODIFY `withdrawalItemID` bigint(20) NOT NULL AUTO_INCREMENT;

--
-- AUTO_INCREMENT for table `ims_material_withdrawal_tbl`
--
ALTER TABLE `ims_material_withdrawal_tbl`
  MODIFY `materialWithdrawalID` bigint(20) NOT NULL AUTO_INCREMENT;

--
-- AUTO_INCREMENT for table `ims_purchase_order_tbl`
--
ALTER TABLE `ims_purchase_order_tbl`
  MODIFY `purchaseOrderID` bigint(21) NOT NULL AUTO_INCREMENT;

--
-- AUTO_INCREMENT for table `ims_purchase_request_tbl`
--
ALTER TABLE `ims_purchase_request_tbl`
  MODIFY `purchaseRequestID` bigint(21) NOT NULL AUTO_INCREMENT;

--
-- AUTO_INCREMENT for table `ims_receiving_serial_number_tbl`
--
ALTER TABLE `ims_receiving_serial_number_tbl`
  MODIFY `serialNumberID` bigint(20) NOT NULL AUTO_INCREMENT;

--
-- AUTO_INCREMENT for table `ims_request_assets_tbl`
--
ALTER TABLE `ims_request_assets_tbl`
  MODIFY `requestAssetID` bigint(20) NOT NULL AUTO_INCREMENT;

--
-- AUTO_INCREMENT for table `ims_request_items_tbl`
--
ALTER TABLE `ims_request_items_tbl`
  MODIFY `requestItemID` bigint(20) NOT NULL AUTO_INCREMENT;

--
-- AUTO_INCREMENT for table `ims_request_services_tbl`
--
ALTER TABLE `ims_request_services_tbl`
  MODIFY `requestServiceID` bigint(20) NOT NULL AUTO_INCREMENT;

--
-- AUTO_INCREMENT for table `ims_return_item_tbl`
--
ALTER TABLE `ims_return_item_tbl`
  MODIFY `returnItemID` bigint(20) NOT NULL AUTO_INCREMENT;

--
-- AUTO_INCREMENT for table `ims_services_tbl`
--
ALTER TABLE `ims_services_tbl`
  MODIFY `serviceID` bigint(20) NOT NULL AUTO_INCREMENT, AUTO_INCREMENT=5;

--
-- AUTO_INCREMENT for table `ims_service_completion_tbl`
--
ALTER TABLE `ims_service_completion_tbl`
  MODIFY `serviceCompletionID` bigint(20) NOT NULL AUTO_INCREMENT, AUTO_INCREMENT=7;

--
-- AUTO_INCREMENT for table `ims_service_order_tbl`
--
ALTER TABLE `ims_service_order_tbl`
  MODIFY `serviceOrderID` bigint(20) NOT NULL AUTO_INCREMENT, AUTO_INCREMENT=8;

--
-- AUTO_INCREMENT for table `ims_service_requisition_tbl`
--
ALTER TABLE `ims_service_requisition_tbl`
  MODIFY `serviceRequisitionID` bigint(20) NOT NULL AUTO_INCREMENT, AUTO_INCREMENT=10;

--
-- AUTO_INCREMENT for table `ims_service_scope_tbl`
--
ALTER TABLE `ims_service_scope_tbl`
  MODIFY `scopeID` bigint(20) NOT NULL AUTO_INCREMENT, AUTO_INCREMENT=42;

--
-- AUTO_INCREMENT for table `ims_stock_in_assets_tbl`
--
ALTER TABLE `ims_stock_in_assets_tbl`
  MODIFY `stockInAssetID` bigint(255) NOT NULL AUTO_INCREMENT;

--
-- AUTO_INCREMENT for table `ims_stock_in_item_tbl`
--
ALTER TABLE `ims_stock_in_item_tbl`
  MODIFY `stockInItemID` bigint(255) NOT NULL AUTO_INCREMENT;

--
-- AUTO_INCREMENT for table `ims_stock_in_tbl`
--
ALTER TABLE `ims_stock_in_tbl`
  MODIFY `stockinID` bigint(255) NOT NULL AUTO_INCREMENT;

--
-- AUTO_INCREMENT for table `ims_stock_in_total_tbl`
--
ALTER TABLE `ims_stock_in_total_tbl`
  MODIFY `stockInTotalID` int(11) NOT NULL AUTO_INCREMENT;

--
-- AUTO_INCREMENT for table `ims_stock_out_tbl`
--
ALTER TABLE `ims_stock_out_tbl`
  MODIFY `stockOutID` bigint(20) NOT NULL AUTO_INCREMENT;

--
-- AUTO_INCREMENT for table `ims_transfer_request_details_tbl`
--
ALTER TABLE `ims_transfer_request_details_tbl`
  MODIFY `transferRequestItemID` bigint(20) NOT NULL AUTO_INCREMENT;

--
-- AUTO_INCREMENT for table `ims_transfer_request_tbl`
--
ALTER TABLE `ims_transfer_request_tbl`
  MODIFY `transferRequestID` bigint(20) NOT NULL AUTO_INCREMENT;

--
-- AUTO_INCREMENT for table `ims_travel_request_tbl`
--
ALTER TABLE `ims_travel_request_tbl`
  MODIFY `travelRequestID` bigint(20) NOT NULL AUTO_INCREMENT;

--
-- AUTO_INCREMENT for table `ims_uom_tbl`
--
ALTER TABLE `ims_uom_tbl`
  MODIFY `uomID` bigint(20) NOT NULL AUTO_INCREMENT, AUTO_INCREMENT=13;

--
-- AUTO_INCREMENT for table `ims_withdrawal_equipment_borrowing_serial_number_tbl`
--
ALTER TABLE `ims_withdrawal_equipment_borrowing_serial_number_tbl`
  MODIFY `serialAssetID` bigint(20) NOT NULL AUTO_INCREMENT;

--
-- AUTO_INCREMENT for table `ims_withdrawal_stockout_serial_number_tbl`
--
ALTER TABLE `ims_withdrawal_stockout_serial_number_tbl`
  MODIFY `serialItemID` bigint(20) NOT NULL AUTO_INCREMENT;

--
-- AUTO_INCREMENT for table `pms_bill_material_tbl`
--
ALTER TABLE `pms_bill_material_tbl`
  MODIFY `billMaterialID` bigint(20) NOT NULL AUTO_INCREMENT;

--
-- AUTO_INCREMENT for table `pms_category_tbl`
--
ALTER TABLE `pms_category_tbl`
  MODIFY `categoryID` bigint(20) NOT NULL AUTO_INCREMENT, AUTO_INCREMENT=7;

--
-- AUTO_INCREMENT for table `pms_client_tbl`
--
ALTER TABLE `pms_client_tbl`
  MODIFY `clientID` bigint(20) NOT NULL AUTO_INCREMENT, AUTO_INCREMENT=10;

--
-- AUTO_INCREMENT for table `pms_cost_estimate_tbl`
--
ALTER TABLE `pms_cost_estimate_tbl`
  MODIFY `costEstimateID` bigint(21) NOT NULL AUTO_INCREMENT;

--
-- AUTO_INCREMENT for table `pms_employeetaskboard_log_tbl`
--
ALTER TABLE `pms_employeetaskboard_log_tbl`
  MODIFY `logID` bigint(20) NOT NULL AUTO_INCREMENT, AUTO_INCREMENT=125;

--
-- AUTO_INCREMENT for table `pms_employeetaskoard_details_tbl`
--
ALTER TABLE `pms_employeetaskoard_details_tbl`
  MODIFY `subtaskboardID` bigint(20) NOT NULL AUTO_INCREMENT, AUTO_INCREMENT=15;

--
-- AUTO_INCREMENT for table `pms_employeetaskoard_tbl`
--
ALTER TABLE `pms_employeetaskoard_tbl`
  MODIFY `taskboardID` bigint(20) NOT NULL AUTO_INCREMENT, AUTO_INCREMENT=9;

--
-- AUTO_INCREMENT for table `pms_employee_taskboard_status_tbl`
--
ALTER TABLE `pms_employee_taskboard_status_tbl`
  MODIFY `taskboardEmpID` bigint(20) NOT NULL AUTO_INCREMENT, AUTO_INCREMENT=4;

--
-- AUTO_INCREMENT for table `pms_image_taskboard_tbl`
--
ALTER TABLE `pms_image_taskboard_tbl`
  MODIFY `imageID` bigint(20) NOT NULL AUTO_INCREMENT;

--
-- AUTO_INCREMENT for table `pms_management_board_tbl`
--
ALTER TABLE `pms_management_board_tbl`
  MODIFY `managementBoardID` bigint(21) NOT NULL AUTO_INCREMENT, AUTO_INCREMENT=22;

--
-- AUTO_INCREMENT for table `pms_milestone_builder_tbl`
--
ALTER TABLE `pms_milestone_builder_tbl`
  MODIFY `milestoneBuilderID` bigint(20) NOT NULL AUTO_INCREMENT, AUTO_INCREMENT=15;

--
-- AUTO_INCREMENT for table `pms_milestone_list_tbl`
--
ALTER TABLE `pms_milestone_list_tbl`
  MODIFY `milestoneListID` bigint(20) NOT NULL AUTO_INCREMENT, AUTO_INCREMENT=79;

--
-- AUTO_INCREMENT for table `pms_personnel_requisition_tbl`
--
ALTER TABLE `pms_personnel_requisition_tbl`
  MODIFY `requisitionID` bigint(20) NOT NULL AUTO_INCREMENT, AUTO_INCREMENT=4;

--
-- AUTO_INCREMENT for table `pms_project_list_tbl`
--
ALTER TABLE `pms_project_list_tbl`
  MODIFY `projectListID` bigint(20) NOT NULL AUTO_INCREMENT, AUTO_INCREMENT=16;

--
-- AUTO_INCREMENT for table `pms_project_milestone_tbl`
--
ALTER TABLE `pms_project_milestone_tbl`
  MODIFY `projectMilestoneID` bigint(20) NOT NULL AUTO_INCREMENT, AUTO_INCREMENT=89;

--
-- AUTO_INCREMENT for table `pms_sign_off_details_tbl`
--
ALTER TABLE `pms_sign_off_details_tbl`
  MODIFY `signOffDetailID` bigint(21) NOT NULL AUTO_INCREMENT;

--
-- AUTO_INCREMENT for table `pms_sign_off_tbl`
--
ALTER TABLE `pms_sign_off_tbl`
  MODIFY `signOffID` bigint(21) NOT NULL AUTO_INCREMENT;

--
-- AUTO_INCREMENT for table `pms_timeline_builder_tbl`
--
ALTER TABLE `pms_timeline_builder_tbl`
  MODIFY `timelineBuilderID` bigint(20) NOT NULL AUTO_INCREMENT;

--
-- AUTO_INCREMENT for table `pms_timeline_management_tbl`
--
ALTER TABLE `pms_timeline_management_tbl`
  MODIFY `timelineManagementID` bigint(21) NOT NULL AUTO_INCREMENT;

--
-- AUTO_INCREMENT for table `pms_timeline_task_list_tbl`
--
ALTER TABLE `pms_timeline_task_list_tbl`
  MODIFY `taskID` bigint(20) NOT NULL AUTO_INCREMENT;

--
-- AUTO_INCREMENT for table `web_applicant_dependent_tbl`
--
ALTER TABLE `web_applicant_dependent_tbl`
  MODIFY `applicantDependentID` bigint(20) NOT NULL AUTO_INCREMENT, AUTO_INCREMENT=5;

--
-- AUTO_INCREMENT for table `web_applicant_employment_history_tbl`
--
ALTER TABLE `web_applicant_employment_history_tbl`
  MODIFY `applicantEmploymentHistoryID` bigint(20) NOT NULL AUTO_INCREMENT, AUTO_INCREMENT=8;

--
-- AUTO_INCREMENT for table `web_applicant_job_tbl`
--
ALTER TABLE `web_applicant_job_tbl`
  MODIFY `appJobID` bigint(20) NOT NULL AUTO_INCREMENT, AUTO_INCREMENT=3;

--
-- AUTO_INCREMENT for table `web_applicant_list_tbl`
--
ALTER TABLE `web_applicant_list_tbl`
  MODIFY `applicantID` bigint(20) NOT NULL AUTO_INCREMENT, AUTO_INCREMENT=3;

--
-- AUTO_INCREMENT for table `web_applicant_organization_join_tbl`
--
ALTER TABLE `web_applicant_organization_join_tbl`
  MODIFY `applicantOrganizationJoinID` bigint(20) NOT NULL AUTO_INCREMENT, AUTO_INCREMENT=4;

--
-- AUTO_INCREMENT for table `web_application_character_reference_tbl`
--
ALTER TABLE `web_application_character_reference_tbl`
  MODIFY `charactedReferenceID` bigint(20) NOT NULL AUTO_INCREMENT, AUTO_INCREMENT=9;

--
-- AUTO_INCREMENT for table `web_application_educational_attainment_tbl`
--
ALTER TABLE `web_application_educational_attainment_tbl`
  MODIFY `applicantEducationalAttainmentID` bigint(20) NOT NULL AUTO_INCREMENT, AUTO_INCREMENT=8;

--
-- AUTO_INCREMENT for table `web_application_exam_taken_tbl`
--
ALTER TABLE `web_application_exam_taken_tbl`
  MODIFY `examTakenID` bigint(20) NOT NULL AUTO_INCREMENT, AUTO_INCREMENT=4;

--
-- AUTO_INCREMENT for table `web_application_seminar_taken_tbl`
--
ALTER TABLE `web_application_seminar_taken_tbl`
  MODIFY `seminarTakenID` bigint(20) NOT NULL AUTO_INCREMENT, AUTO_INCREMENT=4;

--
-- AUTO_INCREMENT for table `web_examination_form_details_tbl`
--
ALTER TABLE `web_examination_form_details_tbl`
  MODIFY `examFormDetailID` bigint(20) NOT NULL AUTO_INCREMENT;

--
-- AUTO_INCREMENT for table `web_examination_form_tbl`
--
ALTER TABLE `web_examination_form_tbl`
  MODIFY `examFormID` bigint(20) NOT NULL AUTO_INCREMENT;
COMMIT;

/*!40101 SET CHARACTER_SET_CLIENT=@OLD_CHARACTER_SET_CLIENT */;
/*!40101 SET CHARACTER_SET_RESULTS=@OLD_CHARACTER_SET_RESULTS */;
/*!40101 SET COLLATION_CONNECTION=@OLD_COLLATION_CONNECTION */;
